
/workspaces/snax_cluster/target/snitch_cluster/sw/apps/snax-gemm-base/build/snax-gemm-base.elf:	file format elf32-littleriscv

Disassembly of section .text:

80000000 <snrt.crt0.init_int_registers>:
80000000: 93 02 00 00  	li	t0, 0
80000004: 13 03 00 00  	li	t1, 0
80000008: 93 03 00 00  	li	t2, 0
8000000c: 13 0e 00 00  	li	t3, 0
80000010: 93 0e 00 00  	li	t4, 0
80000014: 13 0f 00 00  	li	t5, 0
80000018: 93 0f 00 00  	li	t6, 0
8000001c: 13 05 00 00  	li	a0, 0
80000020: 93 05 00 00  	li	a1, 0
80000024: 13 06 00 00  	li	a2, 0
80000028: 93 06 00 00  	li	a3, 0
8000002c: 13 07 00 00  	li	a4, 0
80000030: 93 07 00 00  	li	a5, 0
80000034: 13 08 00 00  	li	a6, 0
80000038: 93 08 00 00  	li	a7, 0
8000003c: 13 04 00 00  	li	s0, 0
80000040: 93 04 00 00  	li	s1, 0
80000044: 13 09 00 00  	li	s2, 0
80000048: 93 09 00 00  	li	s3, 0
8000004c: 13 0a 00 00  	li	s4, 0
80000050: 93 0a 00 00  	li	s5, 0
80000054: 13 0b 00 00  	li	s6, 0
80000058: 93 0b 00 00  	li	s7, 0
8000005c: 13 0c 00 00  	li	s8, 0
80000060: 93 0c 00 00  	li	s9, 0
80000064: 13 0d 00 00  	li	s10, 0
80000068: 93 0d 00 00  	li	s11, 0

8000006c <snrt.crt0.init_fp_registers>:
8000006c: f3 22 10 30  	csrr	t0, misa
80000070: 93 f2 82 02  	andi	t0, t0, 40
80000074: 63 82 02 08  	beqz	t0, 0x800000f8 <snrt.crt0.init_global_pointer>
80000078: 53 00 00 d2  	fcvt.d.w	ft0, zero
8000007c: d3 00 00 d2  	fcvt.d.w	ft1, zero
80000080: 53 01 00 d2  	fcvt.d.w	ft2, zero
80000084: d3 01 00 d2  	fcvt.d.w	ft3, zero
80000088: 53 02 00 d2  	fcvt.d.w	ft4, zero
8000008c: d3 02 00 d2  	fcvt.d.w	ft5, zero
80000090: 53 03 00 d2  	fcvt.d.w	ft6, zero
80000094: d3 03 00 d2  	fcvt.d.w	ft7, zero
80000098: 53 04 00 d2  	fcvt.d.w	fs0, zero
8000009c: d3 04 00 d2  	fcvt.d.w	fs1, zero
800000a0: 53 05 00 d2  	fcvt.d.w	fa0, zero
800000a4: d3 05 00 d2  	fcvt.d.w	fa1, zero
800000a8: 53 06 00 d2  	fcvt.d.w	fa2, zero
800000ac: d3 06 00 d2  	fcvt.d.w	fa3, zero
800000b0: 53 07 00 d2  	fcvt.d.w	fa4, zero
800000b4: d3 07 00 d2  	fcvt.d.w	fa5, zero
800000b8: 53 08 00 d2  	fcvt.d.w	fa6, zero
800000bc: d3 08 00 d2  	fcvt.d.w	fa7, zero
800000c0: 53 09 00 d2  	fcvt.d.w	fs2, zero
800000c4: d3 09 00 d2  	fcvt.d.w	fs3, zero
800000c8: 53 0a 00 d2  	fcvt.d.w	fs4, zero
800000cc: d3 0a 00 d2  	fcvt.d.w	fs5, zero
800000d0: 53 0b 00 d2  	fcvt.d.w	fs6, zero
800000d4: d3 0b 00 d2  	fcvt.d.w	fs7, zero
800000d8: 53 0c 00 d2  	fcvt.d.w	fs8, zero
800000dc: d3 0c 00 d2  	fcvt.d.w	fs9, zero
800000e0: 53 0d 00 d2  	fcvt.d.w	fs10, zero
800000e4: d3 0d 00 d2  	fcvt.d.w	fs11, zero
800000e8: 53 0e 00 d2  	fcvt.d.w	ft8, zero
800000ec: d3 0e 00 d2  	fcvt.d.w	ft9, zero
800000f0: 53 0f 00 d2  	fcvt.d.w	ft10, zero
800000f4: d3 0f 00 d2  	fcvt.d.w	ft11, zero

800000f8 <snrt.crt0.init_global_pointer>:
800000f8: 97 31 00 00  	auipc	gp, 3
800000fc: 93 81 81 21  	addi	gp, gp, 536

80000100 <snrt.crt0.init_core_info>:
80000100: 73 25 40 f1  	csrr	a0, mhartid
80000104: 93 02 00 00  	li	t0, 0
80000108: 33 05 55 40  	sub	a0, a0, t0
8000010c: 93 05 20 00  	li	a1, 2
80000110: b3 42 b5 02  	div	t0, a0, a1
80000114: 33 75 b5 02  	remu	a0, a0, a1
80000118: 37 06 00 10  	lui	a2, 65536
8000011c: 13 03 00 00  	li	t1, 0
80000120: b3 02 53 02  	mul	t0, t1, t0
80000124: 33 06 56 00  	add	a2, a2, t0
80000128: b7 02 02 00  	lui	t0, 32
8000012c: 33 06 56 00  	add	a2, a2, t0

80000130 <snrt.crt0.init_cls>:
80000130: 97 32 00 00  	auipc	t0, 3
80000134: 93 82 02 9e  	addi	t0, t0, -1568
80000138: 17 33 00 00  	auipc	t1, 3
8000013c: 13 03 83 9d  	addi	t1, t1, -1576
80000140: b3 82 62 40  	sub	t0, t0, t1
80000144: 33 06 56 40  	sub	a2, a2, t0
80000148: 97 32 00 00  	auipc	t0, 3
8000014c: 93 82 82 9d  	addi	t0, t0, -1576
80000150: 17 33 00 00  	auipc	t1, 3
80000154: 13 03 03 9c  	addi	t1, t1, -1600
80000158: b3 82 62 40  	sub	t0, t0, t1
8000015c: 33 06 56 40  	sub	a2, a2, t0

80000160 <snrt.crt0.init_stack>:
80000160: 13 06 86 ff  	addi	a2, a2, -8
80000164: 23 20 06 00  	sw	zero, 0(a2)
80000168: 93 12 a5 00  	slli	t0, a0, 10
8000016c: 33 01 56 40  	sub	sp, a2, t0
80000170: 33 93 75 00  	sll	t1, a1, t2
80000174: 33 06 66 40  	sub	a2, a2, t1
80000178: 93 12 35 00  	slli	t0, a0, 3
8000017c: 13 93 35 00  	slli	t1, a1, 3
80000180: 33 01 51 40  	sub	sp, sp, t0
80000184: 33 06 66 40  	sub	a2, a2, t1

80000188 <snrt.crt0.init_tls>:
80000188: 97 32 00 00  	auipc	t0, 3
8000018c: 93 82 02 98  	addi	t0, t0, -1664
80000190: 17 33 00 00  	auipc	t1, 3
80000194: 13 03 83 97  	addi	t1, t1, -1672
80000198: b3 82 62 40  	sub	t0, t0, t1
8000019c: 33 01 51 40  	sub	sp, sp, t0
800001a0: 97 32 00 00  	auipc	t0, 3
800001a4: 93 82 02 97  	addi	t0, t0, -1680
800001a8: 17 33 00 00  	auipc	t1, 3
800001ac: 13 03 03 96  	addi	t1, t1, -1696
800001b0: b3 82 62 40  	sub	t0, t0, t1
800001b4: 33 01 51 40  	sub	sp, sp, t0
800001b8: 13 71 81 ff  	andi	sp, sp, -8
800001bc: 13 02 01 00  	mv	tp, sp
800001c0: 13 71 81 ff  	andi	sp, sp, -8

800001c4 <snrt.crt0.main>:
800001c4: ef 20 80 39  	jal	0x8000255c <snrt_main>

800001c8 <snrt.crt0.end>:
800001c8: 73 00 50 10  	wfi
800001cc: 6f f0 df ff  	j	0x800001c8 <snrt.crt0.end>

800001d0 <main>:
800001d0: 13 01 01 ff  	addi	sp, sp, -16
800001d4: 23 26 11 00  	sw	ra, 12(sp)
800001d8: 23 24 81 00  	sw	s0, 8(sp)
800001dc: 23 22 91 00  	sw	s1, 4(sp)
800001e0: 23 20 21 01  	sw	s2, 0(sp)
800001e4: 03 25 02 00  	lw	a0, 0(tp)
800001e8: 17 39 00 00  	auipc	s2, 3
800001ec: 83 25 89 93  	lw	a1, -1736(s2)
800001f0: 17 38 00 00  	auipc	a6, 3
800001f4: 03 26 88 93  	lw	a2, -1736(a6)
800001f8: 03 25 c5 00  	lw	a0, 12(a0)
800001fc: b3 07 b6 02  	mul	a5, a2, a1
80000200: b3 07 f5 00  	add	a5, a0, a5
80000204: f3 25 30 bc  	csrr	a1, 3011
80000208: 93 96 05 01  	slli	a3, a1, 16
8000020c: 93 d6 06 01  	srli	a3, a3, 16
80000210: 93 d5 05 01  	srli	a1, a1, 16
80000214: 93 85 f5 ff  	addi	a1, a1, -1
80000218: 97 34 00 00  	auipc	s1, 3
8000021c: 63 fe b6 0a  	bgeu	a3, a1, 0x800002d8 <main+0x108>
80000220: 03 a7 c4 90  	lw	a4, -1780(s1)
80000224: 73 20 20 7c  	csrr	zero, 1986
80000228: f3 25 00 b0  	csrr	a1, mcycle
8000022c: 83 26 89 93  	lw	a3, -1736(s2)
80000230: 33 04 c7 02  	mul	s0, a4, a2
80000234: 33 84 87 00  	add	s0, a5, s0
80000238: 63 80 06 12  	beqz	a3, 0x80000358 <$x.8+0x1c>
8000023c: 03 a6 c4 90  	lw	a2, -1780(s1)
80000240: 63 0c 06 10  	beqz	a2, 0x80000358 <$x.8+0x1c>
80000244: 13 06 00 00  	li	a2, 0
80000248: 93 08 10 00  	li	a7, 1
8000024c: 6f 00 00 01  	j	0x8000025c <main+0x8c>
80000250: 83 26 89 93  	lw	a3, -1736(s2)
80000254: 13 06 16 00  	addi	a2, a2, 1
80000258: 63 70 d6 10  	bgeu	a2, a3, 0x80000358 <$x.8+0x1c>
8000025c: e3 8c 08 fe  	beqz	a7, 0x80000254 <main+0x84>
80000260: 93 06 00 00  	li	a3, 0
80000264: 6f 00 c0 02  	j	0x80000290 <main+0xc0>
80000268: 93 02 00 00  	li	t0, 0
8000026c: 93 08 00 00  	li	a7, 0
80000270: 93 92 22 00  	slli	t0, t0, 2
80000274: b3 02 54 00  	add	t0, s0, t0
80000278: 93 96 26 00  	slli	a3, a3, 2
8000027c: b3 86 d2 00  	add	a3, t0, a3
80000280: 23 a0 16 01  	sw	a7, 0(a3)
80000284: 83 a8 c4 90  	lw	a7, -1780(s1)
80000288: 93 06 07 00  	mv	a3, a4
8000028c: e3 72 17 fd  	bgeu	a4, a7, 0x80000250 <main+0x80>
80000290: 03 23 88 93  	lw	t1, -1736(a6)
80000294: 13 87 16 00  	addi	a4, a3, 1
80000298: e3 08 03 fc  	beqz	t1, 0x80000268 <main+0x98>
8000029c: 93 08 00 00  	li	a7, 0
800002a0: b3 02 c3 02  	mul	t0, t1, a2
800002a4: b3 03 d3 02  	mul	t2, t1, a3
800002a8: b3 83 77 00  	add	t2, a5, t2
800002ac: 33 0e 55 00  	add	t3, a0, t0
800002b0: 33 03 e3 02  	mul	t1, t1, a4
800002b4: 33 83 67 00  	add	t1, a5, t1
800002b8: 83 4e 0e 00  	lbu	t4, 0(t3)
800002bc: 03 cf 03 00  	lbu	t5, 0(t2)
800002c0: b3 0e df 03  	mul	t4, t5, t4
800002c4: b3 88 1e 01  	add	a7, t4, a7
800002c8: 93 83 13 00  	addi	t2, t2, 1
800002cc: 13 0e 1e 00  	addi	t3, t3, 1
800002d0: e3 94 63 fe  	bne	t2, t1, 0x800002b8 <main+0xe8>
800002d4: 6f f0 df f9  	j	0x80000270 <main+0xa0>
800002d8: f3 25 00 b0  	csrr	a1, mcycle
800002dc: f3 28 00 b0  	csrr	a7, mcycle
800002e0: 03 26 89 93  	lw	a2, -1736(s2)
800002e4: 83 25 88 93  	lw	a1, -1736(a6)
800002e8: 33 87 c5 02  	mul	a4, a1, a2
800002ec: 63 02 07 02  	beqz	a4, 0x80000310 <$x.4+0x4>
800002f0: 97 35 00 00  	auipc	a1, 3
800002f4: 13 86 05 8f  	addi	a2, a1, -1808
800002f8: 93 06 00 00  	li	a3, 0

800002fc <$d.1>:
800002fc: 2b 00 d6 00  	<unknown>

80000300 <$x.2>:
80000300: 93 05 00 00  	li	a1, 0

80000304 <$d.3>:
80000304: 2b 00 b5 02  	<unknown>
80000308: 2b 05 07 04  	<unknown>

8000030c <$x.4>:
8000030c: 83 25 88 93  	lw	a1, -1736(a6)
80000310: 03 a5 c4 90  	lw	a0, -1780(s1)
80000314: 33 87 a5 02  	mul	a4, a1, a0
80000318: 63 02 07 02  	beqz	a4, 0x8000033c <$x.8>
8000031c: 17 35 00 00  	auipc	a0, 3
80000320: 13 06 45 90  	addi	a2, a0, -1788
80000324: 93 06 00 00  	li	a3, 0

80000328 <$d.5>:
80000328: 2b 00 d6 00  	<unknown>

8000032c <$x.6>:
8000032c: 93 05 00 00  	li	a1, 0
80000330: 13 85 07 00  	mv	a0, a5

80000334 <$d.7>:
80000334: 2b 00 b5 02  	<unknown>
80000338: 2b 05 07 04  	<unknown>

8000033c <$x.8>:
8000033c: 73 25 00 b0  	csrr	a0, mcycle
80000340: b3 05 15 41  	sub	a1, a0, a7
80000344: 17 25 00 00  	auipc	a0, 2
80000348: 13 05 55 73  	addi	a0, a0, 1845
8000034c: ef 00 50 09  	jal	0x80000be0 <printf_>
80000350: 73 20 20 7c  	csrr	zero, 1986
80000354: 6f 00 00 08  	j	0x800003d4 <$x.8+0x98>
80000358: 73 25 00 b0  	csrr	a0, mcycle
8000035c: b3 05 b5 40  	sub	a1, a0, a1
80000360: 17 25 00 00  	auipc	a0, 2
80000364: 13 05 35 73  	addi	a0, a0, 1843
80000368: ef 00 90 07  	jal	0x80000be0 <printf_>
8000036c: 83 25 89 93  	lw	a1, -1736(s2)
80000370: 63 82 05 06  	beqz	a1, 0x800003d4 <$x.8+0x98>
80000374: 03 a6 c4 90  	lw	a2, -1780(s1)
80000378: 63 0e 06 04  	beqz	a2, 0x800003d4 <$x.8+0x98>
8000037c: 93 06 00 00  	li	a3, 0
80000380: 13 05 00 00  	li	a0, 0
80000384: 13 17 26 00  	slli	a4, a2, 2
80000388: 97 37 00 00  	auipc	a5, 3
8000038c: 93 87 87 8d  	addi	a5, a5, -1832
80000390: 13 88 07 00  	mv	a6, a5
80000394: 93 08 04 00  	mv	a7, s0
80000398: 93 02 06 00  	mv	t0, a2
8000039c: 03 23 08 00  	lw	t1, 0(a6)
800003a0: 83 a3 08 00  	lw	t2, 0(a7)
800003a4: 33 43 73 00  	xor	t1, t1, t2
800003a8: 33 33 60 00  	snez	t1, t1
800003ac: 33 05 65 00  	add	a0, a0, t1
800003b0: 93 82 f2 ff  	addi	t0, t0, -1
800003b4: 93 88 48 00  	addi	a7, a7, 4
800003b8: 13 08 48 00  	addi	a6, a6, 4
800003bc: e3 90 02 fe  	bnez	t0, 0x8000039c <$x.8+0x60>
800003c0: 93 86 16 00  	addi	a3, a3, 1
800003c4: 33 04 e4 00  	add	s0, s0, a4
800003c8: b3 87 e7 00  	add	a5, a5, a4
800003cc: e3 92 b6 fc  	bne	a3, a1, 0x80000390 <$x.8+0x54>
800003d0: 6f 00 80 00  	j	0x800003d8 <$x.8+0x9c>
800003d4: 13 05 00 00  	li	a0, 0
800003d8: 83 20 c1 00  	lw	ra, 12(sp)
800003dc: 03 24 81 00  	lw	s0, 8(sp)
800003e0: 83 24 41 00  	lw	s1, 4(sp)
800003e4: 03 29 01 00  	lw	s2, 0(sp)
800003e8: 13 01 01 01  	addi	sp, sp, 16
800003ec: 67 80 00 00  	ret

800003f0 <snrt_l1_next>:
800003f0: 03 25 02 00  	lw	a0, 0(tp)
800003f4: 03 25 c5 00  	lw	a0, 12(a0)
800003f8: 67 80 00 00  	ret

800003fc <snrt_l3_next>:
800003fc: 17 35 00 00  	auipc	a0, 3
80000400: 03 25 05 98  	lw	a0, -1664(a0)
80000404: 67 80 00 00  	ret

80000408 <snrt_l1alloc>:
80000408: 03 26 02 00  	lw	a2, 0(tp)
8000040c: 83 25 c6 00  	lw	a1, 12(a2)
80000410: 13 05 75 00  	addi	a0, a0, 7
80000414: 13 75 85 ff  	andi	a0, a0, -8
80000418: 33 85 a5 00  	add	a0, a1, a0
8000041c: 23 26 a6 00  	sw	a0, 12(a2)
80000420: 13 85 05 00  	mv	a0, a1
80000424: 67 80 00 00  	ret

80000428 <snrt_l3alloc>:
80000428: 17 36 00 00  	auipc	a2, 3
8000042c: 83 25 46 95  	lw	a1, -1708(a2)
80000430: 33 85 a5 00  	add	a0, a1, a0
80000434: 23 2a a6 94  	sw	a0, -1708(a2)
80000438: 13 85 05 00  	mv	a0, a1
8000043c: 67 80 00 00  	ret

80000440 <snrt_l1_update_next>:
80000440: 83 25 02 00  	lw	a1, 0(tp)
80000444: 23 a6 a5 00  	sw	a0, 12(a1)
80000448: 67 80 00 00  	ret

8000044c <snrt_alloc_init>:
8000044c: 73 25 30 bc  	csrr	a0, 3011
80000450: 93 15 05 01  	slli	a1, a0, 16
80000454: 93 d5 05 01  	srli	a1, a1, 16
80000458: 13 55 05 01  	srli	a0, a0, 16
8000045c: 13 05 f5 ff  	addi	a0, a0, -1
80000460: 63 ee a5 02  	bltu	a1, a0, 0x8000049c <snrt_alloc_init+0x50>
80000464: 03 25 02 00  	lw	a0, 0(tp)
80000468: b7 05 00 10  	lui	a1, 65536
8000046c: 23 22 b5 00  	sw	a1, 4(a0)
80000470: 37 06 02 00  	lui	a2, 32
80000474: 23 24 c5 00  	sw	a2, 8(a0)
80000478: 23 26 b5 00  	sw	a1, 12(a0)
8000047c: 17 35 00 00  	auipc	a0, 3
80000480: 13 05 b5 90  	addi	a0, a0, -1781
80000484: 13 75 85 ff  	andi	a0, a0, -8
80000488: 97 35 00 00  	auipc	a1, 3
8000048c: 93 85 c5 8e  	addi	a1, a1, -1812
80000490: 23 a0 a5 00  	sw	a0, 0(a1)
80000494: 23 a2 05 00  	sw	zero, 4(a1)
80000498: 23 a4 a5 00  	sw	a0, 8(a1)
8000049c: 67 80 00 00  	ret

800004a0 <snrt_int_cluster_set>:
800004a0: b7 05 02 10  	lui	a1, 65568
800004a4: 23 a0 a5 18  	sw	a0, 384(a1)
800004a8: 67 80 00 00  	ret

800004ac <snrt_int_cluster_clr>:
800004ac: b7 05 02 10  	lui	a1, 65568
800004b0: 23 a4 a5 18  	sw	a0, 392(a1)
800004b4: 67 80 00 00  	ret

800004b8 <snrt_int_clr_mcip>:
800004b8: 73 25 30 bc  	csrr	a0, 3011
800004bc: 93 05 10 00  	li	a1, 1
800004c0: 33 95 a5 00  	sll	a0, a1, a0
800004c4: b7 05 02 10  	lui	a1, 65568
800004c8: 23 a4 a5 18  	sw	a0, 392(a1)
800004cc: 73 25 40 34  	csrr	a0, mip
800004d0: 13 15 c5 00  	slli	a0, a0, 12
800004d4: e3 4c 05 fe  	bltz	a0, 0x800004cc <snrt_int_clr_mcip+0x14>
800004d8: 67 80 00 00  	ret

800004dc <snrt_int_set_mcip>:
800004dc: 73 25 30 bc  	csrr	a0, 3011
800004e0: 93 05 10 00  	li	a1, 1
800004e4: 33 95 a5 00  	sll	a0, a1, a0
800004e8: b7 05 02 10  	lui	a1, 65568
800004ec: 23 a0 a5 18  	sw	a0, 384(a1)
800004f0: 67 80 00 00  	ret

800004f4 <snrt_dma_start_1d_wideptr>:
800004f4: 63 0a 07 00  	beqz	a4, 0x80000508 <snrt_dma_start_1d_wideptr+0x14>
800004f8: 2b 00 d6 00  	<unknown>
800004fc: 2b 00 b5 02  	<unknown>
80000500: 2b 05 07 04  	<unknown>
80000504: 67 80 00 00  	ret
80000508: 13 05 f0 ff  	li	a0, -1
8000050c: 67 80 00 00  	ret

80000510 <snrt_dma_start_1d>:
80000510: 63 02 06 02  	beqz	a2, 0x80000534 <snrt_dma_start_1d+0x24>
80000514: 13 07 06 00  	mv	a4, a2
80000518: 93 06 00 00  	li	a3, 0
8000051c: 13 86 05 00  	mv	a2, a1
80000520: 2b 00 d6 00  	<unknown>
80000524: 93 05 00 00  	li	a1, 0
80000528: 2b 00 b5 02  	<unknown>
8000052c: 2b 05 07 04  	<unknown>
80000530: 67 80 00 00  	ret
80000534: 13 05 f0 ff  	li	a0, -1
80000538: 67 80 00 00  	ret

8000053c <snrt_dma_start_2d_wideptr>:
8000053c: 63 0e 07 00  	beqz	a4, 0x80000558 <snrt_dma_start_2d_wideptr+0x1c>
80000540: 2b 00 d6 00  	<unknown>
80000544: 2b 00 b5 02  	<unknown>
80000548: 2b 00 f8 0c  	<unknown>
8000054c: 2b 80 08 0e  	<unknown>
80000550: 2b 05 27 04  	<unknown>
80000554: 67 80 00 00  	ret
80000558: 13 05 f0 ff  	li	a0, -1
8000055c: 67 80 00 00  	ret

80000560 <snrt_dma_start_2d>:
80000560: 63 0c 06 02  	beqz	a2, 0x80000598 <snrt_dma_start_2d+0x38>
80000564: 93 88 07 00  	mv	a7, a5
80000568: 13 08 07 00  	mv	a6, a4
8000056c: 93 87 06 00  	mv	a5, a3
80000570: 13 07 06 00  	mv	a4, a2
80000574: 93 06 00 00  	li	a3, 0
80000578: 13 86 05 00  	mv	a2, a1
8000057c: 2b 00 d6 00  	<unknown>
80000580: 93 05 00 00  	li	a1, 0
80000584: 2b 00 b5 02  	<unknown>
80000588: 2b 00 f8 0c  	<unknown>
8000058c: 2b 80 08 0e  	<unknown>
80000590: 2b 05 27 04  	<unknown>
80000594: 67 80 00 00  	ret
80000598: 13 05 f0 ff  	li	a0, -1
8000059c: 67 80 00 00  	ret

800005a0 <snrt_dma_wait>:
800005a0: ab 02 00 08  	<unknown>
800005a4: b3 82 a2 40  	sub	t0, t0, a0
800005a8: e3 5c 50 fe  	blez	t0, 0x800005a0 <snrt_dma_wait>
800005ac: 67 80 00 00  	ret

800005b0 <snrt_dma_wait_all>:
800005b0: ab 02 20 08  	<unknown>
800005b4: e3 9e 02 fe  	bnez	t0, 0x800005b0 <snrt_dma_wait_all>
800005b8: 67 80 00 00  	ret

800005bc <eu_init>:
800005bc: 73 25 30 bc  	csrr	a0, 3011
800005c0: 13 15 05 01  	slli	a0, a0, 16
800005c4: 63 0e 05 00  	beqz	a0, 0x800005e0 <eu_init+0x24>
800005c8: 17 25 00 00  	auipc	a0, 2
800005cc: 83 25 85 79  	lw	a1, 1944(a0)
800005d0: e3 8e 05 fe  	beqz	a1, 0x800005cc <eu_init+0x10>
800005d4: 03 25 85 79  	lw	a0, 1944(a0)
800005d8: 23 22 a2 00  	sw	a0, 4(tp)
800005dc: 67 80 00 00  	ret
800005e0: 03 25 02 00  	lw	a0, 0(tp)
800005e4: 83 25 c5 00  	lw	a1, 12(a0)
800005e8: 13 86 85 02  	addi	a2, a1, 40
800005ec: 23 26 c5 00  	sw	a2, 12(a0)
800005f0: 23 22 b2 00  	sw	a1, 4(tp)
800005f4: 23 80 05 00  	sb	zero, 0(a1)
800005f8: a3 80 05 00  	sb	zero, 1(a1)
800005fc: 23 81 05 00  	sb	zero, 2(a1)
80000600: a3 81 05 00  	sb	zero, 3(a1)
80000604: 23 82 05 00  	sb	zero, 4(a1)
80000608: a3 82 05 00  	sb	zero, 5(a1)
8000060c: 23 83 05 00  	sb	zero, 6(a1)
80000610: a3 83 05 00  	sb	zero, 7(a1)
80000614: 23 84 05 00  	sb	zero, 8(a1)
80000618: a3 84 05 00  	sb	zero, 9(a1)
8000061c: 23 85 05 00  	sb	zero, 10(a1)
80000620: a3 85 05 00  	sb	zero, 11(a1)
80000624: 23 86 05 00  	sb	zero, 12(a1)
80000628: a3 86 05 00  	sb	zero, 13(a1)
8000062c: 23 87 05 00  	sb	zero, 14(a1)
80000630: a3 87 05 00  	sb	zero, 15(a1)
80000634: 23 88 05 00  	sb	zero, 16(a1)
80000638: a3 88 05 00  	sb	zero, 17(a1)
8000063c: 23 89 05 00  	sb	zero, 18(a1)
80000640: a3 89 05 00  	sb	zero, 19(a1)
80000644: 23 8a 05 00  	sb	zero, 20(a1)
80000648: a3 8a 05 00  	sb	zero, 21(a1)
8000064c: 23 8b 05 00  	sb	zero, 22(a1)
80000650: a3 8b 05 00  	sb	zero, 23(a1)
80000654: 23 8c 05 00  	sb	zero, 24(a1)
80000658: a3 8c 05 00  	sb	zero, 25(a1)
8000065c: 23 8d 05 00  	sb	zero, 26(a1)
80000660: a3 8d 05 00  	sb	zero, 27(a1)
80000664: 23 8e 05 00  	sb	zero, 28(a1)
80000668: a3 8e 05 00  	sb	zero, 29(a1)
8000066c: 23 8f 05 00  	sb	zero, 30(a1)
80000670: a3 8f 05 00  	sb	zero, 31(a1)
80000674: 23 80 05 02  	sb	zero, 32(a1)
80000678: a3 80 05 02  	sb	zero, 33(a1)
8000067c: 23 81 05 02  	sb	zero, 34(a1)
80000680: a3 81 05 02  	sb	zero, 35(a1)
80000684: 03 25 42 00  	lw	a0, 4(tp)
80000688: 97 25 00 00  	auipc	a1, 2
8000068c: 23 ac a5 6c  	sw	a0, 1752(a1)
80000690: 67 80 00 00  	ret

80000694 <eu_exit>:
80000694: 13 01 01 ff  	addi	sp, sp, -16
80000698: 23 26 11 00  	sw	ra, 12(sp)
8000069c: 23 24 81 00  	sw	s0, 8(sp)
800006a0: 23 22 91 00  	sw	s1, 4(sp)
800006a4: 23 20 21 01  	sw	s2, 0(sp)
800006a8: 83 25 42 00  	lw	a1, 4(tp)
800006ac: 83 a6 c5 01  	lw	a3, 28(a1)
800006b0: 37 04 00 80  	lui	s0, 524288
800006b4: 13 04 e4 ff  	addi	s0, s0, -2
800006b8: 63 9a 06 08  	bnez	a3, 0x8000074c <eu_exit+0xb8>
800006bc: 83 a4 c5 01  	lw	s1, 28(a1)
800006c0: 63 86 04 08  	beqz	s1, 0x8000074c <eu_exit+0xb8>
800006c4: 93 06 10 00  	li	a3, 1
800006c8: 23 a0 05 02  	sw	zero, 32(a1)
800006cc: 63 9c d4 00  	bne	s1, a3, 0x800006e4 <eu_exit+0x50>
800006d0: 83 a6 c5 01  	lw	a3, 28(a1)
800006d4: 63 64 d5 04  	bltu	a0, a3, 0x8000071c <eu_exit+0x88>
800006d8: 13 05 10 00  	li	a0, 1
800006dc: 63 90 a4 06  	bne	s1, a0, 0x8000073c <eu_exit+0xa8>
800006e0: 6f 00 80 06  	j	0x80000748 <eu_exit+0xb4>
800006e4: 83 a6 05 00  	lw	a3, 0(a1)
800006e8: 03 a7 c5 00  	lw	a4, 12(a1)
800006ec: e3 1e d7 fe  	bne	a4, a3, 0x800006e8 <eu_exit+0x54>
800006f0: f3 26 30 bc  	csrr	a3, 3011
800006f4: 93 d6 06 01  	srli	a3, a3, 16
800006f8: 93 86 f6 ff  	addi	a3, a3, -1
800006fc: 13 07 f0 ff  	li	a4, -1
80000700: b3 16 d7 00  	sll	a3, a4, a3
80000704: 93 c6 f6 ff  	not	a3, a3
80000708: b3 f6 86 00  	and	a3, a3, s0
8000070c: 37 07 02 10  	lui	a4, 65568
80000710: 23 20 d7 18  	sw	a3, 384(a4)
80000714: 83 a6 c5 01  	lw	a3, 28(a1)
80000718: e3 70 d5 fc  	bgeu	a0, a3, 0x800006d8 <eu_exit+0x44>
8000071c: 83 a6 05 01  	lw	a3, 16(a1)
80000720: 03 a5 45 01  	lw	a0, 20(a1)
80000724: 83 a5 85 01  	lw	a1, 24(a1)
80000728: 13 09 42 00  	addi	s2, tp, 4
8000072c: e7 80 06 00  	jalr	a3
80000730: 83 25 09 00  	lw	a1, 0(s2)
80000734: 13 05 10 00  	li	a0, 1
80000738: 63 88 a4 00  	beq	s1, a0, 0x80000748 <eu_exit+0xb4>
8000073c: 03 a5 05 00  	lw	a0, 0(a1)
80000740: 03 a6 05 02  	lw	a2, 32(a1)
80000744: e3 1e a6 fe  	bne	a2, a0, 0x80000740 <eu_exit+0xac>
80000748: 23 ae 05 00  	sw	zero, 28(a1)
8000074c: 03 a5 05 00  	lw	a0, 0(a1)
80000750: 03 a6 c5 00  	lw	a2, 12(a1)
80000754: e3 1e a6 fe  	bne	a2, a0, 0x80000750 <eu_exit+0xbc>
80000758: 13 05 10 00  	li	a0, 1
8000075c: 23 a2 a5 00  	sw	a0, 4(a1)
80000760: 03 a5 05 00  	lw	a0, 0(a1)
80000764: 03 a6 c5 00  	lw	a2, 12(a1)
80000768: e3 1e a6 fe  	bne	a2, a0, 0x80000764 <eu_exit+0xd0>
8000076c: 73 25 30 bc  	csrr	a0, 3011
80000770: 13 55 05 01  	srli	a0, a0, 16
80000774: 13 05 f5 ff  	addi	a0, a0, -1
80000778: 93 05 f0 ff  	li	a1, -1
8000077c: 33 95 a5 00  	sll	a0, a1, a0
80000780: 13 45 f5 ff  	not	a0, a0
80000784: 33 75 85 00  	and	a0, a0, s0
80000788: b7 05 02 10  	lui	a1, 65568
8000078c: 23 a0 a5 18  	sw	a0, 384(a1)
80000790: 83 20 c1 00  	lw	ra, 12(sp)
80000794: 03 24 81 00  	lw	s0, 8(sp)
80000798: 83 24 41 00  	lw	s1, 4(sp)
8000079c: 03 29 01 00  	lw	s2, 0(sp)
800007a0: 13 01 01 01  	addi	sp, sp, 16
800007a4: 67 80 00 00  	ret

800007a8 <eu_get_workers_in_loop>:
800007a8: 03 25 42 00  	lw	a0, 4(tp)
800007ac: 03 25 05 00  	lw	a0, 0(a0)
800007b0: 67 80 00 00  	ret

800007b4 <eu_get_workers_in_wfi>:
800007b4: 03 25 42 00  	lw	a0, 4(tp)
800007b8: 03 25 c5 00  	lw	a0, 12(a0)
800007bc: 67 80 00 00  	ret

800007c0 <eu_print_status>:
800007c0: 67 80 00 00  	ret

800007c4 <eu_event_loop>:
800007c4: 13 01 01 fe  	addi	sp, sp, -32
800007c8: 23 2e 11 00  	sw	ra, 28(sp)
800007cc: 23 2c 81 00  	sw	s0, 24(sp)
800007d0: 23 2a 91 00  	sw	s1, 20(sp)
800007d4: 23 28 21 01  	sw	s2, 16(sp)
800007d8: 23 26 31 01  	sw	s3, 12(sp)
800007dc: 23 24 41 01  	sw	s4, 8(sp)
800007e0: 23 22 51 01  	sw	s5, 4(sp)
800007e4: 83 25 42 00  	lw	a1, 4(tp)
800007e8: 93 04 10 00  	li	s1, 1
800007ec: af a5 95 00  	amoadd.w	a1, s1, (a1)
800007f0: b7 05 08 00  	lui	a1, 128
800007f4: f3 a5 45 30  	csrrs	a1, mie, a1
800007f8: 83 25 42 00  	lw	a1, 4(tp)
800007fc: 83 a6 45 00  	lw	a3, 4(a1)
80000800: 63 88 06 02  	beqz	a3, 0x80000830 <eu_event_loop+0x6c>
80000804: 37 05 08 00  	lui	a0, 128
80000808: 73 25 45 30  	csrrs	a0, mie, a0
8000080c: 83 20 c1 01  	lw	ra, 28(sp)
80000810: 03 24 81 01  	lw	s0, 24(sp)
80000814: 83 24 41 01  	lw	s1, 20(sp)
80000818: 03 29 01 01  	lw	s2, 16(sp)
8000081c: 83 29 c1 00  	lw	s3, 12(sp)
80000820: 03 2a 81 00  	lw	s4, 8(sp)
80000824: 83 2a 41 00  	lw	s5, 4(sp)
80000828: 13 01 01 02  	addi	sp, sp, 32
8000082c: 67 80 00 00  	ret
80000830: 13 04 05 00  	mv	s0, a0
80000834: 13 09 42 00  	addi	s2, tp, 4
80000838: b3 99 a4 00  	sll	s3, s1, a0
8000083c: 37 0a 02 10  	lui	s4, 65568
80000840: 93 0a f0 ff  	li	s5, -1
80000844: 6f 00 80 03  	j	0x8000087c <eu_event_loop+0xb8>
80000848: 13 85 05 02  	addi	a0, a1, 32
8000084c: 2f 25 95 00  	amoadd.w	a0, s1, (a0)
80000850: 03 25 09 00  	lw	a0, 0(s2)
80000854: 13 05 c5 00  	addi	a0, a0, 12
80000858: 2f 25 95 00  	amoadd.w	a0, s1, (a0)
8000085c: 73 00 50 10  	wfi
80000860: 23 24 3a 19  	sw	s3, 392(s4)
80000864: 03 25 09 00  	lw	a0, 0(s2)
80000868: 13 05 c5 00  	addi	a0, a0, 12
8000086c: 2f 25 55 01  	amoadd.w	a0, s5, (a0)
80000870: 83 25 09 00  	lw	a1, 0(s2)
80000874: 03 a5 45 00  	lw	a0, 4(a1)
80000878: e3 16 05 f8  	bnez	a0, 0x80000804 <eu_event_loop+0x40>
8000087c: 03 a5 c5 01  	lw	a0, 28(a1)
80000880: e3 74 a4 fc  	bgeu	s0, a0, 0x80000848 <eu_event_loop+0x84>
80000884: 03 a5 c5 01  	lw	a0, 28(a1)
80000888: 03 a6 05 01  	lw	a2, 16(a1)
8000088c: 03 a5 45 01  	lw	a0, 20(a1)
80000890: 83 a5 85 01  	lw	a1, 24(a1)
80000894: e7 00 06 00  	jalr	a2
80000898: 83 25 09 00  	lw	a1, 0(s2)
8000089c: 6f f0 df fa  	j	0x80000848 <eu_event_loop+0x84>

800008a0 <eu_dispatch_push>:
800008a0: 03 27 42 00  	lw	a4, 4(tp)
800008a4: 03 28 07 00  	lw	a6, 0(a4)
800008a8: 93 07 42 00  	addi	a5, tp, 4
800008ac: 83 28 c7 00  	lw	a7, 12(a4)
800008b0: e3 9e 08 ff  	bne	a7, a6, 0x800008ac <eu_dispatch_push+0xc>
800008b4: 23 28 a7 00  	sw	a0, 16(a4)
800008b8: 03 a5 07 00  	lw	a0, 0(a5)
800008bc: 23 2a c5 00  	sw	a2, 20(a0)
800008c0: 03 a5 07 00  	lw	a0, 0(a5)
800008c4: 23 2c b5 00  	sw	a1, 24(a0)
800008c8: 23 2e d5 00  	sw	a3, 28(a0)
800008cc: 13 05 00 00  	li	a0, 0
800008d0: 67 80 00 00  	ret

800008d4 <eu_run_empty>:
800008d4: 13 01 01 ff  	addi	sp, sp, -16
800008d8: 23 26 11 00  	sw	ra, 12(sp)
800008dc: 23 24 81 00  	sw	s0, 8(sp)
800008e0: 23 22 91 00  	sw	s1, 4(sp)
800008e4: 83 25 42 00  	lw	a1, 4(tp)
800008e8: 03 a4 c5 01  	lw	s0, 28(a1)
800008ec: 63 06 04 08  	beqz	s0, 0x80000978 <eu_run_empty+0xa4>
800008f0: 93 06 10 00  	li	a3, 1
800008f4: 23 a0 05 02  	sw	zero, 32(a1)
800008f8: 63 1c d4 00  	bne	s0, a3, 0x80000910 <eu_run_empty+0x3c>
800008fc: 83 a6 c5 01  	lw	a3, 28(a1)
80000900: 63 64 d5 04  	bltu	a0, a3, 0x80000948 <eu_run_empty+0x74>
80000904: 13 05 10 00  	li	a0, 1
80000908: 63 10 a4 06  	bne	s0, a0, 0x80000968 <eu_run_empty+0x94>
8000090c: 6f 00 80 06  	j	0x80000974 <eu_run_empty+0xa0>
80000910: 83 a6 05 00  	lw	a3, 0(a1)
80000914: 03 a7 c5 00  	lw	a4, 12(a1)
80000918: e3 1e d7 fe  	bne	a4, a3, 0x80000914 <eu_run_empty+0x40>
8000091c: f3 26 30 bc  	csrr	a3, 3011
80000920: 93 d6 06 01  	srli	a3, a3, 16
80000924: 93 86 f6 ff  	addi	a3, a3, -1
80000928: 13 07 f0 ff  	li	a4, -1
8000092c: b3 16 d7 00  	sll	a3, a4, a3
80000930: 93 c6 f6 ff  	not	a3, a3
80000934: 93 f6 e6 ff  	andi	a3, a3, -2
80000938: 37 07 02 10  	lui	a4, 65568
8000093c: 23 20 d7 18  	sw	a3, 384(a4)
80000940: 83 a6 c5 01  	lw	a3, 28(a1)
80000944: e3 70 d5 fc  	bgeu	a0, a3, 0x80000904 <eu_run_empty+0x30>
80000948: 83 a6 05 01  	lw	a3, 16(a1)
8000094c: 03 a5 45 01  	lw	a0, 20(a1)
80000950: 83 a5 85 01  	lw	a1, 24(a1)
80000954: 93 04 42 00  	addi	s1, tp, 4
80000958: e7 80 06 00  	jalr	a3
8000095c: 83 a5 04 00  	lw	a1, 0(s1)
80000960: 13 05 10 00  	li	a0, 1
80000964: 63 08 a4 00  	beq	s0, a0, 0x80000974 <eu_run_empty+0xa0>
80000968: 03 a5 05 00  	lw	a0, 0(a1)
8000096c: 03 a6 05 02  	lw	a2, 32(a1)
80000970: e3 1e a6 fe  	bne	a2, a0, 0x8000096c <eu_run_empty+0x98>
80000974: 23 ae 05 00  	sw	zero, 28(a1)
80000978: 83 20 c1 00  	lw	ra, 12(sp)
8000097c: 03 24 81 00  	lw	s0, 8(sp)
80000980: 83 24 41 00  	lw	s1, 4(sp)
80000984: 13 01 01 01  	addi	sp, sp, 16
80000988: 67 80 00 00  	ret

8000098c <eu_mutex_lock>:
8000098c: 03 25 42 00  	lw	a0, 4(tp)
80000990: 13 05 85 00  	addi	a0, a0, 8
80000994: 93 02 10 00  	li	t0, 1
80000998: af 22 55 0c  	amoswap.w.aq	t0, t0, (a0)
8000099c: e3 9e 02 fe  	bnez	t0, 0x80000998 <eu_mutex_lock+0xc>
800009a0: 67 80 00 00  	ret

800009a4 <eu_mutex_release>:
800009a4: 03 25 42 00  	lw	a0, 4(tp)
800009a8: 13 05 85 00  	addi	a0, a0, 8
800009ac: 2f 20 05 0a  	amoswap.w.rl	zero, zero, (a0)
800009b0: 67 80 00 00  	ret

800009b4 <snrt_mutex>:
800009b4: 17 25 00 00  	auipc	a0, 2
800009b8: 13 05 05 3b  	addi	a0, a0, 944
800009bc: 67 80 00 00  	ret

800009c0 <snrt_mutex_acquire>:
800009c0: 93 02 10 00  	li	t0, 1
800009c4: af 22 55 0c  	amoswap.w.aq	t0, t0, (a0)
800009c8: e3 9e 02 fe  	bnez	t0, 0x800009c4 <snrt_mutex_acquire+0x4>
800009cc: 67 80 00 00  	ret

800009d0 <snrt_mutex_ttas_acquire>:
800009d0: 83 22 05 00  	lw	t0, 0(a0)
800009d4: e3 9e 02 fe  	bnez	t0, 0x800009d0 <snrt_mutex_ttas_acquire>
800009d8: 93 02 10 00  	li	t0, 1
800009dc: af 22 55 0c  	amoswap.w.aq	t0, t0, (a0)
800009e0: e3 9e 02 fe  	bnez	t0, 0x800009dc <snrt_mutex_ttas_acquire+0xc>
800009e4: 67 80 00 00  	ret

800009e8 <snrt_mutex_release>:
800009e8: 2f 20 05 0a  	amoswap.w.rl	zero, zero, (a0)
800009ec: 67 80 00 00  	ret

800009f0 <snrt_cluster_hw_barrier>:
800009f0: 73 20 20 7c  	csrr	zero, 1986
800009f4: 67 80 00 00  	ret

800009f8 <snrt_global_barrier>:
800009f8: 73 20 20 7c  	csrr	zero, 1986
800009fc: 73 25 30 bc  	csrr	a0, 3011
80000a00: 93 15 05 01  	slli	a1, a0, 16
80000a04: 93 d5 05 01  	srli	a1, a1, 16
80000a08: 13 55 05 01  	srli	a0, a0, 16
80000a0c: 13 05 f5 ff  	addi	a0, a0, -1
80000a10: 63 e2 a5 02  	bltu	a1, a0, 0x80000a34 <snrt_global_barrier+0x3c>
80000a14: 17 25 00 00  	auipc	a0, 2
80000a18: 13 05 45 35  	addi	a0, a0, 852
80000a1c: 83 25 45 00  	lw	a1, 4(a0)
80000a20: 13 06 10 00  	li	a2, 1
80000a24: af 26 c5 00  	amoadd.w	a3, a2, (a0)
80000a28: 63 8a 06 00  	beqz	a3, 0x80000a3c <snrt_global_barrier+0x44>
80000a2c: 03 26 45 00  	lw	a2, 4(a0)
80000a30: e3 8e c5 fe  	beq	a1, a2, 0x80000a2c <snrt_global_barrier+0x34>
80000a34: 73 20 20 7c  	csrr	zero, 1986
80000a38: 67 80 00 00  	ret
80000a3c: 23 20 05 00  	sw	zero, 0(a0)
80000a40: 13 05 45 00  	addi	a0, a0, 4
80000a44: 2f 25 c5 00  	amoadd.w	a0, a2, (a0)
80000a48: 73 20 20 7c  	csrr	zero, 1986
80000a4c: 67 80 00 00  	ret

80000a50 <snrt_partial_barrier>:
80000a50: 03 26 45 00  	lw	a2, 4(a0)
80000a54: 93 06 10 00  	li	a3, 1
80000a58: 2f 27 d5 00  	amoadd.w	a4, a3, (a0)
80000a5c: 13 07 17 00  	addi	a4, a4, 1
80000a60: 63 1a b7 00  	bne	a4, a1, 0x80000a74 <snrt_partial_barrier+0x24>
80000a64: 23 20 05 00  	sw	zero, 0(a0)
80000a68: 13 05 45 00  	addi	a0, a0, 4
80000a6c: 2f 25 d5 00  	amoadd.w	a0, a3, (a0)
80000a70: 67 80 00 00  	ret
80000a74: 83 25 45 00  	lw	a1, 4(a0)
80000a78: e3 0e b6 fe  	beq	a2, a1, 0x80000a74 <snrt_partial_barrier+0x24>
80000a7c: 67 80 00 00  	ret

80000a80 <snrt_global_reduction_dma>:
80000a80: f3 26 30 bc  	csrr	a3, 3011
80000a84: 13 97 06 01  	slli	a4, a3, 16
80000a88: 13 57 07 01  	srli	a4, a4, 16
80000a8c: 93 d6 06 01  	srli	a3, a3, 16
80000a90: 93 86 f6 ff  	addi	a3, a3, -1
80000a94: 63 66 d7 02  	bltu	a4, a3, 0x80000ac0 <snrt_global_reduction_dma+0x40>
80000a98: 13 17 36 00  	slli	a4, a2, 3
80000a9c: 63 0e 07 00  	beqz	a4, 0x80000ab8 <snrt_global_reduction_dma+0x38>
80000aa0: 93 06 00 00  	li	a3, 0
80000aa4: 13 86 05 00  	mv	a2, a1
80000aa8: 2b 00 d6 00  	<unknown>
80000aac: 93 05 00 00  	li	a1, 0
80000ab0: 2b 00 b5 02  	<unknown>
80000ab4: 2b 05 07 04  	<unknown>
80000ab8: ab 02 20 08  	<unknown>
80000abc: e3 9e 02 fe  	bnez	t0, 0x80000ab8 <snrt_global_reduction_dma+0x38>
80000ac0: 73 20 20 7c  	csrr	zero, 1986
80000ac4: 67 80 00 00  	ret

80000ac8 <snrt_global_all_to_all_reduction>:
80000ac8: 97 25 00 00  	auipc	a1, 2
80000acc: 93 85 85 2a  	addi	a1, a1, 680
80000ad0: 2f a5 a5 00  	amoadd.w	a0, a0, (a1)
80000ad4: 73 20 20 7c  	csrr	zero, 1986
80000ad8: 73 25 30 bc  	csrr	a0, 3011
80000adc: 13 16 05 01  	slli	a2, a0, 16
80000ae0: 13 56 06 01  	srli	a2, a2, 16
80000ae4: 13 55 05 01  	srli	a0, a0, 16
80000ae8: 13 05 f5 ff  	addi	a0, a0, -1
80000aec: 63 62 a6 02  	bltu	a2, a0, 0x80000b10 <snrt_global_all_to_all_reduction+0x48>
80000af0: 17 25 00 00  	auipc	a0, 2
80000af4: 13 05 85 27  	addi	a0, a0, 632
80000af8: 03 26 45 00  	lw	a2, 4(a0)
80000afc: 93 06 10 00  	li	a3, 1
80000b00: 2f 27 d5 00  	amoadd.w	a4, a3, (a0)
80000b04: 63 0c 07 00  	beqz	a4, 0x80000b1c <snrt_global_all_to_all_reduction+0x54>
80000b08: 83 26 45 00  	lw	a3, 4(a0)
80000b0c: e3 0e d6 fe  	beq	a2, a3, 0x80000b08 <snrt_global_all_to_all_reduction+0x40>
80000b10: 73 20 20 7c  	csrr	zero, 1986
80000b14: 03 a5 05 00  	lw	a0, 0(a1)
80000b18: 67 80 00 00  	ret
80000b1c: 23 20 05 00  	sw	zero, 0(a0)
80000b20: 13 05 45 00  	addi	a0, a0, 4
80000b24: 2f 25 d5 00  	amoadd.w	a0, a3, (a0)
80000b28: 73 20 20 7c  	csrr	zero, 1986
80000b2c: 03 a5 05 00  	lw	a0, 0(a1)
80000b30: 67 80 00 00  	ret

80000b34 <snrt_hartid>:
80000b34: 73 25 40 f1  	csrr	a0, mhartid
80000b38: 67 80 00 00  	ret

80000b3c <snrt_global_core_base_hartid>:
80000b3c: 13 05 00 00  	li	a0, 0
80000b40: 67 80 00 00  	ret

80000b44 <snrt_global_core_idx>:
80000b44: 73 25 40 f1  	csrr	a0, mhartid
80000b48: 67 80 00 00  	ret

80000b4c <snrt_global_core_num>:
80000b4c: 73 25 30 bc  	csrr	a0, 3011
80000b50: 13 55 05 01  	srli	a0, a0, 16
80000b54: 67 80 00 00  	ret

80000b58 <snrt_cluster_idx>:
80000b58: 73 25 10 bc  	csrr	a0, 3009
80000b5c: 13 15 85 00  	slli	a0, a0, 8
80000b60: 13 55 a5 01  	srli	a0, a0, 26
80000b64: 67 80 00 00  	ret

80000b68 <snrt_cluster_num>:
80000b68: 13 05 10 00  	li	a0, 1
80000b6c: 67 80 00 00  	ret

80000b70 <snrt_cluster_core_idx>:
80000b70: 73 25 30 bc  	csrr	a0, 3011
80000b74: 13 15 05 01  	slli	a0, a0, 16
80000b78: 13 55 05 01  	srli	a0, a0, 16
80000b7c: 67 80 00 00  	ret

80000b80 <snrt_cluster_core_num>:
80000b80: 73 25 30 bc  	csrr	a0, 3011
80000b84: 13 55 05 01  	srli	a0, a0, 16
80000b88: 67 80 00 00  	ret

80000b8c <snrt_cluster_compute_core_num>:
80000b8c: 73 25 30 bc  	csrr	a0, 3011
80000b90: 13 55 05 01  	srli	a0, a0, 16
80000b94: 13 05 f5 ff  	addi	a0, a0, -1
80000b98: 67 80 00 00  	ret

80000b9c <snrt_is_compute_core>:
80000b9c: 73 25 30 bc  	csrr	a0, 3011
80000ba0: 93 15 05 01  	slli	a1, a0, 16
80000ba4: 93 d5 05 01  	srli	a1, a1, 16
80000ba8: 13 55 05 01  	srli	a0, a0, 16
80000bac: 13 05 f5 ff  	addi	a0, a0, -1
80000bb0: 33 b5 a5 00  	sltu	a0, a1, a0
80000bb4: 67 80 00 00  	ret

80000bb8 <snrt_is_dm_core>:
80000bb8: 73 25 30 bc  	csrr	a0, 3011
80000bbc: 93 15 05 01  	slli	a1, a0, 16
80000bc0: 93 d5 05 01  	srli	a1, a1, 16
80000bc4: 13 55 05 01  	srli	a0, a0, 16
80000bc8: 13 05 f5 ff  	addi	a0, a0, -1
80000bcc: 33 b5 a5 00  	sltu	a0, a1, a0
80000bd0: 13 45 15 00  	xori	a0, a0, 1
80000bd4: 67 80 00 00  	ret

80000bd8 <snrt_cluster_dm_core_num>:
80000bd8: 13 05 10 00  	li	a0, 1
80000bdc: 67 80 00 00  	ret

80000be0 <printf_>:
80000be0: 13 01 01 fd  	addi	sp, sp, -48
80000be4: 23 26 11 00  	sw	ra, 12(sp)
80000be8: 93 02 05 00  	mv	t0, a0
80000bec: 23 26 11 03  	sw	a7, 44(sp)
80000bf0: 23 24 01 03  	sw	a6, 40(sp)
80000bf4: 23 22 f1 02  	sw	a5, 36(sp)
80000bf8: 23 20 e1 02  	sw	a4, 32(sp)
80000bfc: 23 2e d1 00  	sw	a3, 28(sp)
80000c00: 23 2c c1 00  	sw	a2, 24(sp)
80000c04: 23 2a b1 00  	sw	a1, 20(sp)
80000c08: 13 05 41 01  	addi	a0, sp, 20
80000c0c: 23 24 a1 00  	sw	a0, 8(sp)
80000c10: 17 15 00 00  	auipc	a0, 1
80000c14: 13 05 85 83  	addi	a0, a0, -1992
80000c18: 93 05 71 00  	addi	a1, sp, 7
80000c1c: 13 06 f0 ff  	li	a2, -1
80000c20: 13 07 41 01  	addi	a4, sp, 20
80000c24: 93 86 02 00  	mv	a3, t0
80000c28: ef 00 00 01  	jal	0x80000c38 <_vsnprintf>
80000c2c: 83 20 c1 00  	lw	ra, 12(sp)
80000c30: 13 01 01 03  	addi	sp, sp, 48
80000c34: 67 80 00 00  	ret

80000c38 <_vsnprintf>:
80000c38: 13 01 01 fb  	addi	sp, sp, -80
80000c3c: 23 26 11 04  	sw	ra, 76(sp)
80000c40: 23 24 81 04  	sw	s0, 72(sp)
80000c44: 23 22 91 04  	sw	s1, 68(sp)
80000c48: 23 20 21 05  	sw	s2, 64(sp)
80000c4c: 23 2e 31 03  	sw	s3, 60(sp)
80000c50: 23 2c 41 03  	sw	s4, 56(sp)
80000c54: 23 2a 51 03  	sw	s5, 52(sp)
80000c58: 23 28 61 03  	sw	s6, 48(sp)
80000c5c: 23 26 71 03  	sw	s7, 44(sp)
80000c60: 23 24 81 03  	sw	s8, 40(sp)
80000c64: 23 22 91 03  	sw	s9, 36(sp)
80000c68: 23 20 a1 03  	sw	s10, 32(sp)
80000c6c: 23 2e b1 01  	sw	s11, 28(sp)
80000c70: 23 2c e1 00  	sw	a4, 24(sp)
80000c74: 93 8a 06 00  	mv	s5, a3
80000c78: 13 04 06 00  	mv	s0, a2
80000c7c: 93 84 05 00  	mv	s1, a1
80000c80: 63 86 05 00  	beqz	a1, 0x80000c8c <_vsnprintf+0x54>
80000c84: 13 09 05 00  	mv	s2, a0
80000c88: 6f 00 c0 00  	j	0x80000c94 <_vsnprintf+0x5c>
80000c8c: 17 15 00 00  	auipc	a0, 1
80000c90: 13 09 c5 85  	addi	s2, a0, -1956
80000c94: 13 0a 00 00  	li	s4, 0
80000c98: 93 0b 50 02  	li	s7, 37
80000c9c: 13 0c 00 01  	li	s8, 16
80000ca0: 93 0c 90 00  	li	s9, 9
80000ca4: 13 0d a0 00  	li	s10, 10
80000ca8: 13 05 10 00  	li	a0, 1
80000cac: 13 15 b5 00  	slli	a0, a0, 11
80000cb0: 23 2a a1 00  	sw	a0, 20(sp)
80000cb4: 13 8b 2a 00  	addi	s6, s5, 2
80000cb8: 03 c5 0a 00  	lbu	a0, 0(s5)
80000cbc: 63 08 05 72  	beqz	a0, 0x800013ec <_vsnprintf+0x7b4>
80000cc0: 63 08 75 03  	beq	a0, s7, 0x80000cf0 <_vsnprintf+0xb8>
80000cc4: 93 09 1a 00  	addi	s3, s4, 1
80000cc8: 93 85 04 00  	mv	a1, s1
80000ccc: 13 06 0a 00  	mv	a2, s4
80000cd0: 93 06 04 00  	mv	a3, s0
80000cd4: e7 00 09 00  	jalr	s2
80000cd8: 93 8a 1a 00  	addi	s5, s5, 1
80000cdc: 13 0b 1b 00  	addi	s6, s6, 1
80000ce0: 13 8a 09 00  	mv	s4, s3
80000ce4: 03 c5 0a 00  	lbu	a0, 0(s5)
80000ce8: e3 1c 05 fc  	bnez	a0, 0x80000cc0 <_vsnprintf+0x88>
80000cec: 6f 00 00 70  	j	0x800013ec <_vsnprintf+0x7b4>
80000cf0: 13 0e 00 00  	li	t3, 0
80000cf4: 6f 00 00 01  	j	0x80000d04 <_vsnprintf+0xcc>
80000cf8: 93 05 00 01  	li	a1, 16
80000cfc: 33 6e be 00  	or	t3, t3, a1
80000d00: 13 0b 1b 00  	addi	s6, s6, 1
80000d04: 03 45 fb ff  	lbu	a0, -1(s6)
80000d08: 93 05 05 fe  	addi	a1, a0, -32
80000d0c: 63 6c bc 02  	bltu	s8, a1, 0x80000d44 <_vsnprintf+0x10c>
80000d10: 93 95 25 00  	slli	a1, a1, 2
80000d14: 17 26 00 00  	auipc	a2, 2
80000d18: 13 06 c6 b4  	addi	a2, a2, -1204
80000d1c: b3 85 c5 00  	add	a1, a1, a2
80000d20: 03 a6 05 00  	lw	a2, 0(a1)
80000d24: 93 05 10 00  	li	a1, 1
80000d28: 67 00 06 00  	jr	a2
80000d2c: 93 05 80 00  	li	a1, 8
80000d30: 6f f0 df fc  	j	0x80000cfc <_vsnprintf+0xc4>
80000d34: 93 05 40 00  	li	a1, 4
80000d38: 6f f0 5f fc  	j	0x80000cfc <_vsnprintf+0xc4>
80000d3c: 93 05 20 00  	li	a1, 2
80000d40: 6f f0 df fb  	j	0x80000cfc <_vsnprintf+0xc4>
80000d44: 93 05 05 fd  	addi	a1, a0, -48
80000d48: 93 f5 f5 0f  	andi	a1, a1, 255
80000d4c: 93 0d fb ff  	addi	s11, s6, -1
80000d50: 63 ec bc 06  	bltu	s9, a1, 0x80000dc8 <_vsnprintf+0x190>
80000d54: 93 0a 00 00  	li	s5, 0
80000d58: 93 75 f5 0f  	andi	a1, a0, 255
80000d5c: 03 c5 1d 00  	lbu	a0, 1(s11)
80000d60: 33 86 aa 03  	mul	a2, s5, s10
80000d64: 93 8d 1d 00  	addi	s11, s11, 1
80000d68: b3 05 b6 00  	add	a1, a2, a1
80000d6c: 13 06 05 fd  	addi	a2, a0, -48
80000d70: 13 76 f6 0f  	andi	a2, a2, 255
80000d74: 93 8a 05 fd  	addi	s5, a1, -48
80000d78: e3 60 a6 ff  	bltu	a2, s10, 0x80000d58 <_vsnprintf+0x120>
80000d7c: 93 05 e0 02  	li	a1, 46
80000d80: 63 14 b5 0c  	bne	a0, a1, 0x80000e48 <_vsnprintf+0x210>
80000d84: 03 c5 1d 00  	lbu	a0, 1(s11)
80000d88: 13 6e 0e 40  	ori	t3, t3, 1024
80000d8c: 93 05 05 fd  	addi	a1, a0, -48
80000d90: 13 f6 f5 0f  	andi	a2, a1, 255
80000d94: 93 85 1d 00  	addi	a1, s11, 1
80000d98: 63 ea cc 06  	bltu	s9, a2, 0x80000e0c <_vsnprintf+0x1d4>
80000d9c: 13 0b 00 00  	li	s6, 0
80000da0: 13 76 f5 0f  	andi	a2, a0, 255
80000da4: 03 c5 15 00  	lbu	a0, 1(a1)
80000da8: b3 06 ab 03  	mul	a3, s6, s10
80000dac: 93 85 15 00  	addi	a1, a1, 1
80000db0: 33 86 c6 00  	add	a2, a3, a2
80000db4: 93 06 05 fd  	addi	a3, a0, -48
80000db8: 93 f6 f6 0f  	andi	a3, a3, 255
80000dbc: 13 0b 06 fd  	addi	s6, a2, -48
80000dc0: e3 e0 a6 ff  	bltu	a3, s10, 0x80000da0 <_vsnprintf+0x168>
80000dc4: 6f 00 00 09  	j	0x80000e54 <_vsnprintf+0x21c>
80000dc8: 93 05 a0 02  	li	a1, 42
80000dcc: 63 18 b5 06  	bne	a0, a1, 0x80000e3c <_vsnprintf+0x204>
80000dd0: 03 26 81 01  	lw	a2, 24(sp)
80000dd4: 83 25 06 00  	lw	a1, 0(a2)
80000dd8: 13 06 46 00  	addi	a2, a2, 4
80000ddc: 13 d5 f5 41  	srai	a0, a1, 31
80000de0: b3 c6 a5 00  	xor	a3, a1, a0
80000de4: b3 8a a6 40  	sub	s5, a3, a0
80000de8: 03 45 0b 00  	lbu	a0, 0(s6)
80000dec: 93 d5 e5 01  	srli	a1, a1, 30
80000df0: 93 f5 25 00  	andi	a1, a1, 2
80000df4: 33 6e be 00  	or	t3, t3, a1
80000df8: 93 0d 0b 00  	mv	s11, s6
80000dfc: 23 2c c1 00  	sw	a2, 24(sp)
80000e00: 93 05 e0 02  	li	a1, 46
80000e04: 63 12 b5 04  	bne	a0, a1, 0x80000e48 <_vsnprintf+0x210>
80000e08: 6f f0 df f7  	j	0x80000d84 <_vsnprintf+0x14c>
80000e0c: 13 06 a0 02  	li	a2, 42
80000e10: 63 10 c5 04  	bne	a0, a2, 0x80000e50 <_vsnprintf+0x218>
80000e14: 03 26 81 01  	lw	a2, 24(sp)
80000e18: 83 25 06 00  	lw	a1, 0(a2)
80000e1c: 13 06 46 00  	addi	a2, a2, 4
80000e20: b3 26 b0 00  	sgtz	a3, a1
80000e24: 03 c5 2d 00  	lbu	a0, 2(s11)
80000e28: b3 06 d0 40  	neg	a3, a3
80000e2c: 93 8d 2d 00  	addi	s11, s11, 2
80000e30: 33 fb b6 00  	and	s6, a3, a1
80000e34: 23 2c c1 00  	sw	a2, 24(sp)
80000e38: 6f 00 00 02  	j	0x80000e58 <_vsnprintf+0x220>
80000e3c: 93 0a 00 00  	li	s5, 0
80000e40: 93 05 e0 02  	li	a1, 46
80000e44: e3 00 b5 f4  	beq	a0, a1, 0x80000d84 <_vsnprintf+0x14c>
80000e48: 13 0b 00 00  	li	s6, 0
80000e4c: 6f 00 c0 00  	j	0x80000e58 <_vsnprintf+0x220>
80000e50: 13 0b 00 00  	li	s6, 0
80000e54: 93 8d 05 00  	mv	s11, a1
80000e58: 93 05 85 f9  	addi	a1, a0, -104
80000e5c: 13 16 f5 01  	slli	a2, a0, 31
80000e60: 93 d5 15 00  	srli	a1, a1, 1
80000e64: b3 65 b6 00  	or	a1, a2, a1
80000e68: 63 e2 bc 06  	bltu	s9, a1, 0x80000ecc <_vsnprintf+0x294>
80000e6c: 93 95 25 00  	slli	a1, a1, 2
80000e70: 17 26 00 00  	auipc	a2, 2
80000e74: 13 06 46 a3  	addi	a2, a2, -1484
80000e78: b3 85 c5 00  	add	a1, a1, a2
80000e7c: 83 a6 05 00  	lw	a3, 0(a1)
80000e80: 93 05 10 00  	li	a1, 1
80000e84: 13 06 00 10  	li	a2, 256
80000e88: 67 80 06 00  	jr	a3
80000e8c: 03 c5 1d 00  	lbu	a0, 1(s11)
80000e90: 93 05 80 06  	li	a1, 104
80000e94: 63 10 b5 14  	bne	a0, a1, 0x80000fd4 <_vsnprintf+0x39c>
80000e98: 93 05 20 00  	li	a1, 2
80000e9c: 13 06 00 0c  	li	a2, 192
80000ea0: 6f 00 00 02  	j	0x80000ec0 <_vsnprintf+0x288>
80000ea4: 13 06 00 20  	li	a2, 512
80000ea8: 6f 00 80 01  	j	0x80000ec0 <_vsnprintf+0x288>
80000eac: 03 c5 1d 00  	lbu	a0, 1(s11)
80000eb0: 93 05 c0 06  	li	a1, 108
80000eb4: 63 16 b5 12  	bne	a0, a1, 0x80000fe0 <_vsnprintf+0x3a8>
80000eb8: 93 05 20 00  	li	a1, 2
80000ebc: 13 06 00 30  	li	a2, 768
80000ec0: b3 8d bd 00  	add	s11, s11, a1
80000ec4: 03 c5 0d 00  	lbu	a0, 0(s11)
80000ec8: 33 6e ce 00  	or	t3, t3, a2
80000ecc: 93 05 b5 fd  	addi	a1, a0, -37
80000ed0: 13 06 30 05  	li	a2, 83
80000ed4: 63 62 b6 12  	bltu	a2, a1, 0x80000ff8 <_vsnprintf+0x3c0>
80000ed8: 93 95 25 00  	slli	a1, a1, 2
80000edc: 17 26 00 00  	auipc	a2, 2
80000ee0: 13 06 06 9f  	addi	a2, a2, -1552
80000ee4: b3 85 c5 00  	add	a1, a1, a2
80000ee8: 03 a6 05 00  	lw	a2, 0(a1)
80000eec: 93 05 80 00  	li	a1, 8
80000ef0: 13 08 00 01  	li	a6, 16
80000ef4: 67 00 06 00  	jr	a2
80000ef8: 13 7e fe fe  	andi	t3, t3, -17
80000efc: 13 08 a0 00  	li	a6, 10
80000f00: 93 05 85 fa  	addi	a1, a0, -88
80000f04: 93 b5 15 00  	seqz	a1, a1
80000f08: 93 95 55 00  	slli	a1, a1, 5
80000f0c: 33 6e be 00  	or	t3, t3, a1
80000f10: 93 05 40 06  	li	a1, 100
80000f14: 63 04 b5 10  	beq	a0, a1, 0x8000101c <_vsnprintf+0x3e4>
80000f18: 93 05 08 00  	mv	a1, a6
80000f1c: 13 06 90 06  	li	a2, 105
80000f20: 63 0e c5 0e  	beq	a0, a2, 0x8000101c <_vsnprintf+0x3e4>
80000f24: 6f 00 00 0f  	j	0x80001014 <_vsnprintf+0x3dc>
80000f28: 13 05 a5 fb  	addi	a0, a0, -70
80000f2c: 13 35 15 00  	seqz	a0, a0
80000f30: 83 25 81 01  	lw	a1, 24(sp)
80000f34: 93 85 75 00  	addi	a1, a1, 7
80000f38: 93 f5 85 ff  	andi	a1, a1, -8
80000f3c: 07 b5 05 00  	fld	fa0, 0(a1)
80000f40: 13 15 55 00  	slli	a0, a0, 5
80000f44: 33 68 ae 00  	or	a6, t3, a0
80000f48: 93 85 85 00  	addi	a1, a1, 8
80000f4c: 23 2c b1 00  	sw	a1, 24(sp)
80000f50: 13 05 09 00  	mv	a0, s2
80000f54: 93 85 04 00  	mv	a1, s1
80000f58: 13 06 0a 00  	mv	a2, s4
80000f5c: 93 06 04 00  	mv	a3, s0
80000f60: 13 07 0b 00  	mv	a4, s6
80000f64: 93 87 0a 00  	mv	a5, s5
80000f68: ef 00 d0 11  	jal	0x80001884 <_ftoa>
80000f6c: 13 0a 05 00  	mv	s4, a0
80000f70: 93 8a 1d 00  	addi	s5, s11, 1
80000f74: 6f f0 1f d4  	j	0x80000cb4 <_vsnprintf+0x7c>
80000f78: 83 25 41 01  	lw	a1, 20(sp)
80000f7c: 33 6e be 00  	or	t3, t3, a1
80000f80: 13 65 25 00  	ori	a0, a0, 2
80000f84: 93 05 70 04  	li	a1, 71
80000f88: 63 14 b5 00  	bne	a0, a1, 0x80000f90 <_vsnprintf+0x358>
80000f8c: 13 6e 0e 02  	ori	t3, t3, 32
80000f90: 03 25 81 01  	lw	a0, 24(sp)
80000f94: 13 05 75 00  	addi	a0, a0, 7
80000f98: 13 75 85 ff  	andi	a0, a0, -8
80000f9c: 07 35 05 00  	fld	fa0, 0(a0)
80000fa0: 13 05 85 00  	addi	a0, a0, 8
80000fa4: 23 2c a1 00  	sw	a0, 24(sp)
80000fa8: 13 05 09 00  	mv	a0, s2
80000fac: 93 85 04 00  	mv	a1, s1
80000fb0: 13 06 0a 00  	mv	a2, s4
80000fb4: 93 06 04 00  	mv	a3, s0
80000fb8: 13 07 0b 00  	mv	a4, s6
80000fbc: 93 87 0a 00  	mv	a5, s5
80000fc0: 13 08 0e 00  	mv	a6, t3
80000fc4: ef 00 d0 72  	jal	0x80001ef0 <_etoa>
80000fc8: 13 0a 05 00  	mv	s4, a0
80000fcc: 93 8a 1d 00  	addi	s5, s11, 1
80000fd0: 6f f0 5f ce  	j	0x80000cb4 <_vsnprintf+0x7c>
80000fd4: 13 6e 0e 08  	ori	t3, t3, 128
80000fd8: 93 8d 1d 00  	addi	s11, s11, 1
80000fdc: 6f f0 1f ef  	j	0x80000ecc <_vsnprintf+0x294>
80000fe0: 13 6e 0e 10  	ori	t3, t3, 256
80000fe4: 93 8d 1d 00  	addi	s11, s11, 1
80000fe8: 6f f0 5f ee  	j	0x80000ecc <_vsnprintf+0x294>
80000fec: 93 09 1a 00  	addi	s3, s4, 1
80000ff0: 13 05 50 02  	li	a0, 37
80000ff4: 6f 00 80 00  	j	0x80000ffc <_vsnprintf+0x3c4>
80000ff8: 93 09 1a 00  	addi	s3, s4, 1
80000ffc: 93 85 04 00  	mv	a1, s1
80001000: 13 06 0a 00  	mv	a2, s4
80001004: 93 06 04 00  	mv	a3, s0
80001008: e7 00 09 00  	jalr	s2
8000100c: 6f 00 40 3c  	j	0x800013d0 <_vsnprintf+0x798>
80001010: 93 05 20 00  	li	a1, 2
80001014: 13 7e 3e ff  	andi	t3, t3, -13
80001018: 13 88 05 00  	mv	a6, a1
8000101c: 93 75 0e 40  	andi	a1, t3, 1024
80001020: 63 84 05 00  	beqz	a1, 0x80001028 <_vsnprintf+0x3f0>
80001024: 13 7e ee ff  	andi	t3, t3, -2
80001028: 93 05 90 06  	li	a1, 105
8000102c: 63 06 b5 00  	beq	a0, a1, 0x80001038 <_vsnprintf+0x400>
80001030: 93 05 40 06  	li	a1, 100
80001034: 63 1e b5 02  	bne	a0, a1, 0x80001070 <_vsnprintf+0x438>
80001038: 13 75 0e 20  	andi	a0, t3, 512
8000103c: 63 1c 05 38  	bnez	a0, 0x800013d4 <_vsnprintf+0x79c>
80001040: 13 75 0e 10  	andi	a0, t3, 256
80001044: 63 12 05 06  	bnez	a0, 0x800010a8 <_vsnprintf+0x470>
80001048: 13 75 0e 04  	andi	a0, t3, 64
8000104c: 63 16 05 22  	bnez	a0, 0x80001278 <_vsnprintf+0x640>
80001050: 03 25 81 01  	lw	a0, 24(sp)
80001054: 83 27 05 00  	lw	a5, 0(a0)
80001058: 13 75 0e 08  	andi	a0, t3, 128
8000105c: 63 06 05 00  	beqz	a0, 0x80001068 <_vsnprintf+0x430>
80001060: 93 97 07 01  	slli	a5, a5, 16
80001064: 93 d7 07 41  	srai	a5, a5, 16
80001068: 03 25 81 01  	lw	a0, 24(sp)
8000106c: 6f 00 40 21  	j	0x80001280 <_vsnprintf+0x648>
80001070: 13 75 0e 20  	andi	a0, t3, 512
80001074: 63 10 05 36  	bnez	a0, 0x800013d4 <_vsnprintf+0x79c>
80001078: 13 75 0e 10  	andi	a0, t3, 256
8000107c: 63 18 05 22  	bnez	a0, 0x800012ac <_vsnprintf+0x674>
80001080: 13 75 0e 04  	andi	a0, t3, 64
80001084: 63 1a 05 26  	bnez	a0, 0x800012f8 <_vsnprintf+0x6c0>
80001088: 03 25 81 01  	lw	a0, 24(sp)
8000108c: 03 27 05 00  	lw	a4, 0(a0)
80001090: 13 75 0e 08  	andi	a0, t3, 128
80001094: 63 06 05 00  	beqz	a0, 0x800010a0 <_vsnprintf+0x468>
80001098: 13 17 07 01  	slli	a4, a4, 16
8000109c: 13 57 07 01  	srli	a4, a4, 16
800010a0: 03 25 81 01  	lw	a0, 24(sp)
800010a4: 6f 00 c0 25  	j	0x80001300 <_vsnprintf+0x6c8>
800010a8: 83 29 81 01  	lw	s3, 24(sp)
800010ac: 83 a7 09 00  	lw	a5, 0(s3)
800010b0: 93 89 49 00  	addi	s3, s3, 4
800010b4: 13 d5 f7 41  	srai	a0, a5, 31
800010b8: 33 c7 a7 00  	xor	a4, a5, a0
800010bc: 33 07 a7 40  	sub	a4, a4, a0
800010c0: 93 d7 f7 01  	srli	a5, a5, 31
800010c4: 13 05 09 00  	mv	a0, s2
800010c8: 93 85 04 00  	mv	a1, s1
800010cc: 13 06 0a 00  	mv	a2, s4
800010d0: 93 06 04 00  	mv	a3, s0
800010d4: 6f 00 80 1f  	j	0x800012cc <_vsnprintf+0x694>
800010d8: 93 79 2e 00  	andi	s3, t3, 2
800010dc: 13 0b 10 00  	li	s6, 1
800010e0: 63 9a 09 02  	bnez	s3, 0x80001114 <_vsnprintf+0x4dc>
800010e4: 13 0b 20 00  	li	s6, 2
800010e8: 63 e6 6a 03  	bltu	s5, s6, 0x80001114 <_vsnprintf+0x4dc>
800010ec: 13 8b 1a 00  	addi	s6, s5, 1
800010f0: 93 8c fa ff  	addi	s9, s5, -1
800010f4: 13 06 0a 00  	mv	a2, s4
800010f8: 13 0a 1a 00  	addi	s4, s4, 1
800010fc: 13 05 00 02  	li	a0, 32
80001100: 93 85 04 00  	mv	a1, s1
80001104: 93 06 04 00  	mv	a3, s0
80001108: e7 00 09 00  	jalr	s2
8000110c: 93 8c fc ff  	addi	s9, s9, -1
80001110: e3 92 0c fe  	bnez	s9, 0x800010f4 <_vsnprintf+0x4bc>
80001114: 03 25 81 01  	lw	a0, 24(sp)
80001118: 13 06 0a 00  	mv	a2, s4
8000111c: 93 05 05 00  	mv	a1, a0
80001120: 03 45 05 00  	lbu	a0, 0(a0)
80001124: b3 3c 30 01  	snez	s9, s3
80001128: 93 89 45 00  	addi	s3, a1, 4
8000112c: 13 0a 1a 00  	addi	s4, s4, 1
80001130: 93 85 04 00  	mv	a1, s1
80001134: 93 06 04 00  	mv	a3, s0
80001138: e7 00 09 00  	jalr	s2
8000113c: 33 35 5b 01  	sltu	a0, s6, s5
80001140: 33 f5 ac 00  	and	a0, s9, a0
80001144: 63 02 05 1a  	beqz	a0, 0x800012e8 <_vsnprintf+0x6b0>
80001148: b3 8a 6a 41  	sub	s5, s5, s6
8000114c: 93 0c 90 00  	li	s9, 9
80001150: 13 06 0a 00  	mv	a2, s4
80001154: 13 0a 1a 00  	addi	s4, s4, 1
80001158: 13 05 00 02  	li	a0, 32
8000115c: 93 85 04 00  	mv	a1, s1
80001160: 93 06 04 00  	mv	a3, s0
80001164: e7 00 09 00  	jalr	s2
80001168: 93 8a fa ff  	addi	s5, s5, -1
8000116c: e3 92 0a fe  	bnez	s5, 0x80001150 <_vsnprintf+0x518>
80001170: 23 2c 31 01  	sw	s3, 24(sp)
80001174: 93 8a 1d 00  	addi	s5, s11, 1
80001178: 6f f0 df b3  	j	0x80000cb4 <_vsnprintf+0x7c>
8000117c: 83 29 81 01  	lw	s3, 24(sp)
80001180: 03 a7 09 00  	lw	a4, 0(s3)
80001184: 13 6e 1e 02  	ori	t3, t3, 33
80001188: 93 89 49 00  	addi	s3, s3, 4
8000118c: 13 08 00 01  	li	a6, 16
80001190: 93 03 80 00  	li	t2, 8
80001194: 13 05 09 00  	mv	a0, s2
80001198: 93 85 04 00  	mv	a1, s1
8000119c: 13 06 0a 00  	mv	a2, s4
800011a0: 93 06 04 00  	mv	a3, s0
800011a4: 93 07 00 00  	li	a5, 0
800011a8: 93 08 0b 00  	mv	a7, s6
800011ac: 6f 00 80 12  	j	0x800012d4 <_vsnprintf+0x69c>
800011b0: 03 25 81 01  	lw	a0, 24(sp)
800011b4: 83 2c 05 00  	lw	s9, 0(a0)
800011b8: 03 c5 0c 00  	lbu	a0, 0(s9)
800011bc: 13 86 0c 00  	mv	a2, s9
800011c0: 63 0c 05 02  	beqz	a0, 0x800011f8 <_vsnprintf+0x5c0>
800011c4: b3 35 60 01  	snez	a1, s6
800011c8: 93 85 f5 ff  	addi	a1, a1, -1
800011cc: b3 e5 65 01  	or	a1, a1, s6
800011d0: 93 85 f5 ff  	addi	a1, a1, -1
800011d4: 93 86 0c 00  	mv	a3, s9
800011d8: 03 c7 16 00  	lbu	a4, 1(a3)
800011dc: 13 86 16 00  	addi	a2, a3, 1
800011e0: 93 36 17 00  	seqz	a3, a4
800011e4: 13 b7 15 00  	seqz	a4, a1
800011e8: 33 e7 e6 00  	or	a4, a3, a4
800011ec: 93 85 f5 ff  	addi	a1, a1, -1
800011f0: 93 06 06 00  	mv	a3, a2
800011f4: e3 02 07 fe  	beqz	a4, 0x800011d8 <_vsnprintf+0x5a0>
800011f8: b3 05 96 41  	sub	a1, a2, s9
800011fc: 13 86 05 00  	mv	a2, a1
80001200: 63 e2 65 03  	bltu	a1, s6, 0x80001224 <_vsnprintf+0x5ec>
80001204: 13 06 0b 00  	mv	a2, s6
80001208: 93 76 0e 40  	andi	a3, t3, 1024
8000120c: 23 28 d1 00  	sw	a3, 16(sp)
80001210: 63 90 06 02  	bnez	a3, 0x80001230 <_vsnprintf+0x5f8>
80001214: 13 76 2e 00  	andi	a2, t3, 2
80001218: 23 26 c1 00  	sw	a2, 12(sp)
8000121c: 63 02 06 02  	beqz	a2, 0x80001240 <_vsnprintf+0x608>
80001220: 6f 00 80 11  	j	0x80001338 <_vsnprintf+0x700>
80001224: 93 76 0e 40  	andi	a3, t3, 1024
80001228: 23 28 d1 00  	sw	a3, 16(sp)
8000122c: e3 84 06 fe  	beqz	a3, 0x80001214 <_vsnprintf+0x5dc>
80001230: 93 05 06 00  	mv	a1, a2
80001234: 13 76 2e 00  	andi	a2, t3, 2
80001238: 23 26 c1 00  	sw	a2, 12(sp)
8000123c: 63 1e 06 0e  	bnez	a2, 0x80001338 <_vsnprintf+0x700>
80001240: 63 fa 55 0f  	bgeu	a1, s5, 0x80001334 <_vsnprintf+0x6fc>
80001244: 13 85 1a 00  	addi	a0, s5, 1
80001248: 23 24 a1 00  	sw	a0, 8(sp)
8000124c: b3 89 ba 40  	sub	s3, s5, a1
80001250: 13 06 0a 00  	mv	a2, s4
80001254: 13 0a 1a 00  	addi	s4, s4, 1
80001258: 13 05 00 02  	li	a0, 32
8000125c: 93 85 04 00  	mv	a1, s1
80001260: 93 06 04 00  	mv	a3, s0
80001264: e7 00 09 00  	jalr	s2
80001268: 93 89 f9 ff  	addi	s3, s3, -1
8000126c: e3 92 09 fe  	bnez	s3, 0x80001250 <_vsnprintf+0x618>
80001270: 03 c5 0c 00  	lbu	a0, 0(s9)
80001274: 6f 00 80 0c  	j	0x8000133c <_vsnprintf+0x704>
80001278: 03 25 81 01  	lw	a0, 24(sp)
8000127c: 83 47 05 00  	lbu	a5, 0(a0)
80001280: 13 05 45 00  	addi	a0, a0, 4
80001284: 23 2c a1 00  	sw	a0, 24(sp)
80001288: 13 d5 f7 41  	srai	a0, a5, 31
8000128c: 33 c7 a7 00  	xor	a4, a5, a0
80001290: 33 07 a7 40  	sub	a4, a4, a0
80001294: 93 d7 f7 01  	srli	a5, a5, 31
80001298: 13 05 09 00  	mv	a0, s2
8000129c: 93 85 04 00  	mv	a1, s1
800012a0: 13 06 0a 00  	mv	a2, s4
800012a4: 93 06 04 00  	mv	a3, s0
800012a8: 6f 00 40 07  	j	0x8000131c <_vsnprintf+0x6e4>
800012ac: 83 29 81 01  	lw	s3, 24(sp)
800012b0: 03 a7 09 00  	lw	a4, 0(s3)
800012b4: 93 89 49 00  	addi	s3, s3, 4
800012b8: 13 05 09 00  	mv	a0, s2
800012bc: 93 85 04 00  	mv	a1, s1
800012c0: 13 06 0a 00  	mv	a2, s4
800012c4: 93 06 04 00  	mv	a3, s0
800012c8: 93 07 00 00  	li	a5, 0
800012cc: 93 08 0b 00  	mv	a7, s6
800012d0: 93 83 0a 00  	mv	t2, s5
800012d4: ef 00 80 21  	jal	0x800014ec <_ntoa_long>
800012d8: 13 0a 05 00  	mv	s4, a0
800012dc: 23 2c 31 01  	sw	s3, 24(sp)
800012e0: 93 8a 1d 00  	addi	s5, s11, 1
800012e4: 6f f0 1f 9d  	j	0x80000cb4 <_vsnprintf+0x7c>
800012e8: 23 2c 31 01  	sw	s3, 24(sp)
800012ec: 93 0c 90 00  	li	s9, 9
800012f0: 93 8a 1d 00  	addi	s5, s11, 1
800012f4: 6f f0 1f 9c  	j	0x80000cb4 <_vsnprintf+0x7c>
800012f8: 03 25 81 01  	lw	a0, 24(sp)
800012fc: 03 47 05 00  	lbu	a4, 0(a0)
80001300: 13 05 45 00  	addi	a0, a0, 4
80001304: 23 2c a1 00  	sw	a0, 24(sp)
80001308: 13 05 09 00  	mv	a0, s2
8000130c: 93 85 04 00  	mv	a1, s1
80001310: 13 06 0a 00  	mv	a2, s4
80001314: 93 06 04 00  	mv	a3, s0
80001318: 93 07 00 00  	li	a5, 0
8000131c: 93 08 0b 00  	mv	a7, s6
80001320: 93 83 0a 00  	mv	t2, s5
80001324: ef 00 80 1c  	jal	0x800014ec <_ntoa_long>
80001328: 13 0a 05 00  	mv	s4, a0
8000132c: 93 8a 1d 00  	addi	s5, s11, 1
80001330: 6f f0 5f 98  	j	0x80000cb4 <_vsnprintf+0x7c>
80001334: 93 85 15 00  	addi	a1, a1, 1
80001338: 23 24 b1 00  	sw	a1, 8(sp)
8000133c: 63 02 05 04  	beqz	a0, 0x80001380 <_vsnprintf+0x748>
80001340: 93 8c 1c 00  	addi	s9, s9, 1
80001344: 6f 00 00 03  	j	0x80001374 <_vsnprintf+0x73c>
80001348: 13 0b fb ff  	addi	s6, s6, -1
8000134c: 93 09 1a 00  	addi	s3, s4, 1
80001350: 13 75 f5 0f  	andi	a0, a0, 255
80001354: 93 85 04 00  	mv	a1, s1
80001358: 13 06 0a 00  	mv	a2, s4
8000135c: 93 06 04 00  	mv	a3, s0
80001360: e7 00 09 00  	jalr	s2
80001364: 03 c5 0c 00  	lbu	a0, 0(s9)
80001368: 93 8c 1c 00  	addi	s9, s9, 1
8000136c: 13 8a 09 00  	mv	s4, s3
80001370: 63 0a 05 00  	beqz	a0, 0x80001384 <_vsnprintf+0x74c>
80001374: 83 25 01 01  	lw	a1, 16(sp)
80001378: e3 8a 05 fc  	beqz	a1, 0x8000134c <_vsnprintf+0x714>
8000137c: e3 16 0b fc  	bnez	s6, 0x80001348 <_vsnprintf+0x710>
80001380: 93 09 0a 00  	mv	s3, s4
80001384: 03 25 c1 00  	lw	a0, 12(sp)
80001388: 33 35 a0 00  	snez	a0, a0
8000138c: 03 26 81 00  	lw	a2, 8(sp)
80001390: b3 35 56 01  	sltu	a1, a2, s5
80001394: 33 75 b5 00  	and	a0, a0, a1
80001398: 83 25 81 01  	lw	a1, 24(sp)
8000139c: 93 85 45 00  	addi	a1, a1, 4
800013a0: 23 2c b1 00  	sw	a1, 24(sp)
800013a4: 63 0c 05 02  	beqz	a0, 0x800013dc <_vsnprintf+0x7a4>
800013a8: 33 8a ca 40  	sub	s4, s5, a2
800013ac: 93 0c 90 00  	li	s9, 9
800013b0: 13 86 09 00  	mv	a2, s3
800013b4: 93 89 19 00  	addi	s3, s3, 1
800013b8: 13 05 00 02  	li	a0, 32
800013bc: 93 85 04 00  	mv	a1, s1
800013c0: 93 06 04 00  	mv	a3, s0
800013c4: e7 00 09 00  	jalr	s2
800013c8: 13 0a fa ff  	addi	s4, s4, -1
800013cc: e3 12 0a fe  	bnez	s4, 0x800013b0 <_vsnprintf+0x778>
800013d0: 13 8a 09 00  	mv	s4, s3
800013d4: 93 8a 1d 00  	addi	s5, s11, 1
800013d8: 6f f0 df 8d  	j	0x80000cb4 <_vsnprintf+0x7c>
800013dc: 13 8a 09 00  	mv	s4, s3
800013e0: 93 0c 90 00  	li	s9, 9
800013e4: 93 8a 1d 00  	addi	s5, s11, 1
800013e8: 6f f0 df 8c  	j	0x80000cb4 <_vsnprintf+0x7c>
800013ec: 13 06 0a 00  	mv	a2, s4
800013f0: 63 64 8a 00  	bltu	s4, s0, 0x800013f8 <_vsnprintf+0x7c0>
800013f4: 13 06 f4 ff  	addi	a2, s0, -1
800013f8: 13 05 00 00  	li	a0, 0
800013fc: 93 85 04 00  	mv	a1, s1
80001400: 93 06 04 00  	mv	a3, s0
80001404: e7 00 09 00  	jalr	s2
80001408: 13 05 0a 00  	mv	a0, s4
8000140c: 83 20 c1 04  	lw	ra, 76(sp)
80001410: 03 24 81 04  	lw	s0, 72(sp)
80001414: 83 24 41 04  	lw	s1, 68(sp)
80001418: 03 29 01 04  	lw	s2, 64(sp)
8000141c: 83 29 c1 03  	lw	s3, 60(sp)
80001420: 03 2a 81 03  	lw	s4, 56(sp)
80001424: 83 2a 41 03  	lw	s5, 52(sp)
80001428: 03 2b 01 03  	lw	s6, 48(sp)
8000142c: 83 2b c1 02  	lw	s7, 44(sp)
80001430: 03 2c 81 02  	lw	s8, 40(sp)
80001434: 83 2c 41 02  	lw	s9, 36(sp)
80001438: 03 2d 01 02  	lw	s10, 32(sp)
8000143c: 83 2d c1 01  	lw	s11, 28(sp)
80001440: 13 01 01 05  	addi	sp, sp, 80
80001444: 67 80 00 00  	ret

80001448 <_out_char>:
80001448: 63 0e 05 08  	beqz	a0, 0x800014e4 <_out_char+0x9c>
8000144c: f3 25 40 f1  	csrr	a1, mhartid
80001450: 13 06 80 44  	li	a2, 1096
80001454: b3 85 c5 02  	mul	a1, a1, a2
80001458: 17 26 00 00  	auipc	a2, 2
8000145c: 13 06 86 92  	addi	a2, a2, -1752
80001460: b3 05 b6 00  	add	a1, a2, a1
80001464: 03 a6 05 00  	lw	a2, 0(a1)
80001468: 93 06 16 00  	addi	a3, a2, 1
8000146c: 23 a0 d5 00  	sw	a3, 0(a1)
80001470: 33 86 c5 00  	add	a2, a1, a2
80001474: 23 04 a6 04  	sb	a0, 72(a2)
80001478: 03 a6 05 00  	lw	a2, 0(a1)
8000147c: 13 06 46 c0  	addi	a2, a2, -1020
80001480: 33 36 c0 00  	snez	a2, a2
80001484: 13 05 65 ff  	addi	a0, a0, -10
80001488: 33 35 a0 00  	snez	a0, a0
8000148c: 33 75 c5 00  	and	a0, a0, a2
80001490: 63 1a 05 04  	bnez	a0, 0x800014e4 <_out_char+0x9c>
80001494: 13 85 85 04  	addi	a0, a1, 72
80001498: 23 a6 05 00  	sw	zero, 12(a1)
8000149c: 13 06 00 04  	li	a2, 64
800014a0: 23 a4 c5 00  	sw	a2, 8(a1)
800014a4: 23 aa 05 00  	sw	zero, 20(a1)
800014a8: 13 06 10 00  	li	a2, 1
800014ac: 23 a8 c5 00  	sw	a2, 16(a1)
800014b0: 23 ae 05 00  	sw	zero, 28(a1)
800014b4: 23 ac a5 00  	sw	a0, 24(a1)
800014b8: 03 a5 05 00  	lw	a0, 0(a1)
800014bc: 13 86 85 00  	addi	a2, a1, 8
800014c0: 23 a2 05 02  	sw	zero, 36(a1)
800014c4: 23 a0 a5 02  	sw	a0, 32(a1)
800014c8: 17 15 00 00  	auipc	a0, 1
800014cc: 23 2c c5 5e  	sw	a2, 1528(a0)
800014d0: 17 15 00 00  	auipc	a0, 1
800014d4: 03 26 05 63  	lw	a2, 1584(a0)
800014d8: e3 0e 06 fe  	beqz	a2, 0x800014d4 <_out_char+0x8c>
800014dc: 23 28 05 62  	sw	zero, 1584(a0)
800014e0: 23 a0 05 00  	sw	zero, 0(a1)
800014e4: 67 80 00 00  	ret

800014e8 <_out_null>:
800014e8: 67 80 00 00  	ret

800014ec <_ntoa_long>:
800014ec: 13 01 01 fb  	addi	sp, sp, -80
800014f0: 23 26 11 04  	sw	ra, 76(sp)
800014f4: 23 24 81 04  	sw	s0, 72(sp)
800014f8: 23 22 91 04  	sw	s1, 68(sp)
800014fc: 23 20 21 05  	sw	s2, 64(sp)
80001500: 23 2e 31 03  	sw	s3, 60(sp)
80001504: 23 2c 41 03  	sw	s4, 56(sp)
80001508: 23 2a 51 03  	sw	s5, 52(sp)
8000150c: 23 28 61 03  	sw	s6, 48(sp)
80001510: 23 26 71 03  	sw	s7, 44(sp)
80001514: 23 24 81 03  	sw	s8, 40(sp)
80001518: 23 22 91 03  	sw	s9, 36(sp)
8000151c: 23 20 a1 03  	sw	s10, 32(sp)
80001520: 13 84 03 00  	mv	s0, t2
80001524: 93 84 06 00  	mv	s1, a3
80001528: 13 0a 06 00  	mv	s4, a2
8000152c: 13 89 05 00  	mv	s2, a1
80001530: 93 09 05 00  	mv	s3, a0
80001534: 93 35 17 00  	seqz	a1, a4
80001538: 63 14 07 00  	bnez	a4, 0x80001540 <_ntoa_long+0x54>
8000153c: 13 7e fe fe  	andi	t3, t3, -17
80001540: 13 75 0e 40  	andi	a0, t3, 1024
80001544: 13 56 a5 00  	srli	a2, a0, 10
80001548: b3 f5 c5 00  	and	a1, a1, a2
8000154c: 63 96 05 06  	bnez	a1, 0x800015b8 <_ntoa_long+0xcc>
80001550: 93 06 00 00  	li	a3, 0
80001554: 93 75 0e 02  	andi	a1, t3, 32
80001558: 93 c5 15 06  	xori	a1, a1, 97
8000155c: 93 85 65 0f  	addi	a1, a1, 246
80001560: 13 06 a0 00  	li	a2, 10
80001564: 93 02 01 00  	mv	t0, sp
80001568: 6f 00 00 03  	j	0x80001598 <_ntoa_long+0xac>
8000156c: b3 83 d3 01  	add	t2, t2, t4
80001570: 13 8c 16 00  	addi	s8, a3, 1
80001574: b3 8e d2 00  	add	t4, t0, a3
80001578: 33 37 07 01  	sltu	a4, a4, a6
8000157c: 13 47 f7 ff  	not	a4, a4
80001580: 93 b6 f6 01  	sltiu	a3, a3, 31
80001584: 33 7f d7 00  	and	t5, a4, a3
80001588: 23 80 7e 00  	sb	t2, 0(t4)
8000158c: 93 06 0c 00  	mv	a3, s8
80001590: 13 07 03 00  	mv	a4, t1
80001594: 63 04 0f 02  	beqz	t5, 0x800015bc <_ntoa_long+0xd0>
80001598: 33 53 07 03  	divu	t1, a4, a6
8000159c: b3 03 03 03  	mul	t2, t1, a6
800015a0: b3 03 77 40  	sub	t2, a4, t2
800015a4: 13 ff e3 0f  	andi	t5, t2, 254
800015a8: 93 8e 05 00  	mv	t4, a1
800015ac: e3 70 cf fc  	bgeu	t5, a2, 0x8000156c <_ntoa_long+0x80>
800015b0: 93 0e 00 03  	li	t4, 48
800015b4: 6f f0 9f fb  	j	0x8000156c <_ntoa_long+0x80>
800015b8: 13 0c 00 00  	li	s8, 0
800015bc: 93 7b 2e 00  	andi	s7, t3, 2
800015c0: 63 94 0b 04  	bnez	s7, 0x80001608 <_ntoa_long+0x11c>
800015c4: 63 0e 04 00  	beqz	s0, 0x800015e0 <_ntoa_long+0xf4>
800015c8: 93 75 1e 00  	andi	a1, t3, 1
800015cc: 63 8a 05 00  	beqz	a1, 0x800015e0 <_ntoa_long+0xf4>
800015d0: 93 75 ce 00  	andi	a1, t3, 12
800015d4: b3 35 b0 00  	snez	a1, a1
800015d8: b3 e5 f5 00  	or	a1, a1, a5
800015dc: 33 04 b4 40  	sub	s0, s0, a1
800015e0: 13 06 00 02  	li	a2, 32
800015e4: 93 85 08 00  	mv	a1, a7
800015e8: 63 fa c8 02  	bgeu	a7, a2, 0x8000161c <_ntoa_long+0x130>
800015ec: 63 6c bc 02  	bltu	s8, a1, 0x80001624 <_ntoa_long+0x138>
800015f0: 13 06 00 02  	li	a2, 32
800015f4: 93 05 04 00  	mv	a1, s0
800015f8: 63 7e c4 04  	bgeu	s0, a2, 0x80001654 <_ntoa_long+0x168>
800015fc: 33 36 bc 00  	sltu	a2, s8, a1
80001600: 33 76 ce 00  	and	a2, t3, a2
80001604: 63 10 06 06  	bnez	a2, 0x80001664 <_ntoa_long+0x178>
80001608: 93 75 0e 01  	andi	a1, t3, 16
8000160c: 63 92 05 08  	bnez	a1, 0x80001690 <_ntoa_long+0x1a4>
80001610: 13 05 f0 01  	li	a0, 31
80001614: 63 72 85 15  	bgeu	a0, s8, 0x80001758 <_ntoa_long+0x26c>
80001618: 6f 00 00 17  	j	0x80001788 <_ntoa_long+0x29c>
8000161c: 93 05 00 02  	li	a1, 32
80001620: e3 78 bc fc  	bgeu	s8, a1, 0x800015f0 <_ntoa_long+0x104>
80001624: 13 06 01 00  	mv	a2, sp
80001628: 33 06 86 01  	add	a2, a2, s8
8000162c: b3 86 85 41  	sub	a3, a1, s8
80001630: 13 07 00 03  	li	a4, 48
80001634: 23 00 e6 00  	sb	a4, 0(a2)
80001638: 93 86 f6 ff  	addi	a3, a3, -1
8000163c: 13 06 16 00  	addi	a2, a2, 1
80001640: e3 9a 06 fe  	bnez	a3, 0x80001634 <_ntoa_long+0x148>
80001644: 13 8c 05 00  	mv	s8, a1
80001648: 13 06 00 02  	li	a2, 32
8000164c: 93 05 04 00  	mv	a1, s0
80001650: e3 66 c4 fa  	bltu	s0, a2, 0x800015fc <_ntoa_long+0x110>
80001654: 93 05 00 02  	li	a1, 32
80001658: 33 36 bc 00  	sltu	a2, s8, a1
8000165c: 33 76 ce 00  	and	a2, t3, a2
80001660: e3 04 06 fa  	beqz	a2, 0x80001608 <_ntoa_long+0x11c>
80001664: 13 06 01 00  	mv	a2, sp
80001668: 33 06 86 01  	add	a2, a2, s8
8000166c: b3 86 85 41  	sub	a3, a1, s8
80001670: 13 07 00 03  	li	a4, 48
80001674: 23 00 e6 00  	sb	a4, 0(a2)
80001678: 93 86 f6 ff  	addi	a3, a3, -1
8000167c: 13 06 16 00  	addi	a2, a2, 1
80001680: e3 9a 06 fe  	bnez	a3, 0x80001674 <_ntoa_long+0x188>
80001684: 13 8c 05 00  	mv	s8, a1
80001688: 93 75 0e 01  	andi	a1, t3, 16
8000168c: e3 82 05 f8  	beqz	a1, 0x80001610 <_ntoa_long+0x124>
80001690: 33 35 a0 00  	snez	a0, a0
80001694: 93 35 1c 00  	seqz	a1, s8
80001698: 33 65 b5 00  	or	a0, a0, a1
8000169c: 63 1e 05 02  	bnez	a0, 0x800016d8 <_ntoa_long+0x1ec>
800016a0: 33 45 1c 01  	xor	a0, s8, a7
800016a4: 33 35 a0 00  	snez	a0, a0
800016a8: b3 45 8c 00  	xor	a1, s8, s0
800016ac: b3 35 b0 00  	snez	a1, a1
800016b0: 33 75 b5 00  	and	a0, a0, a1
800016b4: 63 12 05 02  	bnez	a0, 0x800016d8 <_ntoa_long+0x1ec>
800016b8: 13 05 fc ff  	addi	a0, s8, -1
800016bc: b3 35 a0 00  	snez	a1, a0
800016c0: 13 06 08 ff  	addi	a2, a6, -16
800016c4: 13 36 16 00  	seqz	a2, a2
800016c8: b3 75 b6 00  	and	a1, a2, a1
800016cc: 63 84 05 00  	beqz	a1, 0x800016d4 <_ntoa_long+0x1e8>
800016d0: 13 05 ec ff  	addi	a0, s8, -2
800016d4: 13 0c 05 00  	mv	s8, a0
800016d8: 13 05 00 01  	li	a0, 16
800016dc: 63 18 a8 02  	bne	a6, a0, 0x8000170c <_ntoa_long+0x220>
800016e0: 93 75 0e 02  	andi	a1, t3, 32
800016e4: 13 b5 15 00  	seqz	a0, a1
800016e8: 13 36 0c 02  	sltiu	a2, s8, 32
800016ec: b3 76 c5 00  	and	a3, a0, a2
800016f0: 13 05 80 07  	li	a0, 120
800016f4: 63 98 06 02  	bnez	a3, 0x80001724 <_ntoa_long+0x238>
800016f8: 33 35 b0 00  	snez	a0, a1
800016fc: 33 76 c5 00  	and	a2, a0, a2
80001700: 13 05 80 05  	li	a0, 88
80001704: 63 10 06 02  	bnez	a2, 0x80001724 <_ntoa_long+0x238>
80001708: 6f 00 c0 02  	j	0x80001734 <_ntoa_long+0x248>
8000170c: 13 08 e8 ff  	addi	a6, a6, -2
80001710: 13 35 18 00  	seqz	a0, a6
80001714: 93 35 0c 02  	sltiu	a1, s8, 32
80001718: b3 75 b5 00  	and	a1, a0, a1
8000171c: 13 05 20 06  	li	a0, 98
80001720: 63 8a 05 00  	beqz	a1, 0x80001734 <_ntoa_long+0x248>
80001724: 93 05 01 00  	mv	a1, sp
80001728: b3 85 85 01  	add	a1, a1, s8
8000172c: 13 0c 1c 00  	addi	s8, s8, 1
80001730: 23 80 a5 00  	sb	a0, 0(a1)
80001734: 13 05 f0 01  	li	a0, 31
80001738: 63 68 85 05  	bltu	a0, s8, 0x80001788 <_ntoa_long+0x29c>
8000173c: 13 05 01 00  	mv	a0, sp
80001740: 33 05 85 01  	add	a0, a0, s8
80001744: 13 0c 1c 00  	addi	s8, s8, 1
80001748: 93 05 00 03  	li	a1, 48
8000174c: 23 00 b5 00  	sb	a1, 0(a0)
80001750: 13 05 f0 01  	li	a0, 31
80001754: 63 6a 85 03  	bltu	a0, s8, 0x80001788 <_ntoa_long+0x29c>
80001758: 13 05 d0 02  	li	a0, 45
8000175c: 63 9e 07 00  	bnez	a5, 0x80001778 <_ntoa_long+0x28c>
80001760: 93 75 4e 00  	andi	a1, t3, 4
80001764: 13 05 b0 02  	li	a0, 43
80001768: 63 98 05 00  	bnez	a1, 0x80001778 <_ntoa_long+0x28c>
8000176c: 93 75 8e 00  	andi	a1, t3, 8
80001770: 13 05 00 02  	li	a0, 32
80001774: 63 8a 05 00  	beqz	a1, 0x80001788 <_ntoa_long+0x29c>
80001778: 93 05 01 00  	mv	a1, sp
8000177c: b3 85 85 01  	add	a1, a1, s8
80001780: 13 0c 1c 00  	addi	s8, s8, 1
80001784: 23 80 a5 00  	sb	a0, 0(a1)
80001788: 13 75 3e 00  	andi	a0, t3, 3
8000178c: 13 35 15 00  	seqz	a0, a0
80001790: b3 35 8c 00  	sltu	a1, s8, s0
80001794: 33 75 b5 00  	and	a0, a0, a1
80001798: 93 0a 0a 00  	mv	s5, s4
8000179c: 63 06 05 02  	beqz	a0, 0x800017c8 <_ntoa_long+0x2dc>
800017a0: 33 0b 84 41  	sub	s6, s0, s8
800017a4: 13 06 0a 00  	mv	a2, s4
800017a8: 93 0a 16 00  	addi	s5, a2, 1
800017ac: 13 05 00 02  	li	a0, 32
800017b0: 93 05 09 00  	mv	a1, s2
800017b4: 93 86 04 00  	mv	a3, s1
800017b8: e7 80 09 00  	jalr	s3
800017bc: 13 0b fb ff  	addi	s6, s6, -1
800017c0: 13 86 0a 00  	mv	a2, s5
800017c4: e3 12 0b fe  	bnez	s6, 0x800017a8 <_ntoa_long+0x2bc>
800017c8: 63 0c 0c 02  	beqz	s8, 0x80001800 <_ntoa_long+0x314>
800017cc: 93 0c f1 ff  	addi	s9, sp, -1
800017d0: 33 85 8c 01  	add	a0, s9, s8
800017d4: 03 45 05 00  	lbu	a0, 0(a0)
800017d8: 13 0d fc ff  	addi	s10, s8, -1
800017dc: 13 8b 1a 00  	addi	s6, s5, 1
800017e0: 93 05 09 00  	mv	a1, s2
800017e4: 13 86 0a 00  	mv	a2, s5
800017e8: 93 86 04 00  	mv	a3, s1
800017ec: e7 80 09 00  	jalr	s3
800017f0: 93 0a 0b 00  	mv	s5, s6
800017f4: 13 0c 0d 00  	mv	s8, s10
800017f8: e3 1c 0d fc  	bnez	s10, 0x800017d0 <_ntoa_long+0x2e4>
800017fc: 6f 00 80 00  	j	0x80001804 <_ntoa_long+0x318>
80001800: 13 8b 0a 00  	mv	s6, s5
80001804: 33 35 70 01  	snez	a0, s7
80001808: b3 05 4b 41  	sub	a1, s6, s4
8000180c: b3 b5 85 00  	sltu	a1, a1, s0
80001810: 33 75 b5 00  	and	a0, a0, a1
80001814: 63 08 05 02  	beqz	a0, 0x80001844 <_ntoa_long+0x358>
80001818: b3 0a 40 41  	neg	s5, s4
8000181c: 13 0a 1b 00  	addi	s4, s6, 1
80001820: 13 05 00 02  	li	a0, 32
80001824: 93 05 09 00  	mv	a1, s2
80001828: 13 06 0b 00  	mv	a2, s6
8000182c: 93 86 04 00  	mv	a3, s1
80001830: e7 80 09 00  	jalr	s3
80001834: 33 85 4a 01  	add	a0, s5, s4
80001838: 13 0b 0a 00  	mv	s6, s4
8000183c: e3 60 85 fe  	bltu	a0, s0, 0x8000181c <_ntoa_long+0x330>
80001840: 6f 00 80 00  	j	0x80001848 <_ntoa_long+0x35c>
80001844: 13 0a 0b 00  	mv	s4, s6
80001848: 13 05 0a 00  	mv	a0, s4
8000184c: 83 20 c1 04  	lw	ra, 76(sp)
80001850: 03 24 81 04  	lw	s0, 72(sp)
80001854: 83 24 41 04  	lw	s1, 68(sp)
80001858: 03 29 01 04  	lw	s2, 64(sp)
8000185c: 83 29 c1 03  	lw	s3, 60(sp)
80001860: 03 2a 81 03  	lw	s4, 56(sp)
80001864: 83 2a 41 03  	lw	s5, 52(sp)
80001868: 03 2b 01 03  	lw	s6, 48(sp)
8000186c: 83 2b c1 02  	lw	s7, 44(sp)
80001870: 03 2c 81 02  	lw	s8, 40(sp)
80001874: 83 2c 41 02  	lw	s9, 36(sp)
80001878: 03 2d 01 02  	lw	s10, 32(sp)
8000187c: 13 01 01 05  	addi	sp, sp, 80
80001880: 67 80 00 00  	ret

80001884 <_ftoa>:
80001884: 13 01 01 fb  	addi	sp, sp, -80
80001888: 23 26 11 04  	sw	ra, 76(sp)
8000188c: 23 24 81 04  	sw	s0, 72(sp)
80001890: 23 22 91 04  	sw	s1, 68(sp)
80001894: 23 20 21 05  	sw	s2, 64(sp)
80001898: 23 2e 31 03  	sw	s3, 60(sp)
8000189c: 23 2c 41 03  	sw	s4, 56(sp)
800018a0: 23 2a 51 03  	sw	s5, 52(sp)
800018a4: 23 28 61 03  	sw	s6, 48(sp)
800018a8: 23 26 71 03  	sw	s7, 44(sp)
800018ac: 23 24 81 03  	sw	s8, 40(sp)
800018b0: 23 22 91 03  	sw	s9, 36(sp)
800018b4: 97 18 00 00  	auipc	a7, 1
800018b8: 87 b7 c8 27  	fld	fa5, 636(a7)
800018bc: d3 88 a7 a2  	fle.d	a7, fa5, fa0
800018c0: 93 0a 08 00  	mv	s5, a6
800018c4: 13 84 07 00  	mv	s0, a5
800018c8: 93 84 06 00  	mv	s1, a3
800018cc: 13 0a 06 00  	mv	s4, a2
800018d0: 13 89 05 00  	mv	s2, a1
800018d4: 93 09 05 00  	mv	s3, a0
800018d8: 63 94 08 0e  	bnez	a7, 0x800019c0 <_ftoa+0x13c>
800018dc: 13 f5 3a 00  	andi	a0, s5, 3
800018e0: 33 35 a0 00  	snez	a0, a0
800018e4: 93 35 54 00  	sltiu	a1, s0, 5
800018e8: 33 e5 a5 00  	or	a0, a1, a0
800018ec: 13 fb 2a 00  	andi	s6, s5, 2
800018f0: 93 0a 0a 00  	mv	s5, s4
800018f4: 63 16 05 02  	bnez	a0, 0x80001920 <_ftoa+0x9c>
800018f8: 93 0b c4 ff  	addi	s7, s0, -4
800018fc: 13 06 0a 00  	mv	a2, s4
80001900: 93 0a 16 00  	addi	s5, a2, 1
80001904: 13 05 00 02  	li	a0, 32
80001908: 93 05 09 00  	mv	a1, s2
8000190c: 93 86 04 00  	mv	a3, s1
80001910: e7 80 09 00  	jalr	s3
80001914: 93 8b fb ff  	addi	s7, s7, -1
80001918: 13 86 0a 00  	mv	a2, s5
8000191c: e3 92 0b fe  	bnez	s7, 0x80001900 <_ftoa+0x7c>
80001920: 33 3c 60 01  	snez	s8, s6
80001924: 13 8b 1a 00  	addi	s6, s5, 1
80001928: 13 05 d0 02  	li	a0, 45
8000192c: 93 05 09 00  	mv	a1, s2
80001930: 13 86 0a 00  	mv	a2, s5
80001934: 93 86 04 00  	mv	a3, s1
80001938: e7 80 09 00  	jalr	s3
8000193c: 93 8b 2a 00  	addi	s7, s5, 2
80001940: 13 05 90 06  	li	a0, 105
80001944: 93 05 09 00  	mv	a1, s2
80001948: 13 06 0b 00  	mv	a2, s6
8000194c: 93 86 04 00  	mv	a3, s1
80001950: e7 80 09 00  	jalr	s3
80001954: 13 8b 3a 00  	addi	s6, s5, 3
80001958: 13 05 e0 06  	li	a0, 110
8000195c: 93 05 09 00  	mv	a1, s2
80001960: 13 86 0b 00  	mv	a2, s7
80001964: 93 86 04 00  	mv	a3, s1
80001968: e7 80 09 00  	jalr	s3
8000196c: 93 8a 4a 00  	addi	s5, s5, 4
80001970: 13 05 60 06  	li	a0, 102
80001974: 93 05 09 00  	mv	a1, s2
80001978: 13 06 0b 00  	mv	a2, s6
8000197c: 93 86 04 00  	mv	a3, s1
80001980: e7 80 09 00  	jalr	s3
80001984: 33 85 4a 41  	sub	a0, s5, s4
80001988: 33 35 85 00  	sltu	a0, a0, s0
8000198c: 33 75 ac 00  	and	a0, s8, a0
80001990: 63 0c 05 04  	beqz	a0, 0x800019e8 <_ftoa+0x164>
80001994: 33 0b 40 41  	neg	s6, s4
80001998: 13 8a 1a 00  	addi	s4, s5, 1
8000199c: 13 05 00 02  	li	a0, 32
800019a0: 93 05 09 00  	mv	a1, s2
800019a4: 13 86 0a 00  	mv	a2, s5
800019a8: 93 86 04 00  	mv	a3, s1
800019ac: e7 80 09 00  	jalr	s3
800019b0: 33 05 4b 01  	add	a0, s6, s4
800019b4: 93 0a 0a 00  	mv	s5, s4
800019b8: e3 60 85 fe  	bltu	a0, s0, 0x80001998 <_ftoa+0x114>
800019bc: 6f 00 c0 4f  	j	0x80001eb8 <_ftoa+0x634>
800019c0: 17 15 00 00  	auipc	a0, 1
800019c4: 87 37 85 17  	fld	fa5, 376(a0)
800019c8: 53 05 f5 a2  	fle.d	a0, fa0, fa5
800019cc: 63 12 05 02  	bnez	a0, 0x800019f0 <_ftoa+0x16c>
800019d0: 13 f5 4a 00  	andi	a0, s5, 4
800019d4: 93 5b 25 00  	srli	s7, a0, 2
800019d8: 63 02 05 08  	beqz	a0, 0x80001a5c <_ftoa+0x1d8>
800019dc: 17 15 00 00  	auipc	a0, 1
800019e0: 13 0c 45 09  	addi	s8, a0, 148
800019e4: 6f 00 00 08  	j	0x80001a64 <_ftoa+0x1e0>
800019e8: 13 8a 0a 00  	mv	s4, s5
800019ec: 6f 00 c0 4c  	j	0x80001eb8 <_ftoa+0x634>
800019f0: 17 15 00 00  	auipc	a0, 1
800019f4: 87 37 05 15  	fld	fa5, 336(a0)
800019f8: 17 15 00 00  	auipc	a0, 1
800019fc: 07 37 05 15  	fld	fa4, 336(a0)
80001a00: 53 95 a7 a2  	flt.d	a0, fa5, fa0
80001a04: d3 15 e5 a2  	flt.d	a1, fa0, fa4
80001a08: 33 65 b5 00  	or	a0, a0, a1
80001a0c: 63 06 05 10  	beqz	a0, 0x80001b18 <_ftoa+0x294>
80001a10: 13 85 09 00  	mv	a0, s3
80001a14: 93 05 09 00  	mv	a1, s2
80001a18: 13 06 0a 00  	mv	a2, s4
80001a1c: 93 86 04 00  	mv	a3, s1
80001a20: 93 07 04 00  	mv	a5, s0
80001a24: 13 88 0a 00  	mv	a6, s5
80001a28: 83 20 c1 04  	lw	ra, 76(sp)
80001a2c: 03 24 81 04  	lw	s0, 72(sp)
80001a30: 83 24 41 04  	lw	s1, 68(sp)
80001a34: 03 29 01 04  	lw	s2, 64(sp)
80001a38: 83 29 c1 03  	lw	s3, 60(sp)
80001a3c: 03 2a 81 03  	lw	s4, 56(sp)
80001a40: 83 2a 41 03  	lw	s5, 52(sp)
80001a44: 03 2b 01 03  	lw	s6, 48(sp)
80001a48: 83 2b c1 02  	lw	s7, 44(sp)
80001a4c: 03 2c 81 02  	lw	s8, 40(sp)
80001a50: 83 2c 41 02  	lw	s9, 36(sp)
80001a54: 13 01 01 05  	addi	sp, sp, 80
80001a58: 6f 00 80 49  	j	0x80001ef0 <_etoa>
80001a5c: 17 15 00 00  	auipc	a0, 1
80001a60: 13 0c 95 01  	addi	s8, a0, 25
80001a64: 93 8b 3b 00  	addi	s7, s7, 3
80001a68: 13 f5 3a 00  	andi	a0, s5, 3
80001a6c: 13 35 15 00  	seqz	a0, a0
80001a70: b3 b5 8b 00  	sltu	a1, s7, s0
80001a74: 33 75 b5 00  	and	a0, a0, a1
80001a78: 13 0b 0a 00  	mv	s6, s4
80001a7c: 63 06 05 02  	beqz	a0, 0x80001aa8 <_ftoa+0x224>
80001a80: b3 0c 74 41  	sub	s9, s0, s7
80001a84: 13 06 0a 00  	mv	a2, s4
80001a88: 13 0b 16 00  	addi	s6, a2, 1
80001a8c: 13 05 00 02  	li	a0, 32
80001a90: 93 05 09 00  	mv	a1, s2
80001a94: 93 86 04 00  	mv	a3, s1
80001a98: e7 80 09 00  	jalr	s3
80001a9c: 93 8c fc ff  	addi	s9, s9, -1
80001aa0: 13 06 0b 00  	mv	a2, s6
80001aa4: e3 92 0c fe  	bnez	s9, 0x80001a88 <_ftoa+0x204>
80001aa8: 93 fa 2a 00  	andi	s5, s5, 2
80001aac: 13 0c fc ff  	addi	s8, s8, -1
80001ab0: 33 05 7c 01  	add	a0, s8, s7
80001ab4: 03 45 05 00  	lbu	a0, 0(a0)
80001ab8: 13 06 0b 00  	mv	a2, s6
80001abc: 93 8c fb ff  	addi	s9, s7, -1
80001ac0: 13 0b 1b 00  	addi	s6, s6, 1
80001ac4: 93 05 09 00  	mv	a1, s2
80001ac8: 93 86 04 00  	mv	a3, s1
80001acc: e7 80 09 00  	jalr	s3
80001ad0: 93 8b 0c 00  	mv	s7, s9
80001ad4: e3 9e 0c fc  	bnez	s9, 0x80001ab0 <_ftoa+0x22c>
80001ad8: 33 35 50 01  	snez	a0, s5
80001adc: b3 05 4b 41  	sub	a1, s6, s4
80001ae0: b3 b5 85 00  	sltu	a1, a1, s0
80001ae4: 33 75 b5 00  	and	a0, a0, a1
80001ae8: 63 06 05 3c  	beqz	a0, 0x80001eb4 <_ftoa+0x630>
80001aec: b3 0a 40 41  	neg	s5, s4
80001af0: 13 0a 1b 00  	addi	s4, s6, 1
80001af4: 13 05 00 02  	li	a0, 32
80001af8: 93 05 09 00  	mv	a1, s2
80001afc: 13 06 0b 00  	mv	a2, s6
80001b00: 93 86 04 00  	mv	a3, s1
80001b04: e7 80 09 00  	jalr	s3
80001b08: 33 85 4a 01  	add	a0, s5, s4
80001b0c: 13 0b 0a 00  	mv	s6, s4
80001b10: e3 60 85 fe  	bltu	a0, s0, 0x80001af0 <_ftoa+0x26c>
80001b14: 6f 00 40 3a  	j	0x80001eb8 <_ftoa+0x634>
80001b18: d3 07 00 d2  	fcvt.d.w	fa5, zero
80001b1c: 53 15 f5 a2  	flt.d	a0, fa0, fa5
80001b20: 63 1c 05 00  	bnez	a0, 0x80001b38 <_ftoa+0x2b4>
80001b24: d3 07 a5 22  	fmv.d	fa5, fa0
80001b28: 13 f5 0a 40  	andi	a0, s5, 1024
80001b2c: 93 06 07 00  	mv	a3, a4
80001b30: 63 0c 05 00  	beqz	a0, 0x80001b48 <_ftoa+0x2c4>
80001b34: 6f 00 80 01  	j	0x80001b4c <_ftoa+0x2c8>
80001b38: d3 17 a5 22  	fneg.d	fa5, fa0
80001b3c: 13 f5 0a 40  	andi	a0, s5, 1024
80001b40: 93 06 07 00  	mv	a3, a4
80001b44: 63 14 05 00  	bnez	a0, 0x80001b4c <_ftoa+0x2c8>
80001b48: 93 06 60 00  	li	a3, 6
80001b4c: 13 05 a0 00  	li	a0, 10
80001b50: 63 e2 a6 04  	bltu	a3, a0, 0x80001b94 <_ftoa+0x310>
80001b54: 13 85 66 ff  	addi	a0, a3, -10
80001b58: 93 05 f0 01  	li	a1, 31
80001b5c: 63 64 b5 00  	bltu	a0, a1, 0x80001b64 <_ftoa+0x2e0>
80001b60: 13 05 f0 01  	li	a0, 31
80001b64: 93 05 00 00  	li	a1, 0
80001b68: 13 05 15 00  	addi	a0, a0, 1
80001b6c: 13 06 41 00  	addi	a2, sp, 4
80001b70: 93 06 00 03  	li	a3, 48
80001b74: b3 07 b6 00  	add	a5, a2, a1
80001b78: 93 85 15 00  	addi	a1, a1, 1
80001b7c: 23 80 d7 00  	sb	a3, 0(a5)
80001b80: e3 1a b5 fe  	bne	a0, a1, 0x80001b74 <_ftoa+0x2f0>
80001b84: 13 86 f5 ff  	addi	a2, a1, -1
80001b88: 93 37 f6 01  	sltiu	a5, a2, 31
80001b8c: b3 06 b7 40  	sub	a3, a4, a1
80001b90: 6f 00 c0 00  	j	0x80001b9c <_ftoa+0x318>
80001b94: 13 05 00 00  	li	a0, 0
80001b98: 93 07 10 00  	li	a5, 1
80001b9c: 93 95 36 00  	slli	a1, a3, 3
80001ba0: 17 16 00 00  	auipc	a2, 1
80001ba4: 13 06 06 e8  	addi	a2, a2, -384
80001ba8: b3 05 b6 00  	add	a1, a2, a1
80001bac: 87 b6 05 00  	fld	fa3, 0(a1)
80001bb0: d3 95 07 c2  	fcvt.w.d	a1, fa5, rtz
80001bb4: 53 87 05 d2  	fcvt.d.w	fa4, a1
80001bb8: 53 f7 e7 0a  	fsub.d	fa4, fa5, fa4
80001bbc: 53 f6 e6 12  	fmul.d	fa2, fa3, fa4
80001bc0: 17 16 00 00  	auipc	a2, 1
80001bc4: 07 37 06 f9  	fld	fa4, -112(a2)
80001bc8: 53 17 16 c2  	fcvt.wu.d	a4, fa2, rtz
80001bcc: d3 05 17 d2  	fcvt.d.wu	fa1, a4
80001bd0: 53 76 b6 0a  	fsub.d	fa2, fa2, fa1
80001bd4: 53 06 e6 a2  	fle.d	a2, fa2, fa4
80001bd8: 63 10 06 02  	bnez	a2, 0x80001bf8 <_ftoa+0x374>
80001bdc: 13 07 17 00  	addi	a4, a4, 1
80001be0: 53 06 17 d2  	fcvt.d.wu	fa2, a4
80001be4: 53 16 d6 a2  	flt.d	a2, fa2, fa3
80001be8: 63 14 06 02  	bnez	a2, 0x80001c10 <_ftoa+0x38c>
80001bec: 13 07 00 00  	li	a4, 0
80001bf0: 93 85 15 00  	addi	a1, a1, 1
80001bf4: 6f 00 c0 01  	j	0x80001c10 <_ftoa+0x38c>
80001bf8: 53 16 e6 a2  	flt.d	a2, fa2, fa4
80001bfc: 63 1a 06 00  	bnez	a2, 0x80001c10 <_ftoa+0x38c>
80001c00: 13 36 17 00  	seqz	a2, a4
80001c04: 33 66 e6 00  	or	a2, a2, a4
80001c08: 13 76 16 00  	andi	a2, a2, 1
80001c0c: 33 07 e6 00  	add	a4, a2, a4
80001c10: 63 8e 06 06  	beqz	a3, 0x80001c8c <_ftoa+0x408>
80001c14: 13 06 00 02  	li	a2, 32
80001c18: 63 82 07 14  	beqz	a5, 0x80001d5c <_ftoa+0x4d8>
80001c1c: b3 06 d0 40  	neg	a3, a3
80001c20: b7 d7 cc cc  	lui	a5, 838861
80001c24: 93 87 d7 cc  	addi	a5, a5, -819
80001c28: 13 08 a0 00  	li	a6, 10
80001c2c: 93 08 41 00  	addi	a7, sp, 4
80001c30: b3 32 f7 02  	mulhu	t0, a4, a5
80001c34: 93 d2 32 00  	srli	t0, t0, 3
80001c38: 33 83 02 03  	mul	t1, t0, a6
80001c3c: 33 03 67 40  	sub	t1, a4, t1
80001c40: 13 63 03 03  	ori	t1, t1, 48
80001c44: b3 83 a8 00  	add	t2, a7, a0
80001c48: 13 3e f5 01  	sltiu	t3, a0, 31
80001c4c: 13 05 15 00  	addi	a0, a0, 1
80001c50: 23 80 63 00  	sb	t1, 0(t2)
80001c54: 13 37 a7 00  	sltiu	a4, a4, 10
80001c58: 13 47 17 00  	xori	a4, a4, 1
80001c5c: 33 73 ee 00  	and	t1, t3, a4
80001c60: 93 86 16 00  	addi	a3, a3, 1
80001c64: 13 87 02 00  	mv	a4, t0
80001c68: e3 14 03 fc  	bnez	t1, 0x80001c30 <_ftoa+0x3ac>
80001c6c: 13 07 f5 ff  	addi	a4, a0, -1
80001c70: 13 37 f7 01  	sltiu	a4, a4, 31
80001c74: 93 47 17 00  	xori	a5, a4, 1
80001c78: 13 b7 16 00  	seqz	a4, a3
80001c7c: 33 e7 e7 00  	or	a4, a5, a4
80001c80: 63 08 07 02  	beqz	a4, 0x80001cb0 <_ftoa+0x42c>
80001c84: 93 06 05 00  	mv	a3, a0
80001c88: 6f 00 c0 05  	j	0x80001ce4 <_ftoa+0x460>
80001c8c: d3 86 05 d2  	fcvt.d.w	fa3, a1
80001c90: d3 f7 d7 0a  	fsub.d	fa5, fa5, fa3
80001c94: 53 06 f7 a2  	fle.d	a2, fa4, fa5
80001c98: 33 76 b6 00  	and	a2, a2, a1
80001c9c: b3 85 c5 00  	add	a1, a1, a2
80001ca0: 93 06 f0 01  	li	a3, 31
80001ca4: 13 06 00 02  	li	a2, 32
80001ca8: 63 f0 a6 06  	bgeu	a3, a0, 0x80001d08 <_ftoa+0x484>
80001cac: 6f 00 00 0b  	j	0x80001d5c <_ftoa+0x4d8>
80001cb0: 13 c7 f6 ff  	not	a4, a3
80001cb4: 13 08 41 00  	addi	a6, sp, 4
80001cb8: 93 08 00 03  	li	a7, 48
80001cbc: 93 06 15 00  	addi	a3, a0, 1
80001cc0: b3 07 a8 00  	add	a5, a6, a0
80001cc4: 23 80 17 01  	sb	a7, 0(a5)
80001cc8: 13 35 f5 01  	sltiu	a0, a0, 31
80001ccc: 93 47 15 00  	xori	a5, a0, 1
80001cd0: 13 35 17 00  	seqz	a0, a4
80001cd4: b3 e2 a7 00  	or	t0, a5, a0
80001cd8: 13 07 f7 ff  	addi	a4, a4, -1
80001cdc: 13 85 06 00  	mv	a0, a3
80001ce0: e3 8e 02 fc  	beqz	t0, 0x80001cbc <_ftoa+0x438>
80001ce4: 63 9c 07 06  	bnez	a5, 0x80001d5c <_ftoa+0x4d8>
80001ce8: 13 85 16 00  	addi	a0, a3, 1
80001cec: 13 06 41 00  	addi	a2, sp, 4
80001cf0: 33 06 d6 00  	add	a2, a2, a3
80001cf4: 93 06 e0 02  	li	a3, 46
80001cf8: 23 00 d6 00  	sb	a3, 0(a2)
80001cfc: 93 06 f0 01  	li	a3, 31
80001d00: 13 06 00 02  	li	a2, 32
80001d04: 63 ec a6 04  	bltu	a3, a0, 0x80001d5c <_ftoa+0x4d8>
80001d08: 37 66 66 66  	lui	a2, 419430
80001d0c: 93 06 76 66  	addi	a3, a2, 1639
80001d10: 13 07 a0 00  	li	a4, 10
80001d14: 93 07 41 00  	addi	a5, sp, 4
80001d18: 33 96 d5 02  	mulh	a2, a1, a3
80001d1c: 13 58 f6 01  	srli	a6, a2, 31
80001d20: 13 56 26 40  	srai	a2, a2, 2
80001d24: 33 08 06 01  	add	a6, a2, a6
80001d28: 33 06 e8 02  	mul	a2, a6, a4
80001d2c: 33 86 c5 40  	sub	a2, a1, a2
80001d30: 93 08 06 03  	addi	a7, a2, 48
80001d34: 13 06 15 00  	addi	a2, a0, 1
80001d38: b3 82 a7 00  	add	t0, a5, a0
80001d3c: 93 85 65 ff  	addi	a1, a1, -10
80001d40: 93 b5 d5 fe  	sltiu	a1, a1, -19
80001d44: 13 35 f5 01  	sltiu	a0, a0, 31
80001d48: 33 73 b5 00  	and	t1, a0, a1
80001d4c: 23 80 12 01  	sb	a7, 0(t0)
80001d50: 13 05 06 00  	mv	a0, a2
80001d54: 93 05 08 00  	mv	a1, a6
80001d58: e3 10 03 fc  	bnez	t1, 0x80001d18 <_ftoa+0x494>
80001d5c: 13 f5 3a 00  	andi	a0, s5, 3
80001d60: 93 05 10 00  	li	a1, 1
80001d64: 63 1c b5 04  	bne	a0, a1, 0x80001dbc <_ftoa+0x538>
80001d68: 63 0e 04 00  	beqz	s0, 0x80001d84 <_ftoa+0x500>
80001d6c: d3 07 00 d2  	fcvt.d.w	fa5, zero
80001d70: d3 15 f5 a2  	flt.d	a1, fa0, fa5
80001d74: 93 f6 ca 00  	andi	a3, s5, 12
80001d78: b3 36 d0 00  	snez	a3, a3
80001d7c: b3 e5 d5 00  	or	a1, a1, a3
80001d80: 33 04 b4 40  	sub	s0, s0, a1
80001d84: 93 06 00 02  	li	a3, 32
80001d88: 93 05 04 00  	mv	a1, s0
80001d8c: 63 64 d4 00  	bltu	s0, a3, 0x80001d94 <_ftoa+0x510>
80001d90: 93 05 00 02  	li	a1, 32
80001d94: 63 74 b6 02  	bgeu	a2, a1, 0x80001dbc <_ftoa+0x538>
80001d98: 93 06 41 00  	addi	a3, sp, 4
80001d9c: b3 86 c6 00  	add	a3, a3, a2
80001da0: 33 86 c5 40  	sub	a2, a1, a2
80001da4: 13 07 00 03  	li	a4, 48
80001da8: 23 80 e6 00  	sb	a4, 0(a3)
80001dac: 13 06 f6 ff  	addi	a2, a2, -1
80001db0: 93 86 16 00  	addi	a3, a3, 1
80001db4: e3 1a 06 fe  	bnez	a2, 0x80001da8 <_ftoa+0x524>
80001db8: 13 86 05 00  	mv	a2, a1
80001dbc: 93 05 f0 01  	li	a1, 31
80001dc0: 93 0b 00 02  	li	s7, 32
80001dc4: 63 e2 c5 04  	bltu	a1, a2, 0x80001e08 <_ftoa+0x584>
80001dc8: d3 07 00 d2  	fcvt.d.w	fa5, zero
80001dcc: d3 16 f5 a2  	flt.d	a3, fa0, fa5
80001dd0: 93 05 d0 02  	li	a1, 45
80001dd4: 63 92 06 02  	bnez	a3, 0x80001df8 <_ftoa+0x574>
80001dd8: 93 f6 4a 00  	andi	a3, s5, 4
80001ddc: 93 05 b0 02  	li	a1, 43
80001de0: 63 9c 06 00  	bnez	a3, 0x80001df8 <_ftoa+0x574>
80001de4: 93 f6 8a 00  	andi	a3, s5, 8
80001de8: 93 05 00 02  	li	a1, 32
80001dec: 63 96 06 00  	bnez	a3, 0x80001df8 <_ftoa+0x574>
80001df0: 93 0b 06 00  	mv	s7, a2
80001df4: 6f 00 40 01  	j	0x80001e08 <_ftoa+0x584>
80001df8: 93 0b 16 00  	addi	s7, a2, 1
80001dfc: 93 06 41 00  	addi	a3, sp, 4
80001e00: 33 86 c6 00  	add	a2, a3, a2
80001e04: 23 00 b6 00  	sb	a1, 0(a2)
80001e08: 13 35 15 00  	seqz	a0, a0
80001e0c: b3 b5 8b 00  	sltu	a1, s7, s0
80001e10: 33 75 b5 00  	and	a0, a0, a1
80001e14: 13 0b 0a 00  	mv	s6, s4
80001e18: 63 06 05 02  	beqz	a0, 0x80001e44 <_ftoa+0x5c0>
80001e1c: 33 0c 74 41  	sub	s8, s0, s7
80001e20: 13 06 0a 00  	mv	a2, s4
80001e24: 13 0b 16 00  	addi	s6, a2, 1
80001e28: 13 05 00 02  	li	a0, 32
80001e2c: 93 05 09 00  	mv	a1, s2
80001e30: 93 86 04 00  	mv	a3, s1
80001e34: e7 80 09 00  	jalr	s3
80001e38: 13 0c fc ff  	addi	s8, s8, -1
80001e3c: 13 06 0b 00  	mv	a2, s6
80001e40: e3 12 0c fe  	bnez	s8, 0x80001e24 <_ftoa+0x5a0>
80001e44: 93 fa 2a 00  	andi	s5, s5, 2
80001e48: 13 0c 31 00  	addi	s8, sp, 3
80001e4c: 33 05 7c 01  	add	a0, s8, s7
80001e50: 03 45 05 00  	lbu	a0, 0(a0)
80001e54: 13 06 0b 00  	mv	a2, s6
80001e58: 93 8c fb ff  	addi	s9, s7, -1
80001e5c: 13 0b 1b 00  	addi	s6, s6, 1
80001e60: 93 05 09 00  	mv	a1, s2
80001e64: 93 86 04 00  	mv	a3, s1
80001e68: e7 80 09 00  	jalr	s3
80001e6c: 93 8b 0c 00  	mv	s7, s9
80001e70: e3 9e 0c fc  	bnez	s9, 0x80001e4c <_ftoa+0x5c8>
80001e74: 33 35 50 01  	snez	a0, s5
80001e78: b3 05 4b 41  	sub	a1, s6, s4
80001e7c: b3 b5 85 00  	sltu	a1, a1, s0
80001e80: 33 75 b5 00  	and	a0, a0, a1
80001e84: 63 08 05 02  	beqz	a0, 0x80001eb4 <_ftoa+0x630>
80001e88: b3 0a 40 41  	neg	s5, s4
80001e8c: 13 0a 1b 00  	addi	s4, s6, 1
80001e90: 13 05 00 02  	li	a0, 32
80001e94: 93 05 09 00  	mv	a1, s2
80001e98: 13 06 0b 00  	mv	a2, s6
80001e9c: 93 86 04 00  	mv	a3, s1
80001ea0: e7 80 09 00  	jalr	s3
80001ea4: 33 85 4a 01  	add	a0, s5, s4
80001ea8: 13 0b 0a 00  	mv	s6, s4
80001eac: e3 60 85 fe  	bltu	a0, s0, 0x80001e8c <_ftoa+0x608>
80001eb0: 6f 00 80 00  	j	0x80001eb8 <_ftoa+0x634>
80001eb4: 13 0a 0b 00  	mv	s4, s6
80001eb8: 13 05 0a 00  	mv	a0, s4
80001ebc: 83 20 c1 04  	lw	ra, 76(sp)
80001ec0: 03 24 81 04  	lw	s0, 72(sp)
80001ec4: 83 24 41 04  	lw	s1, 68(sp)
80001ec8: 03 29 01 04  	lw	s2, 64(sp)
80001ecc: 83 29 c1 03  	lw	s3, 60(sp)
80001ed0: 03 2a 81 03  	lw	s4, 56(sp)
80001ed4: 83 2a 41 03  	lw	s5, 52(sp)
80001ed8: 03 2b 01 03  	lw	s6, 48(sp)
80001edc: 83 2b c1 02  	lw	s7, 44(sp)
80001ee0: 03 2c 81 02  	lw	s8, 40(sp)
80001ee4: 83 2c 41 02  	lw	s9, 36(sp)
80001ee8: 13 01 01 05  	addi	sp, sp, 80
80001eec: 67 80 00 00  	ret

80001ef0 <_etoa>:
80001ef0: 13 01 01 f9  	addi	sp, sp, -112
80001ef4: 23 26 11 06  	sw	ra, 108(sp)
80001ef8: 23 24 81 06  	sw	s0, 104(sp)
80001efc: 23 22 91 06  	sw	s1, 100(sp)
80001f00: 23 20 21 07  	sw	s2, 96(sp)
80001f04: 23 2e 31 05  	sw	s3, 92(sp)
80001f08: 23 2c 41 05  	sw	s4, 88(sp)
80001f0c: 23 2a 51 05  	sw	s5, 84(sp)
80001f10: 23 28 61 05  	sw	s6, 80(sp)
80001f14: 23 26 71 05  	sw	s7, 76(sp)
80001f18: 23 24 81 05  	sw	s8, 72(sp)
80001f1c: 23 22 91 05  	sw	s9, 68(sp)
80001f20: 97 18 00 00  	auipc	a7, 1
80001f24: 87 b7 88 c3  	fld	fa5, -968(a7)
80001f28: 97 18 00 00  	auipc	a7, 1
80001f2c: 07 b7 88 c3  	fld	fa4, -968(a7)
80001f30: d3 98 a7 a2  	flt.d	a7, fa5, fa0
80001f34: d3 12 e5 a2  	flt.d	t0, fa0, fa4
80001f38: b3 e8 58 00  	or	a7, a7, t0
80001f3c: 93 0a 08 00  	mv	s5, a6
80001f40: 13 84 07 00  	mv	s0, a5
80001f44: 93 07 07 00  	mv	a5, a4
80001f48: 93 84 06 00  	mv	s1, a3
80001f4c: 13 0a 06 00  	mv	s4, a2
80001f50: 13 89 05 00  	mv	s2, a1
80001f54: 93 09 05 00  	mv	s3, a0
80001f58: 63 8a 08 04  	beqz	a7, 0x80001fac <_etoa+0xbc>
80001f5c: 13 85 09 00  	mv	a0, s3
80001f60: 93 05 09 00  	mv	a1, s2
80001f64: 13 06 0a 00  	mv	a2, s4
80001f68: 93 86 04 00  	mv	a3, s1
80001f6c: 13 87 07 00  	mv	a4, a5
80001f70: 93 07 04 00  	mv	a5, s0
80001f74: 13 88 0a 00  	mv	a6, s5
80001f78: 83 20 c1 06  	lw	ra, 108(sp)
80001f7c: 03 24 81 06  	lw	s0, 104(sp)
80001f80: 83 24 41 06  	lw	s1, 100(sp)
80001f84: 03 29 01 06  	lw	s2, 96(sp)
80001f88: 83 29 c1 05  	lw	s3, 92(sp)
80001f8c: 03 2a 81 05  	lw	s4, 88(sp)
80001f90: 83 2a 41 05  	lw	s5, 84(sp)
80001f94: 03 2b 01 05  	lw	s6, 80(sp)
80001f98: 83 2b c1 04  	lw	s7, 76(sp)
80001f9c: 03 2c 81 04  	lw	s8, 72(sp)
80001fa0: 83 2c 41 04  	lw	s9, 68(sp)
80001fa4: 13 01 01 07  	addi	sp, sp, 112
80001fa8: 6f f0 df 8d  	j	0x80001884 <_ftoa>
80001fac: d3 07 00 d2  	fcvt.d.w	fa5, zero
80001fb0: 53 15 f5 a2  	flt.d	a0, fa0, fa5
80001fb4: 63 1c 05 00  	bnez	a0, 0x80001fcc <_etoa+0xdc>
80001fb8: d3 07 a5 22  	fmv.d	fa5, fa0
80001fbc: 13 f5 0a 40  	andi	a0, s5, 1024
80001fc0: 13 87 07 00  	mv	a4, a5
80001fc4: 63 0c 05 00  	beqz	a0, 0x80001fdc <_etoa+0xec>
80001fc8: 6f 00 80 01  	j	0x80001fe0 <_etoa+0xf0>
80001fcc: d3 17 a5 22  	fneg.d	fa5, fa0
80001fd0: 13 f5 0a 40  	andi	a0, s5, 1024
80001fd4: 13 87 07 00  	mv	a4, a5
80001fd8: 63 14 05 00  	bnez	a0, 0x80001fe0 <_etoa+0xf0>
80001fdc: 13 07 60 00  	li	a4, 6
80001fe0: 27 3c f1 00  	fsd	fa5, 24(sp)
80001fe4: 83 25 c1 01  	lw	a1, 28(sp)
80001fe8: 03 26 81 01  	lw	a2, 24(sp)
80001fec: 93 96 15 00  	slli	a3, a1, 1
80001ff0: 93 95 c5 00  	slli	a1, a1, 12
80001ff4: 93 d5 c5 00  	srli	a1, a1, 12
80001ff8: 23 28 c1 00  	sw	a2, 16(sp)
80001ffc: 37 06 f0 3f  	lui	a2, 261888
80002000: b3 e5 c5 00  	or	a1, a1, a2
80002004: 23 2a b1 00  	sw	a1, 20(sp)
80002008: 07 37 01 01  	fld	fa4, 16(sp)
8000200c: 97 15 00 00  	auipc	a1, 1
80002010: 87 b6 c5 b5  	fld	fa3, -1188(a1)
80002014: 97 15 00 00  	auipc	a1, 1
80002018: 07 b6 c5 b5  	fld	fa2, -1188(a1)
8000201c: 93 d6 56 01  	srli	a3, a3, 21
80002020: 93 85 16 c0  	addi	a1, a3, -1023
80002024: d3 85 05 d2  	fcvt.d.w	fa1, a1
80002028: 43 77 c7 6a  	fmadd.d	fa4, fa4, fa2, fa3
8000202c: 97 15 00 00  	auipc	a1, 1
80002030: 87 b6 c5 b4  	fld	fa3, -1204(a1)
80002034: 97 15 00 00  	auipc	a1, 1
80002038: 07 b6 c5 b4  	fld	fa2, -1204(a1)
8000203c: 97 15 00 00  	auipc	a1, 1
80002040: 07 b0 c5 b4  	fld	ft0, -1204(a1)
80002044: 43 f7 d5 72  	fmadd.d	fa4, fa1, fa3, fa4
80002048: d3 15 07 c2  	fcvt.w.d	a1, fa4, rtz
8000204c: 53 87 05 d2  	fcvt.d.w	fa4, a1
80002050: c3 76 07 62  	fmadd.d	fa3, fa4, ft0, fa2
80002054: 17 16 00 00  	auipc	a2, 1
80002058: 07 36 c6 b3  	fld	fa2, -1220(a2)
8000205c: 17 16 00 00  	auipc	a2, 1
80002060: 87 35 c6 b3  	fld	fa1, -1220(a2)
80002064: 53 96 06 c2  	fcvt.w.d	a2, fa3, rtz
80002068: d3 06 06 d2  	fcvt.d.w	fa3, a2
8000206c: d3 f6 c6 12  	fmul.d	fa3, fa3, fa2
80002070: 43 77 b7 6a  	fmadd.d	fa4, fa4, fa1, fa3
80002074: d3 76 e7 12  	fmul.d	fa3, fa4, fa4
80002078: 13 06 f6 3f  	addi	a2, a2, 1023
8000207c: 23 24 01 00  	sw	zero, 8(sp)
80002080: 13 16 46 01  	slli	a2, a2, 20
80002084: 23 26 c1 00  	sw	a2, 12(sp)
80002088: 17 16 00 00  	auipc	a2, 1
8000208c: 07 36 06 b2  	fld	fa2, -1248(a2)
80002090: 17 16 00 00  	auipc	a2, 1
80002094: 87 35 06 b2  	fld	fa1, -1248(a2)
80002098: 07 30 81 00  	fld	ft0, 8(sp)
8000209c: 17 16 00 00  	auipc	a2, 1
800020a0: 87 30 46 b0  	fld	ft1, -1276(a2)
800020a4: 43 f6 b6 62  	fmadd.d	fa2, fa3, fa1, fa2
800020a8: 17 16 00 00  	auipc	a2, 1
800020ac: 87 35 06 b1  	fld	fa1, -1264(a2)
800020b0: d3 f0 e0 0a  	fsub.d	ft1, ft1, fa4
800020b4: 53 77 e7 02  	fadd.d	fa4, fa4, fa4
800020b8: 53 f6 c6 1a  	fdiv.d	fa2, fa3, fa2
800020bc: 53 76 b6 02  	fadd.d	fa2, fa2, fa1
800020c0: d3 f6 c6 1a  	fdiv.d	fa3, fa3, fa2
800020c4: d3 f6 d0 02  	fadd.d	fa3, ft1, fa3
800020c8: 53 77 d7 1a  	fdiv.d	fa4, fa4, fa3
800020cc: 43 77 07 02  	fmadd.d	fa4, fa4, ft0, ft0
800020d0: 53 96 e7 a2  	flt.d	a2, fa5, fa4
800020d4: 63 08 06 00  	beqz	a2, 0x800020e4 <_etoa+0x1f4>
800020d8: 97 16 00 00  	auipc	a3, 1
800020dc: 87 b6 86 ae  	fld	fa3, -1304(a3)
800020e0: 53 77 d7 12  	fmul.d	fa4, fa4, fa3
800020e4: b3 8b c5 40  	sub	s7, a1, a2
800020e8: 93 85 3b 06  	addi	a1, s7, 99
800020ec: 93 b5 75 0c  	sltiu	a1, a1, 199
800020f0: 13 96 4a 01  	slli	a2, s5, 20
800020f4: 13 cc 55 00  	xori	s8, a1, 5
800020f8: 63 5e 06 04  	bgez	a2, 0x80002154 <_etoa+0x264>
800020fc: 97 15 00 00  	auipc	a1, 1
80002100: 87 b6 c5 ac  	fld	fa3, -1332(a1)
80002104: 97 15 00 00  	auipc	a1, 1
80002108: 07 b6 c5 ac  	fld	fa2, -1332(a1)
8000210c: d3 85 f6 a2  	fle.d	a1, fa3, fa5
80002110: 53 96 c7 a2  	flt.d	a2, fa5, fa2
80002114: b3 f5 c5 00  	and	a1, a1, a2
80002118: 63 84 05 02  	beqz	a1, 0x80002140 <_etoa+0x250>
8000211c: 13 0c 00 00  	li	s8, 0
80002120: 33 a5 eb 00  	slt	a0, s7, a4
80002124: 93 c5 fb ff  	not	a1, s7
80002128: b3 05 b7 00  	add	a1, a4, a1
8000212c: 33 07 a0 40  	neg	a4, a0
80002130: 33 77 b7 00  	and	a4, a4, a1
80002134: 93 ea 0a 40  	ori	s5, s5, 1024
80002138: 93 0b 00 00  	li	s7, 0
8000213c: 6f 00 80 01  	j	0x80002154 <_etoa+0x264>
80002140: 63 0a 07 00  	beqz	a4, 0x80002154 <_etoa+0x264>
80002144: 63 16 05 00  	bnez	a0, 0x80002150 <_etoa+0x260>
80002148: 13 07 60 00  	li	a4, 6
8000214c: 6f 00 80 00  	j	0x80002154 <_etoa+0x264>
80002150: 13 87 f7 ff  	addi	a4, a5, -1
80002154: d3 06 00 d2  	fcvt.d.w	fa3, zero
80002158: 53 15 d5 a2  	flt.d	a0, fa0, fa3
8000215c: b3 05 84 41  	sub	a1, s0, s8
80002160: 33 36 b4 00  	sltu	a2, s0, a1
80002164: 13 06 f6 ff  	addi	a2, a2, -1
80002168: b3 75 b6 00  	and	a1, a2, a1
8000216c: 13 d6 1a 00  	srli	a2, s5, 1
80002170: b3 36 80 01  	snez	a3, s8
80002174: 33 76 d6 00  	and	a2, a2, a3
80002178: 93 07 f6 ff  	addi	a5, a2, -1
8000217c: 63 96 0b 00  	bnez	s7, 0x80002188 <_etoa+0x298>
80002180: 17 16 00 00  	auipc	a2, 1
80002184: 07 37 86 a5  	fld	fa4, -1448(a2)
80002188: b3 f7 b7 00  	and	a5, a5, a1
8000218c: 53 f5 e7 1a  	fdiv.d	fa0, fa5, fa4
80002190: 63 04 05 00  	beqz	a0, 0x80002198 <_etoa+0x2a8>
80002194: 53 15 a5 22  	fneg.d	fa0, fa0
80002198: 37 f5 ff ff  	lui	a0, 1048575
8000219c: 13 05 f5 7f  	addi	a0, a0, 2047
800021a0: 33 f8 aa 00  	and	a6, s5, a0
800021a4: 13 85 09 00  	mv	a0, s3
800021a8: 93 05 09 00  	mv	a1, s2
800021ac: 13 06 0a 00  	mv	a2, s4
800021b0: 93 86 04 00  	mv	a3, s1
800021b4: ef f0 0f ed  	jal	0x80001884 <_ftoa>
800021b8: 13 0b 05 00  	mv	s6, a0
800021bc: 63 0c 0c 14  	beqz	s8, 0x80002314 <_etoa+0x424>
800021c0: 93 fc 2a 00  	andi	s9, s5, 2
800021c4: 13 f5 0a 02  	andi	a0, s5, 32
800021c8: 13 45 55 06  	xori	a0, a0, 101
800021cc: 93 05 09 00  	mv	a1, s2
800021d0: 13 06 0b 00  	mv	a2, s6
800021d4: 93 86 04 00  	mv	a3, s1
800021d8: e7 80 09 00  	jalr	s3
800021dc: 13 05 00 00  	li	a0, 0
800021e0: 93 d5 fb 41  	srai	a1, s7, 31
800021e4: 33 c7 bb 00  	xor	a4, s7, a1
800021e8: 33 07 b7 40  	sub	a4, a4, a1
800021ec: 93 05 41 02  	addi	a1, sp, 36
800021f0: 37 d6 cc cc  	lui	a2, 838861
800021f4: 13 06 d6 cc  	addi	a2, a2, -819
800021f8: 93 06 a0 00  	li	a3, 10
800021fc: b3 37 c7 02  	mulhu	a5, a4, a2
80002200: 93 d7 37 00  	srli	a5, a5, 3
80002204: 33 88 d7 02  	mul	a6, a5, a3
80002208: 33 08 07 41  	sub	a6, a4, a6
8000220c: 13 68 08 03  	ori	a6, a6, 48
80002210: 93 38 f5 01  	sltiu	a7, a0, 31
80002214: 13 05 15 00  	addi	a0, a0, 1
80002218: 23 80 05 01  	sb	a6, 0(a1)
8000221c: 13 37 a7 00  	sltiu	a4, a4, 10
80002220: 13 47 17 00  	xori	a4, a4, 1
80002224: 33 f8 e8 00  	and	a6, a7, a4
80002228: 93 85 15 00  	addi	a1, a1, 1
8000222c: 13 87 07 00  	mv	a4, a5
80002230: e3 16 08 fc  	bnez	a6, 0x800021fc <_etoa+0x30c>
80002234: 13 0c ec ff  	addi	s8, s8, -2
80002238: 13 06 00 02  	li	a2, 32
8000223c: 63 72 cc 0a  	bgeu	s8, a2, 0x800022e0 <_etoa+0x3f0>
80002240: 63 64 85 0b  	bltu	a0, s8, 0x800022e8 <_etoa+0x3f8>
80002244: 93 05 f0 01  	li	a1, 31
80002248: 63 e0 a5 02  	bltu	a1, a0, 0x80002268 <_etoa+0x378>
8000224c: 93 d5 eb 01  	srli	a1, s7, 30
80002250: 93 f5 25 00  	andi	a1, a1, 2
80002254: 93 85 b5 02  	addi	a1, a1, 43
80002258: 13 06 41 02  	addi	a2, sp, 36
8000225c: 33 06 a6 00  	add	a2, a2, a0
80002260: 13 05 15 00  	addi	a0, a0, 1
80002264: 23 00 b6 00  	sb	a1, 0(a2)
80002268: 93 0a 1b 00  	addi	s5, s6, 1
8000226c: 33 0b a0 40  	neg	s6, a0
80002270: 93 05 41 02  	addi	a1, sp, 36
80002274: 33 05 b5 00  	add	a0, a0, a1
80002278: 93 0b f5 ff  	addi	s7, a0, -1
8000227c: 03 c5 0b 00  	lbu	a0, 0(s7)
80002280: 13 86 0a 00  	mv	a2, s5
80002284: 93 8a 1a 00  	addi	s5, s5, 1
80002288: 93 05 09 00  	mv	a1, s2
8000228c: 93 86 04 00  	mv	a3, s1
80002290: e7 80 09 00  	jalr	s3
80002294: 13 0b 1b 00  	addi	s6, s6, 1
80002298: 93 8b fb ff  	addi	s7, s7, -1
8000229c: e3 10 0b fe  	bnez	s6, 0x8000227c <_etoa+0x38c>
800022a0: 33 35 90 01  	snez	a0, s9
800022a4: b3 85 4a 41  	sub	a1, s5, s4
800022a8: b3 b5 85 00  	sltu	a1, a1, s0
800022ac: 33 75 b5 00  	and	a0, a0, a1
800022b0: 63 00 05 06  	beqz	a0, 0x80002310 <_etoa+0x420>
800022b4: 33 0a 40 41  	neg	s4, s4
800022b8: 13 8b 1a 00  	addi	s6, s5, 1
800022bc: 13 05 00 02  	li	a0, 32
800022c0: 93 05 09 00  	mv	a1, s2
800022c4: 13 86 0a 00  	mv	a2, s5
800022c8: 93 86 04 00  	mv	a3, s1
800022cc: e7 80 09 00  	jalr	s3
800022d0: 33 05 6a 01  	add	a0, s4, s6
800022d4: 93 0a 0b 00  	mv	s5, s6
800022d8: e3 60 85 fe  	bltu	a0, s0, 0x800022b8 <_etoa+0x3c8>
800022dc: 6f 00 80 03  	j	0x80002314 <_etoa+0x424>
800022e0: 13 0c 00 02  	li	s8, 32
800022e4: e3 70 85 f7  	bgeu	a0, s8, 0x80002244 <_etoa+0x354>
800022e8: 33 05 ac 40  	sub	a0, s8, a0
800022ec: 13 06 00 03  	li	a2, 48
800022f0: 23 80 c5 00  	sb	a2, 0(a1)
800022f4: 13 05 f5 ff  	addi	a0, a0, -1
800022f8: 93 85 15 00  	addi	a1, a1, 1
800022fc: e3 1a 05 fe  	bnez	a0, 0x800022f0 <_etoa+0x400>
80002300: 13 05 0c 00  	mv	a0, s8
80002304: 93 05 f0 01  	li	a1, 31
80002308: e3 f2 85 f5  	bgeu	a1, s8, 0x8000224c <_etoa+0x35c>
8000230c: 6f f0 df f5  	j	0x80002268 <_etoa+0x378>
80002310: 13 8b 0a 00  	mv	s6, s5
80002314: 13 05 0b 00  	mv	a0, s6
80002318: 83 20 c1 06  	lw	ra, 108(sp)
8000231c: 03 24 81 06  	lw	s0, 104(sp)
80002320: 83 24 41 06  	lw	s1, 100(sp)
80002324: 03 29 01 06  	lw	s2, 96(sp)
80002328: 83 29 c1 05  	lw	s3, 92(sp)
8000232c: 03 2a 81 05  	lw	s4, 88(sp)
80002330: 83 2a 41 05  	lw	s5, 84(sp)
80002334: 03 2b 01 05  	lw	s6, 80(sp)
80002338: 83 2b c1 04  	lw	s7, 76(sp)
8000233c: 03 2c 81 04  	lw	s8, 72(sp)
80002340: 83 2c 41 04  	lw	s9, 68(sp)
80002344: 13 01 01 07  	addi	sp, sp, 112
80002348: 67 80 00 00  	ret

8000234c <snrt_putchar>:
8000234c: f3 25 40 f1  	csrr	a1, mhartid
80002350: 13 06 80 44  	li	a2, 1096
80002354: b3 85 c5 02  	mul	a1, a1, a2
80002358: 17 16 00 00  	auipc	a2, 1
8000235c: 13 06 86 a2  	addi	a2, a2, -1496
80002360: b3 05 b6 00  	add	a1, a2, a1
80002364: 03 a6 05 00  	lw	a2, 0(a1)
80002368: 93 06 16 00  	addi	a3, a2, 1
8000236c: 23 a0 d5 00  	sw	a3, 0(a1)
80002370: 33 86 c5 00  	add	a2, a1, a2
80002374: 23 04 a6 04  	sb	a0, 72(a2)
80002378: 03 a6 05 00  	lw	a2, 0(a1)
8000237c: 13 06 46 c0  	addi	a2, a2, -1020
80002380: 33 36 c0 00  	snez	a2, a2
80002384: 13 05 65 ff  	addi	a0, a0, -10
80002388: 33 35 a0 00  	snez	a0, a0
8000238c: 33 75 c5 00  	and	a0, a0, a2
80002390: 63 1a 05 04  	bnez	a0, 0x800023e4 <snrt_putchar+0x98>
80002394: 13 85 85 04  	addi	a0, a1, 72
80002398: 23 a6 05 00  	sw	zero, 12(a1)
8000239c: 13 06 00 04  	li	a2, 64
800023a0: 23 a4 c5 00  	sw	a2, 8(a1)
800023a4: 23 aa 05 00  	sw	zero, 20(a1)
800023a8: 13 06 10 00  	li	a2, 1
800023ac: 23 a8 c5 00  	sw	a2, 16(a1)
800023b0: 23 ae 05 00  	sw	zero, 28(a1)
800023b4: 23 ac a5 00  	sw	a0, 24(a1)
800023b8: 03 a5 05 00  	lw	a0, 0(a1)
800023bc: 13 86 85 00  	addi	a2, a1, 8
800023c0: 23 a2 05 02  	sw	zero, 36(a1)
800023c4: 23 a0 a5 02  	sw	a0, 32(a1)
800023c8: 17 05 00 00  	auipc	a0, 0
800023cc: 23 2c c5 6e  	sw	a2, 1784(a0)
800023d0: 17 05 00 00  	auipc	a0, 0
800023d4: 03 26 05 73  	lw	a2, 1840(a0)
800023d8: e3 0e 06 fe  	beqz	a2, 0x800023d4 <snrt_putchar+0x88>
800023dc: 23 28 05 72  	sw	zero, 1840(a0)
800023e0: 23 a0 05 00  	sw	zero, 0(a1)
800023e4: 67 80 00 00  	ret

800023e8 <sprintf_>:
800023e8: 13 01 01 fe  	addi	sp, sp, -32
800023ec: 23 22 11 00  	sw	ra, 4(sp)
800023f0: 93 82 05 00  	mv	t0, a1
800023f4: 93 05 05 00  	mv	a1, a0
800023f8: 23 2e 11 01  	sw	a7, 28(sp)
800023fc: 23 2c 01 01  	sw	a6, 24(sp)
80002400: 23 2a f1 00  	sw	a5, 20(sp)
80002404: 23 28 e1 00  	sw	a4, 16(sp)
80002408: 23 26 d1 00  	sw	a3, 12(sp)
8000240c: 23 24 c1 00  	sw	a2, 8(sp)
80002410: 13 05 81 00  	addi	a0, sp, 8
80002414: 23 20 a1 00  	sw	a0, 0(sp)
80002418: 17 05 00 00  	auipc	a0, 0
8000241c: 13 05 45 02  	addi	a0, a0, 36
80002420: 13 06 f0 ff  	li	a2, -1
80002424: 13 07 81 00  	addi	a4, sp, 8
80002428: 93 86 02 00  	mv	a3, t0
8000242c: ef e0 df 80  	jal	0x80000c38 <_vsnprintf>
80002430: 83 20 41 00  	lw	ra, 4(sp)
80002434: 13 01 01 02  	addi	sp, sp, 32
80002438: 67 80 00 00  	ret

8000243c <_out_buffer>:
8000243c: 63 76 d6 00  	bgeu	a2, a3, 0x80002448 <_out_buffer+0xc>
80002440: b3 85 c5 00  	add	a1, a1, a2
80002444: 23 80 a5 00  	sb	a0, 0(a1)
80002448: 67 80 00 00  	ret

8000244c <snprintf_>:
8000244c: 13 01 01 fe  	addi	sp, sp, -32
80002450: 23 22 11 00  	sw	ra, 4(sp)
80002454: 93 02 06 00  	mv	t0, a2
80002458: 13 86 05 00  	mv	a2, a1
8000245c: 93 05 05 00  	mv	a1, a0
80002460: 23 2e 11 01  	sw	a7, 28(sp)
80002464: 23 2c 01 01  	sw	a6, 24(sp)
80002468: 23 2a f1 00  	sw	a5, 20(sp)
8000246c: 23 28 e1 00  	sw	a4, 16(sp)
80002470: 23 26 d1 00  	sw	a3, 12(sp)
80002474: 13 05 c1 00  	addi	a0, sp, 12
80002478: 23 20 a1 00  	sw	a0, 0(sp)
8000247c: 17 05 00 00  	auipc	a0, 0
80002480: 13 05 05 fc  	addi	a0, a0, -64
80002484: 13 07 c1 00  	addi	a4, sp, 12
80002488: 93 86 02 00  	mv	a3, t0
8000248c: ef e0 cf fa  	jal	0x80000c38 <_vsnprintf>
80002490: 83 20 41 00  	lw	ra, 4(sp)
80002494: 13 01 01 02  	addi	sp, sp, 32
80002498: 67 80 00 00  	ret

8000249c <vprintf_>:
8000249c: 13 01 01 ff  	addi	sp, sp, -16
800024a0: 23 26 11 00  	sw	ra, 12(sp)
800024a4: 13 87 05 00  	mv	a4, a1
800024a8: 93 06 05 00  	mv	a3, a0
800024ac: 17 f5 ff ff  	auipc	a0, 1048575
800024b0: 13 05 c5 f9  	addi	a0, a0, -100
800024b4: 93 05 b1 00  	addi	a1, sp, 11
800024b8: 13 06 f0 ff  	li	a2, -1
800024bc: ef e0 cf f7  	jal	0x80000c38 <_vsnprintf>
800024c0: 83 20 c1 00  	lw	ra, 12(sp)
800024c4: 13 01 01 01  	addi	sp, sp, 16
800024c8: 67 80 00 00  	ret

800024cc <vsnprintf_>:
800024cc: 17 07 00 00  	auipc	a4, 0
800024d0: 13 07 07 f7  	addi	a4, a4, -144
800024d4: 93 87 06 00  	mv	a5, a3
800024d8: 93 06 06 00  	mv	a3, a2
800024dc: 13 86 05 00  	mv	a2, a1
800024e0: 93 05 05 00  	mv	a1, a0
800024e4: 13 05 07 00  	mv	a0, a4
800024e8: 13 87 07 00  	mv	a4, a5
800024ec: 6f e0 cf f4  	j	0x80000c38 <_vsnprintf>

800024f0 <fctprintf>:
800024f0: 13 01 01 fd  	addi	sp, sp, -48
800024f4: 23 2a 11 00  	sw	ra, 20(sp)
800024f8: 93 02 06 00  	mv	t0, a2
800024fc: 23 26 11 03  	sw	a7, 44(sp)
80002500: 23 24 01 03  	sw	a6, 40(sp)
80002504: 23 22 f1 02  	sw	a5, 36(sp)
80002508: 23 20 e1 02  	sw	a4, 32(sp)
8000250c: 23 2e d1 00  	sw	a3, 28(sp)
80002510: 13 06 c1 01  	addi	a2, sp, 28
80002514: 23 28 c1 00  	sw	a2, 16(sp)
80002518: 23 24 a1 00  	sw	a0, 8(sp)
8000251c: 23 26 b1 00  	sw	a1, 12(sp)
80002520: 17 05 00 00  	auipc	a0, 0
80002524: 13 05 85 02  	addi	a0, a0, 40
80002528: 93 05 81 00  	addi	a1, sp, 8
8000252c: 13 06 f0 ff  	li	a2, -1
80002530: 13 07 c1 01  	addi	a4, sp, 28
80002534: 93 86 02 00  	mv	a3, t0
80002538: ef e0 0f f0  	jal	0x80000c38 <_vsnprintf>
8000253c: 83 20 41 01  	lw	ra, 20(sp)
80002540: 13 01 01 03  	addi	sp, sp, 48
80002544: 67 80 00 00  	ret

80002548 <_out_fct>:
80002548: 63 08 05 00  	beqz	a0, 0x80002558 <_out_fct+0x10>
8000254c: 03 a3 05 00  	lw	t1, 0(a1)
80002550: 83 a5 45 00  	lw	a1, 4(a1)
80002554: 67 00 03 00  	jr	t1
80002558: 67 80 00 00  	ret

8000255c <snrt_main>:
8000255c: 13 01 01 ff  	addi	sp, sp, -16
80002560: 23 26 11 00  	sw	ra, 12(sp)
80002564: 23 24 81 00  	sw	s0, 8(sp)
80002568: f3 22 30 bc  	csrr	t0, 3011
8000256c: 93 97 02 01  	slli	a5, t0, 16
80002570: 93 d7 07 01  	srli	a5, a5, 16
80002574: 93 d8 02 01  	srli	a7, t0, 16
80002578: 13 88 f8 ff  	addi	a6, a7, -1
8000257c: 63 e2 07 0b  	bltu	a5, a6, 0x80002620 <snrt_main+0xc4>
80002580: 13 05 02 00  	mv	a0, tp
80002584: 23 22 a1 00  	sw	a0, 4(sp)
80002588: 03 25 41 00  	lw	a0, 4(sp)
8000258c: 97 05 00 00  	auipc	a1, 0
80002590: 13 86 c5 57  	addi	a2, a1, 1404
80002594: 97 05 00 00  	auipc	a1, 0
80002598: 13 87 45 57  	addi	a4, a1, 1396
8000259c: 33 07 c7 40  	sub	a4, a4, a2
800025a0: 63 0c 07 00  	beqz	a4, 0x800025b8 <snrt_main+0x5c>
800025a4: 93 06 00 00  	li	a3, 0
800025a8: 2b 00 d6 00  	<unknown>
800025ac: 93 05 00 00  	li	a1, 0
800025b0: 2b 00 b5 02  	<unknown>
800025b4: 2b 05 07 04  	<unknown>
800025b8: 13 d5 12 01  	srli	a0, t0, 17
800025bc: 63 08 05 04  	beqz	a0, 0x8000260c <snrt_main+0xb0>
800025c0: 93 05 20 00  	li	a1, 2
800025c4: 13 85 08 00  	mv	a0, a7
800025c8: 63 e4 15 01  	bltu	a1, a7, 0x800025d0 <snrt_main+0x74>
800025cc: 13 05 20 00  	li	a0, 2
800025d0: 13 03 80 40  	li	t1, 1032
800025d4: b3 03 65 02  	mul	t2, a0, t1
800025d8: 93 06 00 00  	li	a3, 0
800025dc: 93 05 00 00  	li	a1, 0
800025e0: 6f 00 c0 00  	j	0x800025ec <snrt_main+0x90>
800025e4: 13 03 83 40  	addi	t1, t1, 1032
800025e8: 63 82 63 02  	beq	t2, t1, 0x8000260c <snrt_main+0xb0>
800025ec: 03 25 41 00  	lw	a0, 4(sp)
800025f0: 03 26 41 00  	lw	a2, 4(sp)
800025f4: e3 08 07 fe  	beqz	a4, 0x800025e4 <snrt_main+0x88>
800025f8: 33 05 a3 00  	add	a0, t1, a0
800025fc: 2b 00 d6 00  	<unknown>
80002600: 2b 00 b5 02  	<unknown>
80002604: 2b 05 07 04  	<unknown>
80002608: 6f f0 df fd  	j	0x800025e4 <snrt_main+0x88>
8000260c: 03 25 41 00  	lw	a0, 4(sp)
80002610: 33 05 e5 00  	add	a0, a0, a4
80002614: 93 d5 02 01  	srli	a1, t0, 16
80002618: 23 22 a1 00  	sw	a0, 4(sp)
8000261c: 63 96 05 1a  	bnez	a1, 0x800027c8 <snrt_main+0x26c>
80002620: b3 b5 07 01  	sltu	a1, a5, a6
80002624: 73 20 20 7c  	csrr	zero, 1986
80002628: 73 25 10 bc  	csrr	a0, 3009
8000262c: 37 06 fc 00  	lui	a2, 4032
80002630: 33 75 c5 00  	and	a0, a0, a2
80002634: 33 36 a0 00  	snez	a2, a0
80002638: 17 05 00 00  	auipc	a0, 0
8000263c: 13 05 85 72  	addi	a0, a0, 1832
80002640: 97 06 00 00  	auipc	a3, 0
80002644: 13 87 06 74  	addi	a4, a3, 1856
80002648: 33 07 a7 40  	sub	a4, a4, a0
8000264c: 93 36 17 00  	seqz	a3, a4
80002650: 33 e6 c6 00  	or	a2, a3, a2
80002654: b3 e5 c5 00  	or	a1, a1, a2
80002658: 63 9c 05 00  	bnez	a1, 0x80002670 <snrt_main+0x114>
8000265c: 37 06 03 10  	lui	a2, 65584
80002660: 93 06 00 00  	li	a3, 0
80002664: 2b 00 d6 00  	<unknown>
80002668: 2b 00 b5 02  	<unknown>
8000266c: 2b 05 07 04  	<unknown>
80002670: 17 05 00 00  	auipc	a0, 0
80002674: 13 06 05 4a  	addi	a2, a0, 1184
80002678: 17 05 00 00  	auipc	a0, 0
8000267c: 13 07 85 49  	addi	a4, a0, 1176
80002680: 33 07 c7 40  	sub	a4, a4, a2
80002684: 17 05 00 00  	auipc	a0, 0
80002688: 93 02 c5 49  	addi	t0, a0, 1180
8000268c: 17 05 00 00  	auipc	a0, 0
80002690: 13 03 45 48  	addi	t1, a0, 1156
80002694: 33 05 53 40  	sub	a0, t1, t0
80002698: 33 05 e5 40  	sub	a0, a0, a4
8000269c: b7 05 02 10  	lui	a1, 65568
800026a0: b3 05 b5 00  	add	a1, a0, a1
800026a4: 23 20 b2 00  	sw	a1, 0(tp)
800026a8: 97 05 00 00  	auipc	a1, 0
800026ac: 13 84 85 6c  	addi	s0, a1, 1736
800026b0: 63 f6 07 03  	bgeu	a5, a6, 0x800026dc <snrt_main+0x180>
800026b4: 73 20 20 7c  	csrr	zero, 1986
800026b8: ef d0 9f b1  	jal	0x800001d0 <main>
800026bc: 73 20 20 7c  	csrr	zero, 1986
800026c0: 2f 25 a4 00  	amoadd.w	a0, a0, (s0)
800026c4: 73 20 20 7c  	csrr	zero, 1986
800026c8: 73 20 20 7c  	csrr	zero, 1986
800026cc: 03 25 04 00  	lw	a0, 0(s0)
800026d0: f3 25 40 f1  	csrr	a1, mhartid
800026d4: 63 92 05 0e  	bnez	a1, 0x800027b8 <snrt_main+0x25c>
800026d8: 6f 00 80 16  	j	0x80002840 <snrt_main+0x2e4>
800026dc: 63 00 07 02  	beqz	a4, 0x800026fc <snrt_main+0x1a0>
800026e0: b7 05 02 10  	lui	a1, 65568
800026e4: 33 05 b5 00  	add	a0, a0, a1
800026e8: 93 06 00 00  	li	a3, 0
800026ec: 2b 00 d6 00  	<unknown>
800026f0: 93 05 00 00  	li	a1, 0
800026f4: 2b 00 b5 02  	<unknown>
800026f8: 2b 05 07 04  	<unknown>
800026fc: b3 87 62 40  	sub	a5, t0, t1
80002700: 13 08 02 00  	mv	a6, tp
80002704: 63 88 07 02  	beqz	a5, 0x80002734 <snrt_main+0x1d8>
80002708: 37 06 03 10  	lui	a2, 65584
8000270c: 33 05 f7 00  	add	a0, a4, a5
80002710: b7 05 02 10  	lui	a1, 65568
80002714: b3 05 b7 00  	add	a1, a4, a1
80002718: 33 85 a5 40  	sub	a0, a1, a0
8000271c: 93 06 00 00  	li	a3, 0
80002720: 2b 00 d6 00  	<unknown>
80002724: 93 05 00 00  	li	a1, 0
80002728: 2b 00 b5 02  	<unknown>
8000272c: 13 87 07 00  	mv	a4, a5
80002730: 2b 05 07 04  	<unknown>
80002734: ab 02 20 08  	<unknown>
80002738: e3 9e 02 fe  	bnez	t0, 0x80002734 <snrt_main+0x1d8>
8000273c: 03 25 08 00  	lw	a0, 0(a6)
80002740: b7 05 00 10  	lui	a1, 65536
80002744: 23 22 b5 00  	sw	a1, 4(a0)
80002748: 37 06 02 00  	lui	a2, 32
8000274c: 23 24 c5 00  	sw	a2, 8(a0)
80002750: 23 26 b5 00  	sw	a1, 12(a0)
80002754: 17 05 00 00  	auipc	a0, 0
80002758: 13 05 35 63  	addi	a0, a0, 1587
8000275c: 13 75 85 ff  	andi	a0, a0, -8
80002760: 97 05 00 00  	auipc	a1, 0
80002764: 93 85 45 61  	addi	a1, a1, 1556
80002768: 23 a0 a5 00  	sw	a0, 0(a1)
8000276c: 23 a2 05 00  	sw	zero, 4(a1)
80002770: 23 a4 a5 00  	sw	a0, 8(a1)
80002774: 73 20 20 7c  	csrr	zero, 1986
80002778: ef d0 9f a5  	jal	0x800001d0 <main>
8000277c: 73 20 20 7c  	csrr	zero, 1986
80002780: 2f 25 a4 00  	amoadd.w	a0, a0, (s0)
80002784: 73 20 20 7c  	csrr	zero, 1986
80002788: 17 05 00 00  	auipc	a0, 0
8000278c: 13 05 05 5e  	addi	a0, a0, 1504
80002790: 83 25 45 00  	lw	a1, 4(a0)
80002794: 13 06 10 00  	li	a2, 1
80002798: af 26 c5 00  	amoadd.w	a3, a2, (a0)
8000279c: 63 84 06 08  	beqz	a3, 0x80002824 <snrt_main+0x2c8>
800027a0: 03 26 45 00  	lw	a2, 4(a0)
800027a4: e3 8e c5 fe  	beq	a1, a2, 0x800027a0 <snrt_main+0x244>
800027a8: 73 20 20 7c  	csrr	zero, 1986
800027ac: 03 25 04 00  	lw	a0, 0(s0)
800027b0: f3 25 40 f1  	csrr	a1, mhartid
800027b4: 63 86 05 08  	beqz	a1, 0x80002840 <snrt_main+0x2e4>
800027b8: 83 20 c1 00  	lw	ra, 12(sp)
800027bc: 03 24 81 00  	lw	s0, 8(sp)
800027c0: 13 01 01 01  	addi	sp, sp, 16
800027c4: 67 80 00 00  	ret
800027c8: 93 02 00 00  	li	t0, 0
800027cc: 13 b5 18 00  	seqz	a0, a7
800027d0: 33 85 a8 00  	add	a0, a7, a0
800027d4: 93 05 80 40  	li	a1, 1032
800027d8: b3 08 b5 02  	mul	a7, a0, a1
800027dc: 17 05 00 00  	auipc	a0, 0
800027e0: 13 05 c5 32  	addi	a0, a0, 812
800027e4: 97 05 00 00  	auipc	a1, 0
800027e8: 13 87 c5 32  	addi	a4, a1, 812
800027ec: 33 07 a7 40  	sub	a4, a4, a0
800027f0: 37 06 03 10  	lui	a2, 65584
800027f4: 93 06 00 00  	li	a3, 0
800027f8: 93 05 00 00  	li	a1, 0
800027fc: 6f 00 c0 00  	j	0x80002808 <snrt_main+0x2ac>
80002800: 93 82 82 40  	addi	t0, t0, 1032
80002804: e3 8e 58 e0  	beq	a7, t0, 0x80002620 <snrt_main+0xc4>
80002808: 03 25 41 00  	lw	a0, 4(sp)
8000280c: e3 0a 07 fe  	beqz	a4, 0x80002800 <snrt_main+0x2a4>
80002810: 33 85 a2 00  	add	a0, t0, a0
80002814: 2b 00 d6 00  	<unknown>
80002818: 2b 00 b5 02  	<unknown>
8000281c: 2b 05 07 04  	<unknown>
80002820: 6f f0 1f fe  	j	0x80002800 <snrt_main+0x2a4>
80002824: 23 20 05 00  	sw	zero, 0(a0)
80002828: 13 05 45 00  	addi	a0, a0, 4
8000282c: 2f 25 c5 00  	amoadd.w	a0, a2, (a0)
80002830: 73 20 20 7c  	csrr	zero, 1986
80002834: 03 25 04 00  	lw	a0, 0(s0)
80002838: f3 25 40 f1  	csrr	a1, mhartid
8000283c: e3 9e 05 f6  	bnez	a1, 0x800027b8 <snrt_main+0x25c>
80002840: 13 15 15 00  	slli	a0, a0, 1
80002844: 13 05 15 00  	addi	a0, a0, 1
80002848: 97 05 00 00  	auipc	a1, 0
8000284c: 23 ac a5 26  	sw	a0, 632(a1)
80002850: 83 20 c1 00  	lw	ra, 12(sp)
80002854: 03 24 81 00  	lw	s0, 8(sp)
80002858: 13 01 01 01  	addi	sp, sp, 16
8000285c: 67 80 00 00  	ret

Disassembly of section .rodata:

80002860 <.rodata>:
80002860: 2c 0d        	<unknown>
80002862: 00 80        	<unknown>
80002864: 44 0d        	<unknown>
80002866: 00 80        	<unknown>
80002868: 44 0d        	<unknown>
8000286a: 00 80        	<unknown>
8000286c: f8 0c        	<unknown>
8000286e: 00 80        	<unknown>
80002870: 44 0d        	<unknown>
80002872: 00 80        	<unknown>
80002874: 44 0d        	<unknown>
80002876: 00 80        	<unknown>
80002878: 44 0d        	<unknown>
8000287a: 00 80        	<unknown>
8000287c: 44 0d        	<unknown>
8000287e: 00 80        	<unknown>
80002880: 44 0d        	<unknown>
80002882: 00 80        	<unknown>
80002884: 44 0d        	<unknown>
80002886: 00 80        	<unknown>
80002888: 44 0d        	<unknown>
8000288a: 00 80        	<unknown>
8000288c: 34 0d        	<unknown>
8000288e: 00 80        	<unknown>
80002890: 44 0d        	<unknown>
80002892: 00 80        	<unknown>
80002894: 3c 0d        	<unknown>
80002896: 00 80        	<unknown>
80002898: 44 0d        	<unknown>
8000289a: 00 80        	<unknown>
8000289c: 44 0d        	<unknown>
8000289e: 00 80        	<unknown>
800028a0: fc 0c        	<unknown>
800028a2: 00 80        	<unknown>
800028a4: 8c 0e        	<unknown>
800028a6: 00 80        	<unknown>
800028a8: a4 0e        	<unknown>
800028aa: 00 80        	<unknown>
800028ac: ac 0e        	<unknown>
800028ae: 00 80        	<unknown>
800028b0: cc 0e        	<unknown>
800028b2: 00 80        	<unknown>
800028b4: cc 0e        	<unknown>
800028b6: 00 80        	<unknown>
800028b8: cc 0e        	<unknown>
800028ba: 00 80        	<unknown>
800028bc: c0 0e        	<unknown>
800028be: 00 80        	<unknown>
800028c0: cc 0e        	<unknown>
800028c2: 00 80        	<unknown>
800028c4: cc 0e        	<unknown>
800028c6: 00 80        	<unknown>
800028c8: c0 0e        	<unknown>
800028ca: 00 80        	<unknown>
800028cc: ec 0f        	<unknown>
800028ce: 00 80        	<unknown>
800028d0: f8 0f        	<unknown>
800028d2: 00 80        	<unknown>
800028d4: f8 0f        	<unknown>
800028d6: 00 80        	<unknown>
800028d8: f8 0f        	<unknown>
800028da: 00 80        	<unknown>
800028dc: f8 0f        	<unknown>
800028de: 00 80        	<unknown>
800028e0: f8 0f        	<unknown>
800028e2: 00 80        	<unknown>
800028e4: f8 0f        	<unknown>
800028e6: 00 80        	<unknown>
800028e8: f8 0f        	<unknown>
800028ea: 00 80        	<unknown>
800028ec: f8 0f        	<unknown>
800028ee: 00 80        	<unknown>
800028f0: f8 0f        	<unknown>
800028f2: 00 80        	<unknown>
800028f4: f8 0f        	<unknown>
800028f6: 00 80        	<unknown>
800028f8: f8 0f        	<unknown>
800028fa: 00 80        	<unknown>
800028fc: f8 0f        	<unknown>
800028fe: 00 80        	<unknown>
80002900: f8 0f        	<unknown>
80002902: 00 80        	<unknown>
80002904: f8 0f        	<unknown>
80002906: 00 80        	<unknown>
80002908: f8 0f        	<unknown>
8000290a: 00 80        	<unknown>
8000290c: f8 0f        	<unknown>
8000290e: 00 80        	<unknown>
80002910: f8 0f        	<unknown>
80002912: 00 80        	<unknown>
80002914: f8 0f        	<unknown>
80002916: 00 80        	<unknown>
80002918: f8 0f        	<unknown>
8000291a: 00 80        	<unknown>
8000291c: f8 0f        	<unknown>
8000291e: 00 80        	<unknown>
80002920: f8 0f        	<unknown>
80002922: 00 80        	<unknown>
80002924: f8 0f        	<unknown>
80002926: 00 80        	<unknown>
80002928: f8 0f        	<unknown>
8000292a: 00 80        	<unknown>
8000292c: f8 0f        	<unknown>
8000292e: 00 80        	<unknown>
80002930: f8 0f        	<unknown>
80002932: 00 80        	<unknown>
80002934: f8 0f        	<unknown>
80002936: 00 80        	<unknown>
80002938: f8 0f        	<unknown>
8000293a: 00 80        	<unknown>
8000293c: f8 0f        	<unknown>
8000293e: 00 80        	<unknown>
80002940: f8 0f        	<unknown>
80002942: 00 80        	<unknown>
80002944: f8 0f        	<unknown>
80002946: 00 80        	<unknown>
80002948: f8 0f        	<unknown>
8000294a: 00 80        	<unknown>
8000294c: 80 0f        	<unknown>
8000294e: 00 80        	<unknown>
80002950: 28 0f        	<unknown>
80002952: 00 80        	<unknown>
80002954: 78 0f        	<unknown>
80002956: 00 80        	<unknown>
80002958: f8 0f        	<unknown>
8000295a: 00 80        	<unknown>
8000295c: f8 0f        	<unknown>
8000295e: 00 80        	<unknown>
80002960: f8 0f        	<unknown>
80002962: 00 80        	<unknown>
80002964: f8 0f        	<unknown>
80002966: 00 80        	<unknown>
80002968: f8 0f        	<unknown>
8000296a: 00 80        	<unknown>
8000296c: f8 0f        	<unknown>
8000296e: 00 80        	<unknown>
80002970: f8 0f        	<unknown>
80002972: 00 80        	<unknown>
80002974: f8 0f        	<unknown>
80002976: 00 80        	<unknown>
80002978: f8 0f        	<unknown>
8000297a: 00 80        	<unknown>
8000297c: f8 0f        	<unknown>
8000297e: 00 80        	<unknown>
80002980: f8 0f        	<unknown>
80002982: 00 80        	<unknown>
80002984: f8 0f        	<unknown>
80002986: 00 80        	<unknown>
80002988: f8 0f        	<unknown>
8000298a: 00 80        	<unknown>
8000298c: f8 0f        	<unknown>
8000298e: 00 80        	<unknown>
80002990: f8 0f        	<unknown>
80002992: 00 80        	<unknown>
80002994: f8 0f        	<unknown>
80002996: 00 80        	<unknown>
80002998: 00 0f        	<unknown>
8000299a: 00 80        	<unknown>
8000299c: f8 0f        	<unknown>
8000299e: 00 80        	<unknown>
800029a0: f8 0f        	<unknown>
800029a2: 00 80        	<unknown>
800029a4: f8 0f        	<unknown>
800029a6: 00 80        	<unknown>
800029a8: f8 0f        	<unknown>
800029aa: 00 80        	<unknown>
800029ac: f8 0f        	<unknown>
800029ae: 00 80        	<unknown>
800029b0: f8 0f        	<unknown>
800029b2: 00 80        	<unknown>
800029b4: f8 0f        	<unknown>
800029b6: 00 80        	<unknown>
800029b8: f8 0f        	<unknown>
800029ba: 00 80        	<unknown>
800029bc: f8 0f        	<unknown>
800029be: 00 80        	<unknown>
800029c0: 10 10        	<unknown>
800029c2: 00 80        	<unknown>
800029c4: d8 10        	<unknown>
800029c6: 00 80        	<unknown>
800029c8: f8 0e        	<unknown>
800029ca: 00 80        	<unknown>
800029cc: 80 0f        	<unknown>
800029ce: 00 80        	<unknown>
800029d0: 28 0f        	<unknown>
800029d2: 00 80        	<unknown>
800029d4: 78 0f        	<unknown>
800029d6: 00 80        	<unknown>
800029d8: f8 0f        	<unknown>
800029da: 00 80        	<unknown>
800029dc: f8 0e        	<unknown>
800029de: 00 80        	<unknown>
800029e0: f8 0f        	<unknown>
800029e2: 00 80        	<unknown>
800029e4: f8 0f        	<unknown>
800029e6: 00 80        	<unknown>
800029e8: f8 0f        	<unknown>
800029ea: 00 80        	<unknown>
800029ec: f8 0f        	<unknown>
800029ee: 00 80        	<unknown>
800029f0: f8 0f        	<unknown>
800029f2: 00 80        	<unknown>
800029f4: 14 10        	<unknown>
800029f6: 00 80        	<unknown>
800029f8: 7c 11        	<unknown>
800029fa: 00 80        	<unknown>
800029fc: f8 0f        	<unknown>
800029fe: 00 80        	<unknown>
80002a00: f8 0f        	<unknown>
80002a02: 00 80        	<unknown>
80002a04: b0 11        	<unknown>
80002a06: 00 80        	<unknown>
80002a08: f8 0f        	<unknown>
80002a0a: 00 80        	<unknown>
80002a0c: f8 0e        	<unknown>
80002a0e: 00 80        	<unknown>
80002a10: f8 0f        	<unknown>
80002a12: 00 80        	<unknown>
80002a14: f8 0f        	<unknown>
80002a16: 00 80        	<unknown>
80002a18: 00 0f        	<unknown>
80002a1a: 00 80        	<unknown>
80002a1c: 00 00        	<unknown>
80002a1e: 00 00        	<unknown>

80002a20 <_ftoa.pow10>:
80002a20: 00 00        	<unknown>
80002a22: 00 00        	<unknown>
80002a24: 00 00        	<unknown>
80002a26: f0 3f        	<unknown>
80002a28: 00 00        	<unknown>
80002a2a: 00 00        	<unknown>
80002a2c: 00 00        	<unknown>
80002a2e: 24 40        	<unknown>
80002a30: 00 00        	<unknown>
80002a32: 00 00        	<unknown>
80002a34: 00 00        	<unknown>
80002a36: 59 40        	<unknown>
80002a38: 00 00        	<unknown>
80002a3a: 00 00        	<unknown>
80002a3c: 00 40        	<unknown>
80002a3e: 8f 40 00 00  	<unknown>
80002a42: 00 00        	<unknown>
80002a44: 00 88        	<unknown>
80002a46: c3 40 00 00  	fmadd.s	ft1, ft0, ft0, ft0, rmm
80002a4a: 00 00        	<unknown>
80002a4c: 00 6a        	<unknown>
80002a4e: f8 40        	<unknown>
80002a50: 00 00        	<unknown>
80002a52: 00 00        	<unknown>
80002a54: 80 84        	<unknown>
80002a56: 2e 41        	<unknown>
80002a58: 00 00        	<unknown>
80002a5a: 00 00        	<unknown>
80002a5c: d0 12        	<unknown>
80002a5e: 63 41 00 00  	bltz	zero, 0x80002a60 <_ftoa.pow10+0x40>
80002a62: 00 00        	<unknown>
80002a64: 84 d7        	<unknown>
80002a66: 97 41 00 00  	auipc	gp, 4
80002a6a: 00 00        	<unknown>
80002a6c: 65 cd        	<unknown>
80002a6e: cd 41        	<unknown>
80002a70: 66 6e        	<unknown>
80002a72: 69 2b        	<unknown>
80002a74: 00 66        	<unknown>
80002a76: 6e 69        	<unknown>
80002a78: 00 44        	<unknown>

80002a79 <$d.11>:
80002a79: 44 4d        	<unknown>
80002a7b: 41 20        	<unknown>
80002a7d: 74 72        	<unknown>
80002a7f: 61 6e        	<unknown>
80002a81: 73 66 65 72  	csrrsi	a2, mhpmevent6h, 10
80002a85: 20 63        	<unknown>
80002a87: 79 63        	<unknown>
80002a89: 6c 65        	<unknown>
80002a8b: 73 3a 20 25  	csrrc	s4, 594, zero
80002a8f: 64 20        	<unknown>
80002a91: 0a 00        	<unknown>
80002a93: 43 79 63 6c  	fmadd.h	fs2, ft6, ft6, fa3
80002a97: 65 73        	<unknown>
80002a99: 3a 20        	<unknown>
80002a9b: 25 64        	<unknown>
80002a9d: 20 0a        	<unknown>
80002a9f: 00           	<unknown>

Disassembly of section .htif:

80002ac0 <tohost>:
		...

80002b00 <fromhost>:
		...

Disassembly of section .tbss:

80002b08 <__tbss_start>:
...

Disassembly of section .cbss:

80002b10 <_cls>:
		...

Disassembly of section .sdata:

80002b20 <m>:
80002b20: 08 00        	<unknown>
80002b22: 00 00        	<unknown>

80002b24 <n>:
80002b24: 08 00        	<unknown>
80002b26: 00 00        	<unknown>

80002b28 <k>:
80002b28: 08 00        	<unknown>
80002b2a: 00 00        	<unknown>
80002b2c: 00 00        	<unknown>
80002b2e: 00 00        	<unknown>
80002b30: ff ff ff ff  	<unknown>
80002b34: ff ff ef ff  	<unknown>
80002b38: ff ff ff ff  	<unknown>
80002b3c: ff ff ef 7f  	<unknown>
80002b40: 00 00        	<unknown>
80002b42: 00 00        	<unknown>
80002b44: 65 cd        	<unknown>
80002b46: cd 41        	<unknown>
80002b48: 00 00        	<unknown>
80002b4a: 00 00        	<unknown>
80002b4c: 65 cd        	<unknown>
80002b4e: cd c1        	<unknown>
80002b50: 00 00        	<unknown>
80002b52: 00 00        	<unknown>
80002b54: 00 00        	<unknown>
80002b56: e0 3f        	<unknown>
80002b58: ff ff ff ff  	<unknown>
80002b5c: ff ff ef 7f  	<unknown>
80002b60: ff ff ff ff  	<unknown>
80002b64: ff ff ef ff  	<unknown>
80002b68: b8 80        	<unknown>
80002b6a: 76 cf        	<unknown>
80002b6c: 66 86        	<unknown>
80002b6e: d0 bf        	<unknown>
80002b70: 61 43        	<unknown>
80002b72: 6f 63 a7 87  	jal	t1, 0x7ff78bec <$d.12+0x7ff78bec>
80002b76: d2 3f        	<unknown>
80002b78: fb 79 9f 50  	<unknown>
80002b7c: 13 44 d3 3f  	xori	s0, t1, 1021
80002b80: 00 00        	<unknown>
80002b82: 00 00        	<unknown>
80002b84: 00 00        	<unknown>
80002b86: e0 3f        	<unknown>
80002b88: 71 a3        	<unknown>
80002b8a: 79 09        	<unknown>
80002b8c: 4f 93 0a 40  	fnmadd.s	ft6, fs5, ft0, fs0, rtz
80002b90: ef 39 fa fe  	jal	s3, 0x7ffa6b7e <$d.12+0x7ffa6b7e>
80002b94: 42 2e        	<unknown>
80002b96: e6 bf        	<unknown>
80002b98: 16 55        	<unknown>
80002b9a: b5 bb        	<unknown>
80002b9c: b1 6b        	<unknown>
80002b9e: 02 40        	<unknown>
80002ba0: 00 00        	<unknown>
80002ba2: 00 00        	<unknown>
80002ba4: 00 00        	<unknown>
80002ba6: 00 40        	<unknown>
80002ba8: 00 00        	<unknown>
80002baa: 00 00        	<unknown>
80002bac: 00 00        	<unknown>
80002bae: 24 40        	<unknown>
80002bb0: 92 24        	<unknown>
80002bb2: 49 92        	<unknown>
80002bb4: 24 49        	<unknown>
80002bb6: b2 3f        	<unknown>
80002bb8: 00 00        	<unknown>
80002bba: 00 00        	<unknown>
80002bbc: 00 00        	<unknown>
80002bbe: 18 40        	<unknown>
80002bc0: 9a 99        	<unknown>
80002bc2: 99 99        	<unknown>
80002bc4: 99 99        	<unknown>
80002bc6: b9 3f        	<unknown>
80002bc8: 2d 43        	<unknown>
80002bca: 1c eb        	<unknown>
80002bcc: e2 36        	<unknown>
80002bce: 1a 3f        	<unknown>
80002bd0: 00 00        	<unknown>
80002bd2: 00 00        	<unknown>
80002bd4: 80 84        	<unknown>
80002bd6: 2e 41        	<unknown>
80002bd8: 00 00        	<unknown>
80002bda: 00 00        	<unknown>
80002bdc: 00 00        	<unknown>
80002bde: f0 3f        	<unknown>

Disassembly of section .data:

80002be0 <__DATA_BEGIN__>:
80002be0: 01 02        	<unknown>
80002be2: 03 04 05 06  	lb	s0, 96(a0)
80002be6: 07 08 09 0a  	<unknown>
80002bea: 0b 0c 0d 0e  	<unknown>
80002bee: 0f 10 11 12  	<unknown>
80002bf2: 13 14 15 16  	<unknown>
80002bf6: 17 18 19 1a  	auipc	a6, 106897
80002bfa: 1b 1c 1d 1e  	<unknown>
80002bfe: 1f 20 21 22  	<unknown>
80002c02: 23 24 25 26  	sw	sp, 616(a0)
80002c06: 27 28 29 2a  	fsw	ft2, 688(s2)
80002c0a: 2b 2c 2d 2e  	<unknown>
80002c0e: 2f 30 31 32  	<unknown>
80002c12: 33 34 35 36  	<unknown>
80002c16: 37 38 39 3a  	lui	a6, 238483
80002c1a: 3b 3c 3d 3e  	<unknown>
80002c1e: 3f 40 01 01  	<unknown>

80002c20 <B>:
80002c20: 01 01        	<unknown>
80002c22: 01 01        	<unknown>
80002c24: 01 01        	<unknown>
80002c26: 01 01        	<unknown>
80002c28: 01 01        	<unknown>
80002c2a: 01 01        	<unknown>
80002c2c: 01 01        	<unknown>
80002c2e: 01 01        	<unknown>
80002c30: 01 01        	<unknown>
80002c32: 01 01        	<unknown>
80002c34: 01 01        	<unknown>
80002c36: 01 01        	<unknown>
80002c38: 01 01        	<unknown>
80002c3a: 01 01        	<unknown>
80002c3c: 01 01        	<unknown>
80002c3e: 01 01        	<unknown>
80002c40: 01 01        	<unknown>
80002c42: 01 01        	<unknown>
80002c44: 01 01        	<unknown>
80002c46: 01 01        	<unknown>
80002c48: 01 01        	<unknown>
80002c4a: 01 01        	<unknown>
80002c4c: 01 01        	<unknown>
80002c4e: 01 01        	<unknown>
80002c50: 01 01        	<unknown>
80002c52: 01 01        	<unknown>
80002c54: 01 01        	<unknown>
80002c56: 01 01        	<unknown>
80002c58: 01 01        	<unknown>
80002c5a: 01 01        	<unknown>
80002c5c: 01 01        	<unknown>
80002c5e: 01 01        	<unknown>

80002c60 <C_golden>:
80002c60: 24 00        	<unknown>
80002c62: 00 00        	<unknown>
80002c64: 24 00        	<unknown>
80002c66: 00 00        	<unknown>
80002c68: 24 00        	<unknown>
80002c6a: 00 00        	<unknown>
80002c6c: 24 00        	<unknown>
80002c6e: 00 00        	<unknown>
80002c70: 24 00        	<unknown>
80002c72: 00 00        	<unknown>
80002c74: 24 00        	<unknown>
80002c76: 00 00        	<unknown>
80002c78: 24 00        	<unknown>
80002c7a: 00 00        	<unknown>
80002c7c: 24 00        	<unknown>
80002c7e: 00 00        	<unknown>
80002c80: 64 00        	<unknown>
80002c82: 00 00        	<unknown>
80002c84: 64 00        	<unknown>
80002c86: 00 00        	<unknown>
80002c88: 64 00        	<unknown>
80002c8a: 00 00        	<unknown>
80002c8c: 64 00        	<unknown>
80002c8e: 00 00        	<unknown>
80002c90: 64 00        	<unknown>
80002c92: 00 00        	<unknown>
80002c94: 64 00        	<unknown>
80002c96: 00 00        	<unknown>
80002c98: 64 00        	<unknown>
80002c9a: 00 00        	<unknown>
80002c9c: 64 00        	<unknown>
80002c9e: 00 00        	<unknown>
80002ca0: a4 00        	<unknown>
80002ca2: 00 00        	<unknown>
80002ca4: a4 00        	<unknown>
80002ca6: 00 00        	<unknown>
80002ca8: a4 00        	<unknown>
80002caa: 00 00        	<unknown>
80002cac: a4 00        	<unknown>
80002cae: 00 00        	<unknown>
80002cb0: a4 00        	<unknown>
80002cb2: 00 00        	<unknown>
80002cb4: a4 00        	<unknown>
80002cb6: 00 00        	<unknown>
80002cb8: a4 00        	<unknown>
80002cba: 00 00        	<unknown>
80002cbc: a4 00        	<unknown>
80002cbe: 00 00        	<unknown>
80002cc0: e4 00        	<unknown>
80002cc2: 00 00        	<unknown>
80002cc4: e4 00        	<unknown>
80002cc6: 00 00        	<unknown>
80002cc8: e4 00        	<unknown>
80002cca: 00 00        	<unknown>
80002ccc: e4 00        	<unknown>
80002cce: 00 00        	<unknown>
80002cd0: e4 00        	<unknown>
80002cd2: 00 00        	<unknown>
80002cd4: e4 00        	<unknown>
80002cd6: 00 00        	<unknown>
80002cd8: e4 00        	<unknown>
80002cda: 00 00        	<unknown>
80002cdc: e4 00        	<unknown>
80002cde: 00 00        	<unknown>
80002ce0: 24 01        	<unknown>
80002ce2: 00 00        	<unknown>
80002ce4: 24 01        	<unknown>
80002ce6: 00 00        	<unknown>
80002ce8: 24 01        	<unknown>
80002cea: 00 00        	<unknown>
80002cec: 24 01        	<unknown>
80002cee: 00 00        	<unknown>
80002cf0: 24 01        	<unknown>
80002cf2: 00 00        	<unknown>
80002cf4: 24 01        	<unknown>
80002cf6: 00 00        	<unknown>
80002cf8: 24 01        	<unknown>
80002cfa: 00 00        	<unknown>
80002cfc: 24 01        	<unknown>
80002cfe: 00 00        	<unknown>
80002d00: 64 01        	<unknown>
80002d02: 00 00        	<unknown>
80002d04: 64 01        	<unknown>
80002d06: 00 00        	<unknown>
80002d08: 64 01        	<unknown>
80002d0a: 00 00        	<unknown>
80002d0c: 64 01        	<unknown>
80002d0e: 00 00        	<unknown>
80002d10: 64 01        	<unknown>
80002d12: 00 00        	<unknown>
80002d14: 64 01        	<unknown>
80002d16: 00 00        	<unknown>
80002d18: 64 01        	<unknown>
80002d1a: 00 00        	<unknown>
80002d1c: 64 01        	<unknown>
80002d1e: 00 00        	<unknown>
80002d20: a4 01        	<unknown>
80002d22: 00 00        	<unknown>
80002d24: a4 01        	<unknown>
80002d26: 00 00        	<unknown>
80002d28: a4 01        	<unknown>
80002d2a: 00 00        	<unknown>
80002d2c: a4 01        	<unknown>
80002d2e: 00 00        	<unknown>
80002d30: a4 01        	<unknown>
80002d32: 00 00        	<unknown>
80002d34: a4 01        	<unknown>
80002d36: 00 00        	<unknown>
80002d38: a4 01        	<unknown>
80002d3a: 00 00        	<unknown>
80002d3c: a4 01        	<unknown>
80002d3e: 00 00        	<unknown>
80002d40: e4 01        	<unknown>
80002d42: 00 00        	<unknown>
80002d44: e4 01        	<unknown>
80002d46: 00 00        	<unknown>
80002d48: e4 01        	<unknown>
80002d4a: 00 00        	<unknown>
80002d4c: e4 01        	<unknown>
80002d4e: 00 00        	<unknown>
80002d50: e4 01        	<unknown>
80002d52: 00 00        	<unknown>
80002d54: e4 01        	<unknown>
80002d56: 00 00        	<unknown>
80002d58: e4 01        	<unknown>
80002d5a: 00 00        	<unknown>
80002d5c: e4 01        	<unknown>
80002d5e: 00 00        	<unknown>

Disassembly of section .sbss:

80002d60 <eu_p_global>:
...

80002d64 <_snrt_mutex>:
...

80002d68 <_snrt_barrier>:
...

80002d70 <_reduction_result>:
...

Disassembly of section .bss:

80002d74 <l3_allocator>:
...

Disassembly of section .comment:

00000000 <$d.12>:
       0: 00 55        	<unknown>
       2: 62 75        	<unknown>
       4: 6e 74        	<unknown>
       6: 75 20        	<unknown>
       8: 63 6c 61 6e  	bltu	sp, t1, 0x700 <$d.12+0x700>
       c: 67 20 76 65  	<unknown>
      10: 72 73        	<unknown>
      12: 69 6f        	<unknown>
      14: 6e 20        	<unknown>
      16: 31 38        	<unknown>
      18: 2e 31        	<unknown>
      1a: 2e 33        	<unknown>
      1c: 20 28        	<unknown>
      1e: 31 75        	<unknown>
      20: 62 75        	<unknown>
      22: 6e 74        	<unknown>
      24: 75 31        	<unknown>
      26: 29 00        	<unknown>
      28: 55 62        	<unknown>
      2a: 75 6e        	<unknown>
      2c: 74 75        	<unknown>
      2e: 20 63        	<unknown>
      30: 6c 61        	<unknown>
      32: 6e 67        	<unknown>
      34: 20 76        	<unknown>
      36: 65 72        	<unknown>
      38: 73 69 6f 6e  	csrrsi	s2, 1766, 30
      3c: 20 31        	<unknown>
      3e: 37 2e 30 2e  	lui	t3, 189186
      42: 36 20        	<unknown>
      44: 28 39        	<unknown>
      46: 75 62        	<unknown>
      48: 75 6e        	<unknown>
      4a: 74 75        	<unknown>
      4c: 31 29        	<unknown>
      4e: 00 4c        	<unknown>
      50: 69 6e        	<unknown>
      52: 6b 65 72 3a  	<unknown>
      56: 20 55        	<unknown>
      58: 62 75        	<unknown>
      5a: 6e 74        	<unknown>
      5c: 75 20        	<unknown>
      5e: 4c 4c        	<unknown>
      60: 44 20        	<unknown>
      62: 31 37        	<unknown>
      64: 2e 30        	<unknown>
      66: 2e 36        	<unknown>
      68: 00           	<unknown>

Disassembly of section .riscv.attributes:

00000000 <.riscv.attributes>:
       0: 41 49        	<unknown>
       2: 00 00        	<unknown>
       4: 00 72        	<unknown>
       6: 69 73        	<unknown>
       8: 63 76 00 01  	bgeu	zero, a6, 0x14 <$d.12+0x14>
       c: 3f 00 00 00  	<unknown>
      10: 04 10        	<unknown>
      12: 05 72        	<unknown>
      14: 76 33        	<unknown>
      16: 32 69        	<unknown>
      18: 32 70        	<unknown>
      1a: 31 5f        	<unknown>
      1c: 6d 32        	<unknown>
      1e: 70 30        	<unknown>
      20: 5f 61 32 70  	<unknown>
      24: 31 5f        	<unknown>
      26: 66 32        	<unknown>
      28: 70 32        	<unknown>
      2a: 5f 64 32 70  	<unknown>
      2e: 32 5f        	<unknown>
      30: 7a 69        	<unknown>
      32: 63 73 72 32  	bgeu	tp, t2, 0x358 <$d.12+0x358>
      36: 70 30        	<unknown>
      38: 5f 7a 66 68  	<unknown>
      3c: 31 70        	<unknown>
      3e: 30 5f        	<unknown>
      40: 7a 66        	<unknown>
      42: 68 6d        	<unknown>
      44: 69 6e        	<unknown>
      46: 31 70        	<unknown>
      48: 30 00        	<unknown>

Disassembly of section .symtab:

00000000 <.symtab>:
		...
      10: 01 00        	<unknown>
		...
      1a: 00 00        	<unknown>
      1c: 04 00        	<unknown>
      1e: f1 ff        	<unknown>
      20: 12 00        	<unknown>
      22: 00 00        	<unknown>
      24: d0 01        	<unknown>
      26: 00 80        	<unknown>
      28: 00 00        	<unknown>
      2a: 00 00        	<unknown>
      2c: 00 00        	<unknown>
      2e: 01 00        	<unknown>
      30: 17 00 00 00  	auipc	zero, 0
      34: fc 02        	<unknown>
      36: 00 80        	<unknown>
      38: 00 00        	<unknown>
      3a: 00 00        	<unknown>
      3c: 00 00        	<unknown>
      3e: 01 00        	<unknown>
      40: 1c 00        	<unknown>
      42: 00 00        	<unknown>
      44: 00 03        	<unknown>
      46: 00 80        	<unknown>
      48: 00 00        	<unknown>
      4a: 00 00        	<unknown>
      4c: 00 00        	<unknown>
      4e: 01 00        	<unknown>
      50: 21 00        	<unknown>
      52: 00 00        	<unknown>
      54: 04 03        	<unknown>
      56: 00 80        	<unknown>
      58: 00 00        	<unknown>
      5a: 00 00        	<unknown>
      5c: 00 00        	<unknown>
      5e: 01 00        	<unknown>
      60: 26 00        	<unknown>
      62: 00 00        	<unknown>
      64: 0c 03        	<unknown>
      66: 00 80        	<unknown>
      68: 00 00        	<unknown>
      6a: 00 00        	<unknown>
      6c: 00 00        	<unknown>
      6e: 01 00        	<unknown>
      70: 2b 00 00 00  	<unknown>
      74: 28 03        	<unknown>
      76: 00 80        	<unknown>
      78: 00 00        	<unknown>
      7a: 00 00        	<unknown>
      7c: 00 00        	<unknown>
      7e: 01 00        	<unknown>
      80: 30 00        	<unknown>
      82: 00 00        	<unknown>
      84: 2c 03        	<unknown>
      86: 00 80        	<unknown>
      88: 00 00        	<unknown>
      8a: 00 00        	<unknown>
      8c: 00 00        	<unknown>
      8e: 01 00        	<unknown>
      90: 35 00        	<unknown>
      92: 00 00        	<unknown>
      94: 34 03        	<unknown>
      96: 00 80        	<unknown>
      98: 00 00        	<unknown>
      9a: 00 00        	<unknown>
      9c: 00 00        	<unknown>
      9e: 01 00        	<unknown>
      a0: 3a 00        	<unknown>
      a2: 00 00        	<unknown>
      a4: 3c 03        	<unknown>
      a6: 00 80        	<unknown>
      a8: 00 00        	<unknown>
      aa: 00 00        	<unknown>
      ac: 00 00        	<unknown>
      ae: 01 00        	<unknown>
      b0: 3f 00 00 00  	<unknown>
      b4: 20 2b        	<unknown>
      b6: 00 80        	<unknown>
      b8: 00 00        	<unknown>
      ba: 00 00        	<unknown>
      bc: 00 00        	<unknown>
      be: 09 00        	<unknown>
      c0: 44 00        	<unknown>
      c2: 00 00        	<unknown>
      c4: e0 2b        	<unknown>
      c6: 00 80        	<unknown>
      c8: 00 00        	<unknown>
      ca: 00 00        	<unknown>
      cc: 00 00        	<unknown>
      ce: 0a 00        	<unknown>
      d0: 4a 00        	<unknown>
      d2: 00 00        	<unknown>
      d4: 79 2a        	<unknown>
      d6: 00 80        	<unknown>
      d8: 00 00        	<unknown>
      da: 00 00        	<unknown>
      dc: 00 00        	<unknown>
      de: 02 00        	<unknown>
      e0: 50 00        	<unknown>
		...
      ee: 0e 00        	<unknown>
      f0: 56 00        	<unknown>
		...
      fe: f1 ff        	<unknown>
     100: 5c 00        	<unknown>
		...
     10a: 00 00        	<unknown>
     10c: 04 00        	<unknown>
     10e: f1 ff        	<unknown>
     110: 63 00 00 00  	beqz	zero, 0x110 <.symtab+0x110>
     114: 48 14        	<unknown>
     116: 00 80        	<unknown>
     118: a0 00        	<unknown>
     11a: 00 00        	<unknown>
     11c: 02 00        	<unknown>
     11e: 01 00        	<unknown>
     120: 6d 00        	<unknown>
     122: 00 00        	<unknown>
     124: 38 0c        	<unknown>
     126: 00 80        	<unknown>
     128: 10 08        	<unknown>
     12a: 00 00        	<unknown>
     12c: 02 00        	<unknown>
     12e: 01 00        	<unknown>
     130: 78 00        	<unknown>
     132: 00 00        	<unknown>
     134: e8 14        	<unknown>
     136: 00 80        	<unknown>
     138: 04 00        	<unknown>
     13a: 00 00        	<unknown>
     13c: 02 00        	<unknown>
     13e: 01 00        	<unknown>
     140: 82 00        	<unknown>
     142: 00 00        	<unknown>
     144: 84 18        	<unknown>
     146: 00 80        	<unknown>
     148: 6c 06        	<unknown>
     14a: 00 00        	<unknown>
     14c: 02 00        	<unknown>
     14e: 01 00        	<unknown>
     150: 88 00        	<unknown>
     152: 00 00        	<unknown>
     154: f0 1e        	<unknown>
     156: 00 80        	<unknown>
     158: 5c 04        	<unknown>
     15a: 00 00        	<unknown>
     15c: 02 00        	<unknown>
     15e: 01 00        	<unknown>
     160: 8e 00        	<unknown>
     162: 00 00        	<unknown>
     164: ec 14        	<unknown>
     166: 00 80        	<unknown>
     168: 98 03        	<unknown>
     16a: 00 00        	<unknown>
     16c: 02 00        	<unknown>
     16e: 01 00        	<unknown>
     170: 99 00        	<unknown>
     172: 00 00        	<unknown>
     174: 20 2a        	<unknown>
     176: 00 80        	<unknown>
     178: 50 00        	<unknown>
     17a: 00 00        	<unknown>
     17c: 01 00        	<unknown>
     17e: 02 00        	<unknown>
     180: a5 00        	<unknown>
     182: 00 00        	<unknown>
     184: 3c 24        	<unknown>
     186: 00 80        	<unknown>
     188: 10 00        	<unknown>
     18a: 00 00        	<unknown>
     18c: 02 00        	<unknown>
     18e: 01 00        	<unknown>
     190: b1 00        	<unknown>
     192: 00 00        	<unknown>
     194: 48 25        	<unknown>
     196: 00 80        	<unknown>
     198: 14 00        	<unknown>
     19a: 00 00        	<unknown>
     19c: 02 00        	<unknown>
     19e: 01 00        	<unknown>
     1a0: ba 00        	<unknown>
     1a2: 00 00        	<unknown>
     1a4: 00 00        	<unknown>
     1a6: 00 80        	<unknown>
     1a8: 00 00        	<unknown>
     1aa: 00 00        	<unknown>
     1ac: 00 00        	<unknown>
     1ae: 01 00        	<unknown>
     1b0: d7 00 00 00  	<unknown>
     1b4: 6c 00        	<unknown>
     1b6: 00 80        	<unknown>
     1b8: 00 00        	<unknown>
     1ba: 00 00        	<unknown>
     1bc: 00 00        	<unknown>
     1be: 01 00        	<unknown>
     1c0: f3 00 00 00  	<unknown>
     1c4: f8 00        	<unknown>
     1c6: 00 80        	<unknown>
     1c8: 00 00        	<unknown>
     1ca: 00 00        	<unknown>
     1cc: 00 00        	<unknown>
     1ce: 01 00        	<unknown>
     1d0: 11 01        	<unknown>
     1d2: 00 00        	<unknown>
     1d4: 00 01        	<unknown>
     1d6: 00 80        	<unknown>
     1d8: 00 00        	<unknown>
     1da: 00 00        	<unknown>
     1dc: 00 00        	<unknown>
     1de: 01 00        	<unknown>
     1e0: 2a 01        	<unknown>
     1e2: 00 00        	<unknown>
     1e4: 30 01        	<unknown>
     1e6: 00 80        	<unknown>
     1e8: 00 00        	<unknown>
     1ea: 00 00        	<unknown>
     1ec: 00 00        	<unknown>
     1ee: 01 00        	<unknown>
     1f0: 3d 01        	<unknown>
     1f2: 00 00        	<unknown>
     1f4: 60 01        	<unknown>
     1f6: 00 80        	<unknown>
     1f8: 00 00        	<unknown>
     1fa: 00 00        	<unknown>
     1fc: 00 00        	<unknown>
     1fe: 01 00        	<unknown>
     200: 52 01        	<unknown>
     202: 00 00        	<unknown>
     204: 88 01        	<unknown>
     206: 00 80        	<unknown>
     208: 00 00        	<unknown>
     20a: 00 00        	<unknown>
     20c: 00 00        	<unknown>
     20e: 01 00        	<unknown>
     210: 65 01        	<unknown>
     212: 00 00        	<unknown>
     214: c4 01        	<unknown>
     216: 00 80        	<unknown>
     218: 00 00        	<unknown>
     21a: 00 00        	<unknown>
     21c: 00 00        	<unknown>
     21e: 01 00        	<unknown>
     220: 74 01        	<unknown>
     222: 00 00        	<unknown>
     224: c8 01        	<unknown>
     226: 00 80        	<unknown>
     228: 00 00        	<unknown>
     22a: 00 00        	<unknown>
     22c: 00 00        	<unknown>
     22e: 01 00        	<unknown>
     230: 82 01        	<unknown>
     232: 00 00        	<unknown>
     234: 00 00        	<unknown>
     236: 00 80        	<unknown>
     238: 00 00        	<unknown>
     23a: 00 00        	<unknown>
     23c: 10 00        	<unknown>
     23e: 01 00        	<unknown>
     240: 89 01        	<unknown>
     242: 00 00        	<unknown>
     244: c0 2a        	<unknown>
     246: 00 80        	<unknown>
     248: 00 00        	<unknown>
     24a: 00 00        	<unknown>
     24c: 10 00        	<unknown>
     24e: 03 00 90 01  	lb	zero, 25(zero)
     252: 00 00        	<unknown>
     254: 00 2b        	<unknown>
     256: 00 80        	<unknown>
     258: 00 00        	<unknown>
     25a: 00 00        	<unknown>
     25c: 10 00        	<unknown>
     25e: 03 00 99 01  	lb	zero, 25(s2)
     262: 00 00        	<unknown>
     264: f0 03        	<unknown>
     266: 00 80        	<unknown>
     268: 0c 00        	<unknown>
     26a: 00 00        	<unknown>
     26c: 12 00        	<unknown>
     26e: 01 00        	<unknown>
     270: a6 01        	<unknown>
     272: 00 00        	<unknown>
     274: 00 00        	<unknown>
     276: 00 00        	<unknown>
     278: 04 00        	<unknown>
     27a: 00 00        	<unknown>
     27c: 16 00        	<unknown>
     27e: 05 00        	<unknown>
     280: af 01 00 00  	<unknown>
     284: fc 03        	<unknown>
     286: 00 80        	<unknown>
     288: 0c 00        	<unknown>
     28a: 00 00        	<unknown>
     28c: 12 00        	<unknown>
     28e: 01 00        	<unknown>
     290: bc 01        	<unknown>
     292: 00 00        	<unknown>
     294: 74 2d        	<unknown>
     296: 00 80        	<unknown>
     298: 0c 00        	<unknown>
     29a: 00 00        	<unknown>
     29c: 11 00        	<unknown>
     29e: 0c 00        	<unknown>
     2a0: c9 01        	<unknown>
     2a2: 00 00        	<unknown>
     2a4: 08 04        	<unknown>
     2a6: 00 80        	<unknown>
     2a8: 20 00        	<unknown>
     2aa: 00 00        	<unknown>
     2ac: 12 00        	<unknown>
     2ae: 01 00        	<unknown>
     2b0: d6 01        	<unknown>
     2b2: 00 00        	<unknown>
     2b4: 28 04        	<unknown>
     2b6: 00 80        	<unknown>
     2b8: 18 00        	<unknown>
     2ba: 00 00        	<unknown>
     2bc: 12 00        	<unknown>
     2be: 01 00        	<unknown>
     2c0: e3 01 00 00  	beqz	zero, 0xac2 <.symtab+0xac2>
     2c4: 40 04        	<unknown>
     2c6: 00 80        	<unknown>
     2c8: 0c 00        	<unknown>
     2ca: 00 00        	<unknown>
     2cc: 12 00        	<unknown>
     2ce: 01 00        	<unknown>
     2d0: f7 01 00 00  	<unknown>
     2d4: 4c 04        	<unknown>
     2d6: 00 80        	<unknown>
     2d8: 54 00        	<unknown>
     2da: 00 00        	<unknown>
     2dc: 12 00        	<unknown>
     2de: 01 00        	<unknown>
     2e0: 07 02 00 00  	<unknown>
     2e4: a0 04        	<unknown>
     2e6: 00 80        	<unknown>
     2e8: 0c 00        	<unknown>
     2ea: 00 00        	<unknown>
     2ec: 12 00        	<unknown>
     2ee: 01 00        	<unknown>
     2f0: 1c 02        	<unknown>
     2f2: 00 00        	<unknown>
     2f4: ac 04        	<unknown>
     2f6: 00 80        	<unknown>
     2f8: 0c 00        	<unknown>
     2fa: 00 00        	<unknown>
     2fc: 12 00        	<unknown>
     2fe: 01 00        	<unknown>
     300: 31 02        	<unknown>
     302: 00 00        	<unknown>
     304: b8 04        	<unknown>
     306: 00 80        	<unknown>
     308: 24 00        	<unknown>
     30a: 00 00        	<unknown>
     30c: 12 00        	<unknown>
     30e: 01 00        	<unknown>
     310: 43 02 00 00  	fmadd.s	ft4, ft0, ft0, ft0, rne
     314: dc 04        	<unknown>
     316: 00 80        	<unknown>
     318: 18 00        	<unknown>
     31a: 00 00        	<unknown>
     31c: 12 00        	<unknown>
     31e: 01 00        	<unknown>
     320: 55 02        	<unknown>
     322: 00 00        	<unknown>
     324: f4 04        	<unknown>
     326: 00 80        	<unknown>
     328: 1c 00        	<unknown>
     32a: 00 00        	<unknown>
     32c: 12 00        	<unknown>
     32e: 01 00        	<unknown>
     330: 6f 02 00 00  	jal	tp, 0x330 <.symtab+0x330>
     334: 10 05        	<unknown>
     336: 00 80        	<unknown>
     338: 2c 00        	<unknown>
     33a: 00 00        	<unknown>
     33c: 12 00        	<unknown>
     33e: 01 00        	<unknown>
     340: 81 02        	<unknown>
     342: 00 00        	<unknown>
     344: 3c 05        	<unknown>
     346: 00 80        	<unknown>
     348: 24 00        	<unknown>
     34a: 00 00        	<unknown>
     34c: 12 00        	<unknown>
     34e: 01 00        	<unknown>
     350: 9b 02 00 00  	<unknown>
     354: 60 05        	<unknown>
     356: 00 80        	<unknown>
     358: 40 00        	<unknown>
     35a: 00 00        	<unknown>
     35c: 12 00        	<unknown>
     35e: 01 00        	<unknown>
     360: ad 02        	<unknown>
     362: 00 00        	<unknown>
     364: a0 05        	<unknown>
     366: 00 80        	<unknown>
     368: 10 00        	<unknown>
     36a: 00 00        	<unknown>
     36c: 12 00        	<unknown>
     36e: 01 00        	<unknown>
     370: bb 02 00 00  	<unknown>
     374: b0 05        	<unknown>
     376: 00 80        	<unknown>
     378: 0c 00        	<unknown>
     37a: 00 00        	<unknown>
     37c: 12 00        	<unknown>
     37e: 01 00        	<unknown>
     380: cd 02        	<unknown>
     382: 00 00        	<unknown>
     384: bc 05        	<unknown>
     386: 00 80        	<unknown>
     388: d8 00        	<unknown>
     38a: 00 00        	<unknown>
     38c: 12 00        	<unknown>
     38e: 01 00        	<unknown>
     390: d5 02        	<unknown>
     392: 00 00        	<unknown>
     394: 60 2d        	<unknown>
     396: 00 80        	<unknown>
     398: 04 00        	<unknown>
     39a: 00 00        	<unknown>
     39c: 11 00        	<unknown>
     39e: 0b 00 e1 02  	<unknown>
     3a2: 00 00        	<unknown>
     3a4: 04 00        	<unknown>
     3a6: 00 00        	<unknown>
     3a8: 04 00        	<unknown>
     3aa: 00 00        	<unknown>
     3ac: 16 00        	<unknown>
     3ae: 05 00        	<unknown>
     3b0: e6 02        	<unknown>
     3b2: 00 00        	<unknown>
     3b4: 94 06        	<unknown>
     3b6: 00 80        	<unknown>
     3b8: 14 01        	<unknown>
     3ba: 00 00        	<unknown>
     3bc: 12 00        	<unknown>
     3be: 01 00        	<unknown>
     3c0: ee 02        	<unknown>
     3c2: 00 00        	<unknown>
     3c4: a8 07        	<unknown>
     3c6: 00 80        	<unknown>
     3c8: 0c 00        	<unknown>
     3ca: 00 00        	<unknown>
     3cc: 12 00        	<unknown>
     3ce: 01 00        	<unknown>
     3d0: 05 03        	<unknown>
     3d2: 00 00        	<unknown>
     3d4: b4 07        	<unknown>
     3d6: 00 80        	<unknown>
     3d8: 0c 00        	<unknown>
     3da: 00 00        	<unknown>
     3dc: 12 00        	<unknown>
     3de: 01 00        	<unknown>
     3e0: 1b 03 00 00  	<unknown>
     3e4: c0 07        	<unknown>
     3e6: 00 80        	<unknown>
     3e8: 04 00        	<unknown>
     3ea: 00 00        	<unknown>
     3ec: 12 00        	<unknown>
     3ee: 01 00        	<unknown>
     3f0: 2b 03 00 00  	<unknown>
     3f4: c4 07        	<unknown>
     3f6: 00 80        	<unknown>
     3f8: dc 00        	<unknown>
     3fa: 00 00        	<unknown>
     3fc: 12 00        	<unknown>
     3fe: 01 00        	<unknown>
     400: 39 03        	<unknown>
     402: 00 00        	<unknown>
     404: a0 08        	<unknown>
     406: 00 80        	<unknown>
     408: 34 00        	<unknown>
     40a: 00 00        	<unknown>
     40c: 12 00        	<unknown>
     40e: 01 00        	<unknown>
     410: 4a 03        	<unknown>
     412: 00 00        	<unknown>
     414: d4 08        	<unknown>
     416: 00 80        	<unknown>
     418: b8 00        	<unknown>
     41a: 00 00        	<unknown>
     41c: 12 00        	<unknown>
     41e: 01 00        	<unknown>
     420: 57 03 00 00  	<unknown>
     424: 8c 09        	<unknown>
     426: 00 80        	<unknown>
     428: 18 00        	<unknown>
     42a: 00 00        	<unknown>
     42c: 12 00        	<unknown>
     42e: 01 00        	<unknown>
     430: 65 03        	<unknown>
     432: 00 00        	<unknown>
     434: a4 09        	<unknown>
     436: 00 80        	<unknown>
     438: 10 00        	<unknown>
     43a: 00 00        	<unknown>
     43c: 12 00        	<unknown>
     43e: 01 00        	<unknown>
     440: 76 03        	<unknown>
     442: 00 00        	<unknown>
     444: b4 09        	<unknown>
     446: 00 80        	<unknown>
     448: 0c 00        	<unknown>
     44a: 00 00        	<unknown>
     44c: 12 00        	<unknown>
     44e: 01 00        	<unknown>
     450: 81 03        	<unknown>
     452: 00 00        	<unknown>
     454: 64 2d        	<unknown>
     456: 00 80        	<unknown>
     458: 04 00        	<unknown>
     45a: 00 00        	<unknown>
     45c: 11 00        	<unknown>
     45e: 0b 00 8d 03  	<unknown>
     462: 00 00        	<unknown>
     464: c0 09        	<unknown>
     466: 00 80        	<unknown>
     468: 10 00        	<unknown>
     46a: 00 00        	<unknown>
     46c: 12 00        	<unknown>
     46e: 01 00        	<unknown>
     470: a0 03        	<unknown>
     472: 00 00        	<unknown>
     474: d0 09        	<unknown>
     476: 00 80        	<unknown>
     478: 18 00        	<unknown>
     47a: 00 00        	<unknown>
     47c: 12 00        	<unknown>
     47e: 01 00        	<unknown>
     480: b8 03        	<unknown>
     482: 00 00        	<unknown>
     484: e8 09        	<unknown>
     486: 00 80        	<unknown>
     488: 08 00        	<unknown>
     48a: 00 00        	<unknown>
     48c: 12 00        	<unknown>
     48e: 01 00        	<unknown>
     490: cb 03 00 00  	fnmsub.s	ft7, ft0, ft0, ft0, rne
     494: f0 09        	<unknown>
     496: 00 80        	<unknown>
     498: 08 00        	<unknown>
     49a: 00 00        	<unknown>
     49c: 12 00        	<unknown>
     49e: 01 00        	<unknown>
     4a0: e3 03 00 00  	beqz	zero, 0xca6 <.symtab+0xca6>
     4a4: f8 09        	<unknown>
     4a6: 00 80        	<unknown>
     4a8: 58 00        	<unknown>
     4aa: 00 00        	<unknown>
     4ac: 12 00        	<unknown>
     4ae: 01 00        	<unknown>
     4b0: f7 03 00 00  	<unknown>
     4b4: 68 2d        	<unknown>
     4b6: 00 80        	<unknown>
     4b8: 08 00        	<unknown>
     4ba: 00 00        	<unknown>
     4bc: 11 00        	<unknown>
     4be: 0b 00 05 04  	<unknown>
     4c2: 00 00        	<unknown>
     4c4: 50 0a        	<unknown>
     4c6: 00 80        	<unknown>
     4c8: 30 00        	<unknown>
     4ca: 00 00        	<unknown>
     4cc: 12 00        	<unknown>
     4ce: 01 00        	<unknown>
     4d0: 1a 04        	<unknown>
     4d2: 00 00        	<unknown>
     4d4: 80 0a        	<unknown>
     4d6: 00 80        	<unknown>
     4d8: 48 00        	<unknown>
     4da: 00 00        	<unknown>
     4dc: 12 00        	<unknown>
     4de: 01 00        	<unknown>
     4e0: 34 04        	<unknown>
     4e2: 00 00        	<unknown>
     4e4: c8 0a        	<unknown>
     4e6: 00 80        	<unknown>
     4e8: 6c 00        	<unknown>
     4ea: 00 00        	<unknown>
     4ec: 12 00        	<unknown>
     4ee: 01 00        	<unknown>
     4f0: 55 04        	<unknown>
     4f2: 00 00        	<unknown>
     4f4: 70 2d        	<unknown>
     4f6: 00 80        	<unknown>
     4f8: 04 00        	<unknown>
     4fa: 00 00        	<unknown>
     4fc: 11 00        	<unknown>
     4fe: 0b 00 67 04  	<unknown>
     502: 00 00        	<unknown>
     504: 34 0b        	<unknown>
     506: 00 80        	<unknown>
     508: 08 00        	<unknown>
     50a: 00 00        	<unknown>
     50c: 12 00        	<unknown>
     50e: 01 00        	<unknown>
     510: 73 04 00 00  	<unknown>
     514: 3c 0b        	<unknown>
     516: 00 80        	<unknown>
     518: 08 00        	<unknown>
     51a: 00 00        	<unknown>
     51c: 12 00        	<unknown>
     51e: 01 00        	<unknown>
     520: 90 04        	<unknown>
     522: 00 00        	<unknown>
     524: 44 0b        	<unknown>
     526: 00 80        	<unknown>
     528: 08 00        	<unknown>
     52a: 00 00        	<unknown>
     52c: 12 00        	<unknown>
     52e: 01 00        	<unknown>
     530: a5 04        	<unknown>
     532: 00 00        	<unknown>
     534: 4c 0b        	<unknown>
     536: 00 80        	<unknown>
     538: 0c 00        	<unknown>
     53a: 00 00        	<unknown>
     53c: 12 00        	<unknown>
     53e: 01 00        	<unknown>
     540: ba 04        	<unknown>
     542: 00 00        	<unknown>
     544: 58 0b        	<unknown>
     546: 00 80        	<unknown>
     548: 10 00        	<unknown>
     54a: 00 00        	<unknown>
     54c: 12 00        	<unknown>
     54e: 01 00        	<unknown>
     550: cb 04 00 00  	fnmsub.s	fs1, ft0, ft0, ft0, rne
     554: 68 0b        	<unknown>
     556: 00 80        	<unknown>
     558: 08 00        	<unknown>
     55a: 00 00        	<unknown>
     55c: 12 00        	<unknown>
     55e: 01 00        	<unknown>
     560: dc 04        	<unknown>
     562: 00 00        	<unknown>
     564: 70 0b        	<unknown>
     566: 00 80        	<unknown>
     568: 10 00        	<unknown>
     56a: 00 00        	<unknown>
     56c: 12 00        	<unknown>
     56e: 01 00        	<unknown>
     570: f2 04        	<unknown>
     572: 00 00        	<unknown>
     574: 80 0b        	<unknown>
     576: 00 80        	<unknown>
     578: 0c 00        	<unknown>
     57a: 00 00        	<unknown>
     57c: 12 00        	<unknown>
     57e: 01 00        	<unknown>
     580: 08 05        	<unknown>
     582: 00 00        	<unknown>
     584: 8c 0b        	<unknown>
     586: 00 80        	<unknown>
     588: 10 00        	<unknown>
     58a: 00 00        	<unknown>
     58c: 12 00        	<unknown>
     58e: 01 00        	<unknown>
     590: 26 05        	<unknown>
     592: 00 00        	<unknown>
     594: 9c 0b        	<unknown>
     596: 00 80        	<unknown>
     598: 1c 00        	<unknown>
     59a: 00 00        	<unknown>
     59c: 12 00        	<unknown>
     59e: 01 00        	<unknown>
     5a0: 3b 05 00 00  	<unknown>
     5a4: b8 0b        	<unknown>
     5a6: 00 80        	<unknown>
     5a8: 20 00        	<unknown>
     5aa: 00 00        	<unknown>
     5ac: 12 00        	<unknown>
     5ae: 01 00        	<unknown>
     5b0: 4b 05 00 00  	fnmsub.s	fa0, ft0, ft0, ft0, rne
     5b4: d8 0b        	<unknown>
     5b6: 00 80        	<unknown>
     5b8: 08 00        	<unknown>
     5ba: 00 00        	<unknown>
     5bc: 12 00        	<unknown>
     5be: 01 00        	<unknown>
     5c0: 64 05        	<unknown>
     5c2: 00 00        	<unknown>
     5c4: e0 0b        	<unknown>
     5c6: 00 80        	<unknown>
     5c8: 58 00        	<unknown>
     5ca: 00 00        	<unknown>
     5cc: 12 00        	<unknown>
     5ce: 01 00        	<unknown>
     5d0: 6c 05        	<unknown>
     5d2: 00 00        	<unknown>
     5d4: 4c 23        	<unknown>
     5d6: 00 80        	<unknown>
     5d8: 9c 00        	<unknown>
     5da: 00 00        	<unknown>
     5dc: 12 00        	<unknown>
     5de: 01 00        	<unknown>
     5e0: 79 05        	<unknown>
     5e2: 00 00        	<unknown>
     5e4: e8 23        	<unknown>
     5e6: 00 80        	<unknown>
     5e8: 54 00        	<unknown>
     5ea: 00 00        	<unknown>
     5ec: 12 00        	<unknown>
     5ee: 01 00        	<unknown>
     5f0: 82 05        	<unknown>
     5f2: 00 00        	<unknown>
     5f4: 4c 24        	<unknown>
     5f6: 00 80        	<unknown>
     5f8: 50 00        	<unknown>
     5fa: 00 00        	<unknown>
     5fc: 12 00        	<unknown>
     5fe: 01 00        	<unknown>
     600: 8c 05        	<unknown>
     602: 00 00        	<unknown>
     604: 9c 24        	<unknown>
     606: 00 80        	<unknown>
     608: 30 00        	<unknown>
     60a: 00 00        	<unknown>
     60c: 12 00        	<unknown>
     60e: 01 00        	<unknown>
     610: 95 05        	<unknown>
     612: 00 00        	<unknown>
     614: cc 24        	<unknown>
     616: 00 80        	<unknown>
     618: 24 00        	<unknown>
     61a: 00 00        	<unknown>
     61c: 12 00        	<unknown>
     61e: 01 00        	<unknown>
     620: a0 05        	<unknown>
     622: 00 00        	<unknown>
     624: f0 24        	<unknown>
     626: 00 80        	<unknown>
     628: 58 00        	<unknown>
     62a: 00 00        	<unknown>
     62c: 12 00        	<unknown>
     62e: 01 00        	<unknown>
     630: aa 05        	<unknown>
     632: 00 00        	<unknown>
     634: 5c 25        	<unknown>
     636: 00 80        	<unknown>
     638: 04 03        	<unknown>
     63a: 00 00        	<unknown>
     63c: 12 00        	<unknown>
     63e: 01 00        	<unknown>
     640: b4 05        	<unknown>
     642: 00 00        	<unknown>
     644: 10 2b        	<unknown>
     646: 00 80        	<unknown>
     648: 10 00        	<unknown>
     64a: 00 00        	<unknown>
     64c: 11 00        	<unknown>
     64e: 08 00        	<unknown>
     650: b9 05        	<unknown>
     652: 00 00        	<unknown>
     654: d0 01        	<unknown>
     656: 00 80        	<unknown>
     658: 20 02        	<unknown>
     65a: 00 00        	<unknown>
     65c: 12 00        	<unknown>
     65e: 01 00        	<unknown>
     660: be 05        	<unknown>
     662: 00 00        	<unknown>
     664: 20 2b        	<unknown>
     666: 00 80        	<unknown>
     668: 04 00        	<unknown>
     66a: 00 00        	<unknown>
     66c: 11 00        	<unknown>
     66e: 09 00        	<unknown>
     670: c0 05        	<unknown>
     672: 00 00        	<unknown>
     674: 28 2b        	<unknown>
     676: 00 80        	<unknown>
     678: 04 00        	<unknown>
     67a: 00 00        	<unknown>
     67c: 11 00        	<unknown>
     67e: 09 00        	<unknown>
     680: c2 05        	<unknown>
     682: 00 00        	<unknown>
     684: 24 2b        	<unknown>
     686: 00 80        	<unknown>
     688: 04 00        	<unknown>
     68a: 00 00        	<unknown>
     68c: 11 00        	<unknown>
     68e: 09 00        	<unknown>
     690: c4 05        	<unknown>
     692: 00 00        	<unknown>
     694: e0 2b        	<unknown>
     696: 00 80        	<unknown>
     698: 40 00        	<unknown>
     69a: 00 00        	<unknown>
     69c: 11 00        	<unknown>
     69e: 0a 00        	<unknown>
     6a0: c6 05        	<unknown>
     6a2: 00 00        	<unknown>
     6a4: 20 2c        	<unknown>
     6a6: 00 80        	<unknown>
     6a8: 40 00        	<unknown>
     6aa: 00 00        	<unknown>
     6ac: 11 00        	<unknown>
     6ae: 0a 00        	<unknown>
     6b0: c8 05        	<unknown>
     6b2: 00 00        	<unknown>
     6b4: 60 2c        	<unknown>
     6b6: 00 80        	<unknown>
     6b8: 00 01        	<unknown>
     6ba: 00 00        	<unknown>
     6bc: 11 00        	<unknown>
     6be: 0a 00        	<unknown>
     6c0: d1 05        	<unknown>
     6c2: 00 00        	<unknown>
     6c4: 80 2d        	<unknown>
     6c6: 00 80        	<unknown>
     6c8: 00 00        	<unknown>
     6ca: 00 00        	<unknown>
     6cc: 10 00        	<unknown>
     6ce: 0d 00        	<unknown>
     6d0: d8 05        	<unknown>
     6d2: 00 00        	<unknown>
     6d4: 08 2b        	<unknown>
     6d6: 00 80        	<unknown>
     6d8: 00 00        	<unknown>
     6da: 00 00        	<unknown>
     6dc: 10 00        	<unknown>
     6de: 04 00        	<unknown>
     6e0: e6 05        	<unknown>
     6e2: 00 00        	<unknown>
     6e4: 08 2b        	<unknown>
     6e6: 00 80        	<unknown>
     6e8: 00 00        	<unknown>
     6ea: 00 00        	<unknown>
     6ec: 10 00        	<unknown>
     6ee: 04 00        	<unknown>
     6f0: f2 05        	<unknown>
     6f2: 00 00        	<unknown>
     6f4: 60 2d        	<unknown>
     6f6: 00 80        	<unknown>
     6f8: 00 00        	<unknown>
     6fa: 00 00        	<unknown>
     6fc: 10 00        	<unknown>
     6fe: 0a 00        	<unknown>
     700: fe 05        	<unknown>
     702: 00 00        	<unknown>
     704: 80 2d        	<unknown>
     706: 00 80        	<unknown>
     708: 00 00        	<unknown>
     70a: 00 00        	<unknown>
     70c: 10 00        	<unknown>
     70e: 0c 00        	<unknown>
     710: 08 06        	<unknown>
     712: 00 00        	<unknown>
     714: 10 2b        	<unknown>
     716: 00 80        	<unknown>
     718: 00 00        	<unknown>
     71a: 00 00        	<unknown>
     71c: 10 00        	<unknown>
     71e: 07 00 16 06  	<unknown>
     722: 00 00        	<unknown>
     724: 10 2b        	<unknown>
     726: 00 80        	<unknown>
     728: 00 00        	<unknown>
     72a: 00 00        	<unknown>
     72c: 10 00        	<unknown>
     72e: 07 00 22 06  	<unknown>
     732: 00 00        	<unknown>
     734: 20 2b        	<unknown>
     736: 00 80        	<unknown>
     738: 00 00        	<unknown>
     73a: 00 00        	<unknown>
     73c: 10 00        	<unknown>
     73e: 08 00        	<unknown>
     740: 2d 06        	<unknown>
     742: 00 00        	<unknown>
     744: 10 2b        	<unknown>
     746: 00 80        	<unknown>
     748: 00 00        	<unknown>
     74a: 00 00        	<unknown>
     74c: 10 00        	<unknown>
     74e: 08 00        	<unknown>
     750: 3a 06        	<unknown>
     752: 00 00        	<unknown>
     754: 08 2b        	<unknown>
     756: 00 80        	<unknown>
     758: 00 00        	<unknown>
     75a: 00 00        	<unknown>
     75c: 10 00        	<unknown>
     75e: 05 00        	<unknown>
     760: 47 06 00 00  	fmsub.s	fa2, ft0, ft0, ft0, rne
     764: 10 2b        	<unknown>
     766: 00 80        	<unknown>
     768: 00 00        	<unknown>
     76a: 00 00        	<unknown>
     76c: 10 00        	<unknown>
     76e: 05 00        	<unknown>
     770: 52 06        	<unknown>
     772: 00 00        	<unknown>
     774: 10 33        	<unknown>
     776: 00 80        	<unknown>
     778: 00 00        	<unknown>
     77a: 00 00        	<unknown>
     77c: 10 00        	<unknown>
     77e: 09 00        	<unknown>
     780: 64 06        	<unknown>
     782: 00 00        	<unknown>
     784: 60 28        	<unknown>
     786: 00 80        	<unknown>
     788: 00 00        	<unknown>
     78a: 00 00        	<unknown>
     78c: 10 00        	<unknown>
     78e: 01 00        	<unknown>
     790: 6b 06 00 00  	<unknown>
     794: 10 2b        	<unknown>
     796: 00 80        	<unknown>
     798: 00 00        	<unknown>
     79a: 00 00        	<unknown>
     79c: 10 00        	<unknown>
     79e: 06 00        	<unknown>
     7a0: 77 06 00 00  	<unknown>
     7a4: e0 2b        	<unknown>
     7a6: 00 80        	<unknown>
     7a8: 00 00        	<unknown>
     7aa: 00 00        	<unknown>
     7ac: 10 00        	<unknown>
     7ae: f1 ff        	<unknown>
     7b0: 7f 06 00 00  	<unknown>
     7b4: 20 2b        	<unknown>
     7b6: 00 80        	<unknown>
     7b8: 00 00        	<unknown>
     7ba: 00 00        	<unknown>
     7bc: 10 00        	<unknown>
     7be: 09 00        	<unknown>
     7c0: 8f 06 00 00  	<unknown>
     7c4: e0 2b        	<unknown>
     7c6: 00 80        	<unknown>
     7c8: 00 00        	<unknown>
     7ca: 00 00        	<unknown>
     7cc: 10 00        	<unknown>
     7ce: 0a 00        	<unknown>
     7d0: 9e 06        	<unknown>
     7d2: 00 00        	<unknown>
     7d4: 60 2d        	<unknown>
     7d6: 00 80        	<unknown>
     7d8: 00 00        	<unknown>
     7da: 00 00        	<unknown>
     7dc: 10 00        	<unknown>
     7de: 0a 00        	<unknown>
     7e0: a5 06        	<unknown>
     7e2: 00 00        	<unknown>
     7e4: 80 2d        	<unknown>
     7e6: 00 80        	<unknown>
     7e8: 00 00        	<unknown>
     7ea: 00 00        	<unknown>
     7ec: 10 00        	<unknown>
     7ee: 0c 00        	<unknown>
     7f0: b1 06        	<unknown>
     7f2: 00 00        	<unknown>
     7f4: 80 2d        	<unknown>
     7f6: 00 80        	<unknown>
     7f8: 00 00        	<unknown>
     7fa: 00 00        	<unknown>
     7fc: 10 00        	<unknown>
     7fe: 0c 00        	<unknown>

Disassembly of section .shstrtab:

00000000 <.shstrtab>:
       0: 00 2e        	<unknown>
       2: 74 65        	<unknown>
       4: 78 74        	<unknown>
       6: 00 2e        	<unknown>
       8: 72 6f        	<unknown>
       a: 64 61        	<unknown>
       c: 74 61        	<unknown>
       e: 00 2e        	<unknown>
      10: 68 74        	<unknown>
      12: 69 66        	<unknown>
      14: 00 2e        	<unknown>
      16: 74 64        	<unknown>
      18: 61 74        	<unknown>
      1a: 61 00        	<unknown>
      1c: 2e 74        	<unknown>
      1e: 62 73        	<unknown>
      20: 73 00 2e 74  	<unknown>
      24: 62 73        	<unknown>
      26: 73 65 6e 64  	csrrsi	a0, hviprio1, 28
      2a: 00 2e        	<unknown>
      2c: 63 64 61 74  	bltu	sp, t1, 0x774 <.symtab+0x774>
      30: 61 00        	<unknown>
      32: 2e 63        	<unknown>
      34: 62 73        	<unknown>
      36: 73 00 2e 73  	<unknown>
      3a: 64 61        	<unknown>
      3c: 74 61        	<unknown>
      3e: 00 2e        	<unknown>
      40: 64 61        	<unknown>
      42: 74 61        	<unknown>
      44: 00 2e        	<unknown>
      46: 73 62 73 73  	csrrsi	tp, mhpmevent23h, 6
      4a: 00 2e        	<unknown>
      4c: 62 73        	<unknown>
      4e: 73 00 2e 64  	<unknown>
      52: 72 61        	<unknown>
      54: 6d 00        	<unknown>
      56: 2e 63        	<unknown>
      58: 6f 6d 6d 65  	jal	s10, 0xd66ae <.symtab+0xd66ae>
      5c: 6e 74        	<unknown>
      5e: 00 2e        	<unknown>
      60: 72 69        	<unknown>
      62: 73 63 76 2e  	csrrsi	t1, 743, 12
      66: 61 74        	<unknown>
      68: 74 72        	<unknown>
      6a: 69 62        	<unknown>
      6c: 75 74        	<unknown>
      6e: 65 73        	<unknown>
      70: 00 2e        	<unknown>
      72: 73 79 6d 74  	csrrci	s2, 1862, 26
      76: 61 62        	<unknown>
      78: 00 2e        	<unknown>
      7a: 73 68 73 74  	csrrsi	a6, mseccfg, 6
      7e: 72 74        	<unknown>
      80: 61 62        	<unknown>
      82: 00 2e        	<unknown>
      84: 73 74 72 74  	csrrci	s0, mseccfg, 4
      88: 61 62        	<unknown>
      8a: 00           	<unknown>

Disassembly of section .strtab:

00000000 <.strtab>:
       0: 00 73        	<unknown>
       2: 6e 61        	<unknown>
       4: 78 2d        	<unknown>
       6: 67 65 6d 6d  	<unknown>
       a: 2d 62        	<unknown>
       c: 61 73        	<unknown>
       e: 65 2e        	<unknown>
      10: 63 00 24 78  	beq	s0, sp, 0x790 <.symtab+0x790>
      14: 2e 30        	<unknown>
      16: 00 24        	<unknown>
      18: 64 2e        	<unknown>
      1a: 31 00        	<unknown>
      1c: 24 78        	<unknown>
      1e: 2e 32        	<unknown>
      20: 00 24        	<unknown>
      22: 64 2e        	<unknown>
      24: 33 00 24 78  	<unknown>
      28: 2e 34        	<unknown>
      2a: 00 24        	<unknown>
      2c: 64 2e        	<unknown>
      2e: 35 00        	<unknown>
      30: 24 78        	<unknown>
      32: 2e 36        	<unknown>
      34: 00 24        	<unknown>
      36: 64 2e        	<unknown>
      38: 37 00 24 78  	lui	zero, 492096
      3c: 2e 38        	<unknown>
      3e: 00 24        	<unknown>
      40: 64 2e        	<unknown>
      42: 39 00        	<unknown>
      44: 24 64        	<unknown>
      46: 2e 31        	<unknown>
      48: 30 00        	<unknown>
      4a: 24 64        	<unknown>
      4c: 2e 31        	<unknown>
      4e: 31 00        	<unknown>
      50: 24 64        	<unknown>
      52: 2e 31        	<unknown>
      54: 32 00        	<unknown>
      56: 24 64        	<unknown>
      58: 2e 31        	<unknown>
      5a: 33 00 73 6e  	<unknown>
      5e: 72 74        	<unknown>
      60: 2e 63        	<unknown>
      62: 00 5f        	<unknown>
      64: 6f 75 74 5f  	jal	a0, 0x47e5a <.symtab+0x47e5a>
      68: 63 68 61 72  	bltu	sp, t1, 0x798 <.symtab+0x798>
      6c: 00 5f        	<unknown>
      6e: 76 73        	<unknown>
      70: 6e 70        	<unknown>
      72: 72 69        	<unknown>
      74: 6e 74        	<unknown>
      76: 66 00        	<unknown>
      78: 5f 6f 75 74  	<unknown>
      7c: 5f 6e 75 6c  	<unknown>
      80: 6c 00        	<unknown>
      82: 5f 66 74 6f  	<unknown>
      86: 61 00        	<unknown>
      88: 5f 65 74 6f  	<unknown>
      8c: 61 00        	<unknown>
      8e: 5f 6e 74 6f  	<unknown>
      92: 61 5f        	<unknown>
      94: 6c 6f        	<unknown>
      96: 6e 67        	<unknown>
      98: 00 5f        	<unknown>
      9a: 66 74        	<unknown>
      9c: 6f 61 2e 70  	jal	sp, 0xe679e <.symtab+0xe679e>
      a0: 6f 77 31 30  	jal	a4, 0x17ba2 <.symtab+0x17ba2>
      a4: 00 5f        	<unknown>
      a6: 6f 75 74 5f  	jal	a0, 0x47e9c <.symtab+0x47e9c>
      aa: 62 75        	<unknown>
      ac: 66 66        	<unknown>
      ae: 65 72        	<unknown>
      b0: 00 5f        	<unknown>
      b2: 6f 75 74 5f  	jal	a0, 0x47ea8 <.symtab+0x47ea8>
      b6: 66 63        	<unknown>
      b8: 74 00        	<unknown>
      ba: 73 6e 72 74  	csrrsi	t3, mseccfg, 4
      be: 2e 63        	<unknown>
      c0: 72 74        	<unknown>
      c2: 30 2e        	<unknown>
      c4: 69 6e        	<unknown>
      c6: 69 74        	<unknown>
      c8: 5f 69 6e 74  	<unknown>
      cc: 5f 72 65 67  	<unknown>
      d0: 69 73        	<unknown>
      d2: 74 65        	<unknown>
      d4: 72 73        	<unknown>
      d6: 00 73        	<unknown>
      d8: 6e 72        	<unknown>
      da: 74 2e        	<unknown>
      dc: 63 72 74 30  	bgeu	s0, t2, 0x3e0 <.symtab+0x3e0>
      e0: 2e 69        	<unknown>
      e2: 6e 69        	<unknown>
      e4: 74 5f        	<unknown>
      e6: 66 70        	<unknown>
      e8: 5f 72 65 67  	<unknown>
      ec: 69 73        	<unknown>
      ee: 74 65        	<unknown>
      f0: 72 73        	<unknown>
      f2: 00 73        	<unknown>
      f4: 6e 72        	<unknown>
      f6: 74 2e        	<unknown>
      f8: 63 72 74 30  	bgeu	s0, t2, 0x3fc <.symtab+0x3fc>
      fc: 2e 69        	<unknown>
      fe: 6e 69        	<unknown>
     100: 74 5f        	<unknown>
     102: 67 6c 6f 62  	<unknown>
     106: 61 6c        	<unknown>
     108: 5f 70 6f 69  	<unknown>
     10c: 6e 74        	<unknown>
     10e: 65 72        	<unknown>
     110: 00 73        	<unknown>
     112: 6e 72        	<unknown>
     114: 74 2e        	<unknown>
     116: 63 72 74 30  	bgeu	s0, t2, 0x41a <.symtab+0x41a>
     11a: 2e 69        	<unknown>
     11c: 6e 69        	<unknown>
     11e: 74 5f        	<unknown>
     120: 63 6f 72 65  	bltu	tp, s7, 0x77e <.symtab+0x77e>
     124: 5f 69 6e 66  	<unknown>
     128: 6f 00 73 6e  	j	0x3100e <.symtab+0x3100e>
     12c: 72 74        	<unknown>
     12e: 2e 63        	<unknown>
     130: 72 74        	<unknown>
     132: 30 2e        	<unknown>
     134: 69 6e        	<unknown>
     136: 69 74        	<unknown>
     138: 5f 63 6c 73  	<unknown>
     13c: 00 73        	<unknown>
     13e: 6e 72        	<unknown>
     140: 74 2e        	<unknown>
     142: 63 72 74 30  	bgeu	s0, t2, 0x446 <.symtab+0x446>
     146: 2e 69        	<unknown>
     148: 6e 69        	<unknown>
     14a: 74 5f        	<unknown>
     14c: 73 74 61 63  	csrrci	s0, 1590, 2
     150: 6b 00 73 6e  	<unknown>
     154: 72 74        	<unknown>
     156: 2e 63        	<unknown>
     158: 72 74        	<unknown>
     15a: 30 2e        	<unknown>
     15c: 69 6e        	<unknown>
     15e: 69 74        	<unknown>
     160: 5f 74 6c 73  	<unknown>
     164: 00 73        	<unknown>
     166: 6e 72        	<unknown>
     168: 74 2e        	<unknown>
     16a: 63 72 74 30  	bgeu	s0, t2, 0x46e <.symtab+0x46e>
     16e: 2e 6d        	<unknown>
     170: 61 69        	<unknown>
     172: 6e 00        	<unknown>
     174: 73 6e 72 74  	csrrsi	t3, mseccfg, 4
     178: 2e 63        	<unknown>
     17a: 72 74        	<unknown>
     17c: 30 2e        	<unknown>
     17e: 65 6e        	<unknown>
     180: 64 00        	<unknown>
     182: 5f 73 74 61  	<unknown>
     186: 72 74        	<unknown>
     188: 00 74        	<unknown>
     18a: 6f 68 6f 73  	jal	a6, 0xf68c0 <.symtab+0xf68c0>
     18e: 74 00        	<unknown>
     190: 66 72        	<unknown>
     192: 6f 6d 68 6f  	jal	s10, 0x86888 <.symtab+0x86888>
     196: 73 74 00 73  	csrrci	s0, mhpmevent16h, 0
     19a: 6e 72        	<unknown>
     19c: 74 5f        	<unknown>
     19e: 6c 31        	<unknown>
     1a0: 5f 6e 65 78  	<unknown>
     1a4: 74 00        	<unknown>
     1a6: 5f 63 6c 73  	<unknown>
     1aa: 5f 70 74 72  	<unknown>
     1ae: 00 73        	<unknown>
     1b0: 6e 72        	<unknown>
     1b2: 74 5f        	<unknown>
     1b4: 6c 33        	<unknown>
     1b6: 5f 6e 65 78  	<unknown>
     1ba: 74 00        	<unknown>
     1bc: 6c 33        	<unknown>
     1be: 5f 61 6c 6c  	<unknown>
     1c2: 6f 63 61 74  	jal	t1, 0x16908 <.symtab+0x16908>
     1c6: 6f 72 00 73  	jal	tp, 0x78f6 <.symtab+0x78f6>
     1ca: 6e 72        	<unknown>
     1cc: 74 5f        	<unknown>
     1ce: 6c 31        	<unknown>
     1d0: 61 6c        	<unknown>
     1d2: 6c 6f        	<unknown>
     1d4: 63 00 73 6e  	beq	t1, t2, 0x8b4 <.symtab+0x8b4>
     1d8: 72 74        	<unknown>
     1da: 5f 6c 33 61  	<unknown>
     1de: 6c 6c        	<unknown>
     1e0: 6f 63 00 73  	jal	t1, 0x6910 <.symtab+0x6910>
     1e4: 6e 72        	<unknown>
     1e6: 74 5f        	<unknown>
     1e8: 6c 31        	<unknown>
     1ea: 5f 75 70 64  	<unknown>
     1ee: 61 74        	<unknown>
     1f0: 65 5f        	<unknown>
     1f2: 6e 65        	<unknown>
     1f4: 78 74        	<unknown>
     1f6: 00 73        	<unknown>
     1f8: 6e 72        	<unknown>
     1fa: 74 5f        	<unknown>
     1fc: 61 6c        	<unknown>
     1fe: 6c 6f        	<unknown>
     200: 63 5f 69 6e  	bge	s2, t1, 0x8fe <.symtab+0x8fe>
     204: 69 74        	<unknown>
     206: 00 73        	<unknown>
     208: 6e 72        	<unknown>
     20a: 74 5f        	<unknown>
     20c: 69 6e        	<unknown>
     20e: 74 5f        	<unknown>
     210: 63 6c 75 73  	bltu	a0, s7, 0x948 <.symtab+0x948>
     214: 74 65        	<unknown>
     216: 72 5f        	<unknown>
     218: 73 65 74 00  	csrrsi	a0, 7, 8
     21c: 73 6e 72 74  	csrrsi	t3, mseccfg, 4
     220: 5f 69 6e 74  	<unknown>
     224: 5f 63 6c 75  	<unknown>
     228: 73 74 65 72  	csrrci	s0, mhpmevent6h, 10
     22c: 5f 63 6c 72  	<unknown>
     230: 00 73        	<unknown>
     232: 6e 72        	<unknown>
     234: 74 5f        	<unknown>
     236: 69 6e        	<unknown>
     238: 74 5f        	<unknown>
     23a: 63 6c 72 5f  	bltu	tp, s7, 0x832 <.symtab+0x832>
     23e: 6d 63        	<unknown>
     240: 69 70        	<unknown>
     242: 00 73        	<unknown>
     244: 6e 72        	<unknown>
     246: 74 5f        	<unknown>
     248: 69 6e        	<unknown>
     24a: 74 5f        	<unknown>
     24c: 73 65 74 5f  	csrrsi	a0, 1527, 8
     250: 6d 63        	<unknown>
     252: 69 70        	<unknown>
     254: 00 73        	<unknown>
     256: 6e 72        	<unknown>
     258: 74 5f        	<unknown>
     25a: 64 6d        	<unknown>
     25c: 61 5f        	<unknown>
     25e: 73 74 61 72  	csrrci	s0, mhpmevent6h, 2
     262: 74 5f        	<unknown>
     264: 31 64        	<unknown>
     266: 5f 77 69 64  	<unknown>
     26a: 65 70        	<unknown>
     26c: 74 72        	<unknown>
     26e: 00 73        	<unknown>
     270: 6e 72        	<unknown>
     272: 74 5f        	<unknown>
     274: 64 6d        	<unknown>
     276: 61 5f        	<unknown>
     278: 73 74 61 72  	csrrci	s0, mhpmevent6h, 2
     27c: 74 5f        	<unknown>
     27e: 31 64        	<unknown>
     280: 00 73        	<unknown>
     282: 6e 72        	<unknown>
     284: 74 5f        	<unknown>
     286: 64 6d        	<unknown>
     288: 61 5f        	<unknown>
     28a: 73 74 61 72  	csrrci	s0, mhpmevent6h, 2
     28e: 74 5f        	<unknown>
     290: 32 64        	<unknown>
     292: 5f 77 69 64  	<unknown>
     296: 65 70        	<unknown>
     298: 74 72        	<unknown>
     29a: 00 73        	<unknown>
     29c: 6e 72        	<unknown>
     29e: 74 5f        	<unknown>
     2a0: 64 6d        	<unknown>
     2a2: 61 5f        	<unknown>
     2a4: 73 74 61 72  	csrrci	s0, mhpmevent6h, 2
     2a8: 74 5f        	<unknown>
     2aa: 32 64        	<unknown>
     2ac: 00 73        	<unknown>
     2ae: 6e 72        	<unknown>
     2b0: 74 5f        	<unknown>
     2b2: 64 6d        	<unknown>
     2b4: 61 5f        	<unknown>
     2b6: 77 61 69 74  	<unknown>
     2ba: 00 73        	<unknown>
     2bc: 6e 72        	<unknown>
     2be: 74 5f        	<unknown>
     2c0: 64 6d        	<unknown>
     2c2: 61 5f        	<unknown>
     2c4: 77 61 69 74  	<unknown>
     2c8: 5f 61 6c 6c  	<unknown>
     2cc: 00 65        	<unknown>
     2ce: 75 5f        	<unknown>
     2d0: 69 6e        	<unknown>
     2d2: 69 74        	<unknown>
     2d4: 00 65        	<unknown>
     2d6: 75 5f        	<unknown>
     2d8: 70 5f        	<unknown>
     2da: 67 6c 6f 62  	<unknown>
     2de: 61 6c        	<unknown>
     2e0: 00 65        	<unknown>
     2e2: 75 5f        	<unknown>
     2e4: 70 00        	<unknown>
     2e6: 65 75        	<unknown>
     2e8: 5f 65 78 69  	<unknown>
     2ec: 74 00        	<unknown>
     2ee: 65 75        	<unknown>
     2f0: 5f 67 65 74  	<unknown>
     2f4: 5f 77 6f 72  	<unknown>
     2f8: 6b 65 72 73  	<unknown>
     2fc: 5f 69 6e 5f  	<unknown>
     300: 6c 6f        	<unknown>
     302: 6f 70 00 65  	j	0x7952 <.symtab+0x7952>
     306: 75 5f        	<unknown>
     308: 67 65 74 5f  	<unknown>
     30c: 77 6f 72 6b  	<unknown>
     310: 65 72        	<unknown>
     312: 73 5f 69 6e  	csrrwi	t5, 1766, 18
     316: 5f 77 66 69  	<unknown>
     31a: 00 65        	<unknown>
     31c: 75 5f        	<unknown>
     31e: 70 72        	<unknown>
     320: 69 6e        	<unknown>
     322: 74 5f        	<unknown>
     324: 73 74 61 74  	csrrci	s0, 1862, 2
     328: 75 73        	<unknown>
     32a: 00 65        	<unknown>
     32c: 75 5f        	<unknown>
     32e: 65 76        	<unknown>
     330: 65 6e        	<unknown>
     332: 74 5f        	<unknown>
     334: 6c 6f        	<unknown>
     336: 6f 70 00 65  	j	0x7986 <.symtab+0x7986>
     33a: 75 5f        	<unknown>
     33c: 64 69        	<unknown>
     33e: 73 70 61 74  	csrci	1862, 2
     342: 63 68 5f 70  	bltu	t5, t0, 0xa52 <.symtab+0xa52>
     346: 75 73        	<unknown>
     348: 68 00        	<unknown>
     34a: 65 75        	<unknown>
     34c: 5f 72 75 6e  	<unknown>
     350: 5f 65 6d 70  	<unknown>
     354: 74 79        	<unknown>
     356: 00 65        	<unknown>
     358: 75 5f        	<unknown>
     35a: 6d 75        	<unknown>
     35c: 74 65        	<unknown>
     35e: 78 5f        	<unknown>
     360: 6c 6f        	<unknown>
     362: 63 6b 00 65  	bltu	zero, a6, 0x9b8 <.symtab+0x9b8>
     366: 75 5f        	<unknown>
     368: 6d 75        	<unknown>
     36a: 74 65        	<unknown>
     36c: 78 5f        	<unknown>
     36e: 72 65        	<unknown>
     370: 6c 65        	<unknown>
     372: 61 73        	<unknown>
     374: 65 00        	<unknown>
     376: 73 6e 72 74  	csrrsi	t3, mseccfg, 4
     37a: 5f 6d 75 74  	<unknown>
     37e: 65 78        	<unknown>
     380: 00 5f        	<unknown>
     382: 73 6e 72 74  	csrrsi	t3, mseccfg, 4
     386: 5f 6d 75 74  	<unknown>
     38a: 65 78        	<unknown>
     38c: 00 73        	<unknown>
     38e: 6e 72        	<unknown>
     390: 74 5f        	<unknown>
     392: 6d 75        	<unknown>
     394: 74 65        	<unknown>
     396: 78 5f        	<unknown>
     398: 61 63        	<unknown>
     39a: 71 75        	<unknown>
     39c: 69 72        	<unknown>
     39e: 65 00        	<unknown>
     3a0: 73 6e 72 74  	csrrsi	t3, mseccfg, 4
     3a4: 5f 6d 75 74  	<unknown>
     3a8: 65 78        	<unknown>
     3aa: 5f 74 74 61  	<unknown>
     3ae: 73 5f 61 63  	csrrwi	t5, 1590, 2
     3b2: 71 75        	<unknown>
     3b4: 69 72        	<unknown>
     3b6: 65 00        	<unknown>
     3b8: 73 6e 72 74  	csrrsi	t3, mseccfg, 4
     3bc: 5f 6d 75 74  	<unknown>
     3c0: 65 78        	<unknown>
     3c2: 5f 72 65 6c  	<unknown>
     3c6: 65 61        	<unknown>
     3c8: 73 65 00 73  	csrrsi	a0, mhpmevent16h, 0
     3cc: 6e 72        	<unknown>
     3ce: 74 5f        	<unknown>
     3d0: 63 6c 75 73  	bltu	a0, s7, 0xb08 <.symtab+0xb08>
     3d4: 74 65        	<unknown>
     3d6: 72 5f        	<unknown>
     3d8: 68 77        	<unknown>
     3da: 5f 62 61 72  	<unknown>
     3de: 72 69        	<unknown>
     3e0: 65 72        	<unknown>
     3e2: 00 73        	<unknown>
     3e4: 6e 72        	<unknown>
     3e6: 74 5f        	<unknown>
     3e8: 67 6c 6f 62  	<unknown>
     3ec: 61 6c        	<unknown>
     3ee: 5f 62 61 72  	<unknown>
     3f2: 72 69        	<unknown>
     3f4: 65 72        	<unknown>
     3f6: 00 5f        	<unknown>
     3f8: 73 6e 72 74  	csrrsi	t3, mseccfg, 4
     3fc: 5f 62 61 72  	<unknown>
     400: 72 69        	<unknown>
     402: 65 72        	<unknown>
     404: 00 73        	<unknown>
     406: 6e 72        	<unknown>
     408: 74 5f        	<unknown>
     40a: 70 61        	<unknown>
     40c: 72 74        	<unknown>
     40e: 69 61        	<unknown>
     410: 6c 5f        	<unknown>
     412: 62 61        	<unknown>
     414: 72 72        	<unknown>
     416: 69 65        	<unknown>
     418: 72 00        	<unknown>
     41a: 73 6e 72 74  	csrrsi	t3, mseccfg, 4
     41e: 5f 67 6c 6f  	<unknown>
     422: 62 61        	<unknown>
     424: 6c 5f        	<unknown>
     426: 72 65        	<unknown>
     428: 64 75        	<unknown>
     42a: 63 74 69 6f  	bgeu	s2, s6, 0xb12 <.symtab+0xb12>
     42e: 6e 5f        	<unknown>
     430: 64 6d        	<unknown>
     432: 61 00        	<unknown>
     434: 73 6e 72 74  	csrrsi	t3, mseccfg, 4
     438: 5f 67 6c 6f  	<unknown>
     43c: 62 61        	<unknown>
     43e: 6c 5f        	<unknown>
     440: 61 6c        	<unknown>
     442: 6c 5f        	<unknown>
     444: 74 6f        	<unknown>
     446: 5f 61 6c 6c  	<unknown>
     44a: 5f 72 65 64  	<unknown>
     44e: 75 63        	<unknown>
     450: 74 69        	<unknown>
     452: 6f 6e 00 5f  	jal	t3, 0x6a42 <.symtab+0x6a42>
     456: 72 65        	<unknown>
     458: 64 75        	<unknown>
     45a: 63 74 69 6f  	bgeu	s2, s6, 0xb42 <.symtab+0xb42>
     45e: 6e 5f        	<unknown>
     460: 72 65        	<unknown>
     462: 73 75 6c 74  	csrrci	a0, 1862, 24
     466: 00 73        	<unknown>
     468: 6e 72        	<unknown>
     46a: 74 5f        	<unknown>
     46c: 68 61        	<unknown>
     46e: 72 74        	<unknown>
     470: 69 64        	<unknown>
     472: 00 73        	<unknown>
     474: 6e 72        	<unknown>
     476: 74 5f        	<unknown>
     478: 67 6c 6f 62  	<unknown>
     47c: 61 6c        	<unknown>
     47e: 5f 63 6f 72  	<unknown>
     482: 65 5f        	<unknown>
     484: 62 61        	<unknown>
     486: 73 65 5f 68  	csrrsi	a0, 1669, 30
     48a: 61 72        	<unknown>
     48c: 74 69        	<unknown>
     48e: 64 00        	<unknown>
     490: 73 6e 72 74  	csrrsi	t3, mseccfg, 4
     494: 5f 67 6c 6f  	<unknown>
     498: 62 61        	<unknown>
     49a: 6c 5f        	<unknown>
     49c: 63 6f 72 65  	bltu	tp, s7, 0xafa <.symtab+0xafa>
     4a0: 5f 69 64 78  	<unknown>
     4a4: 00 73        	<unknown>
     4a6: 6e 72        	<unknown>
     4a8: 74 5f        	<unknown>
     4aa: 67 6c 6f 62  	<unknown>
     4ae: 61 6c        	<unknown>
     4b0: 5f 63 6f 72  	<unknown>
     4b4: 65 5f        	<unknown>
     4b6: 6e 75        	<unknown>
     4b8: 6d 00        	<unknown>
     4ba: 73 6e 72 74  	csrrsi	t3, mseccfg, 4
     4be: 5f 63 6c 75  	<unknown>
     4c2: 73 74 65 72  	csrrci	s0, mhpmevent6h, 10
     4c6: 5f 69 64 78  	<unknown>
     4ca: 00 73        	<unknown>
     4cc: 6e 72        	<unknown>
     4ce: 74 5f        	<unknown>
     4d0: 63 6c 75 73  	bltu	a0, s7, 0xc08 <.symtab+0xc08>
     4d4: 74 65        	<unknown>
     4d6: 72 5f        	<unknown>
     4d8: 6e 75        	<unknown>
     4da: 6d 00        	<unknown>
     4dc: 73 6e 72 74  	csrrsi	t3, mseccfg, 4
     4e0: 5f 63 6c 75  	<unknown>
     4e4: 73 74 65 72  	csrrci	s0, mhpmevent6h, 10
     4e8: 5f 63 6f 72  	<unknown>
     4ec: 65 5f        	<unknown>
     4ee: 69 64        	<unknown>
     4f0: 78 00        	<unknown>
     4f2: 73 6e 72 74  	csrrsi	t3, mseccfg, 4
     4f6: 5f 63 6c 75  	<unknown>
     4fa: 73 74 65 72  	csrrci	s0, mhpmevent6h, 10
     4fe: 5f 63 6f 72  	<unknown>
     502: 65 5f        	<unknown>
     504: 6e 75        	<unknown>
     506: 6d 00        	<unknown>
     508: 73 6e 72 74  	csrrsi	t3, mseccfg, 4
     50c: 5f 63 6c 75  	<unknown>
     510: 73 74 65 72  	csrrci	s0, mhpmevent6h, 10
     514: 5f 63 6f 6d  	<unknown>
     518: 70 75        	<unknown>
     51a: 74 65        	<unknown>
     51c: 5f 63 6f 72  	<unknown>
     520: 65 5f        	<unknown>
     522: 6e 75        	<unknown>
     524: 6d 00        	<unknown>
     526: 73 6e 72 74  	csrrsi	t3, mseccfg, 4
     52a: 5f 69 73 5f  	<unknown>
     52e: 63 6f 6d 70  	bltu	s10, t1, 0xc4c <.symtab+0xc4c>
     532: 75 74        	<unknown>
     534: 65 5f        	<unknown>
     536: 63 6f 72 65  	bltu	tp, s7, 0xb94 <.symtab+0xb94>
     53a: 00 73        	<unknown>
     53c: 6e 72        	<unknown>
     53e: 74 5f        	<unknown>
     540: 69 73        	<unknown>
     542: 5f 64 6d 5f  	<unknown>
     546: 63 6f 72 65  	bltu	tp, s7, 0xba4 <.symtab+0xba4>
     54a: 00 73        	<unknown>
     54c: 6e 72        	<unknown>
     54e: 74 5f        	<unknown>
     550: 63 6c 75 73  	bltu	a0, s7, 0xc88 <.symtab+0xc88>
     554: 74 65        	<unknown>
     556: 72 5f        	<unknown>
     558: 64 6d        	<unknown>
     55a: 5f 63 6f 72  	<unknown>
     55e: 65 5f        	<unknown>
     560: 6e 75        	<unknown>
     562: 6d 00        	<unknown>
     564: 70 72        	<unknown>
     566: 69 6e        	<unknown>
     568: 74 66        	<unknown>
     56a: 5f 00 73 6e  	<unknown>
     56e: 72 74        	<unknown>
     570: 5f 70 75 74  	<unknown>
     574: 63 68 61 72  	bltu	sp, t1, 0xca4 <.symtab+0xca4>
     578: 00 73        	<unknown>
     57a: 70 72        	<unknown>
     57c: 69 6e        	<unknown>
     57e: 74 66        	<unknown>
     580: 5f 00 73 6e  	<unknown>
     584: 70 72        	<unknown>
     586: 69 6e        	<unknown>
     588: 74 66        	<unknown>
     58a: 5f 00 76 70  	<unknown>
     58e: 72 69        	<unknown>
     590: 6e 74        	<unknown>
     592: 66 5f        	<unknown>
     594: 00 76        	<unknown>
     596: 73 6e 70 72  	csrrsi	t3, mhpmevent7h, 0
     59a: 69 6e        	<unknown>
     59c: 74 66        	<unknown>
     59e: 5f 00 66 63  	<unknown>
     5a2: 74 70        	<unknown>
     5a4: 72 69        	<unknown>
     5a6: 6e 74        	<unknown>
     5a8: 66 00        	<unknown>
     5aa: 73 6e 72 74  	csrrsi	t3, mseccfg, 4
     5ae: 5f 6d 61 69  	<unknown>
     5b2: 6e 00        	<unknown>
     5b4: 5f 63 6c 73  	<unknown>
     5b8: 00 6d        	<unknown>
     5ba: 61 69        	<unknown>
     5bc: 6e 00        	<unknown>
     5be: 6d 00        	<unknown>
     5c0: 6b 00 6e 00  	<unknown>
     5c4: 41 00        	<unknown>
     5c6: 42 00        	<unknown>
     5c8: 43 5f 67 6f  	<unknown>
     5cc: 6c 64        	<unknown>
     5ce: 65 6e        	<unknown>
     5d0: 00 5f        	<unknown>
     5d2: 65 64        	<unknown>
     5d4: 72 61        	<unknown>
     5d6: 6d 00        	<unknown>
     5d8: 5f 5f 74 64  	<unknown>
     5dc: 61 74        	<unknown>
     5de: 61 5f        	<unknown>
     5e0: 73 74 61 72  	csrrci	s0, mhpmevent6h, 2
     5e4: 74 00        	<unknown>
     5e6: 5f 5f 74 64  	<unknown>
     5ea: 61 74        	<unknown>
     5ec: 61 5f        	<unknown>
     5ee: 65 6e        	<unknown>
     5f0: 64 00        	<unknown>
     5f2: 5f 5f 62 73  	<unknown>
     5f6: 73 5f 73 74  	csrrwi	t5, mseccfg, 6
     5fa: 61 72        	<unknown>
     5fc: 74 00        	<unknown>
     5fe: 5f 5f 62 73  	<unknown>
     602: 73 5f 65 6e  	csrrwi	t5, 1766, 10
     606: 64 00        	<unknown>
     608: 5f 5f 63 64  	<unknown>
     60c: 61 74        	<unknown>
     60e: 61 5f        	<unknown>
     610: 73 74 61 72  	csrrci	s0, mhpmevent6h, 2
     614: 74 00        	<unknown>
     616: 5f 5f 63 64  	<unknown>
     61a: 61 74        	<unknown>
     61c: 61 5f        	<unknown>
     61e: 65 6e        	<unknown>
     620: 64 00        	<unknown>
     622: 5f 5f 63 62  	<unknown>
     626: 73 73 5f 65  	csrrci	t1, hviph, 30
     62a: 6e 64        	<unknown>
     62c: 00 5f        	<unknown>
     62e: 5f 63 62 73  	<unknown>
     632: 73 5f 73 74  	csrrwi	t5, mseccfg, 6
     636: 61 72        	<unknown>
     638: 74 00        	<unknown>
     63a: 5f 5f 74 62  	<unknown>
     63e: 73 73 5f 73  	csrrci	t1, mhpmevent21h, 30
     642: 74 61        	<unknown>
     644: 72 74        	<unknown>
     646: 00 5f        	<unknown>
     648: 5f 74 62 73  	<unknown>
     64c: 73 5f 65 6e  	csrrwi	t5, 1766, 10
     650: 64 00        	<unknown>
     652: 5f 5f 67 6c  	<unknown>
     656: 6f 62 61 6c  	jal	tp, 0x16d1c <.symtab+0x16d1c>
     65a: 5f 70 6f 69  	<unknown>
     65e: 6e 74        	<unknown>
     660: 65 72        	<unknown>
     662: 24 00        	<unknown>
     664: 5f 65 74 65  	<unknown>
     668: 78 74        	<unknown>
     66a: 00 5f        	<unknown>
     66c: 5f 74 62 73  	<unknown>
     670: 73 5f 65 6e  	csrrwi	t5, 1766, 10
     674: 64 32        	<unknown>
     676: 00 5f        	<unknown>
     678: 73 69 64 61  	csrrsi	s2, 1558, 8
     67c: 74 61        	<unknown>
     67e: 00 5f        	<unknown>
     680: 5f 53 44 41  	<unknown>
     684: 54 41        	<unknown>
     686: 5f 42 45 47  	<unknown>
     68a: 49 4e        	<unknown>
     68c: 5f 5f 00 5f  	<unknown>
     690: 5f 44 41 54  	<unknown>
     694: 41 5f        	<unknown>
     696: 42 45        	<unknown>
     698: 47 49 4e 5f  	<unknown>
     69c: 5f 00 5f 65  	<unknown>
     6a0: 64 61        	<unknown>
     6a2: 74 61        	<unknown>
     6a4: 00 5f        	<unknown>
     6a6: 5f 42 53 53  	<unknown>
     6aa: 5f 45 4e 44  	<unknown>
     6ae: 5f 5f 00 5f  	<unknown>
     6b2: 65 6e        	<unknown>
     6b4: 64 00        	<unknown>
