
/workspaces/snax_cluster/target/snitch_cluster/sw/apps/snax-xdma-memset/build/snax-xdma-memset.elf:	file format elf32-littleriscv

Disassembly of section .text:

80000000 <snrt.crt0.init_int_registers>:
80000000: 93 02 00 00  	li	t0, 0
80000004: 13 03 00 00  	li	t1, 0
80000008: 93 03 00 00  	li	t2, 0
8000000c: 13 0e 00 00  	li	t3, 0
80000010: 93 0e 00 00  	li	t4, 0
80000014: 13 0f 00 00  	li	t5, 0
80000018: 93 0f 00 00  	li	t6, 0
8000001c: 13 05 00 00  	li	a0, 0
80000020: 93 05 00 00  	li	a1, 0
80000024: 13 06 00 00  	li	a2, 0
80000028: 93 06 00 00  	li	a3, 0
8000002c: 13 07 00 00  	li	a4, 0
80000030: 93 07 00 00  	li	a5, 0
80000034: 13 08 00 00  	li	a6, 0
80000038: 93 08 00 00  	li	a7, 0
8000003c: 13 04 00 00  	li	s0, 0
80000040: 93 04 00 00  	li	s1, 0
80000044: 13 09 00 00  	li	s2, 0
80000048: 93 09 00 00  	li	s3, 0
8000004c: 13 0a 00 00  	li	s4, 0
80000050: 93 0a 00 00  	li	s5, 0
80000054: 13 0b 00 00  	li	s6, 0
80000058: 93 0b 00 00  	li	s7, 0
8000005c: 13 0c 00 00  	li	s8, 0
80000060: 93 0c 00 00  	li	s9, 0
80000064: 13 0d 00 00  	li	s10, 0
80000068: 93 0d 00 00  	li	s11, 0

8000006c <snrt.crt0.init_fp_registers>:
8000006c: f3 22 10 30  	csrr	t0, misa
80000070: 93 f2 82 02  	andi	t0, t0, 40
80000074: 63 82 02 08  	beqz	t0, 0x800000f8 <snrt.crt0.init_global_pointer>
80000078: 53 00 00 d2  	fcvt.d.w	ft0, zero
8000007c: d3 00 00 d2  	fcvt.d.w	ft1, zero
80000080: 53 01 00 d2  	fcvt.d.w	ft2, zero
80000084: d3 01 00 d2  	fcvt.d.w	ft3, zero
80000088: 53 02 00 d2  	fcvt.d.w	ft4, zero
8000008c: d3 02 00 d2  	fcvt.d.w	ft5, zero
80000090: 53 03 00 d2  	fcvt.d.w	ft6, zero
80000094: d3 03 00 d2  	fcvt.d.w	ft7, zero
80000098: 53 04 00 d2  	fcvt.d.w	fs0, zero
8000009c: d3 04 00 d2  	fcvt.d.w	fs1, zero
800000a0: 53 05 00 d2  	fcvt.d.w	fa0, zero
800000a4: d3 05 00 d2  	fcvt.d.w	fa1, zero
800000a8: 53 06 00 d2  	fcvt.d.w	fa2, zero
800000ac: d3 06 00 d2  	fcvt.d.w	fa3, zero
800000b0: 53 07 00 d2  	fcvt.d.w	fa4, zero
800000b4: d3 07 00 d2  	fcvt.d.w	fa5, zero
800000b8: 53 08 00 d2  	fcvt.d.w	fa6, zero
800000bc: d3 08 00 d2  	fcvt.d.w	fa7, zero
800000c0: 53 09 00 d2  	fcvt.d.w	fs2, zero
800000c4: d3 09 00 d2  	fcvt.d.w	fs3, zero
800000c8: 53 0a 00 d2  	fcvt.d.w	fs4, zero
800000cc: d3 0a 00 d2  	fcvt.d.w	fs5, zero
800000d0: 53 0b 00 d2  	fcvt.d.w	fs6, zero
800000d4: d3 0b 00 d2  	fcvt.d.w	fs7, zero
800000d8: 53 0c 00 d2  	fcvt.d.w	fs8, zero
800000dc: d3 0c 00 d2  	fcvt.d.w	fs9, zero
800000e0: 53 0d 00 d2  	fcvt.d.w	fs10, zero
800000e4: d3 0d 00 d2  	fcvt.d.w	fs11, zero
800000e8: 53 0e 00 d2  	fcvt.d.w	ft8, zero
800000ec: d3 0e 00 d2  	fcvt.d.w	ft9, zero
800000f0: 53 0f 00 d2  	fcvt.d.w	ft10, zero
800000f4: d3 0f 00 d2  	fcvt.d.w	ft11, zero

800000f8 <snrt.crt0.init_global_pointer>:
800000f8: 97 41 00 00  	auipc	gp, 4
800000fc: 93 81 81 25  	addi	gp, gp, 600

80000100 <snrt.crt0.init_core_info>:
80000100: 73 25 40 f1  	csrr	a0, mhartid
80000104: 93 02 00 00  	li	t0, 0
80000108: 33 05 55 40  	sub	a0, a0, t0
8000010c: 93 05 20 00  	li	a1, 2
80000110: b3 42 b5 02  	div	t0, a0, a1
80000114: 33 75 b5 02  	remu	a0, a0, a1
80000118: 37 06 00 10  	lui	a2, 65536
8000011c: 13 03 00 00  	li	t1, 0
80000120: b3 02 53 02  	mul	t0, t1, t0
80000124: 33 06 56 00  	add	a2, a2, t0
80000128: b7 02 02 00  	lui	t0, 32
8000012c: 33 06 56 00  	add	a2, a2, t0

80000130 <snrt.crt0.init_cls>:
80000130: 97 42 00 00  	auipc	t0, 4
80000134: 93 82 02 a2  	addi	t0, t0, -1504
80000138: 17 43 00 00  	auipc	t1, 4
8000013c: 13 03 83 a1  	addi	t1, t1, -1512
80000140: b3 82 62 40  	sub	t0, t0, t1
80000144: 33 06 56 40  	sub	a2, a2, t0
80000148: 97 42 00 00  	auipc	t0, 4
8000014c: 93 82 82 a1  	addi	t0, t0, -1512
80000150: 17 43 00 00  	auipc	t1, 4
80000154: 13 03 03 a0  	addi	t1, t1, -1536
80000158: b3 82 62 40  	sub	t0, t0, t1
8000015c: 33 06 56 40  	sub	a2, a2, t0

80000160 <snrt.crt0.init_stack>:
80000160: 13 06 86 ff  	addi	a2, a2, -8
80000164: 23 20 06 00  	sw	zero, 0(a2)
80000168: 93 12 a5 00  	slli	t0, a0, 10
8000016c: 33 01 56 40  	sub	sp, a2, t0
80000170: 33 93 75 00  	sll	t1, a1, t2
80000174: 33 06 66 40  	sub	a2, a2, t1
80000178: 93 12 35 00  	slli	t0, a0, 3
8000017c: 13 93 35 00  	slli	t1, a1, 3
80000180: 33 01 51 40  	sub	sp, sp, t0
80000184: 33 06 66 40  	sub	a2, a2, t1

80000188 <snrt.crt0.init_tls>:
80000188: 97 42 00 00  	auipc	t0, 4
8000018c: 93 82 02 9c  	addi	t0, t0, -1600
80000190: 17 43 00 00  	auipc	t1, 4
80000194: 13 03 83 9b  	addi	t1, t1, -1608
80000198: b3 82 62 40  	sub	t0, t0, t1
8000019c: 33 01 51 40  	sub	sp, sp, t0
800001a0: 97 42 00 00  	auipc	t0, 4
800001a4: 93 82 02 9b  	addi	t0, t0, -1616
800001a8: 17 43 00 00  	auipc	t1, 4
800001ac: 13 03 03 9a  	addi	t1, t1, -1632
800001b0: b3 82 62 40  	sub	t0, t0, t1
800001b4: 33 01 51 40  	sub	sp, sp, t0
800001b8: 13 71 81 ff  	andi	sp, sp, -8
800001bc: 13 02 01 00  	mv	tp, sp
800001c0: 13 71 81 ff  	andi	sp, sp, -8

800001c4 <snrt.crt0.main>:
800001c4: ef 20 10 10  	jal	0x80002ac4 <snrt_main>

800001c8 <snrt.crt0.end>:
800001c8: 73 00 50 10  	wfi
800001cc: 6f f0 df ff  	j	0x800001c8 <snrt.crt0.end>

800001d0 <xdma_memcpy_nd>:
800001d0: 13 01 01 fe  	addi	sp, sp, -32
800001d4: 23 2e 11 00  	sw	ra, 28(sp)
800001d8: 23 2c 81 00  	sw	s0, 24(sp)
800001dc: 23 2a 91 00  	sw	s1, 20(sp)
800001e0: 23 28 21 01  	sw	s2, 16(sp)
800001e4: 23 26 31 01  	sw	s3, 12(sp)
800001e8: 23 24 41 01  	sw	s4, 8(sp)
800001ec: 23 22 51 01  	sw	s5, 4(sp)
800001f0: 73 10 05 3c  	csrw	pmpaddr16, a0
800001f4: 73 50 10 3c  	csrwi	pmpaddr17, 0
800001f8: 73 90 85 3c  	csrw	pmpaddr24, a1
800001fc: 73 50 90 3c  	csrwi	pmpaddr25, 0
80000200: 83 25 08 00  	lw	a1, 0(a6)
80000204: 13 05 90 00  	li	a0, 9
80000208: 63 ec a5 00  	bltu	a1, a0, 0x80000220 <xdma_memcpy_nd+0x50>
8000020c: 17 35 00 00  	auipc	a0, 3
80000210: 13 05 f5 5c  	addi	a0, a0, 1487
80000214: ef 00 50 73  	jal	0x80001148 <printf_>
80000218: 13 05 f0 ff  	li	a0, -1
8000021c: 6f 00 40 1a  	j	0x800003c0 <xdma_memcpy_nd+0x1f0>
80000220: 03 a5 08 00  	lw	a0, 0(a7)
80000224: 93 02 80 00  	li	t0, 8
80000228: 63 fc a2 00  	bgeu	t0, a0, 0x80000240 <xdma_memcpy_nd+0x70>
8000022c: 17 35 00 00  	auipc	a0, 3
80000230: 13 05 25 7c  	addi	a0, a0, 1986
80000234: ef 00 50 71  	jal	0x80001148 <printf_>
80000238: 13 05 e0 ff  	li	a0, -2
8000023c: 6f 00 40 18  	j	0x800003c0 <xdma_memcpy_nd+0x1f0>
80000240: 93 03 f6 ff  	addi	t2, a2, -1
80000244: 13 05 10 00  	li	a0, 1
80000248: 13 03 20 00  	li	t1, 2
8000024c: 93 02 10 00  	li	t0, 1
80000250: 63 e2 63 02  	bltu	t2, t1, 0x80000274 <xdma_memcpy_nd+0xa4>
80000254: 93 03 e6 ff  	addi	t2, a2, -2
80000258: 13 0e 48 00  	addi	t3, a6, 4
8000025c: 93 02 10 00  	li	t0, 1
80000260: 83 2e 0e 00  	lw	t4, 0(t3)
80000264: b3 82 5e 02  	mul	t0, t4, t0
80000268: 93 83 f3 ff  	addi	t2, t2, -1
8000026c: 13 0e 4e 00  	addi	t3, t3, 4
80000270: e3 98 03 fe  	bnez	t2, 0x80000260 <xdma_memcpy_nd+0x90>
80000274: 93 83 f6 ff  	addi	t2, a3, -1
80000278: 63 e2 63 02  	bltu	t2, t1, 0x8000029c <xdma_memcpy_nd+0xcc>
8000027c: 13 83 e6 ff  	addi	t1, a3, -2
80000280: 93 83 48 00  	addi	t2, a7, 4
80000284: 13 05 10 00  	li	a0, 1
80000288: 03 ae 03 00  	lw	t3, 0(t2)
8000028c: 33 05 ae 02  	mul	a0, t3, a0
80000290: 13 03 f3 ff  	addi	t1, t1, -1
80000294: 93 83 43 00  	addi	t2, t2, 4
80000298: e3 18 03 fe  	bnez	t1, 0x80000288 <xdma_memcpy_nd+0xb8>
8000029c: 63 9a a2 10  	bne	t0, a0, 0x800003b0 <xdma_memcpy_nd+0x1e0>
800002a0: 13 89 08 00  	mv	s2, a7
800002a4: 93 84 07 00  	mv	s1, a5
800002a8: 93 89 06 00  	mv	s3, a3
800002ac: 63 0a 06 04  	beqz	a2, 0x80000300 <xdma_memcpy_nd+0x130>
800002b0: 13 04 07 00  	mv	s0, a4
800002b4: 13 0a 08 00  	mv	s4, a6
800002b8: 13 05 20 3c  	li	a0, 962
800002bc: 93 0a 06 00  	mv	s5, a2
800002c0: ef 00 c0 18  	jal	0x8000044c <csrw_ss>
800002c4: 83 25 04 00  	lw	a1, 0(s0)
800002c8: 13 05 50 3c  	li	a0, 965
800002cc: ef 00 00 18  	jal	0x8000044c <csrw_ss>
800002d0: 13 86 0a 00  	mv	a2, s5
800002d4: 13 05 10 00  	li	a0, 1
800002d8: 63 84 aa 02  	beq	s5, a0, 0x80000300 <xdma_memcpy_nd+0x130>
800002dc: 83 25 4a 00  	lw	a1, 4(s4)
800002e0: 13 05 30 3c  	li	a0, 963
800002e4: ef 00 80 16  	jal	0x8000044c <csrw_ss>
800002e8: 83 25 44 00  	lw	a1, 4(s0)
800002ec: 13 05 60 3c  	li	a0, 966
800002f0: ef 00 c0 15  	jal	0x8000044c <csrw_ss>
800002f4: 13 86 0a 00  	mv	a2, s5
800002f8: 13 05 20 00  	li	a0, 2
800002fc: 63 94 aa 0e  	bne	s5, a0, 0x800003e4 <xdma_memcpy_nd+0x214>
80000300: 13 04 26 3c  	addi	s0, a2, 962
80000304: 13 0a 50 3c  	li	s4, 965
80000308: 93 05 10 00  	li	a1, 1
8000030c: 13 05 04 00  	mv	a0, s0
80000310: ef 00 c0 13  	jal	0x8000044c <csrw_ss>
80000314: 13 05 34 00  	addi	a0, s0, 3
80000318: 93 05 00 00  	li	a1, 0
8000031c: ef 00 00 13  	jal	0x8000044c <csrw_ss>
80000320: 13 04 14 00  	addi	s0, s0, 1
80000324: e3 12 44 ff  	bne	s0, s4, 0x80000308 <xdma_memcpy_nd+0x138>
80000328: 13 86 09 00  	mv	a2, s3
8000032c: 63 86 09 04  	beqz	s3, 0x80000378 <xdma_memcpy_nd+0x1a8>
80000330: 83 25 09 00  	lw	a1, 0(s2)
80000334: 13 05 a0 3c  	li	a0, 970
80000338: ef 00 40 11  	jal	0x8000044c <csrw_ss>
8000033c: 83 a5 04 00  	lw	a1, 0(s1)
80000340: 13 05 d0 3c  	li	a0, 973
80000344: ef 00 80 10  	jal	0x8000044c <csrw_ss>
80000348: 13 86 09 00  	mv	a2, s3
8000034c: 13 05 10 00  	li	a0, 1
80000350: 63 84 a9 02  	beq	s3, a0, 0x80000378 <xdma_memcpy_nd+0x1a8>
80000354: 83 25 49 00  	lw	a1, 4(s2)
80000358: 13 05 b0 3c  	li	a0, 971
8000035c: ef 00 00 0f  	jal	0x8000044c <csrw_ss>
80000360: 83 a5 44 00  	lw	a1, 4(s1)
80000364: 13 05 e0 3c  	li	a0, 974
80000368: ef 00 40 0e  	jal	0x8000044c <csrw_ss>
8000036c: 13 86 09 00  	mv	a2, s3
80000370: 13 05 20 00  	li	a0, 2
80000374: 63 90 a9 0a  	bne	s3, a0, 0x80000414 <xdma_memcpy_nd+0x244>
80000378: 13 04 a6 3c  	addi	s0, a2, 970
8000037c: 93 04 d0 3c  	li	s1, 973
80000380: 93 05 10 00  	li	a1, 1
80000384: 13 05 04 00  	mv	a0, s0
80000388: ef 00 40 0c  	jal	0x8000044c <csrw_ss>
8000038c: 13 05 34 00  	addi	a0, s0, 3
80000390: 93 05 00 00  	li	a1, 0
80000394: ef 00 80 0b  	jal	0x8000044c <csrw_ss>
80000398: 13 04 14 00  	addi	s0, s0, 1
8000039c: e3 12 94 fe  	bne	s0, s1, 0x80000380 <xdma_memcpy_nd+0x1b0>
800003a0: 83 25 01 02  	lw	a1, 32(sp)
800003a4: 13 05 00 00  	li	a0, 0
800003a8: 73 90 05 3d  	csrw	pmpaddr32, a1
800003ac: 6f 00 40 01  	j	0x800003c0 <xdma_memcpy_nd+0x1f0>
800003b0: 17 35 00 00  	auipc	a0, 3
800003b4: 13 05 a5 56  	addi	a0, a0, 1386
800003b8: ef 00 10 59  	jal	0x80001148 <printf_>
800003bc: 13 05 d0 ff  	li	a0, -3
800003c0: 83 20 c1 01  	lw	ra, 28(sp)
800003c4: 03 24 81 01  	lw	s0, 24(sp)
800003c8: 83 24 41 01  	lw	s1, 20(sp)
800003cc: 03 29 01 01  	lw	s2, 16(sp)
800003d0: 83 29 c1 00  	lw	s3, 12(sp)
800003d4: 03 2a 81 00  	lw	s4, 8(sp)
800003d8: 83 2a 41 00  	lw	s5, 4(sp)
800003dc: 13 01 01 02  	addi	sp, sp, 32
800003e0: 67 80 00 00  	ret
800003e4: 83 25 8a 00  	lw	a1, 8(s4)
800003e8: 13 05 40 3c  	li	a0, 964
800003ec: 13 0a 06 00  	mv	s4, a2
800003f0: ef 00 c0 05  	jal	0x8000044c <csrw_ss>
800003f4: 83 25 84 00  	lw	a1, 8(s0)
800003f8: 13 05 70 3c  	li	a0, 967
800003fc: ef 00 00 05  	jal	0x8000044c <csrw_ss>
80000400: 13 05 30 00  	li	a0, 3
80000404: e3 02 aa f2  	beq	s4, a0, 0x80000328 <xdma_memcpy_nd+0x158>
80000408: 17 35 00 00  	auipc	a0, 3
8000040c: 13 05 75 55  	addi	a0, a0, 1367
80000410: 6f 00 00 03  	j	0x80000440 <xdma_memcpy_nd+0x270>
80000414: 83 25 89 00  	lw	a1, 8(s2)
80000418: 13 05 c0 3c  	li	a0, 972
8000041c: 13 04 06 00  	mv	s0, a2
80000420: ef 00 c0 02  	jal	0x8000044c <csrw_ss>
80000424: 83 a5 84 00  	lw	a1, 8(s1)
80000428: 13 05 f0 3c  	li	a0, 975
8000042c: ef 00 00 02  	jal	0x8000044c <csrw_ss>
80000430: 13 05 30 00  	li	a0, 3
80000434: e3 06 a4 f6  	beq	s0, a0, 0x800003a0 <xdma_memcpy_nd+0x1d0>
80000438: 17 35 00 00  	auipc	a0, 3
8000043c: 13 05 75 40  	addi	a0, a0, 1031
80000440: ef 00 90 50  	jal	0x80001148 <printf_>
80000444: 13 05 c0 ff  	li	a0, -4
80000448: 6f f0 9f f7  	j	0x800003c0 <xdma_memcpy_nd+0x1f0>

8000044c <csrw_ss>:
8000044c: 13 05 05 c4  	addi	a0, a0, -960
80000450: 13 06 70 06  	li	a2, 103
80000454: 63 68 a6 30  	bltu	a2, a0, 0x80000764 <csrw_ss+0x318>
80000458: 13 15 25 00  	slli	a0, a0, 2
8000045c: 17 36 00 00  	auipc	a2, 3
80000460: 13 06 c6 dc  	addi	a2, a2, -564
80000464: 33 05 c5 00  	add	a0, a0, a2
80000468: 03 25 05 00  	lw	a0, 0(a0)
8000046c: 67 00 05 00  	jr	a0
80000470: 73 90 05 3c  	csrw	pmpaddr16, a1
80000474: 67 80 00 00  	ret
80000478: 73 90 45 41  	csrw	1044, a1
8000047c: 67 80 00 00  	ret
80000480: 73 90 35 41  	csrw	1043, a1
80000484: 67 80 00 00  	ret
80000488: 73 90 b5 41  	csrw	1051, a1
8000048c: 67 80 00 00  	ret
80000490: 73 90 f5 40  	csrw	1039, a1
80000494: 67 80 00 00  	ret
80000498: 73 90 05 42  	csrw	1056, a1
8000049c: 67 80 00 00  	ret
800004a0: 73 90 65 40  	csrw	1030, a1
800004a4: 67 80 00 00  	ret
800004a8: 73 90 d5 40  	csrw	1037, a1
800004ac: 67 80 00 00  	ret
800004b0: 73 90 d5 41  	csrw	1053, a1
800004b4: 67 80 00 00  	ret
800004b8: 73 90 25 3f  	csrw	1010, a1
800004bc: 67 80 00 00  	ret
800004c0: 73 90 85 41  	csrw	1048, a1
800004c4: 67 80 00 00  	ret
800004c8: 73 90 b5 3e  	csrw	pmpaddr59, a1
800004cc: 67 80 00 00  	ret
800004d0: 73 90 65 42  	csrw	1062, a1
800004d4: 67 80 00 00  	ret
800004d8: 73 90 25 40  	csrw	1026, a1
800004dc: 67 80 00 00  	ret
800004e0: 73 90 05 41  	csrw	1040, a1
800004e4: 67 80 00 00  	ret
800004e8: 73 90 75 40  	csrw	1031, a1
800004ec: 67 80 00 00  	ret
800004f0: 73 90 55 3e  	csrw	pmpaddr53, a1
800004f4: 67 80 00 00  	ret
800004f8: 73 90 55 3f  	csrw	1013, a1
800004fc: 67 80 00 00  	ret
80000500: 73 90 f5 3e  	csrw	pmpaddr63, a1
80000504: 67 80 00 00  	ret
80000508: 73 90 85 3f  	csrw	1016, a1
8000050c: 67 80 00 00  	ret
80000510: 73 90 b5 40  	csrw	1035, a1
80000514: 67 80 00 00  	ret
80000518: 73 90 35 3e  	csrw	pmpaddr51, a1
8000051c: 67 80 00 00  	ret
80000520: 73 90 45 3e  	csrw	pmpaddr52, a1
80000524: 67 80 00 00  	ret
80000528: 73 90 55 40  	csrw	1029, a1
8000052c: 67 80 00 00  	ret
80000530: 73 90 b5 3d  	csrw	pmpaddr43, a1
80000534: 67 80 00 00  	ret
80000538: 73 90 25 3e  	csrw	pmpaddr50, a1
8000053c: 67 80 00 00  	ret
80000540: 73 90 05 3d  	csrw	pmpaddr32, a1
80000544: 67 80 00 00  	ret
80000548: 73 90 35 40  	csrw	1027, a1
8000054c: 67 80 00 00  	ret
80000550: 73 90 c5 3e  	csrw	pmpaddr60, a1
80000554: 67 80 00 00  	ret
80000558: 73 90 e5 3c  	csrw	pmpaddr30, a1
8000055c: 67 80 00 00  	ret
80000560: 73 90 15 3e  	csrw	pmpaddr49, a1
80000564: 67 80 00 00  	ret
80000568: 73 90 05 3f  	csrw	1008, a1
8000056c: 67 80 00 00  	ret
80000570: 73 90 a5 3f  	csrw	1018, a1
80000574: 67 80 00 00  	ret
80000578: 73 90 25 41  	csrw	1042, a1
8000057c: 67 80 00 00  	ret
80000580: 73 90 b5 3c  	csrw	pmpaddr27, a1
80000584: 67 80 00 00  	ret
80000588: 73 90 15 41  	csrw	1041, a1
8000058c: 67 80 00 00  	ret
80000590: 73 90 15 3f  	csrw	1009, a1
80000594: 67 80 00 00  	ret
80000598: 73 90 45 3c  	csrw	pmpaddr20, a1
8000059c: 67 80 00 00  	ret
800005a0: 73 90 85 3e  	csrw	pmpaddr56, a1
800005a4: 67 80 00 00  	ret
800005a8: 73 90 c5 3f  	csrw	1020, a1
800005ac: 67 80 00 00  	ret
800005b0: 73 90 05 40  	csrw	1024, a1
800005b4: 67 80 00 00  	ret
800005b8: 73 90 c5 3c  	csrw	pmpaddr28, a1
800005bc: 67 80 00 00  	ret
800005c0: 73 90 95 3c  	csrw	pmpaddr25, a1
800005c4: 67 80 00 00  	ret
800005c8: 73 90 95 3d  	csrw	pmpaddr41, a1
800005cc: 67 80 00 00  	ret
800005d0: 73 90 85 3d  	csrw	pmpaddr40, a1
800005d4: 67 80 00 00  	ret
800005d8: 73 90 25 3c  	csrw	pmpaddr18, a1
800005dc: 67 80 00 00  	ret
800005e0: 73 90 f5 3c  	csrw	pmpaddr31, a1
800005e4: 67 80 00 00  	ret
800005e8: 73 90 f5 3f  	csrw	1023, a1
800005ec: 67 80 00 00  	ret
800005f0: 73 90 35 3c  	csrw	pmpaddr19, a1
800005f4: 67 80 00 00  	ret
800005f8: 73 90 75 3c  	csrw	pmpaddr23, a1
800005fc: 67 80 00 00  	ret
80000600: 73 90 15 3c  	csrw	pmpaddr17, a1
80000604: 67 80 00 00  	ret
80000608: 73 90 c5 41  	csrw	1052, a1
8000060c: 67 80 00 00  	ret
80000610: 73 90 25 42  	csrw	1058, a1
80000614: 67 80 00 00  	ret
80000618: 73 90 f5 3d  	csrw	pmpaddr47, a1
8000061c: 67 80 00 00  	ret
80000620: 73 90 15 3d  	csrw	pmpaddr33, a1
80000624: 67 80 00 00  	ret
80000628: 73 90 e5 41  	csrw	1054, a1
8000062c: 67 80 00 00  	ret
80000630: 73 90 95 3e  	csrw	pmpaddr57, a1
80000634: 67 80 00 00  	ret
80000638: 73 90 c5 40  	csrw	1036, a1
8000063c: 67 80 00 00  	ret
80000640: 73 90 45 3d  	csrw	pmpaddr36, a1
80000644: 67 80 00 00  	ret
80000648: 73 90 d5 3f  	csrw	1021, a1
8000064c: 67 80 00 00  	ret
80000650: 73 90 55 3c  	csrw	pmpaddr21, a1
80000654: 67 80 00 00  	ret
80000658: 73 90 15 40  	csrw	1025, a1
8000065c: 67 80 00 00  	ret
80000660: 73 90 e5 3f  	csrw	1022, a1
80000664: 67 80 00 00  	ret
80000668: 73 90 55 3d  	csrw	pmpaddr37, a1
8000066c: 67 80 00 00  	ret
80000670: 73 90 d5 3c  	csrw	pmpaddr29, a1
80000674: 67 80 00 00  	ret
80000678: 73 90 65 3c  	csrw	pmpaddr22, a1
8000067c: 67 80 00 00  	ret
80000680: 73 90 25 3d  	csrw	pmpaddr34, a1
80000684: 67 80 00 00  	ret
80000688: 73 90 a5 3c  	csrw	pmpaddr26, a1
8000068c: 67 80 00 00  	ret
80000690: 73 90 85 3c  	csrw	pmpaddr24, a1
80000694: 67 80 00 00  	ret
80000698: 73 90 e5 3d  	csrw	pmpaddr46, a1
8000069c: 67 80 00 00  	ret
800006a0: 73 90 05 3e  	csrw	pmpaddr48, a1
800006a4: 67 80 00 00  	ret
800006a8: 73 90 d5 3e  	csrw	pmpaddr61, a1
800006ac: 67 80 00 00  	ret
800006b0: 73 90 55 41  	csrw	1045, a1
800006b4: 67 80 00 00  	ret
800006b8: 73 90 65 3d  	csrw	pmpaddr38, a1
800006bc: 67 80 00 00  	ret
800006c0: 73 90 65 41  	csrw	1046, a1
800006c4: 67 80 00 00  	ret
800006c8: 73 90 75 3e  	csrw	pmpaddr55, a1
800006cc: 67 80 00 00  	ret
800006d0: 73 90 35 3d  	csrw	pmpaddr35, a1
800006d4: 67 80 00 00  	ret
800006d8: 73 90 95 3f  	csrw	1017, a1
800006dc: 67 80 00 00  	ret
800006e0: 73 90 a5 3e  	csrw	pmpaddr58, a1
800006e4: 67 80 00 00  	ret
800006e8: 73 90 b5 3f  	csrw	1019, a1
800006ec: 67 80 00 00  	ret
800006f0: 73 90 75 3d  	csrw	pmpaddr39, a1
800006f4: 67 80 00 00  	ret
800006f8: 73 90 c5 3d  	csrw	pmpaddr44, a1
800006fc: 67 80 00 00  	ret
80000700: 73 90 d5 3d  	csrw	pmpaddr45, a1
80000704: 67 80 00 00  	ret
80000708: 73 90 65 3e  	csrw	pmpaddr54, a1
8000070c: 67 80 00 00  	ret
80000710: 73 90 a5 3d  	csrw	pmpaddr42, a1
80000714: 67 80 00 00  	ret
80000718: 73 90 65 3f  	csrw	1014, a1
8000071c: 67 80 00 00  	ret
80000720: 73 90 85 40  	csrw	1032, a1
80000724: 67 80 00 00  	ret
80000728: 73 90 75 3f  	csrw	1015, a1
8000072c: 67 80 00 00  	ret
80000730: 73 90 45 3f  	csrw	1012, a1
80000734: 67 80 00 00  	ret
80000738: 73 90 e5 3e  	csrw	pmpaddr62, a1
8000073c: 67 80 00 00  	ret
80000740: 73 90 95 40  	csrw	1033, a1
80000744: 67 80 00 00  	ret
80000748: 73 90 75 41  	csrw	1047, a1
8000074c: 67 80 00 00  	ret
80000750: 73 90 a5 40  	csrw	1034, a1
80000754: 67 80 00 00  	ret
80000758: 73 90 35 3f  	csrw	1011, a1
8000075c: 67 80 00 00  	ret
80000760: 73 90 75 42  	csrw	1063, a1
80000764: 67 80 00 00  	ret
80000768: 73 90 e5 40  	csrw	1038, a1
8000076c: 67 80 00 00  	ret
80000770: 73 90 55 42  	csrw	1061, a1
80000774: 67 80 00 00  	ret
80000778: 73 90 45 40  	csrw	1028, a1
8000077c: 67 80 00 00  	ret
80000780: 73 90 f5 41  	csrw	1055, a1
80000784: 67 80 00 00  	ret
80000788: 73 90 45 42  	csrw	1060, a1
8000078c: 67 80 00 00  	ret
80000790: 73 90 a5 41  	csrw	1050, a1
80000794: 67 80 00 00  	ret
80000798: 73 90 95 41  	csrw	1049, a1
8000079c: 67 80 00 00  	ret
800007a0: 73 90 15 42  	csrw	1057, a1
800007a4: 67 80 00 00  	ret
800007a8: 73 90 35 42  	csrw	1059, a1
800007ac: 67 80 00 00  	ret

800007b0 <xdma_memcpy_1d>:
800007b0: 13 01 01 fe  	addi	sp, sp, -32
800007b4: 23 2e 11 00  	sw	ra, 28(sp)
800007b8: 93 76 f6 03  	andi	a3, a2, 63
800007bc: 63 80 06 02  	beqz	a3, 0x800007dc <xdma_memcpy_1d+0x2c>
800007c0: 17 35 00 00  	auipc	a0, 3
800007c4: 13 05 75 26  	addi	a0, a0, 615
800007c8: ef 00 10 18  	jal	0x80001148 <printf_>
800007cc: 13 05 f0 ff  	li	a0, -1
800007d0: 83 20 c1 01  	lw	ra, 28(sp)
800007d4: 13 01 01 02  	addi	sp, sp, 32
800007d8: 67 80 00 00  	ret
800007dc: 93 06 00 04  	li	a3, 64
800007e0: 23 2a d1 00  	sw	a3, 20(sp)
800007e4: 93 06 80 00  	li	a3, 8
800007e8: 23 28 d1 00  	sw	a3, 16(sp)
800007ec: 23 24 d1 00  	sw	a3, 8(sp)
800007f0: 13 56 66 00  	srli	a2, a2, 6
800007f4: 23 26 c1 00  	sw	a2, 12(sp)
800007f8: 93 02 f0 0f  	li	t0, 255
800007fc: 13 06 20 00  	li	a2, 2
80000800: 93 06 20 00  	li	a3, 2
80000804: 13 07 01 01  	addi	a4, sp, 16
80000808: 93 07 01 01  	addi	a5, sp, 16
8000080c: 13 08 81 00  	addi	a6, sp, 8
80000810: 93 08 81 00  	addi	a7, sp, 8
80000814: 23 20 51 00  	sw	t0, 0(sp)
80000818: ef f0 9f 9b  	jal	0x800001d0 <xdma_memcpy_nd>
8000081c: 83 20 c1 01  	lw	ra, 28(sp)
80000820: 13 01 01 02  	addi	sp, sp, 32
80000824: 67 80 00 00  	ret

80000828 <xdma_enable_src_ext>:
80000828: 13 05 f0 ff  	li	a0, -1
8000082c: 67 80 00 00  	ret

80000830 <xdma_enable_dst_ext>:
80000830: 13 01 01 ff  	addi	sp, sp, -16
80000834: 23 26 11 00  	sw	ra, 12(sp)
80000838: 23 24 81 00  	sw	s0, 8(sp)
8000083c: 23 22 91 00  	sw	s1, 4(sp)
80000840: 23 20 21 01  	sw	s2, 0(sp)
80000844: 13 84 05 00  	mv	s0, a1
80000848: 13 06 20 00  	li	a2, 2
8000084c: 93 05 f0 ff  	li	a1, -1
80000850: 63 66 a6 08  	bltu	a2, a0, 0x800008dc <xdma_enable_dst_ext+0xac>
80000854: 63 04 05 02  	beqz	a0, 0x8000087c <xdma_enable_dst_ext+0x4c>
80000858: 97 35 00 00  	auipc	a1, 3
8000085c: 93 85 f5 02  	addi	a1, a1, 47
80000860: 33 86 a5 00  	add	a2, a1, a0
80000864: 93 04 20 3d  	li	s1, 978
80000868: 83 c6 05 00  	lbu	a3, 0(a1)
8000086c: 93 85 15 00  	addi	a1, a1, 1
80000870: b3 84 d4 00  	add	s1, s1, a3
80000874: e3 9a c5 fe  	bne	a1, a2, 0x80000868 <xdma_enable_dst_ext+0x38>
80000878: 6f 00 80 00  	j	0x80000880 <xdma_enable_dst_ext+0x50>
8000087c: 93 04 20 3d  	li	s1, 978
80000880: f3 25 10 3d  	csrr	a1, pmpaddr33
80000884: 13 06 10 00  	li	a2, 1
80000888: 33 16 a6 00  	sll	a2, a2, a0
8000088c: 13 46 f6 ff  	not	a2, a2
80000890: b3 f5 c5 00  	and	a1, a1, a2
80000894: 13 06 20 00  	li	a2, 2
80000898: 73 90 15 3d  	csrw	pmpaddr33, a1
8000089c: 63 0e c5 02  	beq	a0, a2, 0x800008d8 <xdma_enable_dst_ext+0xa8>
800008a0: 97 35 00 00  	auipc	a1, 3
800008a4: 93 85 75 fe  	addi	a1, a1, -25
800008a8: 33 85 a5 00  	add	a0, a1, a0
800008ac: 03 45 05 00  	lbu	a0, 0(a0)
800008b0: 93 35 15 00  	seqz	a1, a0
800008b4: 33 05 b5 00  	add	a0, a0, a1
800008b8: 13 15 25 00  	slli	a0, a0, 2
800008bc: 33 09 a4 00  	add	s2, s0, a0
800008c0: 83 25 04 00  	lw	a1, 0(s0)
800008c4: 13 85 04 00  	mv	a0, s1
800008c8: ef f0 5f b8  	jal	0x8000044c <csrw_ss>
800008cc: 13 04 44 00  	addi	s0, s0, 4
800008d0: 93 84 14 00  	addi	s1, s1, 1
800008d4: e3 16 24 ff  	bne	s0, s2, 0x800008c0 <xdma_enable_dst_ext+0x90>
800008d8: 93 05 00 00  	li	a1, 0
800008dc: 13 85 05 00  	mv	a0, a1
800008e0: 83 20 c1 00  	lw	ra, 12(sp)
800008e4: 03 24 81 00  	lw	s0, 8(sp)
800008e8: 83 24 41 00  	lw	s1, 4(sp)
800008ec: 03 29 01 00  	lw	s2, 0(sp)
800008f0: 13 01 01 01  	addi	sp, sp, 16
800008f4: 67 80 00 00  	ret

800008f8 <xdma_disable_src_ext>:
800008f8: 13 05 00 00  	li	a0, 0
800008fc: 67 80 00 00  	ret

80000900 <xdma_disable_dst_ext>:
80000900: 93 05 20 00  	li	a1, 2
80000904: 63 ec a5 00  	bltu	a1, a0, 0x8000091c <xdma_disable_dst_ext+0x1c>
80000908: f3 25 10 3d  	csrr	a1, pmpaddr33
8000090c: 13 06 10 00  	li	a2, 1
80000910: 33 15 a6 00  	sll	a0, a2, a0
80000914: 33 e5 a5 00  	or	a0, a1, a0
80000918: 73 10 15 3d  	csrw	pmpaddr33, a0
8000091c: 13 05 00 00  	li	a0, 0
80000920: 67 80 00 00  	ret

80000924 <xdma_start>:
80000924: 73 25 50 3d  	csrr	a0, pmpaddr37
80000928: 73 d0 40 3d  	csrwi	pmpaddr36, 1
8000092c: f3 25 50 3d  	csrr	a1, pmpaddr37
80000930: e3 8e a5 fe  	beq	a1, a0, 0x8000092c <xdma_start+0x8>
80000934: 73 25 50 3d  	csrr	a0, pmpaddr37
80000938: 67 80 00 00  	ret

8000093c <xdma_is_finished>:
8000093c: f3 25 60 3d  	csrr	a1, pmpaddr38
80000940: 33 b5 a5 00  	sltu	a0, a1, a0
80000944: 13 45 15 00  	xori	a0, a0, 1
80000948: 67 80 00 00  	ret

8000094c <xdma_wait>:
8000094c: f3 25 60 3d  	csrr	a1, pmpaddr38
80000950: e3 ee a5 fe  	bltu	a1, a0, 0x8000094c <xdma_wait>
80000954: 67 80 00 00  	ret

80000958 <snrt_l1_next>:
80000958: 03 25 02 00  	lw	a0, 0(tp)
8000095c: 03 25 c5 00  	lw	a0, 12(a0)
80000960: 67 80 00 00  	ret

80000964 <snrt_l3_next>:
80000964: 17 35 00 00  	auipc	a0, 3
80000968: 03 25 85 2c  	lw	a0, 712(a0)
8000096c: 67 80 00 00  	ret

80000970 <snrt_l1alloc>:
80000970: 03 26 02 00  	lw	a2, 0(tp)
80000974: 83 25 c6 00  	lw	a1, 12(a2)
80000978: 13 05 75 00  	addi	a0, a0, 7
8000097c: 13 75 85 ff  	andi	a0, a0, -8
80000980: 33 85 a5 00  	add	a0, a1, a0
80000984: 23 26 a6 00  	sw	a0, 12(a2)
80000988: 13 85 05 00  	mv	a0, a1
8000098c: 67 80 00 00  	ret

80000990 <snrt_l3alloc>:
80000990: 17 36 00 00  	auipc	a2, 3
80000994: 83 25 c6 29  	lw	a1, 668(a2)
80000998: 33 85 a5 00  	add	a0, a1, a0
8000099c: 23 2e a6 28  	sw	a0, 668(a2)
800009a0: 13 85 05 00  	mv	a0, a1
800009a4: 67 80 00 00  	ret

800009a8 <snrt_l1_update_next>:
800009a8: 83 25 02 00  	lw	a1, 0(tp)
800009ac: 23 a6 a5 00  	sw	a0, 12(a1)
800009b0: 67 80 00 00  	ret

800009b4 <snrt_alloc_init>:
800009b4: 73 25 30 bc  	csrr	a0, 3011
800009b8: 93 15 05 01  	slli	a1, a0, 16
800009bc: 93 d5 05 01  	srli	a1, a1, 16
800009c0: 13 55 05 01  	srli	a0, a0, 16
800009c4: 13 05 f5 ff  	addi	a0, a0, -1
800009c8: 63 ee a5 02  	bltu	a1, a0, 0x80000a04 <snrt_alloc_init+0x50>
800009cc: 03 25 02 00  	lw	a0, 0(tp)
800009d0: b7 05 00 10  	lui	a1, 65536
800009d4: 23 22 b5 00  	sw	a1, 4(a0)
800009d8: 37 06 02 00  	lui	a2, 32
800009dc: 23 24 c5 00  	sw	a2, 8(a0)
800009e0: 23 26 b5 00  	sw	a1, 12(a0)
800009e4: 17 35 00 00  	auipc	a0, 3
800009e8: 13 05 35 25  	addi	a0, a0, 595
800009ec: 13 75 85 ff  	andi	a0, a0, -8
800009f0: 97 35 00 00  	auipc	a1, 3
800009f4: 93 85 45 23  	addi	a1, a1, 564
800009f8: 23 a0 a5 00  	sw	a0, 0(a1)
800009fc: 23 a2 05 00  	sw	zero, 4(a1)
80000a00: 23 a4 a5 00  	sw	a0, 8(a1)
80000a04: 67 80 00 00  	ret

80000a08 <snrt_int_cluster_set>:
80000a08: b7 05 02 10  	lui	a1, 65568
80000a0c: 23 a0 a5 18  	sw	a0, 384(a1)
80000a10: 67 80 00 00  	ret

80000a14 <snrt_int_cluster_clr>:
80000a14: b7 05 02 10  	lui	a1, 65568
80000a18: 23 a4 a5 18  	sw	a0, 392(a1)
80000a1c: 67 80 00 00  	ret

80000a20 <snrt_int_clr_mcip>:
80000a20: 73 25 30 bc  	csrr	a0, 3011
80000a24: 93 05 10 00  	li	a1, 1
80000a28: 33 95 a5 00  	sll	a0, a1, a0
80000a2c: b7 05 02 10  	lui	a1, 65568
80000a30: 23 a4 a5 18  	sw	a0, 392(a1)
80000a34: 73 25 40 34  	csrr	a0, mip
80000a38: 13 15 c5 00  	slli	a0, a0, 12
80000a3c: e3 4c 05 fe  	bltz	a0, 0x80000a34 <snrt_int_clr_mcip+0x14>
80000a40: 67 80 00 00  	ret

80000a44 <snrt_int_set_mcip>:
80000a44: 73 25 30 bc  	csrr	a0, 3011
80000a48: 93 05 10 00  	li	a1, 1
80000a4c: 33 95 a5 00  	sll	a0, a1, a0
80000a50: b7 05 02 10  	lui	a1, 65568
80000a54: 23 a0 a5 18  	sw	a0, 384(a1)
80000a58: 67 80 00 00  	ret

80000a5c <snrt_dma_start_1d_wideptr>:
80000a5c: 63 0a 07 00  	beqz	a4, 0x80000a70 <snrt_dma_start_1d_wideptr+0x14>
80000a60: 2b 00 d6 00  	<unknown>
80000a64: 2b 00 b5 02  	<unknown>
80000a68: 2b 05 07 04  	<unknown>
80000a6c: 67 80 00 00  	ret
80000a70: 13 05 f0 ff  	li	a0, -1
80000a74: 67 80 00 00  	ret

80000a78 <snrt_dma_start_1d>:
80000a78: 63 02 06 02  	beqz	a2, 0x80000a9c <snrt_dma_start_1d+0x24>
80000a7c: 13 07 06 00  	mv	a4, a2
80000a80: 93 06 00 00  	li	a3, 0
80000a84: 13 86 05 00  	mv	a2, a1
80000a88: 2b 00 d6 00  	<unknown>
80000a8c: 93 05 00 00  	li	a1, 0
80000a90: 2b 00 b5 02  	<unknown>
80000a94: 2b 05 07 04  	<unknown>
80000a98: 67 80 00 00  	ret
80000a9c: 13 05 f0 ff  	li	a0, -1
80000aa0: 67 80 00 00  	ret

80000aa4 <snrt_dma_start_2d_wideptr>:
80000aa4: 63 0e 07 00  	beqz	a4, 0x80000ac0 <snrt_dma_start_2d_wideptr+0x1c>
80000aa8: 2b 00 d6 00  	<unknown>
80000aac: 2b 00 b5 02  	<unknown>
80000ab0: 2b 00 f8 0c  	<unknown>
80000ab4: 2b 80 08 0e  	<unknown>
80000ab8: 2b 05 27 04  	<unknown>
80000abc: 67 80 00 00  	ret
80000ac0: 13 05 f0 ff  	li	a0, -1
80000ac4: 67 80 00 00  	ret

80000ac8 <snrt_dma_start_2d>:
80000ac8: 63 0c 06 02  	beqz	a2, 0x80000b00 <snrt_dma_start_2d+0x38>
80000acc: 93 88 07 00  	mv	a7, a5
80000ad0: 13 08 07 00  	mv	a6, a4
80000ad4: 93 87 06 00  	mv	a5, a3
80000ad8: 13 07 06 00  	mv	a4, a2
80000adc: 93 06 00 00  	li	a3, 0
80000ae0: 13 86 05 00  	mv	a2, a1
80000ae4: 2b 00 d6 00  	<unknown>
80000ae8: 93 05 00 00  	li	a1, 0
80000aec: 2b 00 b5 02  	<unknown>
80000af0: 2b 00 f8 0c  	<unknown>
80000af4: 2b 80 08 0e  	<unknown>
80000af8: 2b 05 27 04  	<unknown>
80000afc: 67 80 00 00  	ret
80000b00: 13 05 f0 ff  	li	a0, -1
80000b04: 67 80 00 00  	ret

80000b08 <snrt_dma_wait>:
80000b08: ab 02 00 08  	<unknown>
80000b0c: b3 82 a2 40  	sub	t0, t0, a0
80000b10: e3 5c 50 fe  	blez	t0, 0x80000b08 <snrt_dma_wait>
80000b14: 67 80 00 00  	ret

80000b18 <snrt_dma_wait_all>:
80000b18: ab 02 20 08  	<unknown>
80000b1c: e3 9e 02 fe  	bnez	t0, 0x80000b18 <snrt_dma_wait_all>
80000b20: 67 80 00 00  	ret

80000b24 <eu_init>:
80000b24: 73 25 30 bc  	csrr	a0, 3011
80000b28: 13 15 05 01  	slli	a0, a0, 16
80000b2c: 63 0e 05 00  	beqz	a0, 0x80000b48 <eu_init+0x24>
80000b30: 17 35 00 00  	auipc	a0, 3
80000b34: 83 25 05 0e  	lw	a1, 224(a0)
80000b38: e3 8e 05 fe  	beqz	a1, 0x80000b34 <eu_init+0x10>
80000b3c: 03 25 05 0e  	lw	a0, 224(a0)
80000b40: 23 22 a2 00  	sw	a0, 4(tp)
80000b44: 67 80 00 00  	ret
80000b48: 03 25 02 00  	lw	a0, 0(tp)
80000b4c: 83 25 c5 00  	lw	a1, 12(a0)
80000b50: 13 86 85 02  	addi	a2, a1, 40
80000b54: 23 26 c5 00  	sw	a2, 12(a0)
80000b58: 23 22 b2 00  	sw	a1, 4(tp)
80000b5c: 23 80 05 00  	sb	zero, 0(a1)
80000b60: a3 80 05 00  	sb	zero, 1(a1)
80000b64: 23 81 05 00  	sb	zero, 2(a1)
80000b68: a3 81 05 00  	sb	zero, 3(a1)
80000b6c: 23 82 05 00  	sb	zero, 4(a1)
80000b70: a3 82 05 00  	sb	zero, 5(a1)
80000b74: 23 83 05 00  	sb	zero, 6(a1)
80000b78: a3 83 05 00  	sb	zero, 7(a1)
80000b7c: 23 84 05 00  	sb	zero, 8(a1)
80000b80: a3 84 05 00  	sb	zero, 9(a1)
80000b84: 23 85 05 00  	sb	zero, 10(a1)
80000b88: a3 85 05 00  	sb	zero, 11(a1)
80000b8c: 23 86 05 00  	sb	zero, 12(a1)
80000b90: a3 86 05 00  	sb	zero, 13(a1)
80000b94: 23 87 05 00  	sb	zero, 14(a1)
80000b98: a3 87 05 00  	sb	zero, 15(a1)
80000b9c: 23 88 05 00  	sb	zero, 16(a1)
80000ba0: a3 88 05 00  	sb	zero, 17(a1)
80000ba4: 23 89 05 00  	sb	zero, 18(a1)
80000ba8: a3 89 05 00  	sb	zero, 19(a1)
80000bac: 23 8a 05 00  	sb	zero, 20(a1)
80000bb0: a3 8a 05 00  	sb	zero, 21(a1)
80000bb4: 23 8b 05 00  	sb	zero, 22(a1)
80000bb8: a3 8b 05 00  	sb	zero, 23(a1)
80000bbc: 23 8c 05 00  	sb	zero, 24(a1)
80000bc0: a3 8c 05 00  	sb	zero, 25(a1)
80000bc4: 23 8d 05 00  	sb	zero, 26(a1)
80000bc8: a3 8d 05 00  	sb	zero, 27(a1)
80000bcc: 23 8e 05 00  	sb	zero, 28(a1)
80000bd0: a3 8e 05 00  	sb	zero, 29(a1)
80000bd4: 23 8f 05 00  	sb	zero, 30(a1)
80000bd8: a3 8f 05 00  	sb	zero, 31(a1)
80000bdc: 23 80 05 02  	sb	zero, 32(a1)
80000be0: a3 80 05 02  	sb	zero, 33(a1)
80000be4: 23 81 05 02  	sb	zero, 34(a1)
80000be8: a3 81 05 02  	sb	zero, 35(a1)
80000bec: 03 25 42 00  	lw	a0, 4(tp)
80000bf0: 97 35 00 00  	auipc	a1, 3
80000bf4: 23 a0 a5 02  	sw	a0, 32(a1)
80000bf8: 67 80 00 00  	ret

80000bfc <eu_exit>:
80000bfc: 13 01 01 ff  	addi	sp, sp, -16
80000c00: 23 26 11 00  	sw	ra, 12(sp)
80000c04: 23 24 81 00  	sw	s0, 8(sp)
80000c08: 23 22 91 00  	sw	s1, 4(sp)
80000c0c: 23 20 21 01  	sw	s2, 0(sp)
80000c10: 83 25 42 00  	lw	a1, 4(tp)
80000c14: 83 a6 c5 01  	lw	a3, 28(a1)
80000c18: 37 04 00 80  	lui	s0, 524288
80000c1c: 13 04 e4 ff  	addi	s0, s0, -2
80000c20: 63 9a 06 08  	bnez	a3, 0x80000cb4 <eu_exit+0xb8>
80000c24: 83 a4 c5 01  	lw	s1, 28(a1)
80000c28: 63 86 04 08  	beqz	s1, 0x80000cb4 <eu_exit+0xb8>
80000c2c: 93 06 10 00  	li	a3, 1
80000c30: 23 a0 05 02  	sw	zero, 32(a1)
80000c34: 63 9c d4 00  	bne	s1, a3, 0x80000c4c <eu_exit+0x50>
80000c38: 83 a6 c5 01  	lw	a3, 28(a1)
80000c3c: 63 64 d5 04  	bltu	a0, a3, 0x80000c84 <eu_exit+0x88>
80000c40: 13 05 10 00  	li	a0, 1
80000c44: 63 90 a4 06  	bne	s1, a0, 0x80000ca4 <eu_exit+0xa8>
80000c48: 6f 00 80 06  	j	0x80000cb0 <eu_exit+0xb4>
80000c4c: 83 a6 05 00  	lw	a3, 0(a1)
80000c50: 03 a7 c5 00  	lw	a4, 12(a1)
80000c54: e3 1e d7 fe  	bne	a4, a3, 0x80000c50 <eu_exit+0x54>
80000c58: f3 26 30 bc  	csrr	a3, 3011
80000c5c: 93 d6 06 01  	srli	a3, a3, 16
80000c60: 93 86 f6 ff  	addi	a3, a3, -1
80000c64: 13 07 f0 ff  	li	a4, -1
80000c68: b3 16 d7 00  	sll	a3, a4, a3
80000c6c: 93 c6 f6 ff  	not	a3, a3
80000c70: b3 f6 86 00  	and	a3, a3, s0
80000c74: 37 07 02 10  	lui	a4, 65568
80000c78: 23 20 d7 18  	sw	a3, 384(a4)
80000c7c: 83 a6 c5 01  	lw	a3, 28(a1)
80000c80: e3 70 d5 fc  	bgeu	a0, a3, 0x80000c40 <eu_exit+0x44>
80000c84: 83 a6 05 01  	lw	a3, 16(a1)
80000c88: 03 a5 45 01  	lw	a0, 20(a1)
80000c8c: 83 a5 85 01  	lw	a1, 24(a1)
80000c90: 13 09 42 00  	addi	s2, tp, 4
80000c94: e7 80 06 00  	jalr	a3
80000c98: 83 25 09 00  	lw	a1, 0(s2)
80000c9c: 13 05 10 00  	li	a0, 1
80000ca0: 63 88 a4 00  	beq	s1, a0, 0x80000cb0 <eu_exit+0xb4>
80000ca4: 03 a5 05 00  	lw	a0, 0(a1)
80000ca8: 03 a6 05 02  	lw	a2, 32(a1)
80000cac: e3 1e a6 fe  	bne	a2, a0, 0x80000ca8 <eu_exit+0xac>
80000cb0: 23 ae 05 00  	sw	zero, 28(a1)
80000cb4: 03 a5 05 00  	lw	a0, 0(a1)
80000cb8: 03 a6 c5 00  	lw	a2, 12(a1)
80000cbc: e3 1e a6 fe  	bne	a2, a0, 0x80000cb8 <eu_exit+0xbc>
80000cc0: 13 05 10 00  	li	a0, 1
80000cc4: 23 a2 a5 00  	sw	a0, 4(a1)
80000cc8: 03 a5 05 00  	lw	a0, 0(a1)
80000ccc: 03 a6 c5 00  	lw	a2, 12(a1)
80000cd0: e3 1e a6 fe  	bne	a2, a0, 0x80000ccc <eu_exit+0xd0>
80000cd4: 73 25 30 bc  	csrr	a0, 3011
80000cd8: 13 55 05 01  	srli	a0, a0, 16
80000cdc: 13 05 f5 ff  	addi	a0, a0, -1
80000ce0: 93 05 f0 ff  	li	a1, -1
80000ce4: 33 95 a5 00  	sll	a0, a1, a0
80000ce8: 13 45 f5 ff  	not	a0, a0
80000cec: 33 75 85 00  	and	a0, a0, s0
80000cf0: b7 05 02 10  	lui	a1, 65568
80000cf4: 23 a0 a5 18  	sw	a0, 384(a1)
80000cf8: 83 20 c1 00  	lw	ra, 12(sp)
80000cfc: 03 24 81 00  	lw	s0, 8(sp)
80000d00: 83 24 41 00  	lw	s1, 4(sp)
80000d04: 03 29 01 00  	lw	s2, 0(sp)
80000d08: 13 01 01 01  	addi	sp, sp, 16
80000d0c: 67 80 00 00  	ret

80000d10 <eu_get_workers_in_loop>:
80000d10: 03 25 42 00  	lw	a0, 4(tp)
80000d14: 03 25 05 00  	lw	a0, 0(a0)
80000d18: 67 80 00 00  	ret

80000d1c <eu_get_workers_in_wfi>:
80000d1c: 03 25 42 00  	lw	a0, 4(tp)
80000d20: 03 25 c5 00  	lw	a0, 12(a0)
80000d24: 67 80 00 00  	ret

80000d28 <eu_print_status>:
80000d28: 67 80 00 00  	ret

80000d2c <eu_event_loop>:
80000d2c: 13 01 01 fe  	addi	sp, sp, -32
80000d30: 23 2e 11 00  	sw	ra, 28(sp)
80000d34: 23 2c 81 00  	sw	s0, 24(sp)
80000d38: 23 2a 91 00  	sw	s1, 20(sp)
80000d3c: 23 28 21 01  	sw	s2, 16(sp)
80000d40: 23 26 31 01  	sw	s3, 12(sp)
80000d44: 23 24 41 01  	sw	s4, 8(sp)
80000d48: 23 22 51 01  	sw	s5, 4(sp)
80000d4c: 83 25 42 00  	lw	a1, 4(tp)
80000d50: 93 04 10 00  	li	s1, 1
80000d54: af a5 95 00  	amoadd.w	a1, s1, (a1)
80000d58: b7 05 08 00  	lui	a1, 128
80000d5c: f3 a5 45 30  	csrrs	a1, mie, a1
80000d60: 83 25 42 00  	lw	a1, 4(tp)
80000d64: 83 a6 45 00  	lw	a3, 4(a1)
80000d68: 63 88 06 02  	beqz	a3, 0x80000d98 <eu_event_loop+0x6c>
80000d6c: 37 05 08 00  	lui	a0, 128
80000d70: 73 25 45 30  	csrrs	a0, mie, a0
80000d74: 83 20 c1 01  	lw	ra, 28(sp)
80000d78: 03 24 81 01  	lw	s0, 24(sp)
80000d7c: 83 24 41 01  	lw	s1, 20(sp)
80000d80: 03 29 01 01  	lw	s2, 16(sp)
80000d84: 83 29 c1 00  	lw	s3, 12(sp)
80000d88: 03 2a 81 00  	lw	s4, 8(sp)
80000d8c: 83 2a 41 00  	lw	s5, 4(sp)
80000d90: 13 01 01 02  	addi	sp, sp, 32
80000d94: 67 80 00 00  	ret
80000d98: 13 04 05 00  	mv	s0, a0
80000d9c: 13 09 42 00  	addi	s2, tp, 4
80000da0: b3 99 a4 00  	sll	s3, s1, a0
80000da4: 37 0a 02 10  	lui	s4, 65568
80000da8: 93 0a f0 ff  	li	s5, -1
80000dac: 6f 00 80 03  	j	0x80000de4 <eu_event_loop+0xb8>
80000db0: 13 85 05 02  	addi	a0, a1, 32
80000db4: 2f 25 95 00  	amoadd.w	a0, s1, (a0)
80000db8: 03 25 09 00  	lw	a0, 0(s2)
80000dbc: 13 05 c5 00  	addi	a0, a0, 12
80000dc0: 2f 25 95 00  	amoadd.w	a0, s1, (a0)
80000dc4: 73 00 50 10  	wfi
80000dc8: 23 24 3a 19  	sw	s3, 392(s4)
80000dcc: 03 25 09 00  	lw	a0, 0(s2)
80000dd0: 13 05 c5 00  	addi	a0, a0, 12
80000dd4: 2f 25 55 01  	amoadd.w	a0, s5, (a0)
80000dd8: 83 25 09 00  	lw	a1, 0(s2)
80000ddc: 03 a5 45 00  	lw	a0, 4(a1)
80000de0: e3 16 05 f8  	bnez	a0, 0x80000d6c <eu_event_loop+0x40>
80000de4: 03 a5 c5 01  	lw	a0, 28(a1)
80000de8: e3 74 a4 fc  	bgeu	s0, a0, 0x80000db0 <eu_event_loop+0x84>
80000dec: 03 a5 c5 01  	lw	a0, 28(a1)
80000df0: 03 a6 05 01  	lw	a2, 16(a1)
80000df4: 03 a5 45 01  	lw	a0, 20(a1)
80000df8: 83 a5 85 01  	lw	a1, 24(a1)
80000dfc: e7 00 06 00  	jalr	a2
80000e00: 83 25 09 00  	lw	a1, 0(s2)
80000e04: 6f f0 df fa  	j	0x80000db0 <eu_event_loop+0x84>

80000e08 <eu_dispatch_push>:
80000e08: 03 27 42 00  	lw	a4, 4(tp)
80000e0c: 03 28 07 00  	lw	a6, 0(a4)
80000e10: 93 07 42 00  	addi	a5, tp, 4
80000e14: 83 28 c7 00  	lw	a7, 12(a4)
80000e18: e3 9e 08 ff  	bne	a7, a6, 0x80000e14 <eu_dispatch_push+0xc>
80000e1c: 23 28 a7 00  	sw	a0, 16(a4)
80000e20: 03 a5 07 00  	lw	a0, 0(a5)
80000e24: 23 2a c5 00  	sw	a2, 20(a0)
80000e28: 03 a5 07 00  	lw	a0, 0(a5)
80000e2c: 23 2c b5 00  	sw	a1, 24(a0)
80000e30: 23 2e d5 00  	sw	a3, 28(a0)
80000e34: 13 05 00 00  	li	a0, 0
80000e38: 67 80 00 00  	ret

80000e3c <eu_run_empty>:
80000e3c: 13 01 01 ff  	addi	sp, sp, -16
80000e40: 23 26 11 00  	sw	ra, 12(sp)
80000e44: 23 24 81 00  	sw	s0, 8(sp)
80000e48: 23 22 91 00  	sw	s1, 4(sp)
80000e4c: 83 25 42 00  	lw	a1, 4(tp)
80000e50: 03 a4 c5 01  	lw	s0, 28(a1)
80000e54: 63 06 04 08  	beqz	s0, 0x80000ee0 <eu_run_empty+0xa4>
80000e58: 93 06 10 00  	li	a3, 1
80000e5c: 23 a0 05 02  	sw	zero, 32(a1)
80000e60: 63 1c d4 00  	bne	s0, a3, 0x80000e78 <eu_run_empty+0x3c>
80000e64: 83 a6 c5 01  	lw	a3, 28(a1)
80000e68: 63 64 d5 04  	bltu	a0, a3, 0x80000eb0 <eu_run_empty+0x74>
80000e6c: 13 05 10 00  	li	a0, 1
80000e70: 63 10 a4 06  	bne	s0, a0, 0x80000ed0 <eu_run_empty+0x94>
80000e74: 6f 00 80 06  	j	0x80000edc <eu_run_empty+0xa0>
80000e78: 83 a6 05 00  	lw	a3, 0(a1)
80000e7c: 03 a7 c5 00  	lw	a4, 12(a1)
80000e80: e3 1e d7 fe  	bne	a4, a3, 0x80000e7c <eu_run_empty+0x40>
80000e84: f3 26 30 bc  	csrr	a3, 3011
80000e88: 93 d6 06 01  	srli	a3, a3, 16
80000e8c: 93 86 f6 ff  	addi	a3, a3, -1
80000e90: 13 07 f0 ff  	li	a4, -1
80000e94: b3 16 d7 00  	sll	a3, a4, a3
80000e98: 93 c6 f6 ff  	not	a3, a3
80000e9c: 93 f6 e6 ff  	andi	a3, a3, -2
80000ea0: 37 07 02 10  	lui	a4, 65568
80000ea4: 23 20 d7 18  	sw	a3, 384(a4)
80000ea8: 83 a6 c5 01  	lw	a3, 28(a1)
80000eac: e3 70 d5 fc  	bgeu	a0, a3, 0x80000e6c <eu_run_empty+0x30>
80000eb0: 83 a6 05 01  	lw	a3, 16(a1)
80000eb4: 03 a5 45 01  	lw	a0, 20(a1)
80000eb8: 83 a5 85 01  	lw	a1, 24(a1)
80000ebc: 93 04 42 00  	addi	s1, tp, 4
80000ec0: e7 80 06 00  	jalr	a3
80000ec4: 83 a5 04 00  	lw	a1, 0(s1)
80000ec8: 13 05 10 00  	li	a0, 1
80000ecc: 63 08 a4 00  	beq	s0, a0, 0x80000edc <eu_run_empty+0xa0>
80000ed0: 03 a5 05 00  	lw	a0, 0(a1)
80000ed4: 03 a6 05 02  	lw	a2, 32(a1)
80000ed8: e3 1e a6 fe  	bne	a2, a0, 0x80000ed4 <eu_run_empty+0x98>
80000edc: 23 ae 05 00  	sw	zero, 28(a1)
80000ee0: 83 20 c1 00  	lw	ra, 12(sp)
80000ee4: 03 24 81 00  	lw	s0, 8(sp)
80000ee8: 83 24 41 00  	lw	s1, 4(sp)
80000eec: 13 01 01 01  	addi	sp, sp, 16
80000ef0: 67 80 00 00  	ret

80000ef4 <eu_mutex_lock>:
80000ef4: 03 25 42 00  	lw	a0, 4(tp)
80000ef8: 13 05 85 00  	addi	a0, a0, 8
80000efc: 93 02 10 00  	li	t0, 1
80000f00: af 22 55 0c  	amoswap.w.aq	t0, t0, (a0)
80000f04: e3 9e 02 fe  	bnez	t0, 0x80000f00 <eu_mutex_lock+0xc>
80000f08: 67 80 00 00  	ret

80000f0c <eu_mutex_release>:
80000f0c: 03 25 42 00  	lw	a0, 4(tp)
80000f10: 13 05 85 00  	addi	a0, a0, 8
80000f14: 2f 20 05 0a  	amoswap.w.rl	zero, zero, (a0)
80000f18: 67 80 00 00  	ret

80000f1c <snrt_mutex>:
80000f1c: 17 35 00 00  	auipc	a0, 3
80000f20: 13 05 85 cf  	addi	a0, a0, -776
80000f24: 67 80 00 00  	ret

80000f28 <snrt_mutex_acquire>:
80000f28: 93 02 10 00  	li	t0, 1
80000f2c: af 22 55 0c  	amoswap.w.aq	t0, t0, (a0)
80000f30: e3 9e 02 fe  	bnez	t0, 0x80000f2c <snrt_mutex_acquire+0x4>
80000f34: 67 80 00 00  	ret

80000f38 <snrt_mutex_ttas_acquire>:
80000f38: 83 22 05 00  	lw	t0, 0(a0)
80000f3c: e3 9e 02 fe  	bnez	t0, 0x80000f38 <snrt_mutex_ttas_acquire>
80000f40: 93 02 10 00  	li	t0, 1
80000f44: af 22 55 0c  	amoswap.w.aq	t0, t0, (a0)
80000f48: e3 9e 02 fe  	bnez	t0, 0x80000f44 <snrt_mutex_ttas_acquire+0xc>
80000f4c: 67 80 00 00  	ret

80000f50 <snrt_mutex_release>:
80000f50: 2f 20 05 0a  	amoswap.w.rl	zero, zero, (a0)
80000f54: 67 80 00 00  	ret

80000f58 <snrt_cluster_hw_barrier>:
80000f58: 73 20 20 7c  	csrr	zero, 1986
80000f5c: 67 80 00 00  	ret

80000f60 <snrt_global_barrier>:
80000f60: 73 20 20 7c  	csrr	zero, 1986
80000f64: 73 25 30 bc  	csrr	a0, 3011
80000f68: 93 15 05 01  	slli	a1, a0, 16
80000f6c: 93 d5 05 01  	srli	a1, a1, 16
80000f70: 13 55 05 01  	srli	a0, a0, 16
80000f74: 13 05 f5 ff  	addi	a0, a0, -1
80000f78: 63 e2 a5 02  	bltu	a1, a0, 0x80000f9c <snrt_global_barrier+0x3c>
80000f7c: 17 35 00 00  	auipc	a0, 3
80000f80: 13 05 c5 c9  	addi	a0, a0, -868
80000f84: 83 25 45 00  	lw	a1, 4(a0)
80000f88: 13 06 10 00  	li	a2, 1
80000f8c: af 26 c5 00  	amoadd.w	a3, a2, (a0)
80000f90: 63 8a 06 00  	beqz	a3, 0x80000fa4 <snrt_global_barrier+0x44>
80000f94: 03 26 45 00  	lw	a2, 4(a0)
80000f98: e3 8e c5 fe  	beq	a1, a2, 0x80000f94 <snrt_global_barrier+0x34>
80000f9c: 73 20 20 7c  	csrr	zero, 1986
80000fa0: 67 80 00 00  	ret
80000fa4: 23 20 05 00  	sw	zero, 0(a0)
80000fa8: 13 05 45 00  	addi	a0, a0, 4
80000fac: 2f 25 c5 00  	amoadd.w	a0, a2, (a0)
80000fb0: 73 20 20 7c  	csrr	zero, 1986
80000fb4: 67 80 00 00  	ret

80000fb8 <snrt_partial_barrier>:
80000fb8: 03 26 45 00  	lw	a2, 4(a0)
80000fbc: 93 06 10 00  	li	a3, 1
80000fc0: 2f 27 d5 00  	amoadd.w	a4, a3, (a0)
80000fc4: 13 07 17 00  	addi	a4, a4, 1
80000fc8: 63 1a b7 00  	bne	a4, a1, 0x80000fdc <snrt_partial_barrier+0x24>
80000fcc: 23 20 05 00  	sw	zero, 0(a0)
80000fd0: 13 05 45 00  	addi	a0, a0, 4
80000fd4: 2f 25 d5 00  	amoadd.w	a0, a3, (a0)
80000fd8: 67 80 00 00  	ret
80000fdc: 83 25 45 00  	lw	a1, 4(a0)
80000fe0: e3 0e b6 fe  	beq	a2, a1, 0x80000fdc <snrt_partial_barrier+0x24>
80000fe4: 67 80 00 00  	ret

80000fe8 <snrt_global_reduction_dma>:
80000fe8: f3 26 30 bc  	csrr	a3, 3011
80000fec: 13 97 06 01  	slli	a4, a3, 16
80000ff0: 13 57 07 01  	srli	a4, a4, 16
80000ff4: 93 d6 06 01  	srli	a3, a3, 16
80000ff8: 93 86 f6 ff  	addi	a3, a3, -1
80000ffc: 63 66 d7 02  	bltu	a4, a3, 0x80001028 <snrt_global_reduction_dma+0x40>
80001000: 13 17 36 00  	slli	a4, a2, 3
80001004: 63 0e 07 00  	beqz	a4, 0x80001020 <snrt_global_reduction_dma+0x38>
80001008: 93 06 00 00  	li	a3, 0
8000100c: 13 86 05 00  	mv	a2, a1
80001010: 2b 00 d6 00  	<unknown>
80001014: 93 05 00 00  	li	a1, 0
80001018: 2b 00 b5 02  	<unknown>
8000101c: 2b 05 07 04  	<unknown>
80001020: ab 02 20 08  	<unknown>
80001024: e3 9e 02 fe  	bnez	t0, 0x80001020 <snrt_global_reduction_dma+0x38>
80001028: 73 20 20 7c  	csrr	zero, 1986
8000102c: 67 80 00 00  	ret

80001030 <snrt_global_all_to_all_reduction>:
80001030: 97 35 00 00  	auipc	a1, 3
80001034: 93 85 05 bf  	addi	a1, a1, -1040
80001038: 2f a5 a5 00  	amoadd.w	a0, a0, (a1)
8000103c: 73 20 20 7c  	csrr	zero, 1986
80001040: 73 25 30 bc  	csrr	a0, 3011
80001044: 13 16 05 01  	slli	a2, a0, 16
80001048: 13 56 06 01  	srli	a2, a2, 16
8000104c: 13 55 05 01  	srli	a0, a0, 16
80001050: 13 05 f5 ff  	addi	a0, a0, -1
80001054: 63 62 a6 02  	bltu	a2, a0, 0x80001078 <snrt_global_all_to_all_reduction+0x48>
80001058: 17 35 00 00  	auipc	a0, 3
8000105c: 13 05 05 bc  	addi	a0, a0, -1088
80001060: 03 26 45 00  	lw	a2, 4(a0)
80001064: 93 06 10 00  	li	a3, 1
80001068: 2f 27 d5 00  	amoadd.w	a4, a3, (a0)
8000106c: 63 0c 07 00  	beqz	a4, 0x80001084 <snrt_global_all_to_all_reduction+0x54>
80001070: 83 26 45 00  	lw	a3, 4(a0)
80001074: e3 0e d6 fe  	beq	a2, a3, 0x80001070 <snrt_global_all_to_all_reduction+0x40>
80001078: 73 20 20 7c  	csrr	zero, 1986
8000107c: 03 a5 05 00  	lw	a0, 0(a1)
80001080: 67 80 00 00  	ret
80001084: 23 20 05 00  	sw	zero, 0(a0)
80001088: 13 05 45 00  	addi	a0, a0, 4
8000108c: 2f 25 d5 00  	amoadd.w	a0, a3, (a0)
80001090: 73 20 20 7c  	csrr	zero, 1986
80001094: 03 a5 05 00  	lw	a0, 0(a1)
80001098: 67 80 00 00  	ret

8000109c <snrt_hartid>:
8000109c: 73 25 40 f1  	csrr	a0, mhartid
800010a0: 67 80 00 00  	ret

800010a4 <snrt_global_core_base_hartid>:
800010a4: 13 05 00 00  	li	a0, 0
800010a8: 67 80 00 00  	ret

800010ac <snrt_global_core_idx>:
800010ac: 73 25 40 f1  	csrr	a0, mhartid
800010b0: 67 80 00 00  	ret

800010b4 <snrt_global_core_num>:
800010b4: 73 25 30 bc  	csrr	a0, 3011
800010b8: 13 55 05 01  	srli	a0, a0, 16
800010bc: 67 80 00 00  	ret

800010c0 <snrt_cluster_idx>:
800010c0: 73 25 10 bc  	csrr	a0, 3009
800010c4: 13 15 85 00  	slli	a0, a0, 8
800010c8: 13 55 a5 01  	srli	a0, a0, 26
800010cc: 67 80 00 00  	ret

800010d0 <snrt_cluster_num>:
800010d0: 13 05 10 00  	li	a0, 1
800010d4: 67 80 00 00  	ret

800010d8 <snrt_cluster_core_idx>:
800010d8: 73 25 30 bc  	csrr	a0, 3011
800010dc: 13 15 05 01  	slli	a0, a0, 16
800010e0: 13 55 05 01  	srli	a0, a0, 16
800010e4: 67 80 00 00  	ret

800010e8 <snrt_cluster_core_num>:
800010e8: 73 25 30 bc  	csrr	a0, 3011
800010ec: 13 55 05 01  	srli	a0, a0, 16
800010f0: 67 80 00 00  	ret

800010f4 <snrt_cluster_compute_core_num>:
800010f4: 73 25 30 bc  	csrr	a0, 3011
800010f8: 13 55 05 01  	srli	a0, a0, 16
800010fc: 13 05 f5 ff  	addi	a0, a0, -1
80001100: 67 80 00 00  	ret

80001104 <snrt_is_compute_core>:
80001104: 73 25 30 bc  	csrr	a0, 3011
80001108: 93 15 05 01  	slli	a1, a0, 16
8000110c: 93 d5 05 01  	srli	a1, a1, 16
80001110: 13 55 05 01  	srli	a0, a0, 16
80001114: 13 05 f5 ff  	addi	a0, a0, -1
80001118: 33 b5 a5 00  	sltu	a0, a1, a0
8000111c: 67 80 00 00  	ret

80001120 <snrt_is_dm_core>:
80001120: 73 25 30 bc  	csrr	a0, 3011
80001124: 93 15 05 01  	slli	a1, a0, 16
80001128: 93 d5 05 01  	srli	a1, a1, 16
8000112c: 13 55 05 01  	srli	a0, a0, 16
80001130: 13 05 f5 ff  	addi	a0, a0, -1
80001134: 33 b5 a5 00  	sltu	a0, a1, a0
80001138: 13 45 15 00  	xori	a0, a0, 1
8000113c: 67 80 00 00  	ret

80001140 <snrt_cluster_dm_core_num>:
80001140: 13 05 10 00  	li	a0, 1
80001144: 67 80 00 00  	ret

80001148 <printf_>:
80001148: 13 01 01 fd  	addi	sp, sp, -48
8000114c: 23 26 11 00  	sw	ra, 12(sp)
80001150: 93 02 05 00  	mv	t0, a0
80001154: 23 26 11 03  	sw	a7, 44(sp)
80001158: 23 24 01 03  	sw	a6, 40(sp)
8000115c: 23 22 f1 02  	sw	a5, 36(sp)
80001160: 23 20 e1 02  	sw	a4, 32(sp)
80001164: 23 2e d1 00  	sw	a3, 28(sp)
80001168: 23 2c c1 00  	sw	a2, 24(sp)
8000116c: 23 2a b1 00  	sw	a1, 20(sp)
80001170: 13 05 41 01  	addi	a0, sp, 20
80001174: 23 24 a1 00  	sw	a0, 8(sp)
80001178: 17 15 00 00  	auipc	a0, 1
8000117c: 13 05 85 83  	addi	a0, a0, -1992
80001180: 93 05 71 00  	addi	a1, sp, 7
80001184: 13 06 f0 ff  	li	a2, -1
80001188: 13 07 41 01  	addi	a4, sp, 20
8000118c: 93 86 02 00  	mv	a3, t0
80001190: ef 00 00 01  	jal	0x800011a0 <_vsnprintf>
80001194: 83 20 c1 00  	lw	ra, 12(sp)
80001198: 13 01 01 03  	addi	sp, sp, 48
8000119c: 67 80 00 00  	ret

800011a0 <_vsnprintf>:
800011a0: 13 01 01 fb  	addi	sp, sp, -80
800011a4: 23 26 11 04  	sw	ra, 76(sp)
800011a8: 23 24 81 04  	sw	s0, 72(sp)
800011ac: 23 22 91 04  	sw	s1, 68(sp)
800011b0: 23 20 21 05  	sw	s2, 64(sp)
800011b4: 23 2e 31 03  	sw	s3, 60(sp)
800011b8: 23 2c 41 03  	sw	s4, 56(sp)
800011bc: 23 2a 51 03  	sw	s5, 52(sp)
800011c0: 23 28 61 03  	sw	s6, 48(sp)
800011c4: 23 26 71 03  	sw	s7, 44(sp)
800011c8: 23 24 81 03  	sw	s8, 40(sp)
800011cc: 23 22 91 03  	sw	s9, 36(sp)
800011d0: 23 20 a1 03  	sw	s10, 32(sp)
800011d4: 23 2e b1 01  	sw	s11, 28(sp)
800011d8: 23 2c e1 00  	sw	a4, 24(sp)
800011dc: 93 8a 06 00  	mv	s5, a3
800011e0: 13 04 06 00  	mv	s0, a2
800011e4: 93 84 05 00  	mv	s1, a1
800011e8: 63 86 05 00  	beqz	a1, 0x800011f4 <_vsnprintf+0x54>
800011ec: 13 09 05 00  	mv	s2, a0
800011f0: 6f 00 c0 00  	j	0x800011fc <_vsnprintf+0x5c>
800011f4: 17 15 00 00  	auipc	a0, 1
800011f8: 13 09 c5 85  	addi	s2, a0, -1956
800011fc: 13 0a 00 00  	li	s4, 0
80001200: 93 0b 50 02  	li	s7, 37
80001204: 13 0c 00 01  	li	s8, 16
80001208: 93 0c 90 00  	li	s9, 9
8000120c: 13 0d a0 00  	li	s10, 10
80001210: 13 05 10 00  	li	a0, 1
80001214: 13 15 b5 00  	slli	a0, a0, 11
80001218: 23 2a a1 00  	sw	a0, 20(sp)
8000121c: 13 8b 2a 00  	addi	s6, s5, 2
80001220: 03 c5 0a 00  	lbu	a0, 0(s5)
80001224: 63 08 05 72  	beqz	a0, 0x80001954 <_vsnprintf+0x7b4>
80001228: 63 08 75 03  	beq	a0, s7, 0x80001258 <_vsnprintf+0xb8>
8000122c: 93 09 1a 00  	addi	s3, s4, 1
80001230: 93 85 04 00  	mv	a1, s1
80001234: 13 06 0a 00  	mv	a2, s4
80001238: 93 06 04 00  	mv	a3, s0
8000123c: e7 00 09 00  	jalr	s2
80001240: 93 8a 1a 00  	addi	s5, s5, 1
80001244: 13 0b 1b 00  	addi	s6, s6, 1
80001248: 13 8a 09 00  	mv	s4, s3
8000124c: 03 c5 0a 00  	lbu	a0, 0(s5)
80001250: e3 1c 05 fc  	bnez	a0, 0x80001228 <_vsnprintf+0x88>
80001254: 6f 00 00 70  	j	0x80001954 <_vsnprintf+0x7b4>
80001258: 13 0e 00 00  	li	t3, 0
8000125c: 6f 00 00 01  	j	0x8000126c <_vsnprintf+0xcc>
80001260: 93 05 00 01  	li	a1, 16
80001264: 33 6e be 00  	or	t3, t3, a1
80001268: 13 0b 1b 00  	addi	s6, s6, 1
8000126c: 03 45 fb ff  	lbu	a0, -1(s6)
80001270: 93 05 05 fe  	addi	a1, a0, -32
80001274: 63 6c bc 02  	bltu	s8, a1, 0x800012ac <_vsnprintf+0x10c>
80001278: 93 95 25 00  	slli	a1, a1, 2
8000127c: 17 26 00 00  	auipc	a2, 2
80001280: 13 06 c6 14  	addi	a2, a2, 332
80001284: b3 85 c5 00  	add	a1, a1, a2
80001288: 03 a6 05 00  	lw	a2, 0(a1)
8000128c: 93 05 10 00  	li	a1, 1
80001290: 67 00 06 00  	jr	a2
80001294: 93 05 80 00  	li	a1, 8
80001298: 6f f0 df fc  	j	0x80001264 <_vsnprintf+0xc4>
8000129c: 93 05 40 00  	li	a1, 4
800012a0: 6f f0 5f fc  	j	0x80001264 <_vsnprintf+0xc4>
800012a4: 93 05 20 00  	li	a1, 2
800012a8: 6f f0 df fb  	j	0x80001264 <_vsnprintf+0xc4>
800012ac: 93 05 05 fd  	addi	a1, a0, -48
800012b0: 93 f5 f5 0f  	andi	a1, a1, 255
800012b4: 93 0d fb ff  	addi	s11, s6, -1
800012b8: 63 ec bc 06  	bltu	s9, a1, 0x80001330 <_vsnprintf+0x190>
800012bc: 93 0a 00 00  	li	s5, 0
800012c0: 93 75 f5 0f  	andi	a1, a0, 255
800012c4: 03 c5 1d 00  	lbu	a0, 1(s11)
800012c8: 33 86 aa 03  	mul	a2, s5, s10
800012cc: 93 8d 1d 00  	addi	s11, s11, 1
800012d0: b3 05 b6 00  	add	a1, a2, a1
800012d4: 13 06 05 fd  	addi	a2, a0, -48
800012d8: 13 76 f6 0f  	andi	a2, a2, 255
800012dc: 93 8a 05 fd  	addi	s5, a1, -48
800012e0: e3 60 a6 ff  	bltu	a2, s10, 0x800012c0 <_vsnprintf+0x120>
800012e4: 93 05 e0 02  	li	a1, 46
800012e8: 63 14 b5 0c  	bne	a0, a1, 0x800013b0 <_vsnprintf+0x210>
800012ec: 03 c5 1d 00  	lbu	a0, 1(s11)
800012f0: 13 6e 0e 40  	ori	t3, t3, 1024
800012f4: 93 05 05 fd  	addi	a1, a0, -48
800012f8: 13 f6 f5 0f  	andi	a2, a1, 255
800012fc: 93 85 1d 00  	addi	a1, s11, 1
80001300: 63 ea cc 06  	bltu	s9, a2, 0x80001374 <_vsnprintf+0x1d4>
80001304: 13 0b 00 00  	li	s6, 0
80001308: 13 76 f5 0f  	andi	a2, a0, 255
8000130c: 03 c5 15 00  	lbu	a0, 1(a1)
80001310: b3 06 ab 03  	mul	a3, s6, s10
80001314: 93 85 15 00  	addi	a1, a1, 1
80001318: 33 86 c6 00  	add	a2, a3, a2
8000131c: 93 06 05 fd  	addi	a3, a0, -48
80001320: 93 f6 f6 0f  	andi	a3, a3, 255
80001324: 13 0b 06 fd  	addi	s6, a2, -48
80001328: e3 e0 a6 ff  	bltu	a3, s10, 0x80001308 <_vsnprintf+0x168>
8000132c: 6f 00 00 09  	j	0x800013bc <_vsnprintf+0x21c>
80001330: 93 05 a0 02  	li	a1, 42
80001334: 63 18 b5 06  	bne	a0, a1, 0x800013a4 <_vsnprintf+0x204>
80001338: 03 26 81 01  	lw	a2, 24(sp)
8000133c: 83 25 06 00  	lw	a1, 0(a2)
80001340: 13 06 46 00  	addi	a2, a2, 4
80001344: 13 d5 f5 41  	srai	a0, a1, 31
80001348: b3 c6 a5 00  	xor	a3, a1, a0
8000134c: b3 8a a6 40  	sub	s5, a3, a0
80001350: 03 45 0b 00  	lbu	a0, 0(s6)
80001354: 93 d5 e5 01  	srli	a1, a1, 30
80001358: 93 f5 25 00  	andi	a1, a1, 2
8000135c: 33 6e be 00  	or	t3, t3, a1
80001360: 93 0d 0b 00  	mv	s11, s6
80001364: 23 2c c1 00  	sw	a2, 24(sp)
80001368: 93 05 e0 02  	li	a1, 46
8000136c: 63 12 b5 04  	bne	a0, a1, 0x800013b0 <_vsnprintf+0x210>
80001370: 6f f0 df f7  	j	0x800012ec <_vsnprintf+0x14c>
80001374: 13 06 a0 02  	li	a2, 42
80001378: 63 10 c5 04  	bne	a0, a2, 0x800013b8 <_vsnprintf+0x218>
8000137c: 03 26 81 01  	lw	a2, 24(sp)
80001380: 83 25 06 00  	lw	a1, 0(a2)
80001384: 13 06 46 00  	addi	a2, a2, 4
80001388: b3 26 b0 00  	sgtz	a3, a1
8000138c: 03 c5 2d 00  	lbu	a0, 2(s11)
80001390: b3 06 d0 40  	neg	a3, a3
80001394: 93 8d 2d 00  	addi	s11, s11, 2
80001398: 33 fb b6 00  	and	s6, a3, a1
8000139c: 23 2c c1 00  	sw	a2, 24(sp)
800013a0: 6f 00 00 02  	j	0x800013c0 <_vsnprintf+0x220>
800013a4: 93 0a 00 00  	li	s5, 0
800013a8: 93 05 e0 02  	li	a1, 46
800013ac: e3 00 b5 f4  	beq	a0, a1, 0x800012ec <_vsnprintf+0x14c>
800013b0: 13 0b 00 00  	li	s6, 0
800013b4: 6f 00 c0 00  	j	0x800013c0 <_vsnprintf+0x220>
800013b8: 13 0b 00 00  	li	s6, 0
800013bc: 93 8d 05 00  	mv	s11, a1
800013c0: 93 05 85 f9  	addi	a1, a0, -104
800013c4: 13 16 f5 01  	slli	a2, a0, 31
800013c8: 93 d5 15 00  	srli	a1, a1, 1
800013cc: b3 65 b6 00  	or	a1, a2, a1
800013d0: 63 e2 bc 06  	bltu	s9, a1, 0x80001434 <_vsnprintf+0x294>
800013d4: 93 95 25 00  	slli	a1, a1, 2
800013d8: 17 26 00 00  	auipc	a2, 2
800013dc: 13 06 46 03  	addi	a2, a2, 52
800013e0: b3 85 c5 00  	add	a1, a1, a2
800013e4: 83 a6 05 00  	lw	a3, 0(a1)
800013e8: 93 05 10 00  	li	a1, 1
800013ec: 13 06 00 10  	li	a2, 256
800013f0: 67 80 06 00  	jr	a3
800013f4: 03 c5 1d 00  	lbu	a0, 1(s11)
800013f8: 93 05 80 06  	li	a1, 104
800013fc: 63 10 b5 14  	bne	a0, a1, 0x8000153c <_vsnprintf+0x39c>
80001400: 93 05 20 00  	li	a1, 2
80001404: 13 06 00 0c  	li	a2, 192
80001408: 6f 00 00 02  	j	0x80001428 <_vsnprintf+0x288>
8000140c: 13 06 00 20  	li	a2, 512
80001410: 6f 00 80 01  	j	0x80001428 <_vsnprintf+0x288>
80001414: 03 c5 1d 00  	lbu	a0, 1(s11)
80001418: 93 05 c0 06  	li	a1, 108
8000141c: 63 16 b5 12  	bne	a0, a1, 0x80001548 <_vsnprintf+0x3a8>
80001420: 93 05 20 00  	li	a1, 2
80001424: 13 06 00 30  	li	a2, 768
80001428: b3 8d bd 00  	add	s11, s11, a1
8000142c: 03 c5 0d 00  	lbu	a0, 0(s11)
80001430: 33 6e ce 00  	or	t3, t3, a2
80001434: 93 05 b5 fd  	addi	a1, a0, -37
80001438: 13 06 30 05  	li	a2, 83
8000143c: 63 62 b6 12  	bltu	a2, a1, 0x80001560 <_vsnprintf+0x3c0>
80001440: 93 95 25 00  	slli	a1, a1, 2
80001444: 17 26 00 00  	auipc	a2, 2
80001448: 13 06 06 ff  	addi	a2, a2, -16
8000144c: b3 85 c5 00  	add	a1, a1, a2
80001450: 03 a6 05 00  	lw	a2, 0(a1)
80001454: 93 05 80 00  	li	a1, 8
80001458: 13 08 00 01  	li	a6, 16
8000145c: 67 00 06 00  	jr	a2
80001460: 13 7e fe fe  	andi	t3, t3, -17
80001464: 13 08 a0 00  	li	a6, 10
80001468: 93 05 85 fa  	addi	a1, a0, -88
8000146c: 93 b5 15 00  	seqz	a1, a1
80001470: 93 95 55 00  	slli	a1, a1, 5
80001474: 33 6e be 00  	or	t3, t3, a1
80001478: 93 05 40 06  	li	a1, 100
8000147c: 63 04 b5 10  	beq	a0, a1, 0x80001584 <_vsnprintf+0x3e4>
80001480: 93 05 08 00  	mv	a1, a6
80001484: 13 06 90 06  	li	a2, 105
80001488: 63 0e c5 0e  	beq	a0, a2, 0x80001584 <_vsnprintf+0x3e4>
8000148c: 6f 00 00 0f  	j	0x8000157c <_vsnprintf+0x3dc>
80001490: 13 05 a5 fb  	addi	a0, a0, -70
80001494: 13 35 15 00  	seqz	a0, a0
80001498: 83 25 81 01  	lw	a1, 24(sp)
8000149c: 93 85 75 00  	addi	a1, a1, 7
800014a0: 93 f5 85 ff  	andi	a1, a1, -8
800014a4: 07 b5 05 00  	fld	fa0, 0(a1)
800014a8: 13 15 55 00  	slli	a0, a0, 5
800014ac: 33 68 ae 00  	or	a6, t3, a0
800014b0: 93 85 85 00  	addi	a1, a1, 8
800014b4: 23 2c b1 00  	sw	a1, 24(sp)
800014b8: 13 05 09 00  	mv	a0, s2
800014bc: 93 85 04 00  	mv	a1, s1
800014c0: 13 06 0a 00  	mv	a2, s4
800014c4: 93 06 04 00  	mv	a3, s0
800014c8: 13 07 0b 00  	mv	a4, s6
800014cc: 93 87 0a 00  	mv	a5, s5
800014d0: ef 00 d0 11  	jal	0x80001dec <_ftoa>
800014d4: 13 0a 05 00  	mv	s4, a0
800014d8: 93 8a 1d 00  	addi	s5, s11, 1
800014dc: 6f f0 1f d4  	j	0x8000121c <_vsnprintf+0x7c>
800014e0: 83 25 41 01  	lw	a1, 20(sp)
800014e4: 33 6e be 00  	or	t3, t3, a1
800014e8: 13 65 25 00  	ori	a0, a0, 2
800014ec: 93 05 70 04  	li	a1, 71
800014f0: 63 14 b5 00  	bne	a0, a1, 0x800014f8 <_vsnprintf+0x358>
800014f4: 13 6e 0e 02  	ori	t3, t3, 32
800014f8: 03 25 81 01  	lw	a0, 24(sp)
800014fc: 13 05 75 00  	addi	a0, a0, 7
80001500: 13 75 85 ff  	andi	a0, a0, -8
80001504: 07 35 05 00  	fld	fa0, 0(a0)
80001508: 13 05 85 00  	addi	a0, a0, 8
8000150c: 23 2c a1 00  	sw	a0, 24(sp)
80001510: 13 05 09 00  	mv	a0, s2
80001514: 93 85 04 00  	mv	a1, s1
80001518: 13 06 0a 00  	mv	a2, s4
8000151c: 93 06 04 00  	mv	a3, s0
80001520: 13 07 0b 00  	mv	a4, s6
80001524: 93 87 0a 00  	mv	a5, s5
80001528: 13 08 0e 00  	mv	a6, t3
8000152c: ef 00 d0 72  	jal	0x80002458 <_etoa>
80001530: 13 0a 05 00  	mv	s4, a0
80001534: 93 8a 1d 00  	addi	s5, s11, 1
80001538: 6f f0 5f ce  	j	0x8000121c <_vsnprintf+0x7c>
8000153c: 13 6e 0e 08  	ori	t3, t3, 128
80001540: 93 8d 1d 00  	addi	s11, s11, 1
80001544: 6f f0 1f ef  	j	0x80001434 <_vsnprintf+0x294>
80001548: 13 6e 0e 10  	ori	t3, t3, 256
8000154c: 93 8d 1d 00  	addi	s11, s11, 1
80001550: 6f f0 5f ee  	j	0x80001434 <_vsnprintf+0x294>
80001554: 93 09 1a 00  	addi	s3, s4, 1
80001558: 13 05 50 02  	li	a0, 37
8000155c: 6f 00 80 00  	j	0x80001564 <_vsnprintf+0x3c4>
80001560: 93 09 1a 00  	addi	s3, s4, 1
80001564: 93 85 04 00  	mv	a1, s1
80001568: 13 06 0a 00  	mv	a2, s4
8000156c: 93 06 04 00  	mv	a3, s0
80001570: e7 00 09 00  	jalr	s2
80001574: 6f 00 40 3c  	j	0x80001938 <_vsnprintf+0x798>
80001578: 93 05 20 00  	li	a1, 2
8000157c: 13 7e 3e ff  	andi	t3, t3, -13
80001580: 13 88 05 00  	mv	a6, a1
80001584: 93 75 0e 40  	andi	a1, t3, 1024
80001588: 63 84 05 00  	beqz	a1, 0x80001590 <_vsnprintf+0x3f0>
8000158c: 13 7e ee ff  	andi	t3, t3, -2
80001590: 93 05 90 06  	li	a1, 105
80001594: 63 06 b5 00  	beq	a0, a1, 0x800015a0 <_vsnprintf+0x400>
80001598: 93 05 40 06  	li	a1, 100
8000159c: 63 1e b5 02  	bne	a0, a1, 0x800015d8 <_vsnprintf+0x438>
800015a0: 13 75 0e 20  	andi	a0, t3, 512
800015a4: 63 1c 05 38  	bnez	a0, 0x8000193c <_vsnprintf+0x79c>
800015a8: 13 75 0e 10  	andi	a0, t3, 256
800015ac: 63 12 05 06  	bnez	a0, 0x80001610 <_vsnprintf+0x470>
800015b0: 13 75 0e 04  	andi	a0, t3, 64
800015b4: 63 16 05 22  	bnez	a0, 0x800017e0 <_vsnprintf+0x640>
800015b8: 03 25 81 01  	lw	a0, 24(sp)
800015bc: 83 27 05 00  	lw	a5, 0(a0)
800015c0: 13 75 0e 08  	andi	a0, t3, 128
800015c4: 63 06 05 00  	beqz	a0, 0x800015d0 <_vsnprintf+0x430>
800015c8: 93 97 07 01  	slli	a5, a5, 16
800015cc: 93 d7 07 41  	srai	a5, a5, 16
800015d0: 03 25 81 01  	lw	a0, 24(sp)
800015d4: 6f 00 40 21  	j	0x800017e8 <_vsnprintf+0x648>
800015d8: 13 75 0e 20  	andi	a0, t3, 512
800015dc: 63 10 05 36  	bnez	a0, 0x8000193c <_vsnprintf+0x79c>
800015e0: 13 75 0e 10  	andi	a0, t3, 256
800015e4: 63 18 05 22  	bnez	a0, 0x80001814 <_vsnprintf+0x674>
800015e8: 13 75 0e 04  	andi	a0, t3, 64
800015ec: 63 1a 05 26  	bnez	a0, 0x80001860 <_vsnprintf+0x6c0>
800015f0: 03 25 81 01  	lw	a0, 24(sp)
800015f4: 03 27 05 00  	lw	a4, 0(a0)
800015f8: 13 75 0e 08  	andi	a0, t3, 128
800015fc: 63 06 05 00  	beqz	a0, 0x80001608 <_vsnprintf+0x468>
80001600: 13 17 07 01  	slli	a4, a4, 16
80001604: 13 57 07 01  	srli	a4, a4, 16
80001608: 03 25 81 01  	lw	a0, 24(sp)
8000160c: 6f 00 c0 25  	j	0x80001868 <_vsnprintf+0x6c8>
80001610: 83 29 81 01  	lw	s3, 24(sp)
80001614: 83 a7 09 00  	lw	a5, 0(s3)
80001618: 93 89 49 00  	addi	s3, s3, 4
8000161c: 13 d5 f7 41  	srai	a0, a5, 31
80001620: 33 c7 a7 00  	xor	a4, a5, a0
80001624: 33 07 a7 40  	sub	a4, a4, a0
80001628: 93 d7 f7 01  	srli	a5, a5, 31
8000162c: 13 05 09 00  	mv	a0, s2
80001630: 93 85 04 00  	mv	a1, s1
80001634: 13 06 0a 00  	mv	a2, s4
80001638: 93 06 04 00  	mv	a3, s0
8000163c: 6f 00 80 1f  	j	0x80001834 <_vsnprintf+0x694>
80001640: 93 79 2e 00  	andi	s3, t3, 2
80001644: 13 0b 10 00  	li	s6, 1
80001648: 63 9a 09 02  	bnez	s3, 0x8000167c <_vsnprintf+0x4dc>
8000164c: 13 0b 20 00  	li	s6, 2
80001650: 63 e6 6a 03  	bltu	s5, s6, 0x8000167c <_vsnprintf+0x4dc>
80001654: 13 8b 1a 00  	addi	s6, s5, 1
80001658: 93 8c fa ff  	addi	s9, s5, -1
8000165c: 13 06 0a 00  	mv	a2, s4
80001660: 13 0a 1a 00  	addi	s4, s4, 1
80001664: 13 05 00 02  	li	a0, 32
80001668: 93 85 04 00  	mv	a1, s1
8000166c: 93 06 04 00  	mv	a3, s0
80001670: e7 00 09 00  	jalr	s2
80001674: 93 8c fc ff  	addi	s9, s9, -1
80001678: e3 92 0c fe  	bnez	s9, 0x8000165c <_vsnprintf+0x4bc>
8000167c: 03 25 81 01  	lw	a0, 24(sp)
80001680: 13 06 0a 00  	mv	a2, s4
80001684: 93 05 05 00  	mv	a1, a0
80001688: 03 45 05 00  	lbu	a0, 0(a0)
8000168c: b3 3c 30 01  	snez	s9, s3
80001690: 93 89 45 00  	addi	s3, a1, 4
80001694: 13 0a 1a 00  	addi	s4, s4, 1
80001698: 93 85 04 00  	mv	a1, s1
8000169c: 93 06 04 00  	mv	a3, s0
800016a0: e7 00 09 00  	jalr	s2
800016a4: 33 35 5b 01  	sltu	a0, s6, s5
800016a8: 33 f5 ac 00  	and	a0, s9, a0
800016ac: 63 02 05 1a  	beqz	a0, 0x80001850 <_vsnprintf+0x6b0>
800016b0: b3 8a 6a 41  	sub	s5, s5, s6
800016b4: 93 0c 90 00  	li	s9, 9
800016b8: 13 06 0a 00  	mv	a2, s4
800016bc: 13 0a 1a 00  	addi	s4, s4, 1
800016c0: 13 05 00 02  	li	a0, 32
800016c4: 93 85 04 00  	mv	a1, s1
800016c8: 93 06 04 00  	mv	a3, s0
800016cc: e7 00 09 00  	jalr	s2
800016d0: 93 8a fa ff  	addi	s5, s5, -1
800016d4: e3 92 0a fe  	bnez	s5, 0x800016b8 <_vsnprintf+0x518>
800016d8: 23 2c 31 01  	sw	s3, 24(sp)
800016dc: 93 8a 1d 00  	addi	s5, s11, 1
800016e0: 6f f0 df b3  	j	0x8000121c <_vsnprintf+0x7c>
800016e4: 83 29 81 01  	lw	s3, 24(sp)
800016e8: 03 a7 09 00  	lw	a4, 0(s3)
800016ec: 13 6e 1e 02  	ori	t3, t3, 33
800016f0: 93 89 49 00  	addi	s3, s3, 4
800016f4: 13 08 00 01  	li	a6, 16
800016f8: 93 03 80 00  	li	t2, 8
800016fc: 13 05 09 00  	mv	a0, s2
80001700: 93 85 04 00  	mv	a1, s1
80001704: 13 06 0a 00  	mv	a2, s4
80001708: 93 06 04 00  	mv	a3, s0
8000170c: 93 07 00 00  	li	a5, 0
80001710: 93 08 0b 00  	mv	a7, s6
80001714: 6f 00 80 12  	j	0x8000183c <_vsnprintf+0x69c>
80001718: 03 25 81 01  	lw	a0, 24(sp)
8000171c: 83 2c 05 00  	lw	s9, 0(a0)
80001720: 03 c5 0c 00  	lbu	a0, 0(s9)
80001724: 13 86 0c 00  	mv	a2, s9
80001728: 63 0c 05 02  	beqz	a0, 0x80001760 <_vsnprintf+0x5c0>
8000172c: b3 35 60 01  	snez	a1, s6
80001730: 93 85 f5 ff  	addi	a1, a1, -1
80001734: b3 e5 65 01  	or	a1, a1, s6
80001738: 93 85 f5 ff  	addi	a1, a1, -1
8000173c: 93 86 0c 00  	mv	a3, s9
80001740: 03 c7 16 00  	lbu	a4, 1(a3)
80001744: 13 86 16 00  	addi	a2, a3, 1
80001748: 93 36 17 00  	seqz	a3, a4
8000174c: 13 b7 15 00  	seqz	a4, a1
80001750: 33 e7 e6 00  	or	a4, a3, a4
80001754: 93 85 f5 ff  	addi	a1, a1, -1
80001758: 93 06 06 00  	mv	a3, a2
8000175c: e3 02 07 fe  	beqz	a4, 0x80001740 <_vsnprintf+0x5a0>
80001760: b3 05 96 41  	sub	a1, a2, s9
80001764: 13 86 05 00  	mv	a2, a1
80001768: 63 e2 65 03  	bltu	a1, s6, 0x8000178c <_vsnprintf+0x5ec>
8000176c: 13 06 0b 00  	mv	a2, s6
80001770: 93 76 0e 40  	andi	a3, t3, 1024
80001774: 23 28 d1 00  	sw	a3, 16(sp)
80001778: 63 90 06 02  	bnez	a3, 0x80001798 <_vsnprintf+0x5f8>
8000177c: 13 76 2e 00  	andi	a2, t3, 2
80001780: 23 26 c1 00  	sw	a2, 12(sp)
80001784: 63 02 06 02  	beqz	a2, 0x800017a8 <_vsnprintf+0x608>
80001788: 6f 00 80 11  	j	0x800018a0 <_vsnprintf+0x700>
8000178c: 93 76 0e 40  	andi	a3, t3, 1024
80001790: 23 28 d1 00  	sw	a3, 16(sp)
80001794: e3 84 06 fe  	beqz	a3, 0x8000177c <_vsnprintf+0x5dc>
80001798: 93 05 06 00  	mv	a1, a2
8000179c: 13 76 2e 00  	andi	a2, t3, 2
800017a0: 23 26 c1 00  	sw	a2, 12(sp)
800017a4: 63 1e 06 0e  	bnez	a2, 0x800018a0 <_vsnprintf+0x700>
800017a8: 63 fa 55 0f  	bgeu	a1, s5, 0x8000189c <_vsnprintf+0x6fc>
800017ac: 13 85 1a 00  	addi	a0, s5, 1
800017b0: 23 24 a1 00  	sw	a0, 8(sp)
800017b4: b3 89 ba 40  	sub	s3, s5, a1
800017b8: 13 06 0a 00  	mv	a2, s4
800017bc: 13 0a 1a 00  	addi	s4, s4, 1
800017c0: 13 05 00 02  	li	a0, 32
800017c4: 93 85 04 00  	mv	a1, s1
800017c8: 93 06 04 00  	mv	a3, s0
800017cc: e7 00 09 00  	jalr	s2
800017d0: 93 89 f9 ff  	addi	s3, s3, -1
800017d4: e3 92 09 fe  	bnez	s3, 0x800017b8 <_vsnprintf+0x618>
800017d8: 03 c5 0c 00  	lbu	a0, 0(s9)
800017dc: 6f 00 80 0c  	j	0x800018a4 <_vsnprintf+0x704>
800017e0: 03 25 81 01  	lw	a0, 24(sp)
800017e4: 83 47 05 00  	lbu	a5, 0(a0)
800017e8: 13 05 45 00  	addi	a0, a0, 4
800017ec: 23 2c a1 00  	sw	a0, 24(sp)
800017f0: 13 d5 f7 41  	srai	a0, a5, 31
800017f4: 33 c7 a7 00  	xor	a4, a5, a0
800017f8: 33 07 a7 40  	sub	a4, a4, a0
800017fc: 93 d7 f7 01  	srli	a5, a5, 31
80001800: 13 05 09 00  	mv	a0, s2
80001804: 93 85 04 00  	mv	a1, s1
80001808: 13 06 0a 00  	mv	a2, s4
8000180c: 93 06 04 00  	mv	a3, s0
80001810: 6f 00 40 07  	j	0x80001884 <_vsnprintf+0x6e4>
80001814: 83 29 81 01  	lw	s3, 24(sp)
80001818: 03 a7 09 00  	lw	a4, 0(s3)
8000181c: 93 89 49 00  	addi	s3, s3, 4
80001820: 13 05 09 00  	mv	a0, s2
80001824: 93 85 04 00  	mv	a1, s1
80001828: 13 06 0a 00  	mv	a2, s4
8000182c: 93 06 04 00  	mv	a3, s0
80001830: 93 07 00 00  	li	a5, 0
80001834: 93 08 0b 00  	mv	a7, s6
80001838: 93 83 0a 00  	mv	t2, s5
8000183c: ef 00 80 21  	jal	0x80001a54 <_ntoa_long>
80001840: 13 0a 05 00  	mv	s4, a0
80001844: 23 2c 31 01  	sw	s3, 24(sp)
80001848: 93 8a 1d 00  	addi	s5, s11, 1
8000184c: 6f f0 1f 9d  	j	0x8000121c <_vsnprintf+0x7c>
80001850: 23 2c 31 01  	sw	s3, 24(sp)
80001854: 93 0c 90 00  	li	s9, 9
80001858: 93 8a 1d 00  	addi	s5, s11, 1
8000185c: 6f f0 1f 9c  	j	0x8000121c <_vsnprintf+0x7c>
80001860: 03 25 81 01  	lw	a0, 24(sp)
80001864: 03 47 05 00  	lbu	a4, 0(a0)
80001868: 13 05 45 00  	addi	a0, a0, 4
8000186c: 23 2c a1 00  	sw	a0, 24(sp)
80001870: 13 05 09 00  	mv	a0, s2
80001874: 93 85 04 00  	mv	a1, s1
80001878: 13 06 0a 00  	mv	a2, s4
8000187c: 93 06 04 00  	mv	a3, s0
80001880: 93 07 00 00  	li	a5, 0
80001884: 93 08 0b 00  	mv	a7, s6
80001888: 93 83 0a 00  	mv	t2, s5
8000188c: ef 00 80 1c  	jal	0x80001a54 <_ntoa_long>
80001890: 13 0a 05 00  	mv	s4, a0
80001894: 93 8a 1d 00  	addi	s5, s11, 1
80001898: 6f f0 5f 98  	j	0x8000121c <_vsnprintf+0x7c>
8000189c: 93 85 15 00  	addi	a1, a1, 1
800018a0: 23 24 b1 00  	sw	a1, 8(sp)
800018a4: 63 02 05 04  	beqz	a0, 0x800018e8 <_vsnprintf+0x748>
800018a8: 93 8c 1c 00  	addi	s9, s9, 1
800018ac: 6f 00 00 03  	j	0x800018dc <_vsnprintf+0x73c>
800018b0: 13 0b fb ff  	addi	s6, s6, -1
800018b4: 93 09 1a 00  	addi	s3, s4, 1
800018b8: 13 75 f5 0f  	andi	a0, a0, 255
800018bc: 93 85 04 00  	mv	a1, s1
800018c0: 13 06 0a 00  	mv	a2, s4
800018c4: 93 06 04 00  	mv	a3, s0
800018c8: e7 00 09 00  	jalr	s2
800018cc: 03 c5 0c 00  	lbu	a0, 0(s9)
800018d0: 93 8c 1c 00  	addi	s9, s9, 1
800018d4: 13 8a 09 00  	mv	s4, s3
800018d8: 63 0a 05 00  	beqz	a0, 0x800018ec <_vsnprintf+0x74c>
800018dc: 83 25 01 01  	lw	a1, 16(sp)
800018e0: e3 8a 05 fc  	beqz	a1, 0x800018b4 <_vsnprintf+0x714>
800018e4: e3 16 0b fc  	bnez	s6, 0x800018b0 <_vsnprintf+0x710>
800018e8: 93 09 0a 00  	mv	s3, s4
800018ec: 03 25 c1 00  	lw	a0, 12(sp)
800018f0: 33 35 a0 00  	snez	a0, a0
800018f4: 03 26 81 00  	lw	a2, 8(sp)
800018f8: b3 35 56 01  	sltu	a1, a2, s5
800018fc: 33 75 b5 00  	and	a0, a0, a1
80001900: 83 25 81 01  	lw	a1, 24(sp)
80001904: 93 85 45 00  	addi	a1, a1, 4
80001908: 23 2c b1 00  	sw	a1, 24(sp)
8000190c: 63 0c 05 02  	beqz	a0, 0x80001944 <_vsnprintf+0x7a4>
80001910: 33 8a ca 40  	sub	s4, s5, a2
80001914: 93 0c 90 00  	li	s9, 9
80001918: 13 86 09 00  	mv	a2, s3
8000191c: 93 89 19 00  	addi	s3, s3, 1
80001920: 13 05 00 02  	li	a0, 32
80001924: 93 85 04 00  	mv	a1, s1
80001928: 93 06 04 00  	mv	a3, s0
8000192c: e7 00 09 00  	jalr	s2
80001930: 13 0a fa ff  	addi	s4, s4, -1
80001934: e3 12 0a fe  	bnez	s4, 0x80001918 <_vsnprintf+0x778>
80001938: 13 8a 09 00  	mv	s4, s3
8000193c: 93 8a 1d 00  	addi	s5, s11, 1
80001940: 6f f0 df 8d  	j	0x8000121c <_vsnprintf+0x7c>
80001944: 13 8a 09 00  	mv	s4, s3
80001948: 93 0c 90 00  	li	s9, 9
8000194c: 93 8a 1d 00  	addi	s5, s11, 1
80001950: 6f f0 df 8c  	j	0x8000121c <_vsnprintf+0x7c>
80001954: 13 06 0a 00  	mv	a2, s4
80001958: 63 64 8a 00  	bltu	s4, s0, 0x80001960 <_vsnprintf+0x7c0>
8000195c: 13 06 f4 ff  	addi	a2, s0, -1
80001960: 13 05 00 00  	li	a0, 0
80001964: 93 85 04 00  	mv	a1, s1
80001968: 93 06 04 00  	mv	a3, s0
8000196c: e7 00 09 00  	jalr	s2
80001970: 13 05 0a 00  	mv	a0, s4
80001974: 83 20 c1 04  	lw	ra, 76(sp)
80001978: 03 24 81 04  	lw	s0, 72(sp)
8000197c: 83 24 41 04  	lw	s1, 68(sp)
80001980: 03 29 01 04  	lw	s2, 64(sp)
80001984: 83 29 c1 03  	lw	s3, 60(sp)
80001988: 03 2a 81 03  	lw	s4, 56(sp)
8000198c: 83 2a 41 03  	lw	s5, 52(sp)
80001990: 03 2b 01 03  	lw	s6, 48(sp)
80001994: 83 2b c1 02  	lw	s7, 44(sp)
80001998: 03 2c 81 02  	lw	s8, 40(sp)
8000199c: 83 2c 41 02  	lw	s9, 36(sp)
800019a0: 03 2d 01 02  	lw	s10, 32(sp)
800019a4: 83 2d c1 01  	lw	s11, 28(sp)
800019a8: 13 01 01 05  	addi	sp, sp, 80
800019ac: 67 80 00 00  	ret

800019b0 <_out_char>:
800019b0: 63 0e 05 08  	beqz	a0, 0x80001a4c <_out_char+0x9c>
800019b4: f3 25 40 f1  	csrr	a1, mhartid
800019b8: 13 06 80 44  	li	a2, 1096
800019bc: b3 85 c5 02  	mul	a1, a1, a2
800019c0: 17 26 00 00  	auipc	a2, 2
800019c4: 13 06 06 27  	addi	a2, a2, 624
800019c8: b3 05 b6 00  	add	a1, a2, a1
800019cc: 03 a6 05 00  	lw	a2, 0(a1)
800019d0: 93 06 16 00  	addi	a3, a2, 1
800019d4: 23 a0 d5 00  	sw	a3, 0(a1)
800019d8: 33 86 c5 00  	add	a2, a1, a2
800019dc: 23 04 a6 04  	sb	a0, 72(a2)
800019e0: 03 a6 05 00  	lw	a2, 0(a1)
800019e4: 13 06 46 c0  	addi	a2, a2, -1020
800019e8: 33 36 c0 00  	snez	a2, a2
800019ec: 13 05 65 ff  	addi	a0, a0, -10
800019f0: 33 35 a0 00  	snez	a0, a0
800019f4: 33 75 c5 00  	and	a0, a0, a2
800019f8: 63 1a 05 04  	bnez	a0, 0x80001a4c <_out_char+0x9c>
800019fc: 13 85 85 04  	addi	a0, a1, 72
80001a00: 23 a6 05 00  	sw	zero, 12(a1)
80001a04: 13 06 00 04  	li	a2, 64
80001a08: 23 a4 c5 00  	sw	a2, 8(a1)
80001a0c: 23 aa 05 00  	sw	zero, 20(a1)
80001a10: 13 06 10 00  	li	a2, 1
80001a14: 23 a8 c5 00  	sw	a2, 16(a1)
80001a18: 23 ae 05 00  	sw	zero, 28(a1)
80001a1c: 23 ac a5 00  	sw	a0, 24(a1)
80001a20: 03 a5 05 00  	lw	a0, 0(a1)
80001a24: 13 86 85 00  	addi	a2, a1, 8
80001a28: 23 a2 05 02  	sw	zero, 36(a1)
80001a2c: 23 a0 a5 02  	sw	a0, 32(a1)
80001a30: 17 25 00 00  	auipc	a0, 2
80001a34: 23 28 c5 0c  	sw	a2, 208(a0)
80001a38: 17 25 00 00  	auipc	a0, 2
80001a3c: 03 26 85 10  	lw	a2, 264(a0)
80001a40: e3 0e 06 fe  	beqz	a2, 0x80001a3c <_out_char+0x8c>
80001a44: 23 24 05 10  	sw	zero, 264(a0)
80001a48: 23 a0 05 00  	sw	zero, 0(a1)
80001a4c: 67 80 00 00  	ret

80001a50 <_out_null>:
80001a50: 67 80 00 00  	ret

80001a54 <_ntoa_long>:
80001a54: 13 01 01 fb  	addi	sp, sp, -80
80001a58: 23 26 11 04  	sw	ra, 76(sp)
80001a5c: 23 24 81 04  	sw	s0, 72(sp)
80001a60: 23 22 91 04  	sw	s1, 68(sp)
80001a64: 23 20 21 05  	sw	s2, 64(sp)
80001a68: 23 2e 31 03  	sw	s3, 60(sp)
80001a6c: 23 2c 41 03  	sw	s4, 56(sp)
80001a70: 23 2a 51 03  	sw	s5, 52(sp)
80001a74: 23 28 61 03  	sw	s6, 48(sp)
80001a78: 23 26 71 03  	sw	s7, 44(sp)
80001a7c: 23 24 81 03  	sw	s8, 40(sp)
80001a80: 23 22 91 03  	sw	s9, 36(sp)
80001a84: 23 20 a1 03  	sw	s10, 32(sp)
80001a88: 13 84 03 00  	mv	s0, t2
80001a8c: 93 84 06 00  	mv	s1, a3
80001a90: 13 0a 06 00  	mv	s4, a2
80001a94: 13 89 05 00  	mv	s2, a1
80001a98: 93 09 05 00  	mv	s3, a0
80001a9c: 93 35 17 00  	seqz	a1, a4
80001aa0: 63 14 07 00  	bnez	a4, 0x80001aa8 <_ntoa_long+0x54>
80001aa4: 13 7e fe fe  	andi	t3, t3, -17
80001aa8: 13 75 0e 40  	andi	a0, t3, 1024
80001aac: 13 56 a5 00  	srli	a2, a0, 10
80001ab0: b3 f5 c5 00  	and	a1, a1, a2
80001ab4: 63 96 05 06  	bnez	a1, 0x80001b20 <_ntoa_long+0xcc>
80001ab8: 93 06 00 00  	li	a3, 0
80001abc: 93 75 0e 02  	andi	a1, t3, 32
80001ac0: 93 c5 15 06  	xori	a1, a1, 97
80001ac4: 93 85 65 0f  	addi	a1, a1, 246
80001ac8: 13 06 a0 00  	li	a2, 10
80001acc: 93 02 01 00  	mv	t0, sp
80001ad0: 6f 00 00 03  	j	0x80001b00 <_ntoa_long+0xac>
80001ad4: b3 83 d3 01  	add	t2, t2, t4
80001ad8: 13 8c 16 00  	addi	s8, a3, 1
80001adc: b3 8e d2 00  	add	t4, t0, a3
80001ae0: 33 37 07 01  	sltu	a4, a4, a6
80001ae4: 13 47 f7 ff  	not	a4, a4
80001ae8: 93 b6 f6 01  	sltiu	a3, a3, 31
80001aec: 33 7f d7 00  	and	t5, a4, a3
80001af0: 23 80 7e 00  	sb	t2, 0(t4)
80001af4: 93 06 0c 00  	mv	a3, s8
80001af8: 13 07 03 00  	mv	a4, t1
80001afc: 63 04 0f 02  	beqz	t5, 0x80001b24 <_ntoa_long+0xd0>
80001b00: 33 53 07 03  	divu	t1, a4, a6
80001b04: b3 03 03 03  	mul	t2, t1, a6
80001b08: b3 03 77 40  	sub	t2, a4, t2
80001b0c: 13 ff e3 0f  	andi	t5, t2, 254
80001b10: 93 8e 05 00  	mv	t4, a1
80001b14: e3 70 cf fc  	bgeu	t5, a2, 0x80001ad4 <_ntoa_long+0x80>
80001b18: 93 0e 00 03  	li	t4, 48
80001b1c: 6f f0 9f fb  	j	0x80001ad4 <_ntoa_long+0x80>
80001b20: 13 0c 00 00  	li	s8, 0
80001b24: 93 7b 2e 00  	andi	s7, t3, 2
80001b28: 63 94 0b 04  	bnez	s7, 0x80001b70 <_ntoa_long+0x11c>
80001b2c: 63 0e 04 00  	beqz	s0, 0x80001b48 <_ntoa_long+0xf4>
80001b30: 93 75 1e 00  	andi	a1, t3, 1
80001b34: 63 8a 05 00  	beqz	a1, 0x80001b48 <_ntoa_long+0xf4>
80001b38: 93 75 ce 00  	andi	a1, t3, 12
80001b3c: b3 35 b0 00  	snez	a1, a1
80001b40: b3 e5 f5 00  	or	a1, a1, a5
80001b44: 33 04 b4 40  	sub	s0, s0, a1
80001b48: 13 06 00 02  	li	a2, 32
80001b4c: 93 85 08 00  	mv	a1, a7
80001b50: 63 fa c8 02  	bgeu	a7, a2, 0x80001b84 <_ntoa_long+0x130>
80001b54: 63 6c bc 02  	bltu	s8, a1, 0x80001b8c <_ntoa_long+0x138>
80001b58: 13 06 00 02  	li	a2, 32
80001b5c: 93 05 04 00  	mv	a1, s0
80001b60: 63 7e c4 04  	bgeu	s0, a2, 0x80001bbc <_ntoa_long+0x168>
80001b64: 33 36 bc 00  	sltu	a2, s8, a1
80001b68: 33 76 ce 00  	and	a2, t3, a2
80001b6c: 63 10 06 06  	bnez	a2, 0x80001bcc <_ntoa_long+0x178>
80001b70: 93 75 0e 01  	andi	a1, t3, 16
80001b74: 63 92 05 08  	bnez	a1, 0x80001bf8 <_ntoa_long+0x1a4>
80001b78: 13 05 f0 01  	li	a0, 31
80001b7c: 63 72 85 15  	bgeu	a0, s8, 0x80001cc0 <_ntoa_long+0x26c>
80001b80: 6f 00 00 17  	j	0x80001cf0 <_ntoa_long+0x29c>
80001b84: 93 05 00 02  	li	a1, 32
80001b88: e3 78 bc fc  	bgeu	s8, a1, 0x80001b58 <_ntoa_long+0x104>
80001b8c: 13 06 01 00  	mv	a2, sp
80001b90: 33 06 86 01  	add	a2, a2, s8
80001b94: b3 86 85 41  	sub	a3, a1, s8
80001b98: 13 07 00 03  	li	a4, 48
80001b9c: 23 00 e6 00  	sb	a4, 0(a2)
80001ba0: 93 86 f6 ff  	addi	a3, a3, -1
80001ba4: 13 06 16 00  	addi	a2, a2, 1
80001ba8: e3 9a 06 fe  	bnez	a3, 0x80001b9c <_ntoa_long+0x148>
80001bac: 13 8c 05 00  	mv	s8, a1
80001bb0: 13 06 00 02  	li	a2, 32
80001bb4: 93 05 04 00  	mv	a1, s0
80001bb8: e3 66 c4 fa  	bltu	s0, a2, 0x80001b64 <_ntoa_long+0x110>
80001bbc: 93 05 00 02  	li	a1, 32
80001bc0: 33 36 bc 00  	sltu	a2, s8, a1
80001bc4: 33 76 ce 00  	and	a2, t3, a2
80001bc8: e3 04 06 fa  	beqz	a2, 0x80001b70 <_ntoa_long+0x11c>
80001bcc: 13 06 01 00  	mv	a2, sp
80001bd0: 33 06 86 01  	add	a2, a2, s8
80001bd4: b3 86 85 41  	sub	a3, a1, s8
80001bd8: 13 07 00 03  	li	a4, 48
80001bdc: 23 00 e6 00  	sb	a4, 0(a2)
80001be0: 93 86 f6 ff  	addi	a3, a3, -1
80001be4: 13 06 16 00  	addi	a2, a2, 1
80001be8: e3 9a 06 fe  	bnez	a3, 0x80001bdc <_ntoa_long+0x188>
80001bec: 13 8c 05 00  	mv	s8, a1
80001bf0: 93 75 0e 01  	andi	a1, t3, 16
80001bf4: e3 82 05 f8  	beqz	a1, 0x80001b78 <_ntoa_long+0x124>
80001bf8: 33 35 a0 00  	snez	a0, a0
80001bfc: 93 35 1c 00  	seqz	a1, s8
80001c00: 33 65 b5 00  	or	a0, a0, a1
80001c04: 63 1e 05 02  	bnez	a0, 0x80001c40 <_ntoa_long+0x1ec>
80001c08: 33 45 1c 01  	xor	a0, s8, a7
80001c0c: 33 35 a0 00  	snez	a0, a0
80001c10: b3 45 8c 00  	xor	a1, s8, s0
80001c14: b3 35 b0 00  	snez	a1, a1
80001c18: 33 75 b5 00  	and	a0, a0, a1
80001c1c: 63 12 05 02  	bnez	a0, 0x80001c40 <_ntoa_long+0x1ec>
80001c20: 13 05 fc ff  	addi	a0, s8, -1
80001c24: b3 35 a0 00  	snez	a1, a0
80001c28: 13 06 08 ff  	addi	a2, a6, -16
80001c2c: 13 36 16 00  	seqz	a2, a2
80001c30: b3 75 b6 00  	and	a1, a2, a1
80001c34: 63 84 05 00  	beqz	a1, 0x80001c3c <_ntoa_long+0x1e8>
80001c38: 13 05 ec ff  	addi	a0, s8, -2
80001c3c: 13 0c 05 00  	mv	s8, a0
80001c40: 13 05 00 01  	li	a0, 16
80001c44: 63 18 a8 02  	bne	a6, a0, 0x80001c74 <_ntoa_long+0x220>
80001c48: 93 75 0e 02  	andi	a1, t3, 32
80001c4c: 13 b5 15 00  	seqz	a0, a1
80001c50: 13 36 0c 02  	sltiu	a2, s8, 32
80001c54: b3 76 c5 00  	and	a3, a0, a2
80001c58: 13 05 80 07  	li	a0, 120
80001c5c: 63 98 06 02  	bnez	a3, 0x80001c8c <_ntoa_long+0x238>
80001c60: 33 35 b0 00  	snez	a0, a1
80001c64: 33 76 c5 00  	and	a2, a0, a2
80001c68: 13 05 80 05  	li	a0, 88
80001c6c: 63 10 06 02  	bnez	a2, 0x80001c8c <_ntoa_long+0x238>
80001c70: 6f 00 c0 02  	j	0x80001c9c <_ntoa_long+0x248>
80001c74: 13 08 e8 ff  	addi	a6, a6, -2
80001c78: 13 35 18 00  	seqz	a0, a6
80001c7c: 93 35 0c 02  	sltiu	a1, s8, 32
80001c80: b3 75 b5 00  	and	a1, a0, a1
80001c84: 13 05 20 06  	li	a0, 98
80001c88: 63 8a 05 00  	beqz	a1, 0x80001c9c <_ntoa_long+0x248>
80001c8c: 93 05 01 00  	mv	a1, sp
80001c90: b3 85 85 01  	add	a1, a1, s8
80001c94: 13 0c 1c 00  	addi	s8, s8, 1
80001c98: 23 80 a5 00  	sb	a0, 0(a1)
80001c9c: 13 05 f0 01  	li	a0, 31
80001ca0: 63 68 85 05  	bltu	a0, s8, 0x80001cf0 <_ntoa_long+0x29c>
80001ca4: 13 05 01 00  	mv	a0, sp
80001ca8: 33 05 85 01  	add	a0, a0, s8
80001cac: 13 0c 1c 00  	addi	s8, s8, 1
80001cb0: 93 05 00 03  	li	a1, 48
80001cb4: 23 00 b5 00  	sb	a1, 0(a0)
80001cb8: 13 05 f0 01  	li	a0, 31
80001cbc: 63 6a 85 03  	bltu	a0, s8, 0x80001cf0 <_ntoa_long+0x29c>
80001cc0: 13 05 d0 02  	li	a0, 45
80001cc4: 63 9e 07 00  	bnez	a5, 0x80001ce0 <_ntoa_long+0x28c>
80001cc8: 93 75 4e 00  	andi	a1, t3, 4
80001ccc: 13 05 b0 02  	li	a0, 43
80001cd0: 63 98 05 00  	bnez	a1, 0x80001ce0 <_ntoa_long+0x28c>
80001cd4: 93 75 8e 00  	andi	a1, t3, 8
80001cd8: 13 05 00 02  	li	a0, 32
80001cdc: 63 8a 05 00  	beqz	a1, 0x80001cf0 <_ntoa_long+0x29c>
80001ce0: 93 05 01 00  	mv	a1, sp
80001ce4: b3 85 85 01  	add	a1, a1, s8
80001ce8: 13 0c 1c 00  	addi	s8, s8, 1
80001cec: 23 80 a5 00  	sb	a0, 0(a1)
80001cf0: 13 75 3e 00  	andi	a0, t3, 3
80001cf4: 13 35 15 00  	seqz	a0, a0
80001cf8: b3 35 8c 00  	sltu	a1, s8, s0
80001cfc: 33 75 b5 00  	and	a0, a0, a1
80001d00: 93 0a 0a 00  	mv	s5, s4
80001d04: 63 06 05 02  	beqz	a0, 0x80001d30 <_ntoa_long+0x2dc>
80001d08: 33 0b 84 41  	sub	s6, s0, s8
80001d0c: 13 06 0a 00  	mv	a2, s4
80001d10: 93 0a 16 00  	addi	s5, a2, 1
80001d14: 13 05 00 02  	li	a0, 32
80001d18: 93 05 09 00  	mv	a1, s2
80001d1c: 93 86 04 00  	mv	a3, s1
80001d20: e7 80 09 00  	jalr	s3
80001d24: 13 0b fb ff  	addi	s6, s6, -1
80001d28: 13 86 0a 00  	mv	a2, s5
80001d2c: e3 12 0b fe  	bnez	s6, 0x80001d10 <_ntoa_long+0x2bc>
80001d30: 63 0c 0c 02  	beqz	s8, 0x80001d68 <_ntoa_long+0x314>
80001d34: 93 0c f1 ff  	addi	s9, sp, -1
80001d38: 33 85 8c 01  	add	a0, s9, s8
80001d3c: 03 45 05 00  	lbu	a0, 0(a0)
80001d40: 13 0d fc ff  	addi	s10, s8, -1
80001d44: 13 8b 1a 00  	addi	s6, s5, 1
80001d48: 93 05 09 00  	mv	a1, s2
80001d4c: 13 86 0a 00  	mv	a2, s5
80001d50: 93 86 04 00  	mv	a3, s1
80001d54: e7 80 09 00  	jalr	s3
80001d58: 93 0a 0b 00  	mv	s5, s6
80001d5c: 13 0c 0d 00  	mv	s8, s10
80001d60: e3 1c 0d fc  	bnez	s10, 0x80001d38 <_ntoa_long+0x2e4>
80001d64: 6f 00 80 00  	j	0x80001d6c <_ntoa_long+0x318>
80001d68: 13 8b 0a 00  	mv	s6, s5
80001d6c: 33 35 70 01  	snez	a0, s7
80001d70: b3 05 4b 41  	sub	a1, s6, s4
80001d74: b3 b5 85 00  	sltu	a1, a1, s0
80001d78: 33 75 b5 00  	and	a0, a0, a1
80001d7c: 63 08 05 02  	beqz	a0, 0x80001dac <_ntoa_long+0x358>
80001d80: b3 0a 40 41  	neg	s5, s4
80001d84: 13 0a 1b 00  	addi	s4, s6, 1
80001d88: 13 05 00 02  	li	a0, 32
80001d8c: 93 05 09 00  	mv	a1, s2
80001d90: 13 06 0b 00  	mv	a2, s6
80001d94: 93 86 04 00  	mv	a3, s1
80001d98: e7 80 09 00  	jalr	s3
80001d9c: 33 85 4a 01  	add	a0, s5, s4
80001da0: 13 0b 0a 00  	mv	s6, s4
80001da4: e3 60 85 fe  	bltu	a0, s0, 0x80001d84 <_ntoa_long+0x330>
80001da8: 6f 00 80 00  	j	0x80001db0 <_ntoa_long+0x35c>
80001dac: 13 0a 0b 00  	mv	s4, s6
80001db0: 13 05 0a 00  	mv	a0, s4
80001db4: 83 20 c1 04  	lw	ra, 76(sp)
80001db8: 03 24 81 04  	lw	s0, 72(sp)
80001dbc: 83 24 41 04  	lw	s1, 68(sp)
80001dc0: 03 29 01 04  	lw	s2, 64(sp)
80001dc4: 83 29 c1 03  	lw	s3, 60(sp)
80001dc8: 03 2a 81 03  	lw	s4, 56(sp)
80001dcc: 83 2a 41 03  	lw	s5, 52(sp)
80001dd0: 03 2b 01 03  	lw	s6, 48(sp)
80001dd4: 83 2b c1 02  	lw	s7, 44(sp)
80001dd8: 03 2c 81 02  	lw	s8, 40(sp)
80001ddc: 83 2c 41 02  	lw	s9, 36(sp)
80001de0: 03 2d 01 02  	lw	s10, 32(sp)
80001de4: 13 01 01 05  	addi	sp, sp, 80
80001de8: 67 80 00 00  	ret

80001dec <_ftoa>:
80001dec: 13 01 01 fb  	addi	sp, sp, -80
80001df0: 23 26 11 04  	sw	ra, 76(sp)
80001df4: 23 24 81 04  	sw	s0, 72(sp)
80001df8: 23 22 91 04  	sw	s1, 68(sp)
80001dfc: 23 20 21 05  	sw	s2, 64(sp)
80001e00: 23 2e 31 03  	sw	s3, 60(sp)
80001e04: 23 2c 41 03  	sw	s4, 56(sp)
80001e08: 23 2a 51 03  	sw	s5, 52(sp)
80001e0c: 23 28 61 03  	sw	s6, 48(sp)
80001e10: 23 26 71 03  	sw	s7, 44(sp)
80001e14: 23 24 81 03  	sw	s8, 40(sp)
80001e18: 23 22 91 03  	sw	s9, 36(sp)
80001e1c: 97 28 00 00  	auipc	a7, 2
80001e20: 87 b7 48 d4  	fld	fa5, -700(a7)
80001e24: d3 88 a7 a2  	fle.d	a7, fa5, fa0
80001e28: 93 0a 08 00  	mv	s5, a6
80001e2c: 13 84 07 00  	mv	s0, a5
80001e30: 93 84 06 00  	mv	s1, a3
80001e34: 13 0a 06 00  	mv	s4, a2
80001e38: 13 89 05 00  	mv	s2, a1
80001e3c: 93 09 05 00  	mv	s3, a0
80001e40: 63 94 08 0e  	bnez	a7, 0x80001f28 <_ftoa+0x13c>
80001e44: 13 f5 3a 00  	andi	a0, s5, 3
80001e48: 33 35 a0 00  	snez	a0, a0
80001e4c: 93 35 54 00  	sltiu	a1, s0, 5
80001e50: 33 e5 a5 00  	or	a0, a1, a0
80001e54: 13 fb 2a 00  	andi	s6, s5, 2
80001e58: 93 0a 0a 00  	mv	s5, s4
80001e5c: 63 16 05 02  	bnez	a0, 0x80001e88 <_ftoa+0x9c>
80001e60: 93 0b c4 ff  	addi	s7, s0, -4
80001e64: 13 06 0a 00  	mv	a2, s4
80001e68: 93 0a 16 00  	addi	s5, a2, 1
80001e6c: 13 05 00 02  	li	a0, 32
80001e70: 93 05 09 00  	mv	a1, s2
80001e74: 93 86 04 00  	mv	a3, s1
80001e78: e7 80 09 00  	jalr	s3
80001e7c: 93 8b fb ff  	addi	s7, s7, -1
80001e80: 13 86 0a 00  	mv	a2, s5
80001e84: e3 92 0b fe  	bnez	s7, 0x80001e68 <_ftoa+0x7c>
80001e88: 33 3c 60 01  	snez	s8, s6
80001e8c: 13 8b 1a 00  	addi	s6, s5, 1
80001e90: 13 05 d0 02  	li	a0, 45
80001e94: 93 05 09 00  	mv	a1, s2
80001e98: 13 86 0a 00  	mv	a2, s5
80001e9c: 93 86 04 00  	mv	a3, s1
80001ea0: e7 80 09 00  	jalr	s3
80001ea4: 93 8b 2a 00  	addi	s7, s5, 2
80001ea8: 13 05 90 06  	li	a0, 105
80001eac: 93 05 09 00  	mv	a1, s2
80001eb0: 13 06 0b 00  	mv	a2, s6
80001eb4: 93 86 04 00  	mv	a3, s1
80001eb8: e7 80 09 00  	jalr	s3
80001ebc: 13 8b 3a 00  	addi	s6, s5, 3
80001ec0: 13 05 e0 06  	li	a0, 110
80001ec4: 93 05 09 00  	mv	a1, s2
80001ec8: 13 86 0b 00  	mv	a2, s7
80001ecc: 93 86 04 00  	mv	a3, s1
80001ed0: e7 80 09 00  	jalr	s3
80001ed4: 93 8a 4a 00  	addi	s5, s5, 4
80001ed8: 13 05 60 06  	li	a0, 102
80001edc: 93 05 09 00  	mv	a1, s2
80001ee0: 13 06 0b 00  	mv	a2, s6
80001ee4: 93 86 04 00  	mv	a3, s1
80001ee8: e7 80 09 00  	jalr	s3
80001eec: 33 85 4a 41  	sub	a0, s5, s4
80001ef0: 33 35 85 00  	sltu	a0, a0, s0
80001ef4: 33 75 ac 00  	and	a0, s8, a0
80001ef8: 63 0c 05 04  	beqz	a0, 0x80001f50 <_ftoa+0x164>
80001efc: 33 0b 40 41  	neg	s6, s4
80001f00: 13 8a 1a 00  	addi	s4, s5, 1
80001f04: 13 05 00 02  	li	a0, 32
80001f08: 93 05 09 00  	mv	a1, s2
80001f0c: 13 86 0a 00  	mv	a2, s5
80001f10: 93 86 04 00  	mv	a3, s1
80001f14: e7 80 09 00  	jalr	s3
80001f18: 33 05 4b 01  	add	a0, s6, s4
80001f1c: 93 0a 0a 00  	mv	s5, s4
80001f20: e3 60 85 fe  	bltu	a0, s0, 0x80001f00 <_ftoa+0x114>
80001f24: 6f 00 c0 4f  	j	0x80002420 <_ftoa+0x634>
80001f28: 17 25 00 00  	auipc	a0, 2
80001f2c: 87 37 05 c4  	fld	fa5, -960(a0)
80001f30: 53 05 f5 a2  	fle.d	a0, fa0, fa5
80001f34: 63 12 05 02  	bnez	a0, 0x80001f58 <_ftoa+0x16c>
80001f38: 13 f5 4a 00  	andi	a0, s5, 4
80001f3c: 93 5b 25 00  	srli	s7, a0, 2
80001f40: 63 02 05 08  	beqz	a0, 0x80001fc4 <_ftoa+0x1d8>
80001f44: 17 15 00 00  	auipc	a0, 1
80001f48: 13 0c 55 78  	addi	s8, a0, 1925
80001f4c: 6f 00 00 08  	j	0x80001fcc <_ftoa+0x1e0>
80001f50: 13 8a 0a 00  	mv	s4, s5
80001f54: 6f 00 c0 4c  	j	0x80002420 <_ftoa+0x634>
80001f58: 17 25 00 00  	auipc	a0, 2
80001f5c: 87 37 85 c1  	fld	fa5, -1000(a0)
80001f60: 17 25 00 00  	auipc	a0, 2
80001f64: 07 37 85 c1  	fld	fa4, -1000(a0)
80001f68: 53 95 a7 a2  	flt.d	a0, fa5, fa0
80001f6c: d3 15 e5 a2  	flt.d	a1, fa0, fa4
80001f70: 33 65 b5 00  	or	a0, a0, a1
80001f74: 63 06 05 10  	beqz	a0, 0x80002080 <_ftoa+0x294>
80001f78: 13 85 09 00  	mv	a0, s3
80001f7c: 93 05 09 00  	mv	a1, s2
80001f80: 13 06 0a 00  	mv	a2, s4
80001f84: 93 86 04 00  	mv	a3, s1
80001f88: 93 07 04 00  	mv	a5, s0
80001f8c: 13 88 0a 00  	mv	a6, s5
80001f90: 83 20 c1 04  	lw	ra, 76(sp)
80001f94: 03 24 81 04  	lw	s0, 72(sp)
80001f98: 83 24 41 04  	lw	s1, 68(sp)
80001f9c: 03 29 01 04  	lw	s2, 64(sp)
80001fa0: 83 29 c1 03  	lw	s3, 60(sp)
80001fa4: 03 2a 81 03  	lw	s4, 56(sp)
80001fa8: 83 2a 41 03  	lw	s5, 52(sp)
80001fac: 03 2b 01 03  	lw	s6, 48(sp)
80001fb0: 83 2b c1 02  	lw	s7, 44(sp)
80001fb4: 03 2c 81 02  	lw	s8, 40(sp)
80001fb8: 83 2c 41 02  	lw	s9, 36(sp)
80001fbc: 13 01 01 05  	addi	sp, sp, 80
80001fc0: 6f 00 80 49  	j	0x80002458 <_etoa>
80001fc4: 17 15 00 00  	auipc	a0, 1
80001fc8: 13 0c e5 72  	addi	s8, a0, 1838
80001fcc: 93 8b 3b 00  	addi	s7, s7, 3
80001fd0: 13 f5 3a 00  	andi	a0, s5, 3
80001fd4: 13 35 15 00  	seqz	a0, a0
80001fd8: b3 b5 8b 00  	sltu	a1, s7, s0
80001fdc: 33 75 b5 00  	and	a0, a0, a1
80001fe0: 13 0b 0a 00  	mv	s6, s4
80001fe4: 63 06 05 02  	beqz	a0, 0x80002010 <_ftoa+0x224>
80001fe8: b3 0c 74 41  	sub	s9, s0, s7
80001fec: 13 06 0a 00  	mv	a2, s4
80001ff0: 13 0b 16 00  	addi	s6, a2, 1
80001ff4: 13 05 00 02  	li	a0, 32
80001ff8: 93 05 09 00  	mv	a1, s2
80001ffc: 93 86 04 00  	mv	a3, s1
80002000: e7 80 09 00  	jalr	s3
80002004: 93 8c fc ff  	addi	s9, s9, -1
80002008: 13 06 0b 00  	mv	a2, s6
8000200c: e3 92 0c fe  	bnez	s9, 0x80001ff0 <_ftoa+0x204>
80002010: 93 fa 2a 00  	andi	s5, s5, 2
80002014: 13 0c fc ff  	addi	s8, s8, -1
80002018: 33 05 7c 01  	add	a0, s8, s7
8000201c: 03 45 05 00  	lbu	a0, 0(a0)
80002020: 13 06 0b 00  	mv	a2, s6
80002024: 93 8c fb ff  	addi	s9, s7, -1
80002028: 13 0b 1b 00  	addi	s6, s6, 1
8000202c: 93 05 09 00  	mv	a1, s2
80002030: 93 86 04 00  	mv	a3, s1
80002034: e7 80 09 00  	jalr	s3
80002038: 93 8b 0c 00  	mv	s7, s9
8000203c: e3 9e 0c fc  	bnez	s9, 0x80002018 <_ftoa+0x22c>
80002040: 33 35 50 01  	snez	a0, s5
80002044: b3 05 4b 41  	sub	a1, s6, s4
80002048: b3 b5 85 00  	sltu	a1, a1, s0
8000204c: 33 75 b5 00  	and	a0, a0, a1
80002050: 63 06 05 3c  	beqz	a0, 0x8000241c <_ftoa+0x630>
80002054: b3 0a 40 41  	neg	s5, s4
80002058: 13 0a 1b 00  	addi	s4, s6, 1
8000205c: 13 05 00 02  	li	a0, 32
80002060: 93 05 09 00  	mv	a1, s2
80002064: 13 06 0b 00  	mv	a2, s6
80002068: 93 86 04 00  	mv	a3, s1
8000206c: e7 80 09 00  	jalr	s3
80002070: 33 85 4a 01  	add	a0, s5, s4
80002074: 13 0b 0a 00  	mv	s6, s4
80002078: e3 60 85 fe  	bltu	a0, s0, 0x80002058 <_ftoa+0x26c>
8000207c: 6f 00 40 3a  	j	0x80002420 <_ftoa+0x634>
80002080: d3 07 00 d2  	fcvt.d.w	fa5, zero
80002084: 53 15 f5 a2  	flt.d	a0, fa0, fa5
80002088: 63 1c 05 00  	bnez	a0, 0x800020a0 <_ftoa+0x2b4>
8000208c: d3 07 a5 22  	fmv.d	fa5, fa0
80002090: 13 f5 0a 40  	andi	a0, s5, 1024
80002094: 93 06 07 00  	mv	a3, a4
80002098: 63 0c 05 00  	beqz	a0, 0x800020b0 <_ftoa+0x2c4>
8000209c: 6f 00 80 01  	j	0x800020b4 <_ftoa+0x2c8>
800020a0: d3 17 a5 22  	fneg.d	fa5, fa0
800020a4: 13 f5 0a 40  	andi	a0, s5, 1024
800020a8: 93 06 07 00  	mv	a3, a4
800020ac: 63 14 05 00  	bnez	a0, 0x800020b4 <_ftoa+0x2c8>
800020b0: 93 06 60 00  	li	a3, 6
800020b4: 13 05 a0 00  	li	a0, 10
800020b8: 63 e2 a6 04  	bltu	a3, a0, 0x800020fc <_ftoa+0x310>
800020bc: 13 85 66 ff  	addi	a0, a3, -10
800020c0: 93 05 f0 01  	li	a1, 31
800020c4: 63 64 b5 00  	bltu	a0, a1, 0x800020cc <_ftoa+0x2e0>
800020c8: 13 05 f0 01  	li	a0, 31
800020cc: 93 05 00 00  	li	a1, 0
800020d0: 13 05 15 00  	addi	a0, a0, 1
800020d4: 13 06 41 00  	addi	a2, sp, 4
800020d8: 93 06 00 03  	li	a3, 48
800020dc: b3 07 b6 00  	add	a5, a2, a1
800020e0: 93 85 15 00  	addi	a1, a1, 1
800020e4: 23 80 d7 00  	sb	a3, 0(a5)
800020e8: e3 1a b5 fe  	bne	a0, a1, 0x800020dc <_ftoa+0x2f0>
800020ec: 13 86 f5 ff  	addi	a2, a1, -1
800020f0: 93 37 f6 01  	sltiu	a5, a2, 31
800020f4: b3 06 b7 40  	sub	a3, a4, a1
800020f8: 6f 00 c0 00  	j	0x80002104 <_ftoa+0x318>
800020fc: 13 05 00 00  	li	a0, 0
80002100: 93 07 10 00  	li	a5, 1
80002104: 93 95 36 00  	slli	a1, a3, 3
80002108: 17 16 00 00  	auipc	a2, 1
8000210c: 13 06 06 48  	addi	a2, a2, 1152
80002110: b3 05 b6 00  	add	a1, a2, a1
80002114: 87 b6 05 00  	fld	fa3, 0(a1)
80002118: d3 95 07 c2  	fcvt.w.d	a1, fa5, rtz
8000211c: 53 87 05 d2  	fcvt.d.w	fa4, a1
80002120: 53 f7 e7 0a  	fsub.d	fa4, fa5, fa4
80002124: 53 f6 e6 12  	fmul.d	fa2, fa3, fa4
80002128: 17 26 00 00  	auipc	a2, 2
8000212c: 07 37 86 a5  	fld	fa4, -1448(a2)
80002130: 53 17 16 c2  	fcvt.wu.d	a4, fa2, rtz
80002134: d3 05 17 d2  	fcvt.d.wu	fa1, a4
80002138: 53 76 b6 0a  	fsub.d	fa2, fa2, fa1
8000213c: 53 06 e6 a2  	fle.d	a2, fa2, fa4
80002140: 63 10 06 02  	bnez	a2, 0x80002160 <_ftoa+0x374>
80002144: 13 07 17 00  	addi	a4, a4, 1
80002148: 53 06 17 d2  	fcvt.d.wu	fa2, a4
8000214c: 53 16 d6 a2  	flt.d	a2, fa2, fa3
80002150: 63 14 06 02  	bnez	a2, 0x80002178 <_ftoa+0x38c>
80002154: 13 07 00 00  	li	a4, 0
80002158: 93 85 15 00  	addi	a1, a1, 1
8000215c: 6f 00 c0 01  	j	0x80002178 <_ftoa+0x38c>
80002160: 53 16 e6 a2  	flt.d	a2, fa2, fa4
80002164: 63 1a 06 00  	bnez	a2, 0x80002178 <_ftoa+0x38c>
80002168: 13 36 17 00  	seqz	a2, a4
8000216c: 33 66 e6 00  	or	a2, a2, a4
80002170: 13 76 16 00  	andi	a2, a2, 1
80002174: 33 07 e6 00  	add	a4, a2, a4
80002178: 63 8e 06 06  	beqz	a3, 0x800021f4 <_ftoa+0x408>
8000217c: 13 06 00 02  	li	a2, 32
80002180: 63 82 07 14  	beqz	a5, 0x800022c4 <_ftoa+0x4d8>
80002184: b3 06 d0 40  	neg	a3, a3
80002188: b7 d7 cc cc  	lui	a5, 838861
8000218c: 93 87 d7 cc  	addi	a5, a5, -819
80002190: 13 08 a0 00  	li	a6, 10
80002194: 93 08 41 00  	addi	a7, sp, 4
80002198: b3 32 f7 02  	mulhu	t0, a4, a5
8000219c: 93 d2 32 00  	srli	t0, t0, 3
800021a0: 33 83 02 03  	mul	t1, t0, a6
800021a4: 33 03 67 40  	sub	t1, a4, t1
800021a8: 13 63 03 03  	ori	t1, t1, 48
800021ac: b3 83 a8 00  	add	t2, a7, a0
800021b0: 13 3e f5 01  	sltiu	t3, a0, 31
800021b4: 13 05 15 00  	addi	a0, a0, 1
800021b8: 23 80 63 00  	sb	t1, 0(t2)
800021bc: 13 37 a7 00  	sltiu	a4, a4, 10
800021c0: 13 47 17 00  	xori	a4, a4, 1
800021c4: 33 73 ee 00  	and	t1, t3, a4
800021c8: 93 86 16 00  	addi	a3, a3, 1
800021cc: 13 87 02 00  	mv	a4, t0
800021d0: e3 14 03 fc  	bnez	t1, 0x80002198 <_ftoa+0x3ac>
800021d4: 13 07 f5 ff  	addi	a4, a0, -1
800021d8: 13 37 f7 01  	sltiu	a4, a4, 31
800021dc: 93 47 17 00  	xori	a5, a4, 1
800021e0: 13 b7 16 00  	seqz	a4, a3
800021e4: 33 e7 e7 00  	or	a4, a5, a4
800021e8: 63 08 07 02  	beqz	a4, 0x80002218 <_ftoa+0x42c>
800021ec: 93 06 05 00  	mv	a3, a0
800021f0: 6f 00 c0 05  	j	0x8000224c <_ftoa+0x460>
800021f4: d3 86 05 d2  	fcvt.d.w	fa3, a1
800021f8: d3 f7 d7 0a  	fsub.d	fa5, fa5, fa3
800021fc: 53 06 f7 a2  	fle.d	a2, fa4, fa5
80002200: 33 76 b6 00  	and	a2, a2, a1
80002204: b3 85 c5 00  	add	a1, a1, a2
80002208: 93 06 f0 01  	li	a3, 31
8000220c: 13 06 00 02  	li	a2, 32
80002210: 63 f0 a6 06  	bgeu	a3, a0, 0x80002270 <_ftoa+0x484>
80002214: 6f 00 00 0b  	j	0x800022c4 <_ftoa+0x4d8>
80002218: 13 c7 f6 ff  	not	a4, a3
8000221c: 13 08 41 00  	addi	a6, sp, 4
80002220: 93 08 00 03  	li	a7, 48
80002224: 93 06 15 00  	addi	a3, a0, 1
80002228: b3 07 a8 00  	add	a5, a6, a0
8000222c: 23 80 17 01  	sb	a7, 0(a5)
80002230: 13 35 f5 01  	sltiu	a0, a0, 31
80002234: 93 47 15 00  	xori	a5, a0, 1
80002238: 13 35 17 00  	seqz	a0, a4
8000223c: b3 e2 a7 00  	or	t0, a5, a0
80002240: 13 07 f7 ff  	addi	a4, a4, -1
80002244: 13 85 06 00  	mv	a0, a3
80002248: e3 8e 02 fc  	beqz	t0, 0x80002224 <_ftoa+0x438>
8000224c: 63 9c 07 06  	bnez	a5, 0x800022c4 <_ftoa+0x4d8>
80002250: 13 85 16 00  	addi	a0, a3, 1
80002254: 13 06 41 00  	addi	a2, sp, 4
80002258: 33 06 d6 00  	add	a2, a2, a3
8000225c: 93 06 e0 02  	li	a3, 46
80002260: 23 00 d6 00  	sb	a3, 0(a2)
80002264: 93 06 f0 01  	li	a3, 31
80002268: 13 06 00 02  	li	a2, 32
8000226c: 63 ec a6 04  	bltu	a3, a0, 0x800022c4 <_ftoa+0x4d8>
80002270: 37 66 66 66  	lui	a2, 419430
80002274: 93 06 76 66  	addi	a3, a2, 1639
80002278: 13 07 a0 00  	li	a4, 10
8000227c: 93 07 41 00  	addi	a5, sp, 4
80002280: 33 96 d5 02  	mulh	a2, a1, a3
80002284: 13 58 f6 01  	srli	a6, a2, 31
80002288: 13 56 26 40  	srai	a2, a2, 2
8000228c: 33 08 06 01  	add	a6, a2, a6
80002290: 33 06 e8 02  	mul	a2, a6, a4
80002294: 33 86 c5 40  	sub	a2, a1, a2
80002298: 93 08 06 03  	addi	a7, a2, 48
8000229c: 13 06 15 00  	addi	a2, a0, 1
800022a0: b3 82 a7 00  	add	t0, a5, a0
800022a4: 93 85 65 ff  	addi	a1, a1, -10
800022a8: 93 b5 d5 fe  	sltiu	a1, a1, -19
800022ac: 13 35 f5 01  	sltiu	a0, a0, 31
800022b0: 33 73 b5 00  	and	t1, a0, a1
800022b4: 23 80 12 01  	sb	a7, 0(t0)
800022b8: 13 05 06 00  	mv	a0, a2
800022bc: 93 05 08 00  	mv	a1, a6
800022c0: e3 10 03 fc  	bnez	t1, 0x80002280 <_ftoa+0x494>
800022c4: 13 f5 3a 00  	andi	a0, s5, 3
800022c8: 93 05 10 00  	li	a1, 1
800022cc: 63 1c b5 04  	bne	a0, a1, 0x80002324 <_ftoa+0x538>
800022d0: 63 0e 04 00  	beqz	s0, 0x800022ec <_ftoa+0x500>
800022d4: d3 07 00 d2  	fcvt.d.w	fa5, zero
800022d8: d3 15 f5 a2  	flt.d	a1, fa0, fa5
800022dc: 93 f6 ca 00  	andi	a3, s5, 12
800022e0: b3 36 d0 00  	snez	a3, a3
800022e4: b3 e5 d5 00  	or	a1, a1, a3
800022e8: 33 04 b4 40  	sub	s0, s0, a1
800022ec: 93 06 00 02  	li	a3, 32
800022f0: 93 05 04 00  	mv	a1, s0
800022f4: 63 64 d4 00  	bltu	s0, a3, 0x800022fc <_ftoa+0x510>
800022f8: 93 05 00 02  	li	a1, 32
800022fc: 63 74 b6 02  	bgeu	a2, a1, 0x80002324 <_ftoa+0x538>
80002300: 93 06 41 00  	addi	a3, sp, 4
80002304: b3 86 c6 00  	add	a3, a3, a2
80002308: 33 86 c5 40  	sub	a2, a1, a2
8000230c: 13 07 00 03  	li	a4, 48
80002310: 23 80 e6 00  	sb	a4, 0(a3)
80002314: 13 06 f6 ff  	addi	a2, a2, -1
80002318: 93 86 16 00  	addi	a3, a3, 1
8000231c: e3 1a 06 fe  	bnez	a2, 0x80002310 <_ftoa+0x524>
80002320: 13 86 05 00  	mv	a2, a1
80002324: 93 05 f0 01  	li	a1, 31
80002328: 93 0b 00 02  	li	s7, 32
8000232c: 63 e2 c5 04  	bltu	a1, a2, 0x80002370 <_ftoa+0x584>
80002330: d3 07 00 d2  	fcvt.d.w	fa5, zero
80002334: d3 16 f5 a2  	flt.d	a3, fa0, fa5
80002338: 93 05 d0 02  	li	a1, 45
8000233c: 63 92 06 02  	bnez	a3, 0x80002360 <_ftoa+0x574>
80002340: 93 f6 4a 00  	andi	a3, s5, 4
80002344: 93 05 b0 02  	li	a1, 43
80002348: 63 9c 06 00  	bnez	a3, 0x80002360 <_ftoa+0x574>
8000234c: 93 f6 8a 00  	andi	a3, s5, 8
80002350: 93 05 00 02  	li	a1, 32
80002354: 63 96 06 00  	bnez	a3, 0x80002360 <_ftoa+0x574>
80002358: 93 0b 06 00  	mv	s7, a2
8000235c: 6f 00 40 01  	j	0x80002370 <_ftoa+0x584>
80002360: 93 0b 16 00  	addi	s7, a2, 1
80002364: 93 06 41 00  	addi	a3, sp, 4
80002368: 33 86 c6 00  	add	a2, a3, a2
8000236c: 23 00 b6 00  	sb	a1, 0(a2)
80002370: 13 35 15 00  	seqz	a0, a0
80002374: b3 b5 8b 00  	sltu	a1, s7, s0
80002378: 33 75 b5 00  	and	a0, a0, a1
8000237c: 13 0b 0a 00  	mv	s6, s4
80002380: 63 06 05 02  	beqz	a0, 0x800023ac <_ftoa+0x5c0>
80002384: 33 0c 74 41  	sub	s8, s0, s7
80002388: 13 06 0a 00  	mv	a2, s4
8000238c: 13 0b 16 00  	addi	s6, a2, 1
80002390: 13 05 00 02  	li	a0, 32
80002394: 93 05 09 00  	mv	a1, s2
80002398: 93 86 04 00  	mv	a3, s1
8000239c: e7 80 09 00  	jalr	s3
800023a0: 13 0c fc ff  	addi	s8, s8, -1
800023a4: 13 06 0b 00  	mv	a2, s6
800023a8: e3 12 0c fe  	bnez	s8, 0x8000238c <_ftoa+0x5a0>
800023ac: 93 fa 2a 00  	andi	s5, s5, 2
800023b0: 13 0c 31 00  	addi	s8, sp, 3
800023b4: 33 05 7c 01  	add	a0, s8, s7
800023b8: 03 45 05 00  	lbu	a0, 0(a0)
800023bc: 13 06 0b 00  	mv	a2, s6
800023c0: 93 8c fb ff  	addi	s9, s7, -1
800023c4: 13 0b 1b 00  	addi	s6, s6, 1
800023c8: 93 05 09 00  	mv	a1, s2
800023cc: 93 86 04 00  	mv	a3, s1
800023d0: e7 80 09 00  	jalr	s3
800023d4: 93 8b 0c 00  	mv	s7, s9
800023d8: e3 9e 0c fc  	bnez	s9, 0x800023b4 <_ftoa+0x5c8>
800023dc: 33 35 50 01  	snez	a0, s5
800023e0: b3 05 4b 41  	sub	a1, s6, s4
800023e4: b3 b5 85 00  	sltu	a1, a1, s0
800023e8: 33 75 b5 00  	and	a0, a0, a1
800023ec: 63 08 05 02  	beqz	a0, 0x8000241c <_ftoa+0x630>
800023f0: b3 0a 40 41  	neg	s5, s4
800023f4: 13 0a 1b 00  	addi	s4, s6, 1
800023f8: 13 05 00 02  	li	a0, 32
800023fc: 93 05 09 00  	mv	a1, s2
80002400: 13 06 0b 00  	mv	a2, s6
80002404: 93 86 04 00  	mv	a3, s1
80002408: e7 80 09 00  	jalr	s3
8000240c: 33 85 4a 01  	add	a0, s5, s4
80002410: 13 0b 0a 00  	mv	s6, s4
80002414: e3 60 85 fe  	bltu	a0, s0, 0x800023f4 <_ftoa+0x608>
80002418: 6f 00 80 00  	j	0x80002420 <_ftoa+0x634>
8000241c: 13 0a 0b 00  	mv	s4, s6
80002420: 13 05 0a 00  	mv	a0, s4
80002424: 83 20 c1 04  	lw	ra, 76(sp)
80002428: 03 24 81 04  	lw	s0, 72(sp)
8000242c: 83 24 41 04  	lw	s1, 68(sp)
80002430: 03 29 01 04  	lw	s2, 64(sp)
80002434: 83 29 c1 03  	lw	s3, 60(sp)
80002438: 03 2a 81 03  	lw	s4, 56(sp)
8000243c: 83 2a 41 03  	lw	s5, 52(sp)
80002440: 03 2b 01 03  	lw	s6, 48(sp)
80002444: 83 2b c1 02  	lw	s7, 44(sp)
80002448: 03 2c 81 02  	lw	s8, 40(sp)
8000244c: 83 2c 41 02  	lw	s9, 36(sp)
80002450: 13 01 01 05  	addi	sp, sp, 80
80002454: 67 80 00 00  	ret

80002458 <_etoa>:
80002458: 13 01 01 f9  	addi	sp, sp, -112
8000245c: 23 26 11 06  	sw	ra, 108(sp)
80002460: 23 24 81 06  	sw	s0, 104(sp)
80002464: 23 22 91 06  	sw	s1, 100(sp)
80002468: 23 20 21 07  	sw	s2, 96(sp)
8000246c: 23 2e 31 05  	sw	s3, 92(sp)
80002470: 23 2c 41 05  	sw	s4, 88(sp)
80002474: 23 2a 51 05  	sw	s5, 84(sp)
80002478: 23 28 61 05  	sw	s6, 80(sp)
8000247c: 23 26 71 05  	sw	s7, 76(sp)
80002480: 23 24 81 05  	sw	s8, 72(sp)
80002484: 23 22 91 05  	sw	s9, 68(sp)
80002488: 97 18 00 00  	auipc	a7, 1
8000248c: 87 b7 08 70  	fld	fa5, 1792(a7)
80002490: 97 18 00 00  	auipc	a7, 1
80002494: 07 b7 08 70  	fld	fa4, 1792(a7)
80002498: d3 98 a7 a2  	flt.d	a7, fa5, fa0
8000249c: d3 12 e5 a2  	flt.d	t0, fa0, fa4
800024a0: b3 e8 58 00  	or	a7, a7, t0
800024a4: 93 0a 08 00  	mv	s5, a6
800024a8: 13 84 07 00  	mv	s0, a5
800024ac: 93 07 07 00  	mv	a5, a4
800024b0: 93 84 06 00  	mv	s1, a3
800024b4: 13 0a 06 00  	mv	s4, a2
800024b8: 13 89 05 00  	mv	s2, a1
800024bc: 93 09 05 00  	mv	s3, a0
800024c0: 63 8a 08 04  	beqz	a7, 0x80002514 <_etoa+0xbc>
800024c4: 13 85 09 00  	mv	a0, s3
800024c8: 93 05 09 00  	mv	a1, s2
800024cc: 13 06 0a 00  	mv	a2, s4
800024d0: 93 86 04 00  	mv	a3, s1
800024d4: 13 87 07 00  	mv	a4, a5
800024d8: 93 07 04 00  	mv	a5, s0
800024dc: 13 88 0a 00  	mv	a6, s5
800024e0: 83 20 c1 06  	lw	ra, 108(sp)
800024e4: 03 24 81 06  	lw	s0, 104(sp)
800024e8: 83 24 41 06  	lw	s1, 100(sp)
800024ec: 03 29 01 06  	lw	s2, 96(sp)
800024f0: 83 29 c1 05  	lw	s3, 92(sp)
800024f4: 03 2a 81 05  	lw	s4, 88(sp)
800024f8: 83 2a 41 05  	lw	s5, 84(sp)
800024fc: 03 2b 01 05  	lw	s6, 80(sp)
80002500: 83 2b c1 04  	lw	s7, 76(sp)
80002504: 03 2c 81 04  	lw	s8, 72(sp)
80002508: 83 2c 41 04  	lw	s9, 68(sp)
8000250c: 13 01 01 07  	addi	sp, sp, 112
80002510: 6f f0 df 8d  	j	0x80001dec <_ftoa>
80002514: d3 07 00 d2  	fcvt.d.w	fa5, zero
80002518: 53 15 f5 a2  	flt.d	a0, fa0, fa5
8000251c: 63 1c 05 00  	bnez	a0, 0x80002534 <_etoa+0xdc>
80002520: d3 07 a5 22  	fmv.d	fa5, fa0
80002524: 13 f5 0a 40  	andi	a0, s5, 1024
80002528: 13 87 07 00  	mv	a4, a5
8000252c: 63 0c 05 00  	beqz	a0, 0x80002544 <_etoa+0xec>
80002530: 6f 00 80 01  	j	0x80002548 <_etoa+0xf0>
80002534: d3 17 a5 22  	fneg.d	fa5, fa0
80002538: 13 f5 0a 40  	andi	a0, s5, 1024
8000253c: 13 87 07 00  	mv	a4, a5
80002540: 63 14 05 00  	bnez	a0, 0x80002548 <_etoa+0xf0>
80002544: 13 07 60 00  	li	a4, 6
80002548: 27 3c f1 00  	fsd	fa5, 24(sp)
8000254c: 83 25 c1 01  	lw	a1, 28(sp)
80002550: 03 26 81 01  	lw	a2, 24(sp)
80002554: 93 96 15 00  	slli	a3, a1, 1
80002558: 93 95 c5 00  	slli	a1, a1, 12
8000255c: 93 d5 c5 00  	srli	a1, a1, 12
80002560: 23 28 c1 00  	sw	a2, 16(sp)
80002564: 37 06 f0 3f  	lui	a2, 261888
80002568: b3 e5 c5 00  	or	a1, a1, a2
8000256c: 23 2a b1 00  	sw	a1, 20(sp)
80002570: 07 37 01 01  	fld	fa4, 16(sp)
80002574: 97 15 00 00  	auipc	a1, 1
80002578: 87 b6 45 62  	fld	fa3, 1572(a1)
8000257c: 97 15 00 00  	auipc	a1, 1
80002580: 07 b6 45 62  	fld	fa2, 1572(a1)
80002584: 93 d6 56 01  	srli	a3, a3, 21
80002588: 93 85 16 c0  	addi	a1, a3, -1023
8000258c: d3 85 05 d2  	fcvt.d.w	fa1, a1
80002590: 43 77 c7 6a  	fmadd.d	fa4, fa4, fa2, fa3
80002594: 97 15 00 00  	auipc	a1, 1
80002598: 87 b6 45 61  	fld	fa3, 1556(a1)
8000259c: 97 15 00 00  	auipc	a1, 1
800025a0: 07 b6 45 61  	fld	fa2, 1556(a1)
800025a4: 97 15 00 00  	auipc	a1, 1
800025a8: 07 b0 45 61  	fld	ft0, 1556(a1)
800025ac: 43 f7 d5 72  	fmadd.d	fa4, fa1, fa3, fa4
800025b0: d3 15 07 c2  	fcvt.w.d	a1, fa4, rtz
800025b4: 53 87 05 d2  	fcvt.d.w	fa4, a1
800025b8: c3 76 07 62  	fmadd.d	fa3, fa4, ft0, fa2
800025bc: 17 16 00 00  	auipc	a2, 1
800025c0: 07 36 46 60  	fld	fa2, 1540(a2)
800025c4: 17 16 00 00  	auipc	a2, 1
800025c8: 87 35 46 60  	fld	fa1, 1540(a2)
800025cc: 53 96 06 c2  	fcvt.w.d	a2, fa3, rtz
800025d0: d3 06 06 d2  	fcvt.d.w	fa3, a2
800025d4: d3 f6 c6 12  	fmul.d	fa3, fa3, fa2
800025d8: 43 77 b7 6a  	fmadd.d	fa4, fa4, fa1, fa3
800025dc: d3 76 e7 12  	fmul.d	fa3, fa4, fa4
800025e0: 13 06 f6 3f  	addi	a2, a2, 1023
800025e4: 23 24 01 00  	sw	zero, 8(sp)
800025e8: 13 16 46 01  	slli	a2, a2, 20
800025ec: 23 26 c1 00  	sw	a2, 12(sp)
800025f0: 17 16 00 00  	auipc	a2, 1
800025f4: 07 36 86 5e  	fld	fa2, 1512(a2)
800025f8: 17 16 00 00  	auipc	a2, 1
800025fc: 87 35 86 5e  	fld	fa1, 1512(a2)
80002600: 07 30 81 00  	fld	ft0, 8(sp)
80002604: 17 16 00 00  	auipc	a2, 1
80002608: 87 30 c6 5c  	fld	ft1, 1484(a2)
8000260c: 43 f6 b6 62  	fmadd.d	fa2, fa3, fa1, fa2
80002610: 17 16 00 00  	auipc	a2, 1
80002614: 87 35 86 5d  	fld	fa1, 1496(a2)
80002618: d3 f0 e0 0a  	fsub.d	ft1, ft1, fa4
8000261c: 53 77 e7 02  	fadd.d	fa4, fa4, fa4
80002620: 53 f6 c6 1a  	fdiv.d	fa2, fa3, fa2
80002624: 53 76 b6 02  	fadd.d	fa2, fa2, fa1
80002628: d3 f6 c6 1a  	fdiv.d	fa3, fa3, fa2
8000262c: d3 f6 d0 02  	fadd.d	fa3, ft1, fa3
80002630: 53 77 d7 1a  	fdiv.d	fa4, fa4, fa3
80002634: 43 77 07 02  	fmadd.d	fa4, fa4, ft0, ft0
80002638: 53 96 e7 a2  	flt.d	a2, fa5, fa4
8000263c: 63 08 06 00  	beqz	a2, 0x8000264c <_etoa+0x1f4>
80002640: 97 16 00 00  	auipc	a3, 1
80002644: 87 b6 06 5b  	fld	fa3, 1456(a3)
80002648: 53 77 d7 12  	fmul.d	fa4, fa4, fa3
8000264c: b3 8b c5 40  	sub	s7, a1, a2
80002650: 93 85 3b 06  	addi	a1, s7, 99
80002654: 93 b5 75 0c  	sltiu	a1, a1, 199
80002658: 13 96 4a 01  	slli	a2, s5, 20
8000265c: 13 cc 55 00  	xori	s8, a1, 5
80002660: 63 5e 06 04  	bgez	a2, 0x800026bc <_etoa+0x264>
80002664: 97 15 00 00  	auipc	a1, 1
80002668: 87 b6 45 59  	fld	fa3, 1428(a1)
8000266c: 97 15 00 00  	auipc	a1, 1
80002670: 07 b6 45 59  	fld	fa2, 1428(a1)
80002674: d3 85 f6 a2  	fle.d	a1, fa3, fa5
80002678: 53 96 c7 a2  	flt.d	a2, fa5, fa2
8000267c: b3 f5 c5 00  	and	a1, a1, a2
80002680: 63 84 05 02  	beqz	a1, 0x800026a8 <_etoa+0x250>
80002684: 13 0c 00 00  	li	s8, 0
80002688: 33 a5 eb 00  	slt	a0, s7, a4
8000268c: 93 c5 fb ff  	not	a1, s7
80002690: b3 05 b7 00  	add	a1, a4, a1
80002694: 33 07 a0 40  	neg	a4, a0
80002698: 33 77 b7 00  	and	a4, a4, a1
8000269c: 93 ea 0a 40  	ori	s5, s5, 1024
800026a0: 93 0b 00 00  	li	s7, 0
800026a4: 6f 00 80 01  	j	0x800026bc <_etoa+0x264>
800026a8: 63 0a 07 00  	beqz	a4, 0x800026bc <_etoa+0x264>
800026ac: 63 16 05 00  	bnez	a0, 0x800026b8 <_etoa+0x260>
800026b0: 13 07 60 00  	li	a4, 6
800026b4: 6f 00 80 00  	j	0x800026bc <_etoa+0x264>
800026b8: 13 87 f7 ff  	addi	a4, a5, -1
800026bc: d3 06 00 d2  	fcvt.d.w	fa3, zero
800026c0: 53 15 d5 a2  	flt.d	a0, fa0, fa3
800026c4: b3 05 84 41  	sub	a1, s0, s8
800026c8: 33 36 b4 00  	sltu	a2, s0, a1
800026cc: 13 06 f6 ff  	addi	a2, a2, -1
800026d0: b3 75 b6 00  	and	a1, a2, a1
800026d4: 13 d6 1a 00  	srli	a2, s5, 1
800026d8: b3 36 80 01  	snez	a3, s8
800026dc: 33 76 d6 00  	and	a2, a2, a3
800026e0: 93 07 f6 ff  	addi	a5, a2, -1
800026e4: 63 96 0b 00  	bnez	s7, 0x800026f0 <_etoa+0x298>
800026e8: 17 16 00 00  	auipc	a2, 1
800026ec: 07 37 06 52  	fld	fa4, 1312(a2)
800026f0: b3 f7 b7 00  	and	a5, a5, a1
800026f4: 53 f5 e7 1a  	fdiv.d	fa0, fa5, fa4
800026f8: 63 04 05 00  	beqz	a0, 0x80002700 <_etoa+0x2a8>
800026fc: 53 15 a5 22  	fneg.d	fa0, fa0
80002700: 37 f5 ff ff  	lui	a0, 1048575
80002704: 13 05 f5 7f  	addi	a0, a0, 2047
80002708: 33 f8 aa 00  	and	a6, s5, a0
8000270c: 13 85 09 00  	mv	a0, s3
80002710: 93 05 09 00  	mv	a1, s2
80002714: 13 06 0a 00  	mv	a2, s4
80002718: 93 86 04 00  	mv	a3, s1
8000271c: ef f0 0f ed  	jal	0x80001dec <_ftoa>
80002720: 13 0b 05 00  	mv	s6, a0
80002724: 63 0c 0c 14  	beqz	s8, 0x8000287c <_etoa+0x424>
80002728: 93 fc 2a 00  	andi	s9, s5, 2
8000272c: 13 f5 0a 02  	andi	a0, s5, 32
80002730: 13 45 55 06  	xori	a0, a0, 101
80002734: 93 05 09 00  	mv	a1, s2
80002738: 13 06 0b 00  	mv	a2, s6
8000273c: 93 86 04 00  	mv	a3, s1
80002740: e7 80 09 00  	jalr	s3
80002744: 13 05 00 00  	li	a0, 0
80002748: 93 d5 fb 41  	srai	a1, s7, 31
8000274c: 33 c7 bb 00  	xor	a4, s7, a1
80002750: 33 07 b7 40  	sub	a4, a4, a1
80002754: 93 05 41 02  	addi	a1, sp, 36
80002758: 37 d6 cc cc  	lui	a2, 838861
8000275c: 13 06 d6 cc  	addi	a2, a2, -819
80002760: 93 06 a0 00  	li	a3, 10
80002764: b3 37 c7 02  	mulhu	a5, a4, a2
80002768: 93 d7 37 00  	srli	a5, a5, 3
8000276c: 33 88 d7 02  	mul	a6, a5, a3
80002770: 33 08 07 41  	sub	a6, a4, a6
80002774: 13 68 08 03  	ori	a6, a6, 48
80002778: 93 38 f5 01  	sltiu	a7, a0, 31
8000277c: 13 05 15 00  	addi	a0, a0, 1
80002780: 23 80 05 01  	sb	a6, 0(a1)
80002784: 13 37 a7 00  	sltiu	a4, a4, 10
80002788: 13 47 17 00  	xori	a4, a4, 1
8000278c: 33 f8 e8 00  	and	a6, a7, a4
80002790: 93 85 15 00  	addi	a1, a1, 1
80002794: 13 87 07 00  	mv	a4, a5
80002798: e3 16 08 fc  	bnez	a6, 0x80002764 <_etoa+0x30c>
8000279c: 13 0c ec ff  	addi	s8, s8, -2
800027a0: 13 06 00 02  	li	a2, 32
800027a4: 63 72 cc 0a  	bgeu	s8, a2, 0x80002848 <_etoa+0x3f0>
800027a8: 63 64 85 0b  	bltu	a0, s8, 0x80002850 <_etoa+0x3f8>
800027ac: 93 05 f0 01  	li	a1, 31
800027b0: 63 e0 a5 02  	bltu	a1, a0, 0x800027d0 <_etoa+0x378>
800027b4: 93 d5 eb 01  	srli	a1, s7, 30
800027b8: 93 f5 25 00  	andi	a1, a1, 2
800027bc: 93 85 b5 02  	addi	a1, a1, 43
800027c0: 13 06 41 02  	addi	a2, sp, 36
800027c4: 33 06 a6 00  	add	a2, a2, a0
800027c8: 13 05 15 00  	addi	a0, a0, 1
800027cc: 23 00 b6 00  	sb	a1, 0(a2)
800027d0: 93 0a 1b 00  	addi	s5, s6, 1
800027d4: 33 0b a0 40  	neg	s6, a0
800027d8: 93 05 41 02  	addi	a1, sp, 36
800027dc: 33 05 b5 00  	add	a0, a0, a1
800027e0: 93 0b f5 ff  	addi	s7, a0, -1
800027e4: 03 c5 0b 00  	lbu	a0, 0(s7)
800027e8: 13 86 0a 00  	mv	a2, s5
800027ec: 93 8a 1a 00  	addi	s5, s5, 1
800027f0: 93 05 09 00  	mv	a1, s2
800027f4: 93 86 04 00  	mv	a3, s1
800027f8: e7 80 09 00  	jalr	s3
800027fc: 13 0b 1b 00  	addi	s6, s6, 1
80002800: 93 8b fb ff  	addi	s7, s7, -1
80002804: e3 10 0b fe  	bnez	s6, 0x800027e4 <_etoa+0x38c>
80002808: 33 35 90 01  	snez	a0, s9
8000280c: b3 85 4a 41  	sub	a1, s5, s4
80002810: b3 b5 85 00  	sltu	a1, a1, s0
80002814: 33 75 b5 00  	and	a0, a0, a1
80002818: 63 00 05 06  	beqz	a0, 0x80002878 <_etoa+0x420>
8000281c: 33 0a 40 41  	neg	s4, s4
80002820: 13 8b 1a 00  	addi	s6, s5, 1
80002824: 13 05 00 02  	li	a0, 32
80002828: 93 05 09 00  	mv	a1, s2
8000282c: 13 86 0a 00  	mv	a2, s5
80002830: 93 86 04 00  	mv	a3, s1
80002834: e7 80 09 00  	jalr	s3
80002838: 33 05 6a 01  	add	a0, s4, s6
8000283c: 93 0a 0b 00  	mv	s5, s6
80002840: e3 60 85 fe  	bltu	a0, s0, 0x80002820 <_etoa+0x3c8>
80002844: 6f 00 80 03  	j	0x8000287c <_etoa+0x424>
80002848: 13 0c 00 02  	li	s8, 32
8000284c: e3 70 85 f7  	bgeu	a0, s8, 0x800027ac <_etoa+0x354>
80002850: 33 05 ac 40  	sub	a0, s8, a0
80002854: 13 06 00 03  	li	a2, 48
80002858: 23 80 c5 00  	sb	a2, 0(a1)
8000285c: 13 05 f5 ff  	addi	a0, a0, -1
80002860: 93 85 15 00  	addi	a1, a1, 1
80002864: e3 1a 05 fe  	bnez	a0, 0x80002858 <_etoa+0x400>
80002868: 13 05 0c 00  	mv	a0, s8
8000286c: 93 05 f0 01  	li	a1, 31
80002870: e3 f2 85 f5  	bgeu	a1, s8, 0x800027b4 <_etoa+0x35c>
80002874: 6f f0 df f5  	j	0x800027d0 <_etoa+0x378>
80002878: 13 8b 0a 00  	mv	s6, s5
8000287c: 13 05 0b 00  	mv	a0, s6
80002880: 83 20 c1 06  	lw	ra, 108(sp)
80002884: 03 24 81 06  	lw	s0, 104(sp)
80002888: 83 24 41 06  	lw	s1, 100(sp)
8000288c: 03 29 01 06  	lw	s2, 96(sp)
80002890: 83 29 c1 05  	lw	s3, 92(sp)
80002894: 03 2a 81 05  	lw	s4, 88(sp)
80002898: 83 2a 41 05  	lw	s5, 84(sp)
8000289c: 03 2b 01 05  	lw	s6, 80(sp)
800028a0: 83 2b c1 04  	lw	s7, 76(sp)
800028a4: 03 2c 81 04  	lw	s8, 72(sp)
800028a8: 83 2c 41 04  	lw	s9, 68(sp)
800028ac: 13 01 01 07  	addi	sp, sp, 112
800028b0: 67 80 00 00  	ret

800028b4 <snrt_putchar>:
800028b4: f3 25 40 f1  	csrr	a1, mhartid
800028b8: 13 06 80 44  	li	a2, 1096
800028bc: b3 85 c5 02  	mul	a1, a1, a2
800028c0: 17 16 00 00  	auipc	a2, 1
800028c4: 13 06 06 37  	addi	a2, a2, 880
800028c8: b3 05 b6 00  	add	a1, a2, a1
800028cc: 03 a6 05 00  	lw	a2, 0(a1)
800028d0: 93 06 16 00  	addi	a3, a2, 1
800028d4: 23 a0 d5 00  	sw	a3, 0(a1)
800028d8: 33 86 c5 00  	add	a2, a1, a2
800028dc: 23 04 a6 04  	sb	a0, 72(a2)
800028e0: 03 a6 05 00  	lw	a2, 0(a1)
800028e4: 13 06 46 c0  	addi	a2, a2, -1020
800028e8: 33 36 c0 00  	snez	a2, a2
800028ec: 13 05 65 ff  	addi	a0, a0, -10
800028f0: 33 35 a0 00  	snez	a0, a0
800028f4: 33 75 c5 00  	and	a0, a0, a2
800028f8: 63 1a 05 04  	bnez	a0, 0x8000294c <snrt_putchar+0x98>
800028fc: 13 85 85 04  	addi	a0, a1, 72
80002900: 23 a6 05 00  	sw	zero, 12(a1)
80002904: 13 06 00 04  	li	a2, 64
80002908: 23 a4 c5 00  	sw	a2, 8(a1)
8000290c: 23 aa 05 00  	sw	zero, 20(a1)
80002910: 13 06 10 00  	li	a2, 1
80002914: 23 a8 c5 00  	sw	a2, 16(a1)
80002918: 23 ae 05 00  	sw	zero, 28(a1)
8000291c: 23 ac a5 00  	sw	a0, 24(a1)
80002920: 03 a5 05 00  	lw	a0, 0(a1)
80002924: 13 86 85 00  	addi	a2, a1, 8
80002928: 23 a2 05 02  	sw	zero, 36(a1)
8000292c: 23 a0 a5 02  	sw	a0, 32(a1)
80002930: 17 15 00 00  	auipc	a0, 1
80002934: 23 28 c5 1c  	sw	a2, 464(a0)
80002938: 17 15 00 00  	auipc	a0, 1
8000293c: 03 26 85 20  	lw	a2, 520(a0)
80002940: e3 0e 06 fe  	beqz	a2, 0x8000293c <snrt_putchar+0x88>
80002944: 23 24 05 20  	sw	zero, 520(a0)
80002948: 23 a0 05 00  	sw	zero, 0(a1)
8000294c: 67 80 00 00  	ret

80002950 <sprintf_>:
80002950: 13 01 01 fe  	addi	sp, sp, -32
80002954: 23 22 11 00  	sw	ra, 4(sp)
80002958: 93 82 05 00  	mv	t0, a1
8000295c: 93 05 05 00  	mv	a1, a0
80002960: 23 2e 11 01  	sw	a7, 28(sp)
80002964: 23 2c 01 01  	sw	a6, 24(sp)
80002968: 23 2a f1 00  	sw	a5, 20(sp)
8000296c: 23 28 e1 00  	sw	a4, 16(sp)
80002970: 23 26 d1 00  	sw	a3, 12(sp)
80002974: 23 24 c1 00  	sw	a2, 8(sp)
80002978: 13 05 81 00  	addi	a0, sp, 8
8000297c: 23 20 a1 00  	sw	a0, 0(sp)
80002980: 17 05 00 00  	auipc	a0, 0
80002984: 13 05 45 02  	addi	a0, a0, 36
80002988: 13 06 f0 ff  	li	a2, -1
8000298c: 13 07 81 00  	addi	a4, sp, 8
80002990: 93 86 02 00  	mv	a3, t0
80002994: ef e0 df 80  	jal	0x800011a0 <_vsnprintf>
80002998: 83 20 41 00  	lw	ra, 4(sp)
8000299c: 13 01 01 02  	addi	sp, sp, 32
800029a0: 67 80 00 00  	ret

800029a4 <_out_buffer>:
800029a4: 63 76 d6 00  	bgeu	a2, a3, 0x800029b0 <_out_buffer+0xc>
800029a8: b3 85 c5 00  	add	a1, a1, a2
800029ac: 23 80 a5 00  	sb	a0, 0(a1)
800029b0: 67 80 00 00  	ret

800029b4 <snprintf_>:
800029b4: 13 01 01 fe  	addi	sp, sp, -32
800029b8: 23 22 11 00  	sw	ra, 4(sp)
800029bc: 93 02 06 00  	mv	t0, a2
800029c0: 13 86 05 00  	mv	a2, a1
800029c4: 93 05 05 00  	mv	a1, a0
800029c8: 23 2e 11 01  	sw	a7, 28(sp)
800029cc: 23 2c 01 01  	sw	a6, 24(sp)
800029d0: 23 2a f1 00  	sw	a5, 20(sp)
800029d4: 23 28 e1 00  	sw	a4, 16(sp)
800029d8: 23 26 d1 00  	sw	a3, 12(sp)
800029dc: 13 05 c1 00  	addi	a0, sp, 12
800029e0: 23 20 a1 00  	sw	a0, 0(sp)
800029e4: 17 05 00 00  	auipc	a0, 0
800029e8: 13 05 05 fc  	addi	a0, a0, -64
800029ec: 13 07 c1 00  	addi	a4, sp, 12
800029f0: 93 86 02 00  	mv	a3, t0
800029f4: ef e0 cf fa  	jal	0x800011a0 <_vsnprintf>
800029f8: 83 20 41 00  	lw	ra, 4(sp)
800029fc: 13 01 01 02  	addi	sp, sp, 32
80002a00: 67 80 00 00  	ret

80002a04 <vprintf_>:
80002a04: 13 01 01 ff  	addi	sp, sp, -16
80002a08: 23 26 11 00  	sw	ra, 12(sp)
80002a0c: 13 87 05 00  	mv	a4, a1
80002a10: 93 06 05 00  	mv	a3, a0
80002a14: 17 f5 ff ff  	auipc	a0, 1048575
80002a18: 13 05 c5 f9  	addi	a0, a0, -100
80002a1c: 93 05 b1 00  	addi	a1, sp, 11
80002a20: 13 06 f0 ff  	li	a2, -1
80002a24: ef e0 cf f7  	jal	0x800011a0 <_vsnprintf>
80002a28: 83 20 c1 00  	lw	ra, 12(sp)
80002a2c: 13 01 01 01  	addi	sp, sp, 16
80002a30: 67 80 00 00  	ret

80002a34 <vsnprintf_>:
80002a34: 17 07 00 00  	auipc	a4, 0
80002a38: 13 07 07 f7  	addi	a4, a4, -144
80002a3c: 93 87 06 00  	mv	a5, a3
80002a40: 93 06 06 00  	mv	a3, a2
80002a44: 13 86 05 00  	mv	a2, a1
80002a48: 93 05 05 00  	mv	a1, a0
80002a4c: 13 05 07 00  	mv	a0, a4
80002a50: 13 87 07 00  	mv	a4, a5
80002a54: 6f e0 cf f4  	j	0x800011a0 <_vsnprintf>

80002a58 <fctprintf>:
80002a58: 13 01 01 fd  	addi	sp, sp, -48
80002a5c: 23 2a 11 00  	sw	ra, 20(sp)
80002a60: 93 02 06 00  	mv	t0, a2
80002a64: 23 26 11 03  	sw	a7, 44(sp)
80002a68: 23 24 01 03  	sw	a6, 40(sp)
80002a6c: 23 22 f1 02  	sw	a5, 36(sp)
80002a70: 23 20 e1 02  	sw	a4, 32(sp)
80002a74: 23 2e d1 00  	sw	a3, 28(sp)
80002a78: 13 06 c1 01  	addi	a2, sp, 28
80002a7c: 23 28 c1 00  	sw	a2, 16(sp)
80002a80: 23 24 a1 00  	sw	a0, 8(sp)
80002a84: 23 26 b1 00  	sw	a1, 12(sp)
80002a88: 17 05 00 00  	auipc	a0, 0
80002a8c: 13 05 85 02  	addi	a0, a0, 40
80002a90: 93 05 81 00  	addi	a1, sp, 8
80002a94: 13 06 f0 ff  	li	a2, -1
80002a98: 13 07 c1 01  	addi	a4, sp, 28
80002a9c: 93 86 02 00  	mv	a3, t0
80002aa0: ef e0 0f f0  	jal	0x800011a0 <_vsnprintf>
80002aa4: 83 20 41 01  	lw	ra, 20(sp)
80002aa8: 13 01 01 03  	addi	sp, sp, 48
80002aac: 67 80 00 00  	ret

80002ab0 <_out_fct>:
80002ab0: 63 08 05 00  	beqz	a0, 0x80002ac0 <_out_fct+0x10>
80002ab4: 03 a3 05 00  	lw	t1, 0(a1)
80002ab8: 83 a5 45 00  	lw	a1, 4(a1)
80002abc: 67 00 03 00  	jr	t1
80002ac0: 67 80 00 00  	ret

80002ac4 <snrt_main>:
80002ac4: 13 01 01 ff  	addi	sp, sp, -16
80002ac8: 23 26 11 00  	sw	ra, 12(sp)
80002acc: 23 24 81 00  	sw	s0, 8(sp)
80002ad0: f3 22 30 bc  	csrr	t0, 3011
80002ad4: 93 97 02 01  	slli	a5, t0, 16
80002ad8: 93 d7 07 01  	srli	a5, a5, 16
80002adc: 93 d8 02 01  	srli	a7, t0, 16
80002ae0: 13 88 f8 ff  	addi	a6, a7, -1
80002ae4: 63 e2 07 0b  	bltu	a5, a6, 0x80002b88 <snrt_main+0xc4>
80002ae8: 13 05 02 00  	mv	a0, tp
80002aec: 23 22 a1 00  	sw	a0, 4(sp)
80002af0: 03 25 41 00  	lw	a0, 4(sp)
80002af4: 97 15 00 00  	auipc	a1, 1
80002af8: 13 86 45 05  	addi	a2, a1, 84
80002afc: 97 15 00 00  	auipc	a1, 1
80002b00: 13 87 c5 04  	addi	a4, a1, 76
80002b04: 33 07 c7 40  	sub	a4, a4, a2
80002b08: 63 0c 07 00  	beqz	a4, 0x80002b20 <snrt_main+0x5c>
80002b0c: 93 06 00 00  	li	a3, 0
80002b10: 2b 00 d6 00  	<unknown>
80002b14: 93 05 00 00  	li	a1, 0
80002b18: 2b 00 b5 02  	<unknown>
80002b1c: 2b 05 07 04  	<unknown>
80002b20: 13 d5 12 01  	srli	a0, t0, 17
80002b24: 63 08 05 04  	beqz	a0, 0x80002b74 <snrt_main+0xb0>
80002b28: 93 05 20 00  	li	a1, 2
80002b2c: 13 85 08 00  	mv	a0, a7
80002b30: 63 e4 15 01  	bltu	a1, a7, 0x80002b38 <snrt_main+0x74>
80002b34: 13 05 20 00  	li	a0, 2
80002b38: 13 03 80 40  	li	t1, 1032
80002b3c: b3 03 65 02  	mul	t2, a0, t1
80002b40: 93 06 00 00  	li	a3, 0
80002b44: 93 05 00 00  	li	a1, 0
80002b48: 6f 00 c0 00  	j	0x80002b54 <snrt_main+0x90>
80002b4c: 13 03 83 40  	addi	t1, t1, 1032
80002b50: 63 82 63 02  	beq	t2, t1, 0x80002b74 <snrt_main+0xb0>
80002b54: 03 25 41 00  	lw	a0, 4(sp)
80002b58: 03 26 41 00  	lw	a2, 4(sp)
80002b5c: e3 08 07 fe  	beqz	a4, 0x80002b4c <snrt_main+0x88>
80002b60: 33 05 a3 00  	add	a0, t1, a0
80002b64: 2b 00 d6 00  	<unknown>
80002b68: 2b 00 b5 02  	<unknown>
80002b6c: 2b 05 07 04  	<unknown>
80002b70: 6f f0 df fd  	j	0x80002b4c <snrt_main+0x88>
80002b74: 03 25 41 00  	lw	a0, 4(sp)
80002b78: 33 05 e5 00  	add	a0, a0, a4
80002b7c: 93 d5 02 01  	srli	a1, t0, 16
80002b80: 23 22 a1 00  	sw	a0, 4(sp)
80002b84: 63 96 05 1a  	bnez	a1, 0x80002d30 <snrt_main+0x26c>
80002b88: b3 b5 07 01  	sltu	a1, a5, a6
80002b8c: 73 20 20 7c  	csrr	zero, 1986
80002b90: 73 25 10 bc  	csrr	a0, 3009
80002b94: 37 06 fc 00  	lui	a2, 4032
80002b98: 33 75 c5 00  	and	a0, a0, a2
80002b9c: 33 36 a0 00  	snez	a2, a0
80002ba0: 17 15 00 00  	auipc	a0, 1
80002ba4: 13 05 05 07  	addi	a0, a0, 112
80002ba8: 97 16 00 00  	auipc	a3, 1
80002bac: 13 87 86 08  	addi	a4, a3, 136
80002bb0: 33 07 a7 40  	sub	a4, a4, a0
80002bb4: 93 36 17 00  	seqz	a3, a4
80002bb8: 33 e6 c6 00  	or	a2, a3, a2
80002bbc: b3 e5 c5 00  	or	a1, a1, a2
80002bc0: 63 9c 05 00  	bnez	a1, 0x80002bd8 <snrt_main+0x114>
80002bc4: 37 06 03 10  	lui	a2, 65584
80002bc8: 93 06 00 00  	li	a3, 0
80002bcc: 2b 00 d6 00  	<unknown>
80002bd0: 2b 00 b5 02  	<unknown>
80002bd4: 2b 05 07 04  	<unknown>
80002bd8: 17 15 00 00  	auipc	a0, 1
80002bdc: 13 06 85 f7  	addi	a2, a0, -136
80002be0: 17 15 00 00  	auipc	a0, 1
80002be4: 13 07 05 f7  	addi	a4, a0, -144
80002be8: 33 07 c7 40  	sub	a4, a4, a2
80002bec: 17 15 00 00  	auipc	a0, 1
80002bf0: 93 02 45 f7  	addi	t0, a0, -140
80002bf4: 17 15 00 00  	auipc	a0, 1
80002bf8: 13 03 c5 f5  	addi	t1, a0, -164
80002bfc: 33 05 53 40  	sub	a0, t1, t0
80002c00: 33 05 e5 40  	sub	a0, a0, a4
80002c04: b7 05 02 10  	lui	a1, 65568
80002c08: b3 05 b5 00  	add	a1, a0, a1
80002c0c: 23 20 b2 00  	sw	a1, 0(tp)
80002c10: 97 15 00 00  	auipc	a1, 1
80002c14: 13 84 05 01  	addi	s0, a1, 16
80002c18: 63 f6 07 03  	bgeu	a5, a6, 0x80002c44 <snrt_main+0x180>
80002c1c: 73 20 20 7c  	csrr	zero, 1986
80002c20: ef 00 80 1a  	jal	0x80002dc8 <main>
80002c24: 73 20 20 7c  	csrr	zero, 1986
80002c28: 2f 25 a4 00  	amoadd.w	a0, a0, (s0)
80002c2c: 73 20 20 7c  	csrr	zero, 1986
80002c30: 73 20 20 7c  	csrr	zero, 1986
80002c34: 03 25 04 00  	lw	a0, 0(s0)
80002c38: f3 25 40 f1  	csrr	a1, mhartid
80002c3c: 63 92 05 0e  	bnez	a1, 0x80002d20 <snrt_main+0x25c>
80002c40: 6f 00 80 16  	j	0x80002da8 <snrt_main+0x2e4>
80002c44: 63 00 07 02  	beqz	a4, 0x80002c64 <snrt_main+0x1a0>
80002c48: b7 05 02 10  	lui	a1, 65568
80002c4c: 33 05 b5 00  	add	a0, a0, a1
80002c50: 93 06 00 00  	li	a3, 0
80002c54: 2b 00 d6 00  	<unknown>
80002c58: 93 05 00 00  	li	a1, 0
80002c5c: 2b 00 b5 02  	<unknown>
80002c60: 2b 05 07 04  	<unknown>
80002c64: b3 87 62 40  	sub	a5, t0, t1
80002c68: 13 08 02 00  	mv	a6, tp
80002c6c: 63 88 07 02  	beqz	a5, 0x80002c9c <snrt_main+0x1d8>
80002c70: 37 06 03 10  	lui	a2, 65584
80002c74: 33 05 f7 00  	add	a0, a4, a5
80002c78: b7 05 02 10  	lui	a1, 65568
80002c7c: b3 05 b7 00  	add	a1, a4, a1
80002c80: 33 85 a5 40  	sub	a0, a1, a0
80002c84: 93 06 00 00  	li	a3, 0
80002c88: 2b 00 d6 00  	<unknown>
80002c8c: 93 05 00 00  	li	a1, 0
80002c90: 2b 00 b5 02  	<unknown>
80002c94: 13 87 07 00  	mv	a4, a5
80002c98: 2b 05 07 04  	<unknown>
80002c9c: ab 02 20 08  	<unknown>
80002ca0: e3 9e 02 fe  	bnez	t0, 0x80002c9c <snrt_main+0x1d8>
80002ca4: 03 25 08 00  	lw	a0, 0(a6)
80002ca8: b7 05 00 10  	lui	a1, 65536
80002cac: 23 22 b5 00  	sw	a1, 4(a0)
80002cb0: 37 06 02 00  	lui	a2, 32
80002cb4: 23 24 c5 00  	sw	a2, 8(a0)
80002cb8: 23 26 b5 00  	sw	a1, 12(a0)
80002cbc: 17 15 00 00  	auipc	a0, 1
80002cc0: 13 05 b5 f7  	addi	a0, a0, -133
80002cc4: 13 75 85 ff  	andi	a0, a0, -8
80002cc8: 97 15 00 00  	auipc	a1, 1
80002ccc: 93 85 c5 f5  	addi	a1, a1, -164
80002cd0: 23 a0 a5 00  	sw	a0, 0(a1)
80002cd4: 23 a2 05 00  	sw	zero, 4(a1)
80002cd8: 23 a4 a5 00  	sw	a0, 8(a1)
80002cdc: 73 20 20 7c  	csrr	zero, 1986
80002ce0: ef 00 80 0e  	jal	0x80002dc8 <main>
80002ce4: 73 20 20 7c  	csrr	zero, 1986
80002ce8: 2f 25 a4 00  	amoadd.w	a0, a0, (s0)
80002cec: 73 20 20 7c  	csrr	zero, 1986
80002cf0: 17 15 00 00  	auipc	a0, 1
80002cf4: 13 05 85 f2  	addi	a0, a0, -216
80002cf8: 83 25 45 00  	lw	a1, 4(a0)
80002cfc: 13 06 10 00  	li	a2, 1
80002d00: af 26 c5 00  	amoadd.w	a3, a2, (a0)
80002d04: 63 84 06 08  	beqz	a3, 0x80002d8c <snrt_main+0x2c8>
80002d08: 03 26 45 00  	lw	a2, 4(a0)
80002d0c: e3 8e c5 fe  	beq	a1, a2, 0x80002d08 <snrt_main+0x244>
80002d10: 73 20 20 7c  	csrr	zero, 1986
80002d14: 03 25 04 00  	lw	a0, 0(s0)
80002d18: f3 25 40 f1  	csrr	a1, mhartid
80002d1c: 63 86 05 08  	beqz	a1, 0x80002da8 <snrt_main+0x2e4>
80002d20: 83 20 c1 00  	lw	ra, 12(sp)
80002d24: 03 24 81 00  	lw	s0, 8(sp)
80002d28: 13 01 01 01  	addi	sp, sp, 16
80002d2c: 67 80 00 00  	ret
80002d30: 93 02 00 00  	li	t0, 0
80002d34: 13 b5 18 00  	seqz	a0, a7
80002d38: 33 85 a8 00  	add	a0, a7, a0
80002d3c: 93 05 80 40  	li	a1, 1032
80002d40: b3 08 b5 02  	mul	a7, a0, a1
80002d44: 17 15 00 00  	auipc	a0, 1
80002d48: 13 05 45 e0  	addi	a0, a0, -508
80002d4c: 97 15 00 00  	auipc	a1, 1
80002d50: 13 87 45 e0  	addi	a4, a1, -508
80002d54: 33 07 a7 40  	sub	a4, a4, a0
80002d58: 37 06 03 10  	lui	a2, 65584
80002d5c: 93 06 00 00  	li	a3, 0
80002d60: 93 05 00 00  	li	a1, 0
80002d64: 6f 00 c0 00  	j	0x80002d70 <snrt_main+0x2ac>
80002d68: 93 82 82 40  	addi	t0, t0, 1032
80002d6c: e3 8e 58 e0  	beq	a7, t0, 0x80002b88 <snrt_main+0xc4>
80002d70: 03 25 41 00  	lw	a0, 4(sp)
80002d74: e3 0a 07 fe  	beqz	a4, 0x80002d68 <snrt_main+0x2a4>
80002d78: 33 85 a2 00  	add	a0, t0, a0
80002d7c: 2b 00 d6 00  	<unknown>
80002d80: 2b 00 b5 02  	<unknown>
80002d84: 2b 05 07 04  	<unknown>
80002d88: 6f f0 1f fe  	j	0x80002d68 <snrt_main+0x2a4>
80002d8c: 23 20 05 00  	sw	zero, 0(a0)
80002d90: 13 05 45 00  	addi	a0, a0, 4
80002d94: 2f 25 c5 00  	amoadd.w	a0, a2, (a0)
80002d98: 73 20 20 7c  	csrr	zero, 1986
80002d9c: 03 25 04 00  	lw	a0, 0(s0)
80002da0: f3 25 40 f1  	csrr	a1, mhartid
80002da4: e3 9e 05 f6  	bnez	a1, 0x80002d20 <snrt_main+0x25c>
80002da8: 13 15 15 00  	slli	a0, a0, 1
80002dac: 13 05 15 00  	addi	a0, a0, 1
80002db0: 97 15 00 00  	auipc	a1, 1
80002db4: 23 a8 a5 d4  	sw	a0, -688(a1)
80002db8: 83 20 c1 00  	lw	ra, 12(sp)
80002dbc: 03 24 81 00  	lw	s0, 8(sp)
80002dc0: 13 01 01 01  	addi	sp, sp, 16
80002dc4: 67 80 00 00  	ret

80002dc8 <main>:
80002dc8: 13 01 01 fa  	addi	sp, sp, -96
80002dcc: 23 2e 11 04  	sw	ra, 92(sp)
80002dd0: 23 2c 81 04  	sw	s0, 88(sp)
80002dd4: 23 2a 91 04  	sw	s1, 84(sp)
80002dd8: 23 28 21 05  	sw	s2, 80(sp)
80002ddc: 23 26 31 05  	sw	s3, 76(sp)
80002de0: 73 25 30 bc  	csrr	a0, 3011
80002de4: 93 15 05 01  	slli	a1, a0, 16
80002de8: 93 d5 05 01  	srli	a1, a1, 16
80002dec: 13 55 05 01  	srli	a0, a0, 16
80002df0: 13 05 f5 ff  	addi	a0, a0, -1
80002df4: 63 fc a5 00  	bgeu	a1, a0, 0x80002e0c <main+0x44>
80002df8: 17 15 00 00  	auipc	a0, 1
80002dfc: 13 05 35 a7  	addi	a0, a0, -1421
80002e00: ef e0 8f b4  	jal	0x80001148 <printf_>
80002e04: 13 09 00 00  	li	s2, 0
80002e08: 6f 00 00 22  	j	0x80003028 <main+0x260>
80002e0c: 03 25 02 00  	lw	a0, 0(tp)
80002e10: 03 24 c5 00  	lw	s0, 12(a0)
80002e14: 17 15 00 00  	auipc	a0, 1
80002e18: 13 05 05 a0  	addi	a0, a0, -1536
80002e1c: ef e0 cf b2  	jal	0x80001148 <printf_>
80002e20: 37 46 00 00  	lui	a2, 4
80002e24: 13 05 04 00  	mv	a0, s0
80002e28: 93 05 04 00  	mv	a1, s0
80002e2c: ef d0 5f 98  	jal	0x800007b0 <xdma_memcpy_1d>
80002e30: 93 04 05 00  	mv	s1, a0
80002e34: 63 18 05 00  	bnez	a0, 0x80002e44 <main+0x7c>
80002e38: 17 15 00 00  	auipc	a0, 1
80002e3c: 13 05 75 8e  	addi	a0, a0, -1817
80002e40: 6f 00 c0 00  	j	0x80002e4c <main+0x84>
80002e44: 17 15 00 00  	auipc	a0, 1
80002e48: 13 05 a5 af  	addi	a0, a0, -1286
80002e4c: ef e0 cf af  	jal	0x80001148 <printf_>
80002e50: 13 05 f0 ff  	li	a0, -1
80002e54: 23 24 a1 04  	sw	a0, 72(sp)
80002e58: 93 05 81 04  	addi	a1, sp, 72
80002e5c: 13 05 00 00  	li	a0, 0
80002e60: ef d0 1f 9d  	jal	0x80000830 <xdma_enable_dst_ext>
80002e64: 33 39 90 00  	snez	s2, s1
80002e68: 63 08 05 04  	beqz	a0, 0x80002eb8 <main+0xf0>
80002e6c: 17 15 00 00  	auipc	a0, 1
80002e70: 13 05 e5 a1  	addi	a0, a0, -1506
80002e74: ef e0 4f ad  	jal	0x80001148 <printf_>
80002e78: 13 09 19 00  	addi	s2, s2, 1
80002e7c: 13 05 10 00  	li	a0, 1
80002e80: ef d0 1f a8  	jal	0x80000900 <xdma_disable_dst_ext>
80002e84: 63 06 05 04  	beqz	a0, 0x80002ed0 <main+0x108>
80002e88: 17 15 00 00  	auipc	a0, 1
80002e8c: 13 05 65 a2  	addi	a0, a0, -1498
80002e90: ef e0 8f ab  	jal	0x80001148 <printf_>
80002e94: 13 09 19 00  	addi	s2, s2, 1
80002e98: 13 05 20 00  	li	a0, 2
80002e9c: ef d0 5f a6  	jal	0x80000900 <xdma_disable_dst_ext>
80002ea0: 63 04 05 04  	beqz	a0, 0x80002ee8 <main+0x120>
80002ea4: 17 15 00 00  	auipc	a0, 1
80002ea8: 13 05 d5 be  	addi	a0, a0, -1043
80002eac: ef e0 cf a9  	jal	0x80001148 <printf_>
80002eb0: 13 09 19 00  	addi	s2, s2, 1
80002eb4: 6f 00 40 17  	j	0x80003028 <main+0x260>
80002eb8: 17 15 00 00  	auipc	a0, 1
80002ebc: 13 05 e5 ac  	addi	a0, a0, -1330
80002ec0: ef e0 8f a8  	jal	0x80001148 <printf_>
80002ec4: 13 05 10 00  	li	a0, 1
80002ec8: ef d0 9f a3  	jal	0x80000900 <xdma_disable_dst_ext>
80002ecc: e3 1e 05 fa  	bnez	a0, 0x80002e88 <main+0xc0>
80002ed0: 17 15 00 00  	auipc	a0, 1
80002ed4: 13 05 f5 b9  	addi	a0, a0, -1121
80002ed8: ef e0 0f a7  	jal	0x80001148 <printf_>
80002edc: 13 05 20 00  	li	a0, 2
80002ee0: ef d0 1f a2  	jal	0x80000900 <xdma_disable_dst_ext>
80002ee4: e3 10 05 fc  	bnez	a0, 0x80002ea4 <main+0xdc>
80002ee8: 17 05 00 00  	auipc	a0, 0
80002eec: 13 05 15 77  	addi	a0, a0, 1905
80002ef0: ef e0 8f a5  	jal	0x80001148 <printf_>
80002ef4: 63 1a 09 12  	bnez	s2, 0x80003028 <main+0x260>
80002ef8: ef d0 df a2  	jal	0x80000924 <xdma_start>
80002efc: 93 04 05 00  	mv	s1, a0
80002f00: 17 15 00 00  	auipc	a0, 1
80002f04: 13 05 75 aa  	addi	a0, a0, -1369
80002f08: 93 85 04 00  	mv	a1, s1
80002f0c: ef e0 cf a3  	jal	0x80001148 <printf_>
80002f10: 13 85 04 00  	mv	a0, s1
80002f14: ef d0 9f a3  	jal	0x8000094c <xdma_wait>
80002f18: 17 05 00 00  	auipc	a0, 0
80002f1c: 13 05 b5 72  	addi	a0, a0, 1835
80002f20: ef e0 8f a2  	jal	0x80001148 <printf_>
80002f24: 37 45 00 00  	lui	a0, 4
80002f28: 93 05 f0 0f  	li	a1, 255
80002f2c: 13 06 04 00  	mv	a2, s0
80002f30: 83 46 06 00  	lbu	a3, 0(a2)
80002f34: 63 9e b6 08  	bne	a3, a1, 0x80002fd0 <main+0x208>
80002f38: 13 05 f5 ff  	addi	a0, a0, -1
80002f3c: 13 06 16 00  	addi	a2, a2, 1
80002f40: e3 18 05 fe  	bnez	a0, 0x80002f30 <main+0x168>
80002f44: 17 05 00 00  	auipc	a0, 0
80002f48: 13 05 45 69  	addi	a0, a0, 1684
80002f4c: ef e0 cf 9f  	jal	0x80001148 <printf_>
80002f50: 17 05 00 00  	auipc	a0, 0
80002f54: 13 05 b5 72  	addi	a0, a0, 1835
80002f58: ef e0 0f 9f  	jal	0x80001148 <printf_>
80002f5c: 13 05 00 04  	li	a0, 64
80002f60: 23 22 a1 04  	sw	a0, 68(sp)
80002f64: 23 20 01 04  	sw	zero, 64(sp)
80002f68: 23 2e a1 02  	sw	a0, 60(sp)
80002f6c: 13 05 80 00  	li	a0, 8
80002f70: 23 2c a1 02  	sw	a0, 56(sp)
80002f74: 93 05 00 08  	li	a1, 128
80002f78: 23 2a b1 02  	sw	a1, 52(sp)
80002f7c: 23 28 01 02  	sw	zero, 48(sp)
80002f80: 23 26 b1 02  	sw	a1, 44(sp)
80002f84: 23 24 a1 02  	sw	a0, 40(sp)
80002f88: b7 14 00 00  	lui	s1, 1
80002f8c: b3 04 94 00  	add	s1, s0, s1
80002f90: 13 05 f0 0f  	li	a0, 255
80002f94: 13 06 20 00  	li	a2, 2
80002f98: 93 06 20 00  	li	a3, 2
80002f9c: 13 07 01 04  	addi	a4, sp, 64
80002fa0: 93 07 81 03  	addi	a5, sp, 56
80002fa4: 13 08 01 03  	addi	a6, sp, 48
80002fa8: 93 08 81 02  	addi	a7, sp, 40
80002fac: 23 20 a1 00  	sw	a0, 0(sp)
80002fb0: 13 05 04 00  	mv	a0, s0
80002fb4: 93 85 04 00  	mv	a1, s1
80002fb8: ef d0 8f a1  	jal	0x800001d0 <xdma_memcpy_nd>
80002fbc: 93 09 05 00  	mv	s3, a0
80002fc0: 63 02 05 02  	beqz	a0, 0x80002fe4 <main+0x21c>
80002fc4: 17 15 00 00  	auipc	a0, 1
80002fc8: 13 05 a5 97  	addi	a0, a0, -1670
80002fcc: 6f 00 00 02  	j	0x80002fec <main+0x224>
80002fd0: 17 05 00 00  	auipc	a0, 0
80002fd4: 13 05 65 72  	addi	a0, a0, 1830
80002fd8: ef e0 0f 97  	jal	0x80001148 <printf_>
80002fdc: 13 09 f0 ff  	li	s2, -1
80002fe0: 6f 00 80 04  	j	0x80003028 <main+0x260>
80002fe4: 17 05 00 00  	auipc	a0, 0
80002fe8: 13 05 b5 73  	addi	a0, a0, 1851
80002fec: ef e0 cf 95  	jal	0x80001148 <printf_>
80002ff0: 13 05 00 00  	li	a0, 0
80002ff4: ef d0 df 90  	jal	0x80000900 <xdma_disable_dst_ext>
80002ff8: 63 0e 05 00  	beqz	a0, 0x80003014 <main+0x24c>
80002ffc: 33 39 30 01  	snez	s2, s3
80003000: 13 09 19 00  	addi	s2, s2, 1
80003004: 17 15 00 00  	auipc	a0, 1
80003008: 13 05 65 88  	addi	a0, a0, -1914
8000300c: ef e0 cf 93  	jal	0x80001148 <printf_>
80003010: 6f 00 80 01  	j	0x80003028 <main+0x260>
80003014: 17 05 00 00  	auipc	a0, 0
80003018: 13 05 75 72  	addi	a0, a0, 1831
8000301c: ef e0 cf 92  	jal	0x80001148 <printf_>
80003020: 13 09 10 00  	li	s2, 1
80003024: 63 82 09 02  	beqz	s3, 0x80003048 <main+0x280>
80003028: 13 05 09 00  	mv	a0, s2
8000302c: 83 20 c1 05  	lw	ra, 92(sp)
80003030: 03 24 81 05  	lw	s0, 88(sp)
80003034: 83 24 41 05  	lw	s1, 84(sp)
80003038: 03 29 01 05  	lw	s2, 80(sp)
8000303c: 83 29 c1 04  	lw	s3, 76(sp)
80003040: 13 01 01 06  	addi	sp, sp, 96
80003044: 67 80 00 00  	ret
80003048: ef d0 df 8d  	jal	0x80000924 <xdma_start>
8000304c: 13 09 05 00  	mv	s2, a0
80003050: 17 15 00 00  	auipc	a0, 1
80003054: 13 05 35 88  	addi	a0, a0, -1917
80003058: 93 05 09 00  	mv	a1, s2
8000305c: ef e0 cf 8e  	jal	0x80001148 <printf_>
80003060: 13 05 09 00  	mv	a0, s2
80003064: ef d0 9f 8e  	jal	0x8000094c <xdma_wait>
80003068: 17 05 00 00  	auipc	a0, 0
8000306c: 13 05 b5 5d  	addi	a0, a0, 1499
80003070: ef e0 8f 8d  	jal	0x80001148 <printf_>
80003074: b7 15 00 00  	lui	a1, 1
80003078: 17 05 00 00  	auipc	a0, 0
8000307c: 13 05 55 6e  	addi	a0, a0, 1765
80003080: 13 06 f0 0f  	li	a2, 255
80003084: 93 06 04 00  	mv	a3, s0
80003088: 13 09 f0 ff  	li	s2, -1
8000308c: 03 c7 06 00  	lbu	a4, 0(a3)
80003090: e3 1e c7 f6  	bne	a4, a2, 0x8000300c <main+0x244>
80003094: 93 85 f5 ff  	addi	a1, a1, -1
80003098: 93 86 16 00  	addi	a3, a3, 1
8000309c: e3 98 05 fe  	bnez	a1, 0x8000308c <main+0x2c4>
800030a0: b7 25 00 00  	lui	a1, 2
800030a4: 17 05 00 00  	auipc	a0, 0
800030a8: 13 05 a5 62  	addi	a0, a0, 1578
800030ac: 13 86 04 00  	mv	a2, s1
800030b0: 83 46 06 00  	lbu	a3, 0(a2)
800030b4: e3 9c 06 f4  	bnez	a3, 0x8000300c <main+0x244>
800030b8: 93 85 f5 ff  	addi	a1, a1, -1
800030bc: 13 06 16 00  	addi	a2, a2, 1
800030c0: e3 98 05 fe  	bnez	a1, 0x800030b0 <main+0x2e8>
800030c4: b7 35 00 00  	lui	a1, 3
800030c8: b3 05 b4 00  	add	a1, s0, a1
800030cc: 37 16 00 00  	lui	a2, 1
800030d0: 17 15 00 00  	auipc	a0, 1
800030d4: 13 05 b5 97  	addi	a0, a0, -1669
800030d8: 93 06 f0 0f  	li	a3, 255
800030dc: 03 c7 05 00  	lbu	a4, 0(a1)
800030e0: e3 16 d7 f2  	bne	a4, a3, 0x8000300c <main+0x244>
800030e4: 13 06 f6 ff  	addi	a2, a2, -1
800030e8: 93 85 15 00  	addi	a1, a1, 1
800030ec: e3 18 06 fe  	bnez	a2, 0x800030dc <main+0x314>
800030f0: 17 15 00 00  	auipc	a0, 1
800030f4: 13 05 65 9c  	addi	a0, a0, -1594
800030f8: ef e0 0f 85  	jal	0x80001148 <printf_>
800030fc: 17 05 00 00  	auipc	a0, 0
80003100: 13 05 15 50  	addi	a0, a0, 1281
80003104: ef e0 4f 84  	jal	0x80001148 <printf_>
80003108: 13 05 00 04  	li	a0, 64
8000310c: 23 22 a1 02  	sw	a0, 36(sp)
80003110: 93 05 80 00  	li	a1, 8
80003114: 23 20 b1 02  	sw	a1, 32(sp)
80003118: 23 2e a1 00  	sw	a0, 28(sp)
8000311c: 23 2c b1 00  	sw	a1, 24(sp)
80003120: 13 05 00 08  	li	a0, 128
80003124: 23 2a a1 00  	sw	a0, 20(sp)
80003128: 23 28 b1 00  	sw	a1, 16(sp)
8000312c: 23 26 a1 00  	sw	a0, 12(sp)
80003130: 23 24 b1 00  	sw	a1, 8(sp)
80003134: 13 09 10 00  	li	s2, 1
80003138: 13 06 20 00  	li	a2, 2
8000313c: 93 06 20 00  	li	a3, 2
80003140: 13 07 01 02  	addi	a4, sp, 32
80003144: 93 07 81 01  	addi	a5, sp, 24
80003148: 13 08 01 01  	addi	a6, sp, 16
8000314c: 93 08 81 00  	addi	a7, sp, 8
80003150: 23 20 21 01  	sw	s2, 0(sp)
80003154: 13 05 04 00  	mv	a0, s0
80003158: 93 85 04 00  	mv	a1, s1
8000315c: ef d0 4f 87  	jal	0x800001d0 <xdma_memcpy_nd>
80003160: 13 04 05 00  	mv	s0, a0
80003164: 63 08 05 00  	beqz	a0, 0x80003174 <main+0x3ac>
80003168: 17 05 00 00  	auipc	a0, 0
8000316c: 13 05 65 7d  	addi	a0, a0, 2006
80003170: 6f 00 c0 00  	j	0x8000317c <main+0x3b4>
80003174: 17 05 00 00  	auipc	a0, 0
80003178: 13 05 b5 5a  	addi	a0, a0, 1451
8000317c: ef d0 df fc  	jal	0x80001148 <printf_>
80003180: 23 22 21 01  	sw	s2, 4(sp)
80003184: 93 05 41 00  	addi	a1, sp, 4
80003188: 13 05 00 00  	li	a0, 0
8000318c: ef d0 4f ea  	jal	0x80000830 <xdma_enable_dst_ext>
80003190: 63 0e 05 00  	beqz	a0, 0x800031ac <main+0x3e4>
80003194: 33 39 80 00  	snez	s2, s0
80003198: 13 09 19 00  	addi	s2, s2, 1
8000319c: 17 05 00 00  	auipc	a0, 0
800031a0: 13 05 e5 6e  	addi	a0, a0, 1774
800031a4: ef d0 5f fa  	jal	0x80001148 <printf_>
800031a8: 6f f0 1f e8  	j	0x80003028 <main+0x260>
800031ac: 17 05 00 00  	auipc	a0, 0
800031b0: 13 05 f5 58  	addi	a0, a0, 1423
800031b4: ef d0 5f f9  	jal	0x80001148 <printf_>
800031b8: 13 09 10 00  	li	s2, 1
800031bc: e3 16 04 e6  	bnez	s0, 0x80003028 <main+0x260>
800031c0: ef d0 4f f6  	jal	0x80000924 <xdma_start>
800031c4: 13 04 05 00  	mv	s0, a0
800031c8: 17 05 00 00  	auipc	a0, 0
800031cc: 13 05 15 5b  	addi	a0, a0, 1457
800031d0: 93 05 04 00  	mv	a1, s0
800031d4: ef d0 5f f7  	jal	0x80001148 <printf_>
800031d8: 13 05 04 00  	mv	a0, s0
800031dc: ef d0 0f f7  	jal	0x8000094c <xdma_wait>
800031e0: 17 05 00 00  	auipc	a0, 0
800031e4: 13 05 35 46  	addi	a0, a0, 1123
800031e8: ef d0 1f f6  	jal	0x80001148 <printf_>
800031ec: 93 05 00 40  	li	a1, 1024
800031f0: 17 05 00 00  	auipc	a0, 0
800031f4: 13 05 d5 56  	addi	a0, a0, 1389
800031f8: 03 a6 04 00  	lw	a2, 0(s1)
800031fc: 83 a6 44 00  	lw	a3, 4(s1)
80003200: 13 46 16 00  	xori	a2, a2, 1
80003204: 33 66 d6 00  	or	a2, a2, a3
80003208: 63 1a 06 00  	bnez	a2, 0x8000321c <main+0x454>
8000320c: 93 85 f5 ff  	addi	a1, a1, -1
80003210: 93 84 84 00  	addi	s1, s1, 8
80003214: e3 92 05 fe  	bnez	a1, 0x800031f8 <main+0x430>
80003218: 6f f0 df be  	j	0x80002e04 <main+0x3c>
8000321c: 13 09 f0 ff  	li	s2, -1
80003220: ef d0 9f f2  	jal	0x80001148 <printf_>
80003224: 6f f0 5f e0  	j	0x80003028 <main+0x260>

Disassembly of section .rodata:

80003228 <$d.1>:
80003228: 70 04        	<unknown>
8000322a: 00 80        	<unknown>
8000322c: 00 06        	<unknown>
8000322e: 00 80        	<unknown>
80003230: d8 05        	<unknown>
80003232: 00 80        	<unknown>
80003234: f0 05        	<unknown>
80003236: 00 80        	<unknown>
80003238: 98 05        	<unknown>
8000323a: 00 80        	<unknown>
8000323c: 50 06        	<unknown>
8000323e: 00 80        	<unknown>
80003240: 78 06        	<unknown>
80003242: 00 80        	<unknown>
80003244: f8 05        	<unknown>
80003246: 00 80        	<unknown>
80003248: 90 06        	<unknown>
8000324a: 00 80        	<unknown>
8000324c: c0 05        	<unknown>
8000324e: 00 80        	<unknown>
80003250: 88 06        	<unknown>
80003252: 00 80        	<unknown>
80003254: 80 05        	<unknown>
80003256: 00 80        	<unknown>
80003258: b8 05        	<unknown>
8000325a: 00 80        	<unknown>
8000325c: 70 06        	<unknown>
8000325e: 00 80        	<unknown>
80003260: 58 05        	<unknown>
80003262: 00 80        	<unknown>
80003264: e0 05        	<unknown>
80003266: 00 80        	<unknown>
80003268: 40 05        	<unknown>
8000326a: 00 80        	<unknown>
8000326c: 20 06        	<unknown>
8000326e: 00 80        	<unknown>
80003270: 80 06        	<unknown>
80003272: 00 80        	<unknown>
80003274: d0 06        	<unknown>
80003276: 00 80        	<unknown>
80003278: 40 06        	<unknown>
8000327a: 00 80        	<unknown>
8000327c: 68 06        	<unknown>
8000327e: 00 80        	<unknown>
80003280: b8 06        	<unknown>
80003282: 00 80        	<unknown>
80003284: f0 06        	<unknown>
80003286: 00 80        	<unknown>
80003288: d0 05        	<unknown>
8000328a: 00 80        	<unknown>
8000328c: c8 05        	<unknown>
8000328e: 00 80        	<unknown>
80003290: 10 07        	<unknown>
80003292: 00 80        	<unknown>
80003294: 30 05        	<unknown>
80003296: 00 80        	<unknown>
80003298: f8 06        	<unknown>
8000329a: 00 80        	<unknown>
8000329c: 00 07        	<unknown>
8000329e: 00 80        	<unknown>
800032a0: 98 06        	<unknown>
800032a2: 00 80        	<unknown>
800032a4: 18 06        	<unknown>
800032a6: 00 80        	<unknown>
800032a8: a0 06        	<unknown>
800032aa: 00 80        	<unknown>
800032ac: 60 05        	<unknown>
800032ae: 00 80        	<unknown>
800032b0: 38 05        	<unknown>
800032b2: 00 80        	<unknown>
800032b4: 18 05        	<unknown>
800032b6: 00 80        	<unknown>
800032b8: 20 05        	<unknown>
800032ba: 00 80        	<unknown>
800032bc: f0 04        	<unknown>
800032be: 00 80        	<unknown>
800032c0: 08 07        	<unknown>
800032c2: 00 80        	<unknown>
800032c4: c8 06        	<unknown>
800032c6: 00 80        	<unknown>
800032c8: a0 05        	<unknown>
800032ca: 00 80        	<unknown>
800032cc: 30 06        	<unknown>
800032ce: 00 80        	<unknown>
800032d0: e0 06        	<unknown>
800032d2: 00 80        	<unknown>
800032d4: c8 04        	<unknown>
800032d6: 00 80        	<unknown>
800032d8: 50 05        	<unknown>
800032da: 00 80        	<unknown>
800032dc: a8 06        	<unknown>
800032de: 00 80        	<unknown>
800032e0: 38 07        	<unknown>
800032e2: 00 80        	<unknown>
800032e4: 00 05        	<unknown>
800032e6: 00 80        	<unknown>
800032e8: 68 05        	<unknown>
800032ea: 00 80        	<unknown>
800032ec: 90 05        	<unknown>
800032ee: 00 80        	<unknown>
800032f0: b8 04        	<unknown>
800032f2: 00 80        	<unknown>
800032f4: 58 07        	<unknown>
800032f6: 00 80        	<unknown>
800032f8: 30 07        	<unknown>
800032fa: 00 80        	<unknown>
800032fc: f8 04        	<unknown>
800032fe: 00 80        	<unknown>
80003300: 18 07        	<unknown>
80003302: 00 80        	<unknown>
80003304: 28 07        	<unknown>
80003306: 00 80        	<unknown>
80003308: 08 05        	<unknown>
8000330a: 00 80        	<unknown>
8000330c: d8 06        	<unknown>
8000330e: 00 80        	<unknown>
80003310: 70 05        	<unknown>
80003312: 00 80        	<unknown>
80003314: e8 06        	<unknown>
80003316: 00 80        	<unknown>
80003318: a8 05        	<unknown>
8000331a: 00 80        	<unknown>
8000331c: 48 06        	<unknown>
8000331e: 00 80        	<unknown>
80003320: 60 06        	<unknown>
80003322: 00 80        	<unknown>
80003324: e8 05        	<unknown>
80003326: 00 80        	<unknown>
80003328: b0 05        	<unknown>
8000332a: 00 80        	<unknown>
8000332c: 58 06        	<unknown>
8000332e: 00 80        	<unknown>
80003330: d8 04        	<unknown>
80003332: 00 80        	<unknown>
80003334: 48 05        	<unknown>
80003336: 00 80        	<unknown>
80003338: 78 07        	<unknown>
8000333a: 00 80        	<unknown>
8000333c: 28 05        	<unknown>
8000333e: 00 80        	<unknown>
80003340: a0 04        	<unknown>
80003342: 00 80        	<unknown>
80003344: e8 04        	<unknown>
80003346: 00 80        	<unknown>
80003348: 20 07        	<unknown>
8000334a: 00 80        	<unknown>
8000334c: 40 07        	<unknown>
8000334e: 00 80        	<unknown>
80003350: 50 07        	<unknown>
80003352: 00 80        	<unknown>
80003354: 10 05        	<unknown>
80003356: 00 80        	<unknown>
80003358: 38 06        	<unknown>
8000335a: 00 80        	<unknown>
8000335c: a8 04        	<unknown>
8000335e: 00 80        	<unknown>
80003360: 68 07        	<unknown>
80003362: 00 80        	<unknown>
80003364: 90 04        	<unknown>
80003366: 00 80        	<unknown>
80003368: e0 04        	<unknown>
8000336a: 00 80        	<unknown>
8000336c: 88 05        	<unknown>
8000336e: 00 80        	<unknown>
80003370: 78 05        	<unknown>
80003372: 00 80        	<unknown>
80003374: 80 04        	<unknown>
80003376: 00 80        	<unknown>
80003378: 78 04        	<unknown>
8000337a: 00 80        	<unknown>
8000337c: b0 06        	<unknown>
8000337e: 00 80        	<unknown>
80003380: c0 06        	<unknown>
80003382: 00 80        	<unknown>
80003384: 48 07        	<unknown>
80003386: 00 80        	<unknown>
80003388: c0 04        	<unknown>
8000338a: 00 80        	<unknown>
8000338c: 98 07        	<unknown>
8000338e: 00 80        	<unknown>
80003390: 90 07        	<unknown>
80003392: 00 80        	<unknown>
80003394: 88 04        	<unknown>
80003396: 00 80        	<unknown>
80003398: 08 06        	<unknown>
8000339a: 00 80        	<unknown>
8000339c: b0 04        	<unknown>
8000339e: 00 80        	<unknown>
800033a0: 28 06        	<unknown>
800033a2: 00 80        	<unknown>
800033a4: 80 07        	<unknown>
800033a6: 00 80        	<unknown>
800033a8: 98 04        	<unknown>
800033aa: 00 80        	<unknown>
800033ac: a0 07        	<unknown>
800033ae: 00 80        	<unknown>
800033b0: 10 06        	<unknown>
800033b2: 00 80        	<unknown>
800033b4: a8 07        	<unknown>
800033b6: 00 80        	<unknown>
800033b8: 88 07        	<unknown>
800033ba: 00 80        	<unknown>
800033bc: 70 07        	<unknown>
800033be: 00 80        	<unknown>
800033c0: d0 04        	<unknown>
800033c2: 00 80        	<unknown>
800033c4: 60 07        	<unknown>
800033c6: 00 80        	<unknown>
800033c8: 94 12        	<unknown>
800033ca: 00 80        	<unknown>
800033cc: ac 12        	<unknown>
800033ce: 00 80        	<unknown>
800033d0: ac 12        	<unknown>
800033d2: 00 80        	<unknown>
800033d4: 60 12        	<unknown>
800033d6: 00 80        	<unknown>
800033d8: ac 12        	<unknown>
800033da: 00 80        	<unknown>
800033dc: ac 12        	<unknown>
800033de: 00 80        	<unknown>
800033e0: ac 12        	<unknown>
800033e2: 00 80        	<unknown>
800033e4: ac 12        	<unknown>
800033e6: 00 80        	<unknown>
800033e8: ac 12        	<unknown>
800033ea: 00 80        	<unknown>
800033ec: ac 12        	<unknown>
800033ee: 00 80        	<unknown>
800033f0: ac 12        	<unknown>
800033f2: 00 80        	<unknown>
800033f4: 9c 12        	<unknown>
800033f6: 00 80        	<unknown>
800033f8: ac 12        	<unknown>
800033fa: 00 80        	<unknown>
800033fc: a4 12        	<unknown>
800033fe: 00 80        	<unknown>
80003400: ac 12        	<unknown>
80003402: 00 80        	<unknown>
80003404: ac 12        	<unknown>
80003406: 00 80        	<unknown>
80003408: 64 12        	<unknown>
8000340a: 00 80        	<unknown>
8000340c: f4 13        	<unknown>
8000340e: 00 80        	<unknown>
80003410: 0c 14        	<unknown>
80003412: 00 80        	<unknown>
80003414: 14 14        	<unknown>
80003416: 00 80        	<unknown>
80003418: 34 14        	<unknown>
8000341a: 00 80        	<unknown>
8000341c: 34 14        	<unknown>
8000341e: 00 80        	<unknown>
80003420: 34 14        	<unknown>
80003422: 00 80        	<unknown>
80003424: 28 14        	<unknown>
80003426: 00 80        	<unknown>
80003428: 34 14        	<unknown>
8000342a: 00 80        	<unknown>
8000342c: 34 14        	<unknown>
8000342e: 00 80        	<unknown>
80003430: 28 14        	<unknown>
80003432: 00 80        	<unknown>
80003434: 54 15        	<unknown>
80003436: 00 80        	<unknown>
80003438: 60 15        	<unknown>
8000343a: 00 80        	<unknown>
8000343c: 60 15        	<unknown>
8000343e: 00 80        	<unknown>
80003440: 60 15        	<unknown>
80003442: 00 80        	<unknown>
80003444: 60 15        	<unknown>
80003446: 00 80        	<unknown>
80003448: 60 15        	<unknown>
8000344a: 00 80        	<unknown>
8000344c: 60 15        	<unknown>
8000344e: 00 80        	<unknown>
80003450: 60 15        	<unknown>
80003452: 00 80        	<unknown>
80003454: 60 15        	<unknown>
80003456: 00 80        	<unknown>
80003458: 60 15        	<unknown>
8000345a: 00 80        	<unknown>
8000345c: 60 15        	<unknown>
8000345e: 00 80        	<unknown>
80003460: 60 15        	<unknown>
80003462: 00 80        	<unknown>
80003464: 60 15        	<unknown>
80003466: 00 80        	<unknown>
80003468: 60 15        	<unknown>
8000346a: 00 80        	<unknown>
8000346c: 60 15        	<unknown>
8000346e: 00 80        	<unknown>
80003470: 60 15        	<unknown>
80003472: 00 80        	<unknown>
80003474: 60 15        	<unknown>
80003476: 00 80        	<unknown>
80003478: 60 15        	<unknown>
8000347a: 00 80        	<unknown>
8000347c: 60 15        	<unknown>
8000347e: 00 80        	<unknown>
80003480: 60 15        	<unknown>
80003482: 00 80        	<unknown>
80003484: 60 15        	<unknown>
80003486: 00 80        	<unknown>
80003488: 60 15        	<unknown>
8000348a: 00 80        	<unknown>
8000348c: 60 15        	<unknown>
8000348e: 00 80        	<unknown>
80003490: 60 15        	<unknown>
80003492: 00 80        	<unknown>
80003494: 60 15        	<unknown>
80003496: 00 80        	<unknown>
80003498: 60 15        	<unknown>
8000349a: 00 80        	<unknown>
8000349c: 60 15        	<unknown>
8000349e: 00 80        	<unknown>
800034a0: 60 15        	<unknown>
800034a2: 00 80        	<unknown>
800034a4: 60 15        	<unknown>
800034a6: 00 80        	<unknown>
800034a8: 60 15        	<unknown>
800034aa: 00 80        	<unknown>
800034ac: 60 15        	<unknown>
800034ae: 00 80        	<unknown>
800034b0: 60 15        	<unknown>
800034b2: 00 80        	<unknown>
800034b4: e8 14        	<unknown>
800034b6: 00 80        	<unknown>
800034b8: 90 14        	<unknown>
800034ba: 00 80        	<unknown>
800034bc: e0 14        	<unknown>
800034be: 00 80        	<unknown>
800034c0: 60 15        	<unknown>
800034c2: 00 80        	<unknown>
800034c4: 60 15        	<unknown>
800034c6: 00 80        	<unknown>
800034c8: 60 15        	<unknown>
800034ca: 00 80        	<unknown>
800034cc: 60 15        	<unknown>
800034ce: 00 80        	<unknown>
800034d0: 60 15        	<unknown>
800034d2: 00 80        	<unknown>
800034d4: 60 15        	<unknown>
800034d6: 00 80        	<unknown>
800034d8: 60 15        	<unknown>
800034da: 00 80        	<unknown>
800034dc: 60 15        	<unknown>
800034de: 00 80        	<unknown>
800034e0: 60 15        	<unknown>
800034e2: 00 80        	<unknown>
800034e4: 60 15        	<unknown>
800034e6: 00 80        	<unknown>
800034e8: 60 15        	<unknown>
800034ea: 00 80        	<unknown>
800034ec: 60 15        	<unknown>
800034ee: 00 80        	<unknown>
800034f0: 60 15        	<unknown>
800034f2: 00 80        	<unknown>
800034f4: 60 15        	<unknown>
800034f6: 00 80        	<unknown>
800034f8: 60 15        	<unknown>
800034fa: 00 80        	<unknown>
800034fc: 60 15        	<unknown>
800034fe: 00 80        	<unknown>
80003500: 68 14        	<unknown>
80003502: 00 80        	<unknown>
80003504: 60 15        	<unknown>
80003506: 00 80        	<unknown>
80003508: 60 15        	<unknown>
8000350a: 00 80        	<unknown>
8000350c: 60 15        	<unknown>
8000350e: 00 80        	<unknown>
80003510: 60 15        	<unknown>
80003512: 00 80        	<unknown>
80003514: 60 15        	<unknown>
80003516: 00 80        	<unknown>
80003518: 60 15        	<unknown>
8000351a: 00 80        	<unknown>
8000351c: 60 15        	<unknown>
8000351e: 00 80        	<unknown>
80003520: 60 15        	<unknown>
80003522: 00 80        	<unknown>
80003524: 60 15        	<unknown>
80003526: 00 80        	<unknown>
80003528: 78 15        	<unknown>
8000352a: 00 80        	<unknown>
8000352c: 40 16        	<unknown>
8000352e: 00 80        	<unknown>
80003530: 60 14        	<unknown>
80003532: 00 80        	<unknown>
80003534: e8 14        	<unknown>
80003536: 00 80        	<unknown>
80003538: 90 14        	<unknown>
8000353a: 00 80        	<unknown>
8000353c: e0 14        	<unknown>
8000353e: 00 80        	<unknown>
80003540: 60 15        	<unknown>
80003542: 00 80        	<unknown>
80003544: 60 14        	<unknown>
80003546: 00 80        	<unknown>
80003548: 60 15        	<unknown>
8000354a: 00 80        	<unknown>
8000354c: 60 15        	<unknown>
8000354e: 00 80        	<unknown>
80003550: 60 15        	<unknown>
80003552: 00 80        	<unknown>
80003554: 60 15        	<unknown>
80003556: 00 80        	<unknown>
80003558: 60 15        	<unknown>
8000355a: 00 80        	<unknown>
8000355c: 7c 15        	<unknown>
8000355e: 00 80        	<unknown>
80003560: e4 16        	<unknown>
80003562: 00 80        	<unknown>
80003564: 60 15        	<unknown>
80003566: 00 80        	<unknown>
80003568: 60 15        	<unknown>
8000356a: 00 80        	<unknown>
8000356c: 18 17        	<unknown>
8000356e: 00 80        	<unknown>
80003570: 60 15        	<unknown>
80003572: 00 80        	<unknown>
80003574: 60 14        	<unknown>
80003576: 00 80        	<unknown>
80003578: 60 15        	<unknown>
8000357a: 00 80        	<unknown>
8000357c: 60 15        	<unknown>
8000357e: 00 80        	<unknown>
80003580: 68 14        	<unknown>
80003582: 00 80        	<unknown>
80003584: 00 00        	<unknown>
80003586: 00 00        	<unknown>

80003588 <_ftoa.pow10>:
80003588: 00 00        	<unknown>
8000358a: 00 00        	<unknown>
8000358c: 00 00        	<unknown>
8000358e: f0 3f        	<unknown>
80003590: 00 00        	<unknown>
80003592: 00 00        	<unknown>
80003594: 00 00        	<unknown>
80003596: 24 40        	<unknown>
80003598: 00 00        	<unknown>
8000359a: 00 00        	<unknown>
8000359c: 00 00        	<unknown>
8000359e: 59 40        	<unknown>
800035a0: 00 00        	<unknown>
800035a2: 00 00        	<unknown>
800035a4: 00 40        	<unknown>
800035a6: 8f 40 00 00  	<unknown>
800035aa: 00 00        	<unknown>
800035ac: 00 88        	<unknown>
800035ae: c3 40 00 00  	fmadd.s	ft1, ft0, ft0, ft0, rmm
800035b2: 00 00        	<unknown>
800035b4: 00 6a        	<unknown>
800035b6: f8 40        	<unknown>
800035b8: 00 00        	<unknown>
800035ba: 00 00        	<unknown>
800035bc: 80 84        	<unknown>
800035be: 2e 41        	<unknown>
800035c0: 00 00        	<unknown>
800035c2: 00 00        	<unknown>
800035c4: d0 12        	<unknown>
800035c6: 63 41 00 00  	bltz	zero, 0x800035c8 <_ftoa.pow10+0x40>
800035ca: 00 00        	<unknown>
800035cc: 84 d7        	<unknown>
800035ce: 97 41 00 00  	auipc	gp, 4
800035d2: 00 00        	<unknown>
800035d4: 65 cd        	<unknown>
800035d6: cd 41        	<unknown>
800035d8: 54 68        	<unknown>
800035da: 65 20        	<unknown>
800035dc: 6d 65        	<unknown>
800035de: 6d 73        	<unknown>
800035e0: 65 74        	<unknown>
800035e2: 20 6f        	<unknown>
800035e4: 66 20        	<unknown>
800035e6: 30 4b        	<unknown>
800035e8: 42 20        	<unknown>
800035ea: 2d 20        	<unknown>
800035ec: 31 36        	<unknown>
800035ee: 4b 42 20 69  	fnmsub.s	ft4, ft0, fs2, fa3, rmm
800035f2: 73 20 63 6f  	csrs	1782, t1
800035f6: 72 72        	<unknown>
800035f8: 65 63        	<unknown>
800035fa: 74 0a        	<unknown>
800035fc: 00 54        	<unknown>
800035fe: 65 73        	<unknown>
80003600: 74 20        	<unknown>
80003602: 33 3a 20 53  	<unknown>
80003606: 65 74        	<unknown>
80003608: 74 69        	<unknown>
8000360a: 6e 67        	<unknown>
8000360c: 20 74        	<unknown>
8000360e: 68 65        	<unknown>
80003610: 20 34        	<unknown>
80003612: 2d 31        	<unknown>
80003614: 32 4b        	<unknown>
80003616: 42 20        	<unknown>
80003618: 72 65        	<unknown>
8000361a: 67 69 6f 6e  	<unknown>
8000361e: 20 74        	<unknown>
80003620: 6f 20 30 78  	j	0x800065a2 <_edram+0x2972>
80003624: 30 30        	<unknown>
80003626: 30 30        	<unknown>
80003628: 30 30        	<unknown>
8000362a: 30 30        	<unknown>
8000362c: 30 30        	<unknown>
8000362e: 30 30        	<unknown>
80003630: 30 30        	<unknown>
80003632: 30 31        	<unknown>
80003634: 20 28        	<unknown>
80003636: 75 69        	<unknown>
80003638: 6e 74        	<unknown>
8000363a: 36 34        	<unknown>
8000363c: 5f 74 20 31  	<unknown>
80003640: 29 0a        	<unknown>
80003642: 00 54        	<unknown>
80003644: 68 65        	<unknown>
80003646: 20 78        	<unknown>
80003648: 64 6d        	<unknown>
8000364a: 61 20        	<unknown>
8000364c: 69 73        	<unknown>
8000364e: 20 66        	<unknown>
80003650: 69 6e        	<unknown>
80003652: 69 73        	<unknown>
80003654: 68 65        	<unknown>
80003656: 64 0a        	<unknown>
80003658: 00 54        	<unknown>
8000365a: 68 65        	<unknown>
8000365c: 20 78        	<unknown>
8000365e: 64 6d        	<unknown>
80003660: 61 20        	<unknown>
80003662: 65 78        	<unknown>
80003664: 74 65        	<unknown>
80003666: 6e 73        	<unknown>
80003668: 69 6f        	<unknown>
8000366a: 6e 20        	<unknown>
8000366c: 32 20        	<unknown>
8000366e: 69 73        	<unknown>
80003670: 20 64        	<unknown>
80003672: 69 73        	<unknown>
80003674: 61 62        	<unknown>
80003676: 6c 65        	<unknown>
80003678: 64 0a        	<unknown>
8000367a: 00 54        	<unknown>
8000367c: 65 73        	<unknown>
8000367e: 74 20        	<unknown>
80003680: 32 3a        	<unknown>
80003682: 20 53        	<unknown>
80003684: 65 74        	<unknown>
80003686: 74 69        	<unknown>
80003688: 6e 67        	<unknown>
8000368a: 20 74        	<unknown>
8000368c: 68 65        	<unknown>
8000368e: 20 34        	<unknown>
80003690: 4b 2d 31 32  	fnmsub.d	fs10, ft2, ft3, ft6, rdn
80003694: 4b 20 72 65  	fnmsub.h	ft0, ft4, fs7, fa2, rdn
80003698: 67 69 6f 6e  	<unknown>
8000369c: 20 62        	<unknown>
8000369e: 61 63        	<unknown>
800036a0: 6b 20 74 6f  	<unknown>
800036a4: 20 30        	<unknown>
800036a6: 20 62        	<unknown>
800036a8: 79 20        	<unknown>
800036aa: 64 69        	<unknown>
800036ac: 73 61 62 6c  	csrrsi	sp, 1734, 4
800036b0: 69 6e        	<unknown>
800036b2: 67 20 61 6c  	<unknown>
800036b6: 6c 20        	<unknown>
800036b8: 72 65        	<unknown>
800036ba: 61 64        	<unknown>
800036bc: 65 72        	<unknown>
800036be: 20 63        	<unknown>
800036c0: 68 61        	<unknown>
800036c2: 6e 6e        	<unknown>
800036c4: 65 6c        	<unknown>
800036c6: 73 0a 00 66  	<unknown>
800036ca: 6e 69        	<unknown>
800036cc: 2b 00 54 68  	<unknown>
800036d0: 65 20        	<unknown>
800036d2: 6d 65        	<unknown>
800036d4: 6d 73        	<unknown>
800036d6: 65 74        	<unknown>
800036d8: 20 69        	<unknown>
800036da: 73 20 69 6e  	csrs	1766, s2
800036de: 63 6f 72 72  	bltu	tp, t2, 0x80003e1c <_edram+0x1ec>
800036e2: 65 63        	<unknown>
800036e4: 74 20        	<unknown>
800036e6: 28 72        	<unknown>
800036e8: 65 67        	<unknown>
800036ea: 69 6f        	<unknown>
800036ec: 6e 20        	<unknown>
800036ee: 31 29        	<unknown>
800036f0: 0a 00        	<unknown>
800036f2: 66 6e        	<unknown>
800036f4: 69 00        	<unknown>
800036f6: 54 68        	<unknown>
800036f8: 65 20        	<unknown>
800036fa: 6d 65        	<unknown>
800036fc: 6d 73        	<unknown>
800036fe: 65 74        	<unknown>
80003700: 20 6f        	<unknown>
80003702: 66 20        	<unknown>
80003704: 30 4b        	<unknown>
80003706: 42 20        	<unknown>
80003708: 2d 20        	<unknown>
8000370a: 31 36        	<unknown>
8000370c: 4b 42 20 69  	fnmsub.s	ft4, ft0, fs2, fa3, rmm
80003710: 73 20 6e 6f  	csrs	1782, t3
80003714: 74 20        	<unknown>
80003716: 63 6f 72 72  	bltu	tp, t2, 0x80003e54 <_edram+0x224>
8000371a: 65 63        	<unknown>
8000371c: 74 0a        	<unknown>
8000371e: 00 54        	<unknown>
80003720: 68 65        	<unknown>
80003722: 20 78        	<unknown>
80003724: 64 6d        	<unknown>
80003726: 61 20        	<unknown>
80003728: 61 67        	<unknown>
8000372a: 75 20        	<unknown>
8000372c: 69 73        	<unknown>
8000372e: 20 63        	<unknown>
80003730: 6f 6e 66 69  	jal	t3, 0x80069dc6 <_edram+0x66196>
80003734: 67 75 72 65  	<unknown>
80003738: 64 0a        	<unknown>
8000373a: 00 54        	<unknown>
8000373c: 68 65        	<unknown>
8000373e: 20 78        	<unknown>
80003740: 64 6d        	<unknown>
80003742: 61 20        	<unknown>
80003744: 65 78        	<unknown>
80003746: 74 65        	<unknown>
80003748: 6e 73        	<unknown>
8000374a: 69 6f        	<unknown>
8000374c: 6e 20        	<unknown>
8000374e: 30 20        	<unknown>
80003750: 69 73        	<unknown>
80003752: 20 64        	<unknown>
80003754: 69 73        	<unknown>
80003756: 61 62        	<unknown>
80003758: 6c 65        	<unknown>
8000375a: 64 0a        	<unknown>
8000375c: 00 45        	<unknown>
8000375e: 72 72        	<unknown>
80003760: 6f 72 20 69  	jal	tp, 0x8000adf2 <_edram+0x71c2>
80003764: 6e 20        	<unknown>
80003766: 6d 65        	<unknown>
80003768: 6d 73        	<unknown>
8000376a: 65 74        	<unknown>
8000376c: 20 28        	<unknown>
8000376e: 72 65        	<unknown>
80003770: 67 69 6f 6e  	<unknown>
80003774: 20 30        	<unknown>
80003776: 29 0a        	<unknown>
80003778: 00 54        	<unknown>
8000377a: 68 65        	<unknown>
8000377c: 20 78        	<unknown>
8000377e: 64 6d        	<unknown>
80003780: 61 20        	<unknown>
80003782: 69 73        	<unknown>
80003784: 20 73        	<unknown>
80003786: 74 61        	<unknown>
80003788: 72 74        	<unknown>
8000378a: 65 64        	<unknown>
8000378c: 2c 20        	<unknown>
8000378e: 73 65 74 74  	csrrsi	a0, mseccfg, 8
80003792: 69 6e        	<unknown>
80003794: 67 20 6d 65  	<unknown>
80003798: 6d 6f        	<unknown>
8000379a: 72 79        	<unknown>
8000379c: 20 72        	<unknown>
8000379e: 65 67        	<unknown>
800037a0: 69 6f        	<unknown>
800037a2: 6e 20        	<unknown>
800037a4: 74 6f        	<unknown>
800037a6: 20 30        	<unknown>
800037a8: 78 30        	<unknown>
800037aa: 30 30        	<unknown>
800037ac: 30 30        	<unknown>
800037ae: 30 30        	<unknown>
800037b0: 30 30        	<unknown>
800037b2: 30 30        	<unknown>
800037b4: 30 30        	<unknown>
800037b6: 30 30        	<unknown>
800037b8: 31 20        	<unknown>
800037ba: 28 75        	<unknown>
800037bc: 69 6e        	<unknown>
800037be: 74 36        	<unknown>
800037c0: 34 5f        	<unknown>
800037c2: 74 20        	<unknown>
800037c4: 31 29        	<unknown>
800037c6: 2e 20        	<unknown>
800037c8: 54 68        	<unknown>
800037ca: 65 20        	<unknown>
800037cc: 74 61        	<unknown>
800037ce: 73 6b 20 69  	csrrsi	s6, 1682, 0
800037d2: 64 20        	<unknown>
800037d4: 69 73        	<unknown>
800037d6: 20 25        	<unknown>
800037d8: 64 0a        	<unknown>
800037da: 00 49        	<unknown>

800037db <$d.2>:
800037db: 49 6e        	<unknown>
800037dd: 6e 65        	<unknown>
800037df: 72 6d        	<unknown>
800037e1: 6f 73 74 20  	jal	t1, 0x8004b1e7 <_edram+0x475b7>
800037e5: 62 6f        	<unknown>
800037e7: 75 6e        	<unknown>
800037e9: 64 20        	<unknown>
800037eb: 61 74        	<unknown>
800037ed: 20 73        	<unknown>
800037ef: 72 63        	<unknown>
800037f1: 20 69        	<unknown>
800037f3: 73 20 6c 61  	csrs	1558, s8
800037f7: 72 67        	<unknown>
800037f9: 65 72        	<unknown>
800037fb: 20 74        	<unknown>
800037fd: 68 61        	<unknown>
800037ff: 6e 20        	<unknown>
80003801: 74 68        	<unknown>
80003803: 65 20        	<unknown>
80003805: 23 20 6f 66  	sw	t1, 1632(t5)
80003809: 20 63        	<unknown>
8000380b: 68 61        	<unknown>
8000380d: 6e 6e        	<unknown>
8000380f: 65 6c        	<unknown>
80003811: 73 0a 00 54  	<unknown>

80003814 <$d.1>:
80003814: 54 65        	<unknown>
80003816: 73 74 20 31  	csrrci	s0, 786, 0
8000381a: 3a 20        	<unknown>
8000381c: 53 65 74 74  	<unknown>
80003820: 69 6e        	<unknown>
80003822: 67 20 74 68  	<unknown>
80003826: 65 20        	<unknown>
80003828: 30 2d        	<unknown>
8000382a: 31 36        	<unknown>
8000382c: 4b 42 20 72  	fnmsub.d	ft4, ft0, ft2, fa4, rmm
80003830: 65 67        	<unknown>
80003832: 69 6f        	<unknown>
80003834: 6e 20        	<unknown>
80003836: 74 6f        	<unknown>
80003838: 20 30        	<unknown>
8000383a: 78 46        	<unknown>
8000383c: 46 0a        	<unknown>
8000383e: 00 44        	<unknown>
80003840: 65 73        	<unknown>
80003842: 74 69        	<unknown>
80003844: 6e 61        	<unknown>
80003846: 74 69        	<unknown>
80003848: 6f 6e 20 64  	jal	t3, 0x80009e8a <_edram+0x625a>
8000384c: 69 6d        	<unknown>
8000384e: 65 6e        	<unknown>
80003850: 73 69 6f 6e  	csrrsi	s2, 1766, 30
80003854: 20 69        	<unknown>
80003856: 73 20 74 6f  	csrs	1783, s0
8000385a: 6f 20 68 69  	j	0x80085ef0 <_edram+0x822c0>
8000385e: 67 68 20 66  	<unknown>
80003862: 6f 72 20 78  	jal	tp, 0x8000afe4 <_edram+0x73b4>
80003866: 64 6d        	<unknown>
80003868: 61 0a        	<unknown>
8000386a: 00 43        	<unknown>
8000386c: 6f 72 65 20  	jal	tp, 0x8005aa72 <_edram+0x56e42>
80003870: 25 64        	<unknown>
80003872: 20 69        	<unknown>
80003874: 73 20 6e 6f  	csrs	1782, t3
80003878: 74 20        	<unknown>
8000387a: 78 64        	<unknown>
8000387c: 6d 61        	<unknown>
8000387e: 20 63        	<unknown>
80003880: 6f 72 65 2e  	jal	tp, 0x8005ab66 <_edram+0x56f36>
80003884: 20 0a        	<unknown>
80003886: 00 01        	<unknown>
80003888: 01 00        	<unknown>
8000388a: 45 72        	<unknown>
8000388c: 72 6f        	<unknown>
8000388e: 72 20        	<unknown>
80003890: 69 6e        	<unknown>
80003892: 20 65        	<unknown>
80003894: 6e 61        	<unknown>
80003896: 62 6c        	<unknown>
80003898: 69 6e        	<unknown>
8000389a: 67 20 78 64  	<unknown>
8000389e: 6d 61        	<unknown>
800038a0: 20 65        	<unknown>
800038a2: 78 74        	<unknown>
800038a4: 65 6e        	<unknown>
800038a6: 73 69 6f 6e  	csrrsi	s2, 1766, 30
800038aa: 20 30        	<unknown>
800038ac: 0a 00        	<unknown>
800038ae: 45 72        	<unknown>
800038b0: 72 6f        	<unknown>
800038b2: 72 20        	<unknown>
800038b4: 69 6e        	<unknown>
800038b6: 20 64        	<unknown>
800038b8: 69 73        	<unknown>
800038ba: 61 62        	<unknown>
800038bc: 6c 69        	<unknown>
800038be: 6e 67        	<unknown>
800038c0: 20 78        	<unknown>
800038c2: 64 6d        	<unknown>
800038c4: 61 20        	<unknown>
800038c6: 65 78        	<unknown>
800038c8: 74 65        	<unknown>
800038ca: 6e 73        	<unknown>
800038cc: 69 6f        	<unknown>
800038ce: 6e 20        	<unknown>
800038d0: 31 0a        	<unknown>
800038d2: 00 54        	<unknown>
800038d4: 68 65        	<unknown>
800038d6: 20 78        	<unknown>
800038d8: 64 6d        	<unknown>
800038da: 61 20        	<unknown>
800038dc: 69 73        	<unknown>
800038de: 20 73        	<unknown>
800038e0: 74 61        	<unknown>
800038e2: 72 74        	<unknown>
800038e4: 65 64        	<unknown>
800038e6: 2c 20        	<unknown>
800038e8: 73 65 74 74  	csrrsi	a0, mseccfg, 8
800038ec: 69 6e        	<unknown>
800038ee: 67 20 6d 65  	<unknown>
800038f2: 6d 6f        	<unknown>
800038f4: 72 79        	<unknown>
800038f6: 20 72        	<unknown>
800038f8: 65 67        	<unknown>
800038fa: 69 6f        	<unknown>
800038fc: 6e 20        	<unknown>
800038fe: 74 6f        	<unknown>
80003900: 20 30        	<unknown>
80003902: 78 30        	<unknown>
80003904: 30 2e        	<unknown>
80003906: 20 54        	<unknown>
80003908: 68 65        	<unknown>
8000390a: 20 74        	<unknown>
8000390c: 61 73        	<unknown>
8000390e: 6b 20 69 64  	<unknown>
80003912: 20 69        	<unknown>
80003914: 73 20 25 64  	csrs	1602, a0
80003918: 0a 00        	<unknown>
8000391a: 73 72 63 20  	csrrci	tp, 518, 6
8000391e: 6c 6f        	<unknown>
80003920: 6f 70 20 61  	j	0x8000af32 <_edram+0x7302>
80003924: 6e 64        	<unknown>
80003926: 20 64        	<unknown>
80003928: 73 74 20 6c  	csrrci	s0, 1730, 0
8000392c: 6f 6f 70 20  	jal	t5, 0x8000a332 <_edram+0x6702>
80003930: 69 73        	<unknown>
80003932: 20 6e        	<unknown>
80003934: 6f 74 20 65  	jal	s0, 0x8000af86 <_edram+0x7356>
80003938: 71 75        	<unknown>
8000393a: 61 6c        	<unknown>
8000393c: 0a 00        	<unknown>
8000393e: 45 72        	<unknown>
80003940: 72 6f        	<unknown>
80003942: 72 20        	<unknown>
80003944: 69 6e        	<unknown>
80003946: 20 78        	<unknown>
80003948: 64 6d        	<unknown>
8000394a: 61 20        	<unknown>
8000394c: 61 67        	<unknown>
8000394e: 75 20        	<unknown>
80003950: 63 6f 6e 66  	bltu	t3, t1, 0x80003fce <_edram+0x39e>
80003954: 69 67        	<unknown>
80003956: 75 72        	<unknown>
80003958: 61 74        	<unknown>
8000395a: 69 6f        	<unknown>
8000395c: 6e 0a        	<unknown>
8000395e: 00 53        	<unknown>
80003960: 6f 75 72 63  	jal	a0, 0x8002b796 <_edram+0x27b66>
80003964: 65 20        	<unknown>
80003966: 64 69        	<unknown>
80003968: 6d 65        	<unknown>
8000396a: 6e 73        	<unknown>
8000396c: 69 6f        	<unknown>
8000396e: 6e 20        	<unknown>
80003970: 69 73        	<unknown>
80003972: 20 74        	<unknown>
80003974: 6f 6f 20 68  	jal	t5, 0x80009ff6 <_edram+0x63c6>
80003978: 69 67        	<unknown>
8000397a: 68 20        	<unknown>
8000397c: 66 6f        	<unknown>
8000397e: 72 20        	<unknown>
80003980: 78 64        	<unknown>
80003982: 6d 61        	<unknown>
80003984: 0a 00        	<unknown>
80003986: 54 68        	<unknown>
80003988: 65 20        	<unknown>
8000398a: 78 64        	<unknown>
8000398c: 6d 61        	<unknown>
8000398e: 20 65        	<unknown>
80003990: 78 74        	<unknown>
80003992: 65 6e        	<unknown>
80003994: 73 69 6f 6e  	csrrsi	s2, 1766, 30
80003998: 20 30        	<unknown>
8000399a: 20 69        	<unknown>
8000399c: 73 20 65 6e  	csrs	1766, a0
800039a0: 61 62        	<unknown>
800039a2: 6c 65        	<unknown>
800039a4: 64 0a        	<unknown>
800039a6: 00 54        	<unknown>
800039a8: 68 65        	<unknown>
800039aa: 20 78        	<unknown>
800039ac: 64 6d        	<unknown>
800039ae: 61 20        	<unknown>
800039b0: 69 73        	<unknown>
800039b2: 20 73        	<unknown>
800039b4: 74 61        	<unknown>
800039b6: 72 74        	<unknown>
800039b8: 65 64        	<unknown>
800039ba: 2c 20        	<unknown>
800039bc: 73 65 74 74  	csrrsi	a0, mseccfg, 8
800039c0: 69 6e        	<unknown>
800039c2: 67 20 6d 65  	<unknown>
800039c6: 6d 6f        	<unknown>
800039c8: 72 79        	<unknown>
800039ca: 20 72        	<unknown>
800039cc: 65 67        	<unknown>
800039ce: 69 6f        	<unknown>
800039d0: 6e 20        	<unknown>
800039d2: 74 6f        	<unknown>
800039d4: 20 30        	<unknown>
800039d6: 78 46        	<unknown>
800039d8: 46 2e        	<unknown>
800039da: 20 54        	<unknown>
800039dc: 68 65        	<unknown>
800039de: 20 74        	<unknown>
800039e0: 61 73        	<unknown>
800039e2: 6b 20 69 64  	<unknown>
800039e6: 20 69        	<unknown>
800039e8: 73 20 25 64  	csrs	1602, a0
800039ec: 0a 00        	<unknown>
800039ee: 49 6e        	<unknown>
800039f0: 6e 65        	<unknown>
800039f2: 72 6d        	<unknown>
800039f4: 6f 73 74 20  	jal	t1, 0x8004b3fa <_edram+0x477ca>
800039f8: 62 6f        	<unknown>
800039fa: 75 6e        	<unknown>
800039fc: 64 20        	<unknown>
800039fe: 61 74        	<unknown>
80003a00: 20 64        	<unknown>
80003a02: 73 74 20 69  	csrrci	s0, 1682, 0
80003a06: 73 20 6c 61  	csrs	1558, s8
80003a0a: 72 67        	<unknown>
80003a0c: 65 72        	<unknown>
80003a0e: 20 74        	<unknown>
80003a10: 68 61        	<unknown>
80003a12: 6e 20        	<unknown>
80003a14: 74 68        	<unknown>
80003a16: 65 20        	<unknown>
80003a18: 23 20 6f 66  	sw	t1, 1632(t5)
80003a1c: 20 63        	<unknown>
80003a1e: 68 61        	<unknown>
80003a20: 6e 6e        	<unknown>
80003a22: 65 6c        	<unknown>
80003a24: 73 0a 00 53  	<unknown>
80003a28: 69 7a        	<unknown>
80003a2a: 65 20        	<unknown>
80003a2c: 69 73        	<unknown>
80003a2e: 20 6e        	<unknown>
80003a30: 6f 74 20 6d  	jal	s0, 0x8000b102 <_edram+0x74d2>
80003a34: 75 6c        	<unknown>
80003a36: 74 69        	<unknown>
80003a38: 70 6c        	<unknown>
80003a3a: 65 20        	<unknown>
80003a3c: 6f 66 20 58  	jal	a2, 0x80009fbe <_edram+0x638e>
80003a40: 44 4d        	<unknown>
80003a42: 41 5f        	<unknown>
80003a44: 57 49 44 54  	<unknown>
80003a48: 48 0a        	<unknown>
80003a4a: 00 54        	<unknown>
80003a4c: 68 65        	<unknown>
80003a4e: 20 6d        	<unknown>
80003a50: 65 6d        	<unknown>
80003a52: 73 65 74 20  	csrrsi	a0, 519, 8
80003a56: 69 73        	<unknown>
80003a58: 20 69        	<unknown>
80003a5a: 6e 63        	<unknown>
80003a5c: 6f 72 72 65  	jal	tp, 0x8002b8b2 <_edram+0x27c82>
80003a60: 63 74 20 28  	bgeu	zero, sp, 0x80003ce8 <_edram+0xb8>
80003a64: 72 65        	<unknown>
80003a66: 67 69 6f 6e  	<unknown>
80003a6a: 20 32        	<unknown>
80003a6c: 29 0a        	<unknown>
80003a6e: 00 54        	<unknown>
80003a70: 68 65        	<unknown>
80003a72: 20 78        	<unknown>
80003a74: 64 6d        	<unknown>
80003a76: 61 20        	<unknown>
80003a78: 65 78        	<unknown>
80003a7a: 74 65        	<unknown>
80003a7c: 6e 73        	<unknown>
80003a7e: 69 6f        	<unknown>
80003a80: 6e 20        	<unknown>
80003a82: 31 20        	<unknown>
80003a84: 69 73        	<unknown>
80003a86: 20 64        	<unknown>
80003a88: 69 73        	<unknown>
80003a8a: 61 62        	<unknown>
80003a8c: 6c 65        	<unknown>
80003a8e: 64 0a        	<unknown>
80003a90: 00 45        	<unknown>
80003a92: 72 72        	<unknown>
80003a94: 6f 72 20 69  	jal	tp, 0x8000b126 <_edram+0x74f6>
80003a98: 6e 20        	<unknown>
80003a9a: 64 69        	<unknown>
80003a9c: 73 61 62 6c  	csrrsi	sp, 1734, 4
80003aa0: 69 6e        	<unknown>
80003aa2: 67 20 78 64  	<unknown>
80003aa6: 6d 61        	<unknown>
80003aa8: 20 65        	<unknown>
80003aaa: 78 74        	<unknown>
80003aac: 65 6e        	<unknown>
80003aae: 73 69 6f 6e  	csrrsi	s2, 1766, 30
80003ab2: 20 32        	<unknown>
80003ab4: 0a 00        	<unknown>
80003ab6: 54 68        	<unknown>
80003ab8: 65 20        	<unknown>
80003aba: 6d 65        	<unknown>
80003abc: 6d 73        	<unknown>
80003abe: 65 74        	<unknown>
80003ac0: 20 6f        	<unknown>
80003ac2: 66 20        	<unknown>
80003ac4: 34 4b        	<unknown>
80003ac6: 42 20        	<unknown>
80003ac8: 2d 20        	<unknown>
80003aca: 31 32        	<unknown>
80003acc: 4b 42 20 69  	fnmsub.s	ft4, ft0, fs2, fa3, rmm
80003ad0: 73 20 63 6f  	csrs	1782, t1
80003ad4: 72 72        	<unknown>
80003ad6: 65 63        	<unknown>
80003ad8: 74 0a        	<unknown>
80003ada: 00 00        	<unknown>

Disassembly of section .htif:

80003b00 <tohost>:
		...

80003b40 <fromhost>:
		...

Disassembly of section .tbss:

80003b48 <__tbss_start>:
...

Disassembly of section .cbss:

80003b50 <_cls>:
		...

Disassembly of section .sdata:

80003b60 <__SDATA_BEGIN__>:
80003b60: ff ff ff ff  	<unknown>
80003b64: ff ff ef ff  	<unknown>
80003b68: ff ff ff ff  	<unknown>
80003b6c: ff ff ef 7f  	<unknown>
80003b70: 00 00        	<unknown>
80003b72: 00 00        	<unknown>
80003b74: 65 cd        	<unknown>
80003b76: cd 41        	<unknown>
80003b78: 00 00        	<unknown>
80003b7a: 00 00        	<unknown>
80003b7c: 65 cd        	<unknown>
80003b7e: cd c1        	<unknown>
80003b80: 00 00        	<unknown>
80003b82: 00 00        	<unknown>
80003b84: 00 00        	<unknown>
80003b86: e0 3f        	<unknown>
80003b88: ff ff ff ff  	<unknown>
80003b8c: ff ff ef 7f  	<unknown>
80003b90: ff ff ff ff  	<unknown>
80003b94: ff ff ef ff  	<unknown>
80003b98: b8 80        	<unknown>
80003b9a: 76 cf        	<unknown>
80003b9c: 66 86        	<unknown>
80003b9e: d0 bf        	<unknown>
80003ba0: 61 43        	<unknown>
80003ba2: 6f 63 a7 87  	jal	t1, 0x7ff79c1c <$d.3+0x7ff79c1c>
80003ba6: d2 3f        	<unknown>
80003ba8: fb 79 9f 50  	<unknown>
80003bac: 13 44 d3 3f  	xori	s0, t1, 1021
80003bb0: 00 00        	<unknown>
80003bb2: 00 00        	<unknown>
80003bb4: 00 00        	<unknown>
80003bb6: e0 3f        	<unknown>
80003bb8: 71 a3        	<unknown>
80003bba: 79 09        	<unknown>
80003bbc: 4f 93 0a 40  	fnmadd.s	ft6, fs5, ft0, fs0, rtz
80003bc0: ef 39 fa fe  	jal	s3, 0x7ffa7bae <$d.3+0x7ffa7bae>
80003bc4: 42 2e        	<unknown>
80003bc6: e6 bf        	<unknown>
80003bc8: 16 55        	<unknown>
80003bca: b5 bb        	<unknown>
80003bcc: b1 6b        	<unknown>
80003bce: 02 40        	<unknown>
80003bd0: 00 00        	<unknown>
80003bd2: 00 00        	<unknown>
80003bd4: 00 00        	<unknown>
80003bd6: 00 40        	<unknown>
80003bd8: 00 00        	<unknown>
80003bda: 00 00        	<unknown>
80003bdc: 00 00        	<unknown>
80003bde: 24 40        	<unknown>
80003be0: 92 24        	<unknown>
80003be2: 49 92        	<unknown>
80003be4: 24 49        	<unknown>
80003be6: b2 3f        	<unknown>
80003be8: 00 00        	<unknown>
80003bea: 00 00        	<unknown>
80003bec: 00 00        	<unknown>
80003bee: 18 40        	<unknown>
80003bf0: 9a 99        	<unknown>
80003bf2: 99 99        	<unknown>
80003bf4: 99 99        	<unknown>
80003bf6: b9 3f        	<unknown>
80003bf8: 2d 43        	<unknown>
80003bfa: 1c eb        	<unknown>
80003bfc: e2 36        	<unknown>
80003bfe: 1a 3f        	<unknown>
80003c00: 00 00        	<unknown>
80003c02: 00 00        	<unknown>
80003c04: 80 84        	<unknown>
80003c06: 2e 41        	<unknown>
80003c08: 00 00        	<unknown>
80003c0a: 00 00        	<unknown>
80003c0c: 00 00        	<unknown>
80003c0e: f0 3f        	<unknown>

Disassembly of section .sbss:

80003c10 <eu_p_global>:
...

80003c14 <_snrt_mutex>:
...

80003c18 <_snrt_barrier>:
...

80003c20 <_reduction_result>:
...

Disassembly of section .bss:

80003c24 <l3_allocator>:
...

Disassembly of section .comment:

00000000 <$d.3>:
       0: 00 55        	<unknown>
       2: 62 75        	<unknown>
       4: 6e 74        	<unknown>
       6: 75 20        	<unknown>
       8: 63 6c 61 6e  	bltu	sp, t1, 0x700 <$d.3+0x700>
       c: 67 20 76 65  	<unknown>
      10: 72 73        	<unknown>
      12: 69 6f        	<unknown>
      14: 6e 20        	<unknown>
      16: 31 38        	<unknown>
      18: 2e 31        	<unknown>
      1a: 2e 33        	<unknown>
      1c: 20 28        	<unknown>
      1e: 31 75        	<unknown>
      20: 62 75        	<unknown>
      22: 6e 74        	<unknown>
      24: 75 31        	<unknown>
      26: 29 00        	<unknown>
      28: 55 62        	<unknown>
      2a: 75 6e        	<unknown>
      2c: 74 75        	<unknown>
      2e: 20 63        	<unknown>
      30: 6c 61        	<unknown>
      32: 6e 67        	<unknown>
      34: 20 76        	<unknown>
      36: 65 72        	<unknown>
      38: 73 69 6f 6e  	csrrsi	s2, 1766, 30
      3c: 20 31        	<unknown>
      3e: 37 2e 30 2e  	lui	t3, 189186
      42: 36 20        	<unknown>
      44: 28 39        	<unknown>
      46: 75 62        	<unknown>
      48: 75 6e        	<unknown>
      4a: 74 75        	<unknown>
      4c: 31 29        	<unknown>
      4e: 00 4c        	<unknown>
      50: 69 6e        	<unknown>
      52: 6b 65 72 3a  	<unknown>
      56: 20 55        	<unknown>
      58: 62 75        	<unknown>
      5a: 6e 74        	<unknown>
      5c: 75 20        	<unknown>
      5e: 4c 4c        	<unknown>
      60: 44 20        	<unknown>
      62: 31 37        	<unknown>
      64: 2e 30        	<unknown>
      66: 2e 36        	<unknown>
      68: 00           	<unknown>

Disassembly of section .riscv.attributes:

00000000 <.riscv.attributes>:
       0: 41 49        	<unknown>
       2: 00 00        	<unknown>
       4: 00 72        	<unknown>
       6: 69 73        	<unknown>
       8: 63 76 00 01  	bgeu	zero, a6, 0x14 <$d.3+0x14>
       c: 3f 00 00 00  	<unknown>
      10: 04 10        	<unknown>
      12: 05 72        	<unknown>
      14: 76 33        	<unknown>
      16: 32 69        	<unknown>
      18: 32 70        	<unknown>
      1a: 31 5f        	<unknown>
      1c: 6d 32        	<unknown>
      1e: 70 30        	<unknown>
      20: 5f 61 32 70  	<unknown>
      24: 31 5f        	<unknown>
      26: 66 32        	<unknown>
      28: 70 32        	<unknown>
      2a: 5f 64 32 70  	<unknown>
      2e: 32 5f        	<unknown>
      30: 7a 69        	<unknown>
      32: 63 73 72 32  	bgeu	tp, t2, 0x358 <$d.3+0x358>
      36: 70 30        	<unknown>
      38: 5f 7a 66 68  	<unknown>
      3c: 31 70        	<unknown>
      3e: 30 5f        	<unknown>
      40: 7a 66        	<unknown>
      42: 68 6d        	<unknown>
      44: 69 6e        	<unknown>
      46: 31 70        	<unknown>
      48: 30 00        	<unknown>

Disassembly of section .symtab:

00000000 <.symtab>:
		...
      10: 01 00        	<unknown>
		...
      1a: 00 00        	<unknown>
      1c: 04 00        	<unknown>
      1e: f1 ff        	<unknown>
      20: 11 00        	<unknown>
      22: 00 00        	<unknown>
      24: d0 01        	<unknown>
      26: 00 80        	<unknown>
      28: 00 00        	<unknown>
      2a: 00 00        	<unknown>
      2c: 00 00        	<unknown>
      2e: 01 00        	<unknown>
      30: 16 00        	<unknown>
      32: 00 00        	<unknown>
      34: 4c 04        	<unknown>
      36: 00 80        	<unknown>
      38: 64 03        	<unknown>
      3a: 00 00        	<unknown>
      3c: 02 00        	<unknown>
      3e: 01 00        	<unknown>
      40: 1e 00        	<unknown>
      42: 00 00        	<unknown>
      44: 28 32        	<unknown>
      46: 00 80        	<unknown>
      48: 00 00        	<unknown>
      4a: 00 00        	<unknown>
      4c: 00 00        	<unknown>
      4e: 02 00        	<unknown>
      50: 23 00 00 00  	sb	zero, 0(zero)
      54: db 37 00 80  	<unknown>
      58: 00 00        	<unknown>
      5a: 00 00        	<unknown>
      5c: 00 00        	<unknown>
      5e: 02 00        	<unknown>
      60: 28 00        	<unknown>
		...
      6e: 0e 00        	<unknown>
      70: 2d 00        	<unknown>
		...
      7e: f1 ff        	<unknown>
      80: 32 00        	<unknown>
		...
      8a: 00 00        	<unknown>
      8c: 04 00        	<unknown>
      8e: f1 ff        	<unknown>
      90: 39 00        	<unknown>
      92: 00 00        	<unknown>
      94: b0 19        	<unknown>
      96: 00 80        	<unknown>
      98: a0 00        	<unknown>
      9a: 00 00        	<unknown>
      9c: 02 00        	<unknown>
      9e: 01 00        	<unknown>
      a0: 43 00 00 00  	fmadd.s	ft0, ft0, ft0, ft0, rne
      a4: a0 11        	<unknown>
      a6: 00 80        	<unknown>
      a8: 10 08        	<unknown>
      aa: 00 00        	<unknown>
      ac: 02 00        	<unknown>
      ae: 01 00        	<unknown>
      b0: 4e 00        	<unknown>
      b2: 00 00        	<unknown>
      b4: 50 1a        	<unknown>
      b6: 00 80        	<unknown>
      b8: 04 00        	<unknown>
      ba: 00 00        	<unknown>
      bc: 02 00        	<unknown>
      be: 01 00        	<unknown>
      c0: 58 00        	<unknown>
      c2: 00 00        	<unknown>
      c4: ec 1d        	<unknown>
      c6: 00 80        	<unknown>
      c8: 6c 06        	<unknown>
      ca: 00 00        	<unknown>
      cc: 02 00        	<unknown>
      ce: 01 00        	<unknown>
      d0: 5e 00        	<unknown>
      d2: 00 00        	<unknown>
      d4: 58 24        	<unknown>
      d6: 00 80        	<unknown>
      d8: 5c 04        	<unknown>
      da: 00 00        	<unknown>
      dc: 02 00        	<unknown>
      de: 01 00        	<unknown>
      e0: 64 00        	<unknown>
      e2: 00 00        	<unknown>
      e4: 54 1a        	<unknown>
      e6: 00 80        	<unknown>
      e8: 98 03        	<unknown>
      ea: 00 00        	<unknown>
      ec: 02 00        	<unknown>
      ee: 01 00        	<unknown>
      f0: 6f 00 00 00  	j	0xf0 <.symtab+0xf0>
      f4: 88 35        	<unknown>
      f6: 00 80        	<unknown>
      f8: 50 00        	<unknown>
      fa: 00 00        	<unknown>
      fc: 01 00        	<unknown>
      fe: 02 00        	<unknown>
     100: 7b 00 00 00  	<unknown>
     104: a4 29        	<unknown>
     106: 00 80        	<unknown>
     108: 10 00        	<unknown>
     10a: 00 00        	<unknown>
     10c: 02 00        	<unknown>
     10e: 01 00        	<unknown>
     110: 87 00 00 00  	<unknown>
     114: b0 2a        	<unknown>
     116: 00 80        	<unknown>
     118: 14 00        	<unknown>
     11a: 00 00        	<unknown>
     11c: 02 00        	<unknown>
     11e: 01 00        	<unknown>
     120: 90 00        	<unknown>
     122: 00 00        	<unknown>
     124: 00 00        	<unknown>
     126: 00 80        	<unknown>
     128: 00 00        	<unknown>
     12a: 00 00        	<unknown>
     12c: 00 00        	<unknown>
     12e: 01 00        	<unknown>
     130: ad 00        	<unknown>
     132: 00 00        	<unknown>
     134: 6c 00        	<unknown>
     136: 00 80        	<unknown>
     138: 00 00        	<unknown>
     13a: 00 00        	<unknown>
     13c: 00 00        	<unknown>
     13e: 01 00        	<unknown>
     140: c9 00        	<unknown>
     142: 00 00        	<unknown>
     144: f8 00        	<unknown>
     146: 00 80        	<unknown>
     148: 00 00        	<unknown>
     14a: 00 00        	<unknown>
     14c: 00 00        	<unknown>
     14e: 01 00        	<unknown>
     150: e7 00 00 00  	jalr	zero
     154: 00 01        	<unknown>
     156: 00 80        	<unknown>
     158: 00 00        	<unknown>
     15a: 00 00        	<unknown>
     15c: 00 00        	<unknown>
     15e: 01 00        	<unknown>
     160: 00 01        	<unknown>
     162: 00 00        	<unknown>
     164: 30 01        	<unknown>
     166: 00 80        	<unknown>
     168: 00 00        	<unknown>
     16a: 00 00        	<unknown>
     16c: 00 00        	<unknown>
     16e: 01 00        	<unknown>
     170: 13 01 00 00  	li	sp, 0
     174: 60 01        	<unknown>
     176: 00 80        	<unknown>
     178: 00 00        	<unknown>
     17a: 00 00        	<unknown>
     17c: 00 00        	<unknown>
     17e: 01 00        	<unknown>
     180: 28 01        	<unknown>
     182: 00 00        	<unknown>
     184: 88 01        	<unknown>
     186: 00 80        	<unknown>
     188: 00 00        	<unknown>
     18a: 00 00        	<unknown>
     18c: 00 00        	<unknown>
     18e: 01 00        	<unknown>
     190: 3b 01 00 00  	<unknown>
     194: c4 01        	<unknown>
     196: 00 80        	<unknown>
     198: 00 00        	<unknown>
     19a: 00 00        	<unknown>
     19c: 00 00        	<unknown>
     19e: 01 00        	<unknown>
     1a0: 4a 01        	<unknown>
     1a2: 00 00        	<unknown>
     1a4: c8 01        	<unknown>
     1a6: 00 80        	<unknown>
     1a8: 00 00        	<unknown>
     1aa: 00 00        	<unknown>
     1ac: 00 00        	<unknown>
     1ae: 01 00        	<unknown>
     1b0: 58 01        	<unknown>
		...
     1ba: 00 00        	<unknown>
     1bc: 04 00        	<unknown>
     1be: f1 ff        	<unknown>
     1c0: 6b 01 00 00  	<unknown>
     1c4: c8 2d        	<unknown>
     1c6: 00 80        	<unknown>
     1c8: 00 00        	<unknown>
     1ca: 00 00        	<unknown>
     1cc: 00 00        	<unknown>
     1ce: 01 00        	<unknown>
     1d0: 70 01        	<unknown>
     1d2: 00 00        	<unknown>
     1d4: 14 38        	<unknown>
     1d6: 00 80        	<unknown>
     1d8: 00 00        	<unknown>
     1da: 00 00        	<unknown>
     1dc: 00 00        	<unknown>
     1de: 02 00        	<unknown>
     1e0: 75 01        	<unknown>
		...
     1ee: 0e 00        	<unknown>
     1f0: 7a 01        	<unknown>
		...
     1fe: f1 ff        	<unknown>
     200: 7f 01 00 00  	<unknown>
     204: d0 01        	<unknown>
     206: 00 80        	<unknown>
     208: 7c 02        	<unknown>
     20a: 00 00        	<unknown>
     20c: 12 00        	<unknown>
     20e: 01 00        	<unknown>
     210: 8e 01        	<unknown>
     212: 00 00        	<unknown>
     214: 48 11        	<unknown>
     216: 00 80        	<unknown>
     218: 58 00        	<unknown>
     21a: 00 00        	<unknown>
     21c: 12 00        	<unknown>
     21e: 01 00        	<unknown>
     220: 96 01        	<unknown>
     222: 00 00        	<unknown>
     224: b0 07        	<unknown>
     226: 00 80        	<unknown>
     228: 78 00        	<unknown>
     22a: 00 00        	<unknown>
     22c: 12 00        	<unknown>
     22e: 01 00        	<unknown>
     230: a5 01        	<unknown>
     232: 00 00        	<unknown>
     234: 28 08        	<unknown>
     236: 00 80        	<unknown>
     238: 08 00        	<unknown>
     23a: 00 00        	<unknown>
     23c: 12 00        	<unknown>
     23e: 01 00        	<unknown>
     240: b9 01        	<unknown>
     242: 00 00        	<unknown>
     244: 30 08        	<unknown>
     246: 00 80        	<unknown>
     248: c8 00        	<unknown>
     24a: 00 00        	<unknown>
     24c: 12 00        	<unknown>
     24e: 01 00        	<unknown>
     250: cd 01        	<unknown>
     252: 00 00        	<unknown>
     254: f8 08        	<unknown>
     256: 00 80        	<unknown>
     258: 08 00        	<unknown>
     25a: 00 00        	<unknown>
     25c: 12 00        	<unknown>
     25e: 01 00        	<unknown>
     260: e2 01        	<unknown>
     262: 00 00        	<unknown>
     264: 00 09        	<unknown>
     266: 00 80        	<unknown>
     268: 24 00        	<unknown>
     26a: 00 00        	<unknown>
     26c: 12 00        	<unknown>
     26e: 01 00        	<unknown>
     270: f7 01 00 00  	<unknown>
     274: 24 09        	<unknown>
     276: 00 80        	<unknown>
     278: 18 00        	<unknown>
     27a: 00 00        	<unknown>
     27c: 12 00        	<unknown>
     27e: 01 00        	<unknown>
     280: 02 02        	<unknown>
     282: 00 00        	<unknown>
     284: 3c 09        	<unknown>
     286: 00 80        	<unknown>
     288: 10 00        	<unknown>
     28a: 00 00        	<unknown>
     28c: 12 00        	<unknown>
     28e: 01 00        	<unknown>
     290: 13 02 00 00  	li	tp, 0
     294: 4c 09        	<unknown>
     296: 00 80        	<unknown>
     298: 0c 00        	<unknown>
     29a: 00 00        	<unknown>
     29c: 12 00        	<unknown>
     29e: 01 00        	<unknown>
     2a0: 1d 02        	<unknown>
     2a2: 00 00        	<unknown>
     2a4: 00 00        	<unknown>
     2a6: 00 80        	<unknown>
     2a8: 00 00        	<unknown>
     2aa: 00 00        	<unknown>
     2ac: 10 00        	<unknown>
     2ae: 01 00        	<unknown>
     2b0: 24 02        	<unknown>
     2b2: 00 00        	<unknown>
     2b4: 00 3b        	<unknown>
     2b6: 00 80        	<unknown>
     2b8: 00 00        	<unknown>
     2ba: 00 00        	<unknown>
     2bc: 10 00        	<unknown>
     2be: 03 00 2b 02  	lb	zero, 34(s6)
     2c2: 00 00        	<unknown>
     2c4: 40 3b        	<unknown>
     2c6: 00 80        	<unknown>
     2c8: 00 00        	<unknown>
     2ca: 00 00        	<unknown>
     2cc: 10 00        	<unknown>
     2ce: 03 00 34 02  	lb	zero, 35(s0)
     2d2: 00 00        	<unknown>
     2d4: 58 09        	<unknown>
     2d6: 00 80        	<unknown>
     2d8: 0c 00        	<unknown>
     2da: 00 00        	<unknown>
     2dc: 12 00        	<unknown>
     2de: 01 00        	<unknown>
     2e0: 41 02        	<unknown>
     2e2: 00 00        	<unknown>
     2e4: 00 00        	<unknown>
     2e6: 00 00        	<unknown>
     2e8: 04 00        	<unknown>
     2ea: 00 00        	<unknown>
     2ec: 16 00        	<unknown>
     2ee: 05 00        	<unknown>
     2f0: 4a 02        	<unknown>
     2f2: 00 00        	<unknown>
     2f4: 64 09        	<unknown>
     2f6: 00 80        	<unknown>
     2f8: 0c 00        	<unknown>
     2fa: 00 00        	<unknown>
     2fc: 12 00        	<unknown>
     2fe: 01 00        	<unknown>
     300: 57 02 00 00  	<unknown>
     304: 24 3c        	<unknown>
     306: 00 80        	<unknown>
     308: 0c 00        	<unknown>
     30a: 00 00        	<unknown>
     30c: 11 00        	<unknown>
     30e: 0c 00        	<unknown>
     310: 64 02        	<unknown>
     312: 00 00        	<unknown>
     314: 70 09        	<unknown>
     316: 00 80        	<unknown>
     318: 20 00        	<unknown>
     31a: 00 00        	<unknown>
     31c: 12 00        	<unknown>
     31e: 01 00        	<unknown>
     320: 71 02        	<unknown>
     322: 00 00        	<unknown>
     324: 90 09        	<unknown>
     326: 00 80        	<unknown>
     328: 18 00        	<unknown>
     32a: 00 00        	<unknown>
     32c: 12 00        	<unknown>
     32e: 01 00        	<unknown>
     330: 7e 02        	<unknown>
     332: 00 00        	<unknown>
     334: a8 09        	<unknown>
     336: 00 80        	<unknown>
     338: 0c 00        	<unknown>
     33a: 00 00        	<unknown>
     33c: 12 00        	<unknown>
     33e: 01 00        	<unknown>
     340: 92 02        	<unknown>
     342: 00 00        	<unknown>
     344: b4 09        	<unknown>
     346: 00 80        	<unknown>
     348: 54 00        	<unknown>
     34a: 00 00        	<unknown>
     34c: 12 00        	<unknown>
     34e: 01 00        	<unknown>
     350: a2 02        	<unknown>
     352: 00 00        	<unknown>
     354: 08 0a        	<unknown>
     356: 00 80        	<unknown>
     358: 0c 00        	<unknown>
     35a: 00 00        	<unknown>
     35c: 12 00        	<unknown>
     35e: 01 00        	<unknown>
     360: b7 02 00 00  	lui	t0, 0
     364: 14 0a        	<unknown>
     366: 00 80        	<unknown>
     368: 0c 00        	<unknown>
     36a: 00 00        	<unknown>
     36c: 12 00        	<unknown>
     36e: 01 00        	<unknown>
     370: cc 02        	<unknown>
     372: 00 00        	<unknown>
     374: 20 0a        	<unknown>
     376: 00 80        	<unknown>
     378: 24 00        	<unknown>
     37a: 00 00        	<unknown>
     37c: 12 00        	<unknown>
     37e: 01 00        	<unknown>
     380: de 02        	<unknown>
     382: 00 00        	<unknown>
     384: 44 0a        	<unknown>
     386: 00 80        	<unknown>
     388: 18 00        	<unknown>
     38a: 00 00        	<unknown>
     38c: 12 00        	<unknown>
     38e: 01 00        	<unknown>
     390: f0 02        	<unknown>
     392: 00 00        	<unknown>
     394: 5c 0a        	<unknown>
     396: 00 80        	<unknown>
     398: 1c 00        	<unknown>
     39a: 00 00        	<unknown>
     39c: 12 00        	<unknown>
     39e: 01 00        	<unknown>
     3a0: 0a 03        	<unknown>
     3a2: 00 00        	<unknown>
     3a4: 78 0a        	<unknown>
     3a6: 00 80        	<unknown>
     3a8: 2c 00        	<unknown>
     3aa: 00 00        	<unknown>
     3ac: 12 00        	<unknown>
     3ae: 01 00        	<unknown>
     3b0: 1c 03        	<unknown>
     3b2: 00 00        	<unknown>
     3b4: a4 0a        	<unknown>
     3b6: 00 80        	<unknown>
     3b8: 24 00        	<unknown>
     3ba: 00 00        	<unknown>
     3bc: 12 00        	<unknown>
     3be: 01 00        	<unknown>
     3c0: 36 03        	<unknown>
     3c2: 00 00        	<unknown>
     3c4: c8 0a        	<unknown>
     3c6: 00 80        	<unknown>
     3c8: 40 00        	<unknown>
     3ca: 00 00        	<unknown>
     3cc: 12 00        	<unknown>
     3ce: 01 00        	<unknown>
     3d0: 48 03        	<unknown>
     3d2: 00 00        	<unknown>
     3d4: 08 0b        	<unknown>
     3d6: 00 80        	<unknown>
     3d8: 10 00        	<unknown>
     3da: 00 00        	<unknown>
     3dc: 12 00        	<unknown>
     3de: 01 00        	<unknown>
     3e0: 56 03        	<unknown>
     3e2: 00 00        	<unknown>
     3e4: 18 0b        	<unknown>
     3e6: 00 80        	<unknown>
     3e8: 0c 00        	<unknown>
     3ea: 00 00        	<unknown>
     3ec: 12 00        	<unknown>
     3ee: 01 00        	<unknown>
     3f0: 68 03        	<unknown>
     3f2: 00 00        	<unknown>
     3f4: 24 0b        	<unknown>
     3f6: 00 80        	<unknown>
     3f8: d8 00        	<unknown>
     3fa: 00 00        	<unknown>
     3fc: 12 00        	<unknown>
     3fe: 01 00        	<unknown>
     400: 70 03        	<unknown>
     402: 00 00        	<unknown>
     404: 10 3c        	<unknown>
     406: 00 80        	<unknown>
     408: 04 00        	<unknown>
     40a: 00 00        	<unknown>
     40c: 11 00        	<unknown>
     40e: 0b 00 7c 03  	<unknown>
     412: 00 00        	<unknown>
     414: 04 00        	<unknown>
     416: 00 00        	<unknown>
     418: 04 00        	<unknown>
     41a: 00 00        	<unknown>
     41c: 16 00        	<unknown>
     41e: 05 00        	<unknown>
     420: 81 03        	<unknown>
     422: 00 00        	<unknown>
     424: fc 0b        	<unknown>
     426: 00 80        	<unknown>
     428: 14 01        	<unknown>
     42a: 00 00        	<unknown>
     42c: 12 00        	<unknown>
     42e: 01 00        	<unknown>
     430: 89 03        	<unknown>
     432: 00 00        	<unknown>
     434: 10 0d        	<unknown>
     436: 00 80        	<unknown>
     438: 0c 00        	<unknown>
     43a: 00 00        	<unknown>
     43c: 12 00        	<unknown>
     43e: 01 00        	<unknown>
     440: a0 03        	<unknown>
     442: 00 00        	<unknown>
     444: 1c 0d        	<unknown>
     446: 00 80        	<unknown>
     448: 0c 00        	<unknown>
     44a: 00 00        	<unknown>
     44c: 12 00        	<unknown>
     44e: 01 00        	<unknown>
     450: b6 03        	<unknown>
     452: 00 00        	<unknown>
     454: 28 0d        	<unknown>
     456: 00 80        	<unknown>
     458: 04 00        	<unknown>
     45a: 00 00        	<unknown>
     45c: 12 00        	<unknown>
     45e: 01 00        	<unknown>
     460: c6 03        	<unknown>
     462: 00 00        	<unknown>
     464: 2c 0d        	<unknown>
     466: 00 80        	<unknown>
     468: dc 00        	<unknown>
     46a: 00 00        	<unknown>
     46c: 12 00        	<unknown>
     46e: 01 00        	<unknown>
     470: d4 03        	<unknown>
     472: 00 00        	<unknown>
     474: 08 0e        	<unknown>
     476: 00 80        	<unknown>
     478: 34 00        	<unknown>
     47a: 00 00        	<unknown>
     47c: 12 00        	<unknown>
     47e: 01 00        	<unknown>
     480: e5 03        	<unknown>
     482: 00 00        	<unknown>
     484: 3c 0e        	<unknown>
     486: 00 80        	<unknown>
     488: b8 00        	<unknown>
     48a: 00 00        	<unknown>
     48c: 12 00        	<unknown>
     48e: 01 00        	<unknown>
     490: f2 03        	<unknown>
     492: 00 00        	<unknown>
     494: f4 0e        	<unknown>
     496: 00 80        	<unknown>
     498: 18 00        	<unknown>
     49a: 00 00        	<unknown>
     49c: 12 00        	<unknown>
     49e: 01 00        	<unknown>
     4a0: 00 04        	<unknown>
     4a2: 00 00        	<unknown>
     4a4: 0c 0f        	<unknown>
     4a6: 00 80        	<unknown>
     4a8: 10 00        	<unknown>
     4aa: 00 00        	<unknown>
     4ac: 12 00        	<unknown>
     4ae: 01 00        	<unknown>
     4b0: 11 04        	<unknown>
     4b2: 00 00        	<unknown>
     4b4: 1c 0f        	<unknown>
     4b6: 00 80        	<unknown>
     4b8: 0c 00        	<unknown>
     4ba: 00 00        	<unknown>
     4bc: 12 00        	<unknown>
     4be: 01 00        	<unknown>
     4c0: 1c 04        	<unknown>
     4c2: 00 00        	<unknown>
     4c4: 14 3c        	<unknown>
     4c6: 00 80        	<unknown>
     4c8: 04 00        	<unknown>
     4ca: 00 00        	<unknown>
     4cc: 11 00        	<unknown>
     4ce: 0b 00 28 04  	<unknown>
     4d2: 00 00        	<unknown>
     4d4: 28 0f        	<unknown>
     4d6: 00 80        	<unknown>
     4d8: 10 00        	<unknown>
     4da: 00 00        	<unknown>
     4dc: 12 00        	<unknown>
     4de: 01 00        	<unknown>
     4e0: 3b 04 00 00  	<unknown>
     4e4: 38 0f        	<unknown>
     4e6: 00 80        	<unknown>
     4e8: 18 00        	<unknown>
     4ea: 00 00        	<unknown>
     4ec: 12 00        	<unknown>
     4ee: 01 00        	<unknown>
     4f0: 53 04 00 00  	fadd.s	fs0, ft0, ft0, rne
     4f4: 50 0f        	<unknown>
     4f6: 00 80        	<unknown>
     4f8: 08 00        	<unknown>
     4fa: 00 00        	<unknown>
     4fc: 12 00        	<unknown>
     4fe: 01 00        	<unknown>
     500: 66 04        	<unknown>
     502: 00 00        	<unknown>
     504: 58 0f        	<unknown>
     506: 00 80        	<unknown>
     508: 08 00        	<unknown>
     50a: 00 00        	<unknown>
     50c: 12 00        	<unknown>
     50e: 01 00        	<unknown>
     510: 7e 04        	<unknown>
     512: 00 00        	<unknown>
     514: 60 0f        	<unknown>
     516: 00 80        	<unknown>
     518: 58 00        	<unknown>
     51a: 00 00        	<unknown>
     51c: 12 00        	<unknown>
     51e: 01 00        	<unknown>
     520: 92 04        	<unknown>
     522: 00 00        	<unknown>
     524: 18 3c        	<unknown>
     526: 00 80        	<unknown>
     528: 08 00        	<unknown>
     52a: 00 00        	<unknown>
     52c: 11 00        	<unknown>
     52e: 0b 00 a0 04  	<unknown>
     532: 00 00        	<unknown>
     534: b8 0f        	<unknown>
     536: 00 80        	<unknown>
     538: 30 00        	<unknown>
     53a: 00 00        	<unknown>
     53c: 12 00        	<unknown>
     53e: 01 00        	<unknown>
     540: b5 04        	<unknown>
     542: 00 00        	<unknown>
     544: e8 0f        	<unknown>
     546: 00 80        	<unknown>
     548: 48 00        	<unknown>
     54a: 00 00        	<unknown>
     54c: 12 00        	<unknown>
     54e: 01 00        	<unknown>
     550: cf 04 00 00  	fnmadd.s	fs1, ft0, ft0, ft0, rne
     554: 30 10        	<unknown>
     556: 00 80        	<unknown>
     558: 6c 00        	<unknown>
     55a: 00 00        	<unknown>
     55c: 12 00        	<unknown>
     55e: 01 00        	<unknown>
     560: f0 04        	<unknown>
     562: 00 00        	<unknown>
     564: 20 3c        	<unknown>
     566: 00 80        	<unknown>
     568: 04 00        	<unknown>
     56a: 00 00        	<unknown>
     56c: 11 00        	<unknown>
     56e: 0b 00 02 05  	<unknown>
     572: 00 00        	<unknown>
     574: 9c 10        	<unknown>
     576: 00 80        	<unknown>
     578: 08 00        	<unknown>
     57a: 00 00        	<unknown>
     57c: 12 00        	<unknown>
     57e: 01 00        	<unknown>
     580: 0e 05        	<unknown>
     582: 00 00        	<unknown>
     584: a4 10        	<unknown>
     586: 00 80        	<unknown>
     588: 08 00        	<unknown>
     58a: 00 00        	<unknown>
     58c: 12 00        	<unknown>
     58e: 01 00        	<unknown>
     590: 2b 05 00 00  	<unknown>
     594: ac 10        	<unknown>
     596: 00 80        	<unknown>
     598: 08 00        	<unknown>
     59a: 00 00        	<unknown>
     59c: 12 00        	<unknown>
     59e: 01 00        	<unknown>
     5a0: 40 05        	<unknown>
     5a2: 00 00        	<unknown>
     5a4: b4 10        	<unknown>
     5a6: 00 80        	<unknown>
     5a8: 0c 00        	<unknown>
     5aa: 00 00        	<unknown>
     5ac: 12 00        	<unknown>
     5ae: 01 00        	<unknown>
     5b0: 55 05        	<unknown>
     5b2: 00 00        	<unknown>
     5b4: c0 10        	<unknown>
     5b6: 00 80        	<unknown>
     5b8: 10 00        	<unknown>
     5ba: 00 00        	<unknown>
     5bc: 12 00        	<unknown>
     5be: 01 00        	<unknown>
     5c0: 66 05        	<unknown>
     5c2: 00 00        	<unknown>
     5c4: d0 10        	<unknown>
     5c6: 00 80        	<unknown>
     5c8: 08 00        	<unknown>
     5ca: 00 00        	<unknown>
     5cc: 12 00        	<unknown>
     5ce: 01 00        	<unknown>
     5d0: 77 05 00 00  	<unknown>
     5d4: d8 10        	<unknown>
     5d6: 00 80        	<unknown>
     5d8: 10 00        	<unknown>
     5da: 00 00        	<unknown>
     5dc: 12 00        	<unknown>
     5de: 01 00        	<unknown>
     5e0: 8d 05        	<unknown>
     5e2: 00 00        	<unknown>
     5e4: e8 10        	<unknown>
     5e6: 00 80        	<unknown>
     5e8: 0c 00        	<unknown>
     5ea: 00 00        	<unknown>
     5ec: 12 00        	<unknown>
     5ee: 01 00        	<unknown>
     5f0: a3 05 00 00  	sb	zero, 11(zero)
     5f4: f4 10        	<unknown>
     5f6: 00 80        	<unknown>
     5f8: 10 00        	<unknown>
     5fa: 00 00        	<unknown>
     5fc: 12 00        	<unknown>
     5fe: 01 00        	<unknown>
     600: c1 05        	<unknown>
     602: 00 00        	<unknown>
     604: 04 11        	<unknown>
     606: 00 80        	<unknown>
     608: 1c 00        	<unknown>
     60a: 00 00        	<unknown>
     60c: 12 00        	<unknown>
     60e: 01 00        	<unknown>
     610: d6 05        	<unknown>
     612: 00 00        	<unknown>
     614: 20 11        	<unknown>
     616: 00 80        	<unknown>
     618: 20 00        	<unknown>
     61a: 00 00        	<unknown>
     61c: 12 00        	<unknown>
     61e: 01 00        	<unknown>
     620: e6 05        	<unknown>
     622: 00 00        	<unknown>
     624: 40 11        	<unknown>
     626: 00 80        	<unknown>
     628: 08 00        	<unknown>
     62a: 00 00        	<unknown>
     62c: 12 00        	<unknown>
     62e: 01 00        	<unknown>
     630: ff 05 00 00  	<unknown>
     634: 30 3c        	<unknown>
     636: 00 80        	<unknown>
     638: 00 00        	<unknown>
     63a: 00 00        	<unknown>
     63c: 10 00        	<unknown>
     63e: 0d 00        	<unknown>
     640: 06 06        	<unknown>
     642: 00 00        	<unknown>
     644: b4 28        	<unknown>
     646: 00 80        	<unknown>
     648: 9c 00        	<unknown>
     64a: 00 00        	<unknown>
     64c: 12 00        	<unknown>
     64e: 01 00        	<unknown>
     650: 13 06 00 00  	li	a2, 0
     654: 50 29        	<unknown>
     656: 00 80        	<unknown>
     658: 54 00        	<unknown>
     65a: 00 00        	<unknown>
     65c: 12 00        	<unknown>
     65e: 01 00        	<unknown>
     660: 1c 06        	<unknown>
     662: 00 00        	<unknown>
     664: b4 29        	<unknown>
     666: 00 80        	<unknown>
     668: 50 00        	<unknown>
     66a: 00 00        	<unknown>
     66c: 12 00        	<unknown>
     66e: 01 00        	<unknown>
     670: 26 06        	<unknown>
     672: 00 00        	<unknown>
     674: 04 2a        	<unknown>
     676: 00 80        	<unknown>
     678: 30 00        	<unknown>
     67a: 00 00        	<unknown>
     67c: 12 00        	<unknown>
     67e: 01 00        	<unknown>
     680: 2f 06 00 00  	<unknown>
     684: 34 2a        	<unknown>
     686: 00 80        	<unknown>
     688: 24 00        	<unknown>
     68a: 00 00        	<unknown>
     68c: 12 00        	<unknown>
     68e: 01 00        	<unknown>
     690: 3a 06        	<unknown>
     692: 00 00        	<unknown>
     694: 58 2a        	<unknown>
     696: 00 80        	<unknown>
     698: 58 00        	<unknown>
     69a: 00 00        	<unknown>
     69c: 12 00        	<unknown>
     69e: 01 00        	<unknown>
     6a0: 44 06        	<unknown>
     6a2: 00 00        	<unknown>
     6a4: c4 2a        	<unknown>
     6a6: 00 80        	<unknown>
     6a8: 04 03        	<unknown>
     6aa: 00 00        	<unknown>
     6ac: 12 00        	<unknown>
     6ae: 01 00        	<unknown>
     6b0: 4e 06        	<unknown>
     6b2: 00 00        	<unknown>
     6b4: 48 3b        	<unknown>
     6b6: 00 80        	<unknown>
     6b8: 00 00        	<unknown>
     6ba: 00 00        	<unknown>
     6bc: 10 00        	<unknown>
     6be: 04 00        	<unknown>
     6c0: 5c 06        	<unknown>
     6c2: 00 00        	<unknown>
     6c4: 48 3b        	<unknown>
     6c6: 00 80        	<unknown>
     6c8: 00 00        	<unknown>
     6ca: 00 00        	<unknown>
     6cc: 10 00        	<unknown>
     6ce: 04 00        	<unknown>
     6d0: 68 06        	<unknown>
     6d2: 00 00        	<unknown>
     6d4: 10 3c        	<unknown>
     6d6: 00 80        	<unknown>
     6d8: 00 00        	<unknown>
     6da: 00 00        	<unknown>
     6dc: 10 00        	<unknown>
     6de: 0a 00        	<unknown>
     6e0: 74 06        	<unknown>
     6e2: 00 00        	<unknown>
     6e4: 30 3c        	<unknown>
     6e6: 00 80        	<unknown>
     6e8: 00 00        	<unknown>
     6ea: 00 00        	<unknown>
     6ec: 10 00        	<unknown>
     6ee: 0c 00        	<unknown>
     6f0: 7e 06        	<unknown>
     6f2: 00 00        	<unknown>
     6f4: 50 3b        	<unknown>
     6f6: 00 80        	<unknown>
     6f8: 00 00        	<unknown>
     6fa: 00 00        	<unknown>
     6fc: 10 00        	<unknown>
     6fe: 07 00 8c 06  	<unknown>
     702: 00 00        	<unknown>
     704: 50 3b        	<unknown>
     706: 00 80        	<unknown>
     708: 00 00        	<unknown>
     70a: 00 00        	<unknown>
     70c: 10 00        	<unknown>
     70e: 07 00 98 06  	<unknown>
     712: 00 00        	<unknown>
     714: 60 3b        	<unknown>
     716: 00 80        	<unknown>
     718: 00 00        	<unknown>
     71a: 00 00        	<unknown>
     71c: 10 00        	<unknown>
     71e: 08 00        	<unknown>
     720: a3 06 00 00  	sb	zero, 13(zero)
     724: 50 3b        	<unknown>
     726: 00 80        	<unknown>
     728: 00 00        	<unknown>
     72a: 00 00        	<unknown>
     72c: 10 00        	<unknown>
     72e: 08 00        	<unknown>
     730: b0 06        	<unknown>
     732: 00 00        	<unknown>
     734: c8 2d        	<unknown>
     736: 00 80        	<unknown>
     738: 60 04        	<unknown>
     73a: 00 00        	<unknown>
     73c: 12 00        	<unknown>
     73e: 01 00        	<unknown>
     740: b5 06        	<unknown>
     742: 00 00        	<unknown>
     744: 48 3b        	<unknown>
     746: 00 80        	<unknown>
     748: 00 00        	<unknown>
     74a: 00 00        	<unknown>
     74c: 10 00        	<unknown>
     74e: 05 00        	<unknown>
     750: c2 06        	<unknown>
     752: 00 00        	<unknown>
     754: 50 3b        	<unknown>
     756: 00 80        	<unknown>
     758: 00 00        	<unknown>
     75a: 00 00        	<unknown>
     75c: 10 00        	<unknown>
     75e: 05 00        	<unknown>
     760: cd 06        	<unknown>
     762: 00 00        	<unknown>
     764: 50 3b        	<unknown>
     766: 00 80        	<unknown>
     768: 10 00        	<unknown>
     76a: 00 00        	<unknown>
     76c: 11 00        	<unknown>
     76e: 08 00        	<unknown>
     770: d2 06        	<unknown>
     772: 00 00        	<unknown>
     774: 50 43        	<unknown>
     776: 00 80        	<unknown>
     778: 00 00        	<unknown>
     77a: 00 00        	<unknown>
     77c: 10 00        	<unknown>
     77e: 09 00        	<unknown>
     780: e4 06        	<unknown>
     782: 00 00        	<unknown>
     784: 28 32        	<unknown>
     786: 00 80        	<unknown>
     788: 00 00        	<unknown>
     78a: 00 00        	<unknown>
     78c: 10 00        	<unknown>
     78e: 01 00        	<unknown>
     790: eb 06 00 00  	<unknown>
     794: 50 3b        	<unknown>
     796: 00 80        	<unknown>
     798: 00 00        	<unknown>
     79a: 00 00        	<unknown>
     79c: 10 00        	<unknown>
     79e: 06 00        	<unknown>
     7a0: f7 06 00 00  	<unknown>
     7a4: 10 3c        	<unknown>
     7a6: 00 80        	<unknown>
     7a8: 00 00        	<unknown>
     7aa: 00 00        	<unknown>
     7ac: 10 00        	<unknown>
     7ae: f1 ff        	<unknown>
     7b0: ff 06 00 00  	<unknown>
     7b4: 60 3b        	<unknown>
     7b6: 00 80        	<unknown>
     7b8: 00 00        	<unknown>
     7ba: 00 00        	<unknown>
     7bc: 10 00        	<unknown>
     7be: 09 00        	<unknown>
     7c0: 0f 07 00 00  	<unknown>
     7c4: 10 3c        	<unknown>
     7c6: 00 80        	<unknown>
     7c8: 00 00        	<unknown>
     7ca: 00 00        	<unknown>
     7cc: 10 00        	<unknown>
     7ce: 0a 00        	<unknown>
     7d0: 1e 07        	<unknown>
     7d2: 00 00        	<unknown>
     7d4: 10 3c        	<unknown>
     7d6: 00 80        	<unknown>
     7d8: 00 00        	<unknown>
     7da: 00 00        	<unknown>
     7dc: 10 00        	<unknown>
     7de: 0a 00        	<unknown>
     7e0: 25 07        	<unknown>
     7e2: 00 00        	<unknown>
     7e4: 30 3c        	<unknown>
     7e6: 00 80        	<unknown>
     7e8: 00 00        	<unknown>
     7ea: 00 00        	<unknown>
     7ec: 10 00        	<unknown>
     7ee: 0c 00        	<unknown>
     7f0: 31 07        	<unknown>
     7f2: 00 00        	<unknown>
     7f4: 30 3c        	<unknown>
     7f6: 00 80        	<unknown>
     7f8: 00 00        	<unknown>
     7fa: 00 00        	<unknown>
     7fc: 10 00        	<unknown>
     7fe: 0c 00        	<unknown>

Disassembly of section .shstrtab:

00000000 <.shstrtab>:
       0: 00 2e        	<unknown>
       2: 74 65        	<unknown>
       4: 78 74        	<unknown>
       6: 00 2e        	<unknown>
       8: 72 6f        	<unknown>
       a: 64 61        	<unknown>
       c: 74 61        	<unknown>
       e: 00 2e        	<unknown>
      10: 68 74        	<unknown>
      12: 69 66        	<unknown>
      14: 00 2e        	<unknown>
      16: 74 64        	<unknown>
      18: 61 74        	<unknown>
      1a: 61 00        	<unknown>
      1c: 2e 74        	<unknown>
      1e: 62 73        	<unknown>
      20: 73 00 2e 74  	<unknown>
      24: 62 73        	<unknown>
      26: 73 65 6e 64  	csrrsi	a0, hviprio1, 28
      2a: 00 2e        	<unknown>
      2c: 63 64 61 74  	bltu	sp, t1, 0x774 <.symtab+0x774>
      30: 61 00        	<unknown>
      32: 2e 63        	<unknown>
      34: 62 73        	<unknown>
      36: 73 00 2e 73  	<unknown>
      3a: 64 61        	<unknown>
      3c: 74 61        	<unknown>
      3e: 00 2e        	<unknown>
      40: 64 61        	<unknown>
      42: 74 61        	<unknown>
      44: 00 2e        	<unknown>
      46: 73 62 73 73  	csrrsi	tp, mhpmevent23h, 6
      4a: 00 2e        	<unknown>
      4c: 62 73        	<unknown>
      4e: 73 00 2e 64  	<unknown>
      52: 72 61        	<unknown>
      54: 6d 00        	<unknown>
      56: 2e 63        	<unknown>
      58: 6f 6d 6d 65  	jal	s10, 0xd66ae <.symtab+0xd66ae>
      5c: 6e 74        	<unknown>
      5e: 00 2e        	<unknown>
      60: 72 69        	<unknown>
      62: 73 63 76 2e  	csrrsi	t1, 743, 12
      66: 61 74        	<unknown>
      68: 74 72        	<unknown>
      6a: 69 62        	<unknown>
      6c: 75 74        	<unknown>
      6e: 65 73        	<unknown>
      70: 00 2e        	<unknown>
      72: 73 79 6d 74  	csrrci	s2, 1862, 26
      76: 61 62        	<unknown>
      78: 00 2e        	<unknown>
      7a: 73 68 73 74  	csrrsi	a6, mseccfg, 6
      7e: 72 74        	<unknown>
      80: 61 62        	<unknown>
      82: 00 2e        	<unknown>
      84: 73 74 72 74  	csrrci	s0, mseccfg, 4
      88: 61 62        	<unknown>
      8a: 00           	<unknown>

Disassembly of section .strtab:

00000000 <.strtab>:
       0: 00 73        	<unknown>
       2: 6e 61        	<unknown>
       4: 78 2d        	<unknown>
       6: 78 64        	<unknown>
       8: 6d 61        	<unknown>
       a: 2d 6c        	<unknown>
       c: 69 62        	<unknown>
       e: 2e 63        	<unknown>
      10: 00 24        	<unknown>
      12: 78 2e        	<unknown>
      14: 30 00        	<unknown>
      16: 63 73 72 77  	bgeu	tp, s7, 0x77c <.symtab+0x77c>
      1a: 5f 73 73 00  	<unknown>
      1e: 24 64        	<unknown>
      20: 2e 31        	<unknown>
      22: 00 24        	<unknown>
      24: 64 2e        	<unknown>
      26: 32 00        	<unknown>
      28: 24 64        	<unknown>
      2a: 2e 33        	<unknown>
      2c: 00 24        	<unknown>
      2e: 64 2e        	<unknown>
      30: 34 00        	<unknown>
      32: 73 6e 72 74  	csrrsi	t3, mseccfg, 4
      36: 2e 63        	<unknown>
      38: 00 5f        	<unknown>
      3a: 6f 75 74 5f  	jal	a0, 0x47e30 <.symtab+0x47e30>
      3e: 63 68 61 72  	bltu	sp, t1, 0x76e <.symtab+0x76e>
      42: 00 5f        	<unknown>
      44: 76 73        	<unknown>
      46: 6e 70        	<unknown>
      48: 72 69        	<unknown>
      4a: 6e 74        	<unknown>
      4c: 66 00        	<unknown>
      4e: 5f 6f 75 74  	<unknown>
      52: 5f 6e 75 6c  	<unknown>
      56: 6c 00        	<unknown>
      58: 5f 66 74 6f  	<unknown>
      5c: 61 00        	<unknown>
      5e: 5f 65 74 6f  	<unknown>
      62: 61 00        	<unknown>
      64: 5f 6e 74 6f  	<unknown>
      68: 61 5f        	<unknown>
      6a: 6c 6f        	<unknown>
      6c: 6e 67        	<unknown>
      6e: 00 5f        	<unknown>
      70: 66 74        	<unknown>
      72: 6f 61 2e 70  	jal	sp, 0xe6774 <.symtab+0xe6774>
      76: 6f 77 31 30  	jal	a4, 0x17b78 <.symtab+0x17b78>
      7a: 00 5f        	<unknown>
      7c: 6f 75 74 5f  	jal	a0, 0x47e72 <.symtab+0x47e72>
      80: 62 75        	<unknown>
      82: 66 66        	<unknown>
      84: 65 72        	<unknown>
      86: 00 5f        	<unknown>
      88: 6f 75 74 5f  	jal	a0, 0x47e7e <.symtab+0x47e7e>
      8c: 66 63        	<unknown>
      8e: 74 00        	<unknown>
      90: 73 6e 72 74  	csrrsi	t3, mseccfg, 4
      94: 2e 63        	<unknown>
      96: 72 74        	<unknown>
      98: 30 2e        	<unknown>
      9a: 69 6e        	<unknown>
      9c: 69 74        	<unknown>
      9e: 5f 69 6e 74  	<unknown>
      a2: 5f 72 65 67  	<unknown>
      a6: 69 73        	<unknown>
      a8: 74 65        	<unknown>
      aa: 72 73        	<unknown>
      ac: 00 73        	<unknown>
      ae: 6e 72        	<unknown>
      b0: 74 2e        	<unknown>
      b2: 63 72 74 30  	bgeu	s0, t2, 0x3b6 <.symtab+0x3b6>
      b6: 2e 69        	<unknown>
      b8: 6e 69        	<unknown>
      ba: 74 5f        	<unknown>
      bc: 66 70        	<unknown>
      be: 5f 72 65 67  	<unknown>
      c2: 69 73        	<unknown>
      c4: 74 65        	<unknown>
      c6: 72 73        	<unknown>
      c8: 00 73        	<unknown>
      ca: 6e 72        	<unknown>
      cc: 74 2e        	<unknown>
      ce: 63 72 74 30  	bgeu	s0, t2, 0x3d2 <.symtab+0x3d2>
      d2: 2e 69        	<unknown>
      d4: 6e 69        	<unknown>
      d6: 74 5f        	<unknown>
      d8: 67 6c 6f 62  	<unknown>
      dc: 61 6c        	<unknown>
      de: 5f 70 6f 69  	<unknown>
      e2: 6e 74        	<unknown>
      e4: 65 72        	<unknown>
      e6: 00 73        	<unknown>
      e8: 6e 72        	<unknown>
      ea: 74 2e        	<unknown>
      ec: 63 72 74 30  	bgeu	s0, t2, 0x3f0 <.symtab+0x3f0>
      f0: 2e 69        	<unknown>
      f2: 6e 69        	<unknown>
      f4: 74 5f        	<unknown>
      f6: 63 6f 72 65  	bltu	tp, s7, 0x754 <.symtab+0x754>
      fa: 5f 69 6e 66  	<unknown>
      fe: 6f 00 73 6e  	j	0x30fe4 <.symtab+0x30fe4>
     102: 72 74        	<unknown>
     104: 2e 63        	<unknown>
     106: 72 74        	<unknown>
     108: 30 2e        	<unknown>
     10a: 69 6e        	<unknown>
     10c: 69 74        	<unknown>
     10e: 5f 63 6c 73  	<unknown>
     112: 00 73        	<unknown>
     114: 6e 72        	<unknown>
     116: 74 2e        	<unknown>
     118: 63 72 74 30  	bgeu	s0, t2, 0x41c <.symtab+0x41c>
     11c: 2e 69        	<unknown>
     11e: 6e 69        	<unknown>
     120: 74 5f        	<unknown>
     122: 73 74 61 63  	csrrci	s0, 1590, 2
     126: 6b 00 73 6e  	<unknown>
     12a: 72 74        	<unknown>
     12c: 2e 63        	<unknown>
     12e: 72 74        	<unknown>
     130: 30 2e        	<unknown>
     132: 69 6e        	<unknown>
     134: 69 74        	<unknown>
     136: 5f 74 6c 73  	<unknown>
     13a: 00 73        	<unknown>
     13c: 6e 72        	<unknown>
     13e: 74 2e        	<unknown>
     140: 63 72 74 30  	bgeu	s0, t2, 0x444 <.symtab+0x444>
     144: 2e 6d        	<unknown>
     146: 61 69        	<unknown>
     148: 6e 00        	<unknown>
     14a: 73 6e 72 74  	csrrsi	t3, mseccfg, 4
     14e: 2e 63        	<unknown>
     150: 72 74        	<unknown>
     152: 30 2e        	<unknown>
     154: 65 6e        	<unknown>
     156: 64 00        	<unknown>
     158: 73 6e 61 78  	csrrsi	t3, 1926, 2
     15c: 2d 78        	<unknown>
     15e: 64 6d        	<unknown>
     160: 61 2d        	<unknown>
     162: 6d 65        	<unknown>
     164: 6d 73        	<unknown>
     166: 65 74        	<unknown>
     168: 2e 63        	<unknown>
     16a: 00 24        	<unknown>
     16c: 78 2e        	<unknown>
     16e: 30 00        	<unknown>
     170: 24 64        	<unknown>
     172: 2e 31        	<unknown>
     174: 00 24        	<unknown>
     176: 64 2e        	<unknown>
     178: 32 00        	<unknown>
     17a: 24 64        	<unknown>
     17c: 2e 33        	<unknown>
     17e: 00 78        	<unknown>
     180: 64 6d        	<unknown>
     182: 61 5f        	<unknown>
     184: 6d 65        	<unknown>
     186: 6d 63        	<unknown>
     188: 70 79        	<unknown>
     18a: 5f 6e 64 00  	<unknown>
     18e: 70 72        	<unknown>
     190: 69 6e        	<unknown>
     192: 74 66        	<unknown>
     194: 5f 00 78 64  	<unknown>
     198: 6d 61        	<unknown>
     19a: 5f 6d 65 6d  	<unknown>
     19e: 63 70 79 5f  	bgeu	s2, s7, 0x77e <.symtab+0x77e>
     1a2: 31 64        	<unknown>
     1a4: 00 78        	<unknown>
     1a6: 64 6d        	<unknown>
     1a8: 61 5f        	<unknown>
     1aa: 65 6e        	<unknown>
     1ac: 61 62        	<unknown>
     1ae: 6c 65        	<unknown>
     1b0: 5f 73 72 63  	<unknown>
     1b4: 5f 65 78 74  	<unknown>
     1b8: 00 78        	<unknown>
     1ba: 64 6d        	<unknown>
     1bc: 61 5f        	<unknown>
     1be: 65 6e        	<unknown>
     1c0: 61 62        	<unknown>
     1c2: 6c 65        	<unknown>
     1c4: 5f 64 73 74  	<unknown>
     1c8: 5f 65 78 74  	<unknown>
     1cc: 00 78        	<unknown>
     1ce: 64 6d        	<unknown>
     1d0: 61 5f        	<unknown>
     1d2: 64 69        	<unknown>
     1d4: 73 61 62 6c  	csrrsi	sp, 1734, 4
     1d8: 65 5f        	<unknown>
     1da: 73 72 63 5f  	csrrci	tp, 1526, 6
     1de: 65 78        	<unknown>
     1e0: 74 00        	<unknown>
     1e2: 78 64        	<unknown>
     1e4: 6d 61        	<unknown>
     1e6: 5f 64 69 73  	<unknown>
     1ea: 61 62        	<unknown>
     1ec: 6c 65        	<unknown>
     1ee: 5f 64 73 74  	<unknown>
     1f2: 5f 65 78 74  	<unknown>
     1f6: 00 78        	<unknown>
     1f8: 64 6d        	<unknown>
     1fa: 61 5f        	<unknown>
     1fc: 73 74 61 72  	csrrci	s0, mhpmevent6h, 2
     200: 74 00        	<unknown>
     202: 78 64        	<unknown>
     204: 6d 61        	<unknown>
     206: 5f 69 73 5f  	<unknown>
     20a: 66 69        	<unknown>
     20c: 6e 69        	<unknown>
     20e: 73 68 65 64  	csrrsi	a6, hviprio1, 10
     212: 00 78        	<unknown>
     214: 64 6d        	<unknown>
     216: 61 5f        	<unknown>
     218: 77 61 69 74  	<unknown>
     21c: 00 5f        	<unknown>
     21e: 73 74 61 72  	csrrci	s0, mhpmevent6h, 2
     222: 74 00        	<unknown>
     224: 74 6f        	<unknown>
     226: 68 6f        	<unknown>
     228: 73 74 00 66  	csrrci	s0, 1632, 0
     22c: 72 6f        	<unknown>
     22e: 6d 68        	<unknown>
     230: 6f 73 74 00  	jal	t1, 0x47a36 <.symtab+0x47a36>
     234: 73 6e 72 74  	csrrsi	t3, mseccfg, 4
     238: 5f 6c 31 5f  	<unknown>
     23c: 6e 65        	<unknown>
     23e: 78 74        	<unknown>
     240: 00 5f        	<unknown>
     242: 63 6c 73 5f  	bltu	t1, s7, 0x83a <.symtab+0x83a>
     246: 70 74        	<unknown>
     248: 72 00        	<unknown>
     24a: 73 6e 72 74  	csrrsi	t3, mseccfg, 4
     24e: 5f 6c 33 5f  	<unknown>
     252: 6e 65        	<unknown>
     254: 78 74        	<unknown>
     256: 00 6c        	<unknown>
     258: 33 5f 61 6c  	<unknown>
     25c: 6c 6f        	<unknown>
     25e: 63 61 74 6f  	bltu	s0, s7, 0x940 <.symtab+0x940>
     262: 72 00        	<unknown>
     264: 73 6e 72 74  	csrrsi	t3, mseccfg, 4
     268: 5f 6c 31 61  	<unknown>
     26c: 6c 6c        	<unknown>
     26e: 6f 63 00 73  	jal	t1, 0x699e <.symtab+0x699e>
     272: 6e 72        	<unknown>
     274: 74 5f        	<unknown>
     276: 6c 33        	<unknown>
     278: 61 6c        	<unknown>
     27a: 6c 6f        	<unknown>
     27c: 63 00 73 6e  	beq	t1, t2, 0x95c <.symtab+0x95c>
     280: 72 74        	<unknown>
     282: 5f 6c 31 5f  	<unknown>
     286: 75 70        	<unknown>
     288: 64 61        	<unknown>
     28a: 74 65        	<unknown>
     28c: 5f 6e 65 78  	<unknown>
     290: 74 00        	<unknown>
     292: 73 6e 72 74  	csrrsi	t3, mseccfg, 4
     296: 5f 61 6c 6c  	<unknown>
     29a: 6f 63 5f 69  	jal	t1, 0xf712e <.symtab+0xf712e>
     29e: 6e 69        	<unknown>
     2a0: 74 00        	<unknown>
     2a2: 73 6e 72 74  	csrrsi	t3, mseccfg, 4
     2a6: 5f 69 6e 74  	<unknown>
     2aa: 5f 63 6c 75  	<unknown>
     2ae: 73 74 65 72  	csrrci	s0, mhpmevent6h, 10
     2b2: 5f 73 65 74  	<unknown>
     2b6: 00 73        	<unknown>
     2b8: 6e 72        	<unknown>
     2ba: 74 5f        	<unknown>
     2bc: 69 6e        	<unknown>
     2be: 74 5f        	<unknown>
     2c0: 63 6c 75 73  	bltu	a0, s7, 0x9f8 <.symtab+0x9f8>
     2c4: 74 65        	<unknown>
     2c6: 72 5f        	<unknown>
     2c8: 63 6c 72 00  	bltu	tp, t2, 0x2e0 <.symtab+0x2e0>
     2cc: 73 6e 72 74  	csrrsi	t3, mseccfg, 4
     2d0: 5f 69 6e 74  	<unknown>
     2d4: 5f 63 6c 72  	<unknown>
     2d8: 5f 6d 63 69  	<unknown>
     2dc: 70 00        	<unknown>
     2de: 73 6e 72 74  	csrrsi	t3, mseccfg, 4
     2e2: 5f 69 6e 74  	<unknown>
     2e6: 5f 73 65 74  	<unknown>
     2ea: 5f 6d 63 69  	<unknown>
     2ee: 70 00        	<unknown>
     2f0: 73 6e 72 74  	csrrsi	t3, mseccfg, 4
     2f4: 5f 64 6d 61  	<unknown>
     2f8: 5f 73 74 61  	<unknown>
     2fc: 72 74        	<unknown>
     2fe: 5f 31 64 5f  	<unknown>
     302: 77 69 64 65  	<unknown>
     306: 70 74        	<unknown>
     308: 72 00        	<unknown>
     30a: 73 6e 72 74  	csrrsi	t3, mseccfg, 4
     30e: 5f 64 6d 61  	<unknown>
     312: 5f 73 74 61  	<unknown>
     316: 72 74        	<unknown>
     318: 5f 31 64 00  	<unknown>
     31c: 73 6e 72 74  	csrrsi	t3, mseccfg, 4
     320: 5f 64 6d 61  	<unknown>
     324: 5f 73 74 61  	<unknown>
     328: 72 74        	<unknown>
     32a: 5f 32 64 5f  	<unknown>
     32e: 77 69 64 65  	<unknown>
     332: 70 74        	<unknown>
     334: 72 00        	<unknown>
     336: 73 6e 72 74  	csrrsi	t3, mseccfg, 4
     33a: 5f 64 6d 61  	<unknown>
     33e: 5f 73 74 61  	<unknown>
     342: 72 74        	<unknown>
     344: 5f 32 64 00  	<unknown>
     348: 73 6e 72 74  	csrrsi	t3, mseccfg, 4
     34c: 5f 64 6d 61  	<unknown>
     350: 5f 77 61 69  	<unknown>
     354: 74 00        	<unknown>
     356: 73 6e 72 74  	csrrsi	t3, mseccfg, 4
     35a: 5f 64 6d 61  	<unknown>
     35e: 5f 77 61 69  	<unknown>
     362: 74 5f        	<unknown>
     364: 61 6c        	<unknown>
     366: 6c 00        	<unknown>
     368: 65 75        	<unknown>
     36a: 5f 69 6e 69  	<unknown>
     36e: 74 00        	<unknown>
     370: 65 75        	<unknown>
     372: 5f 70 5f 67  	<unknown>
     376: 6c 6f        	<unknown>
     378: 62 61        	<unknown>
     37a: 6c 00        	<unknown>
     37c: 65 75        	<unknown>
     37e: 5f 70 00 65  	<unknown>
     382: 75 5f        	<unknown>
     384: 65 78        	<unknown>
     386: 69 74        	<unknown>
     388: 00 65        	<unknown>
     38a: 75 5f        	<unknown>
     38c: 67 65 74 5f  	<unknown>
     390: 77 6f 72 6b  	<unknown>
     394: 65 72        	<unknown>
     396: 73 5f 69 6e  	csrrwi	t5, 1766, 18
     39a: 5f 6c 6f 6f  	<unknown>
     39e: 70 00        	<unknown>
     3a0: 65 75        	<unknown>
     3a2: 5f 67 65 74  	<unknown>
     3a6: 5f 77 6f 72  	<unknown>
     3aa: 6b 65 72 73  	<unknown>
     3ae: 5f 69 6e 5f  	<unknown>
     3b2: 77 66 69 00  	<unknown>
     3b6: 65 75        	<unknown>
     3b8: 5f 70 72 69  	<unknown>
     3bc: 6e 74        	<unknown>
     3be: 5f 73 74 61  	<unknown>
     3c2: 74 75        	<unknown>
     3c4: 73 00 65 75  	<unknown>
     3c8: 5f 65 76 65  	<unknown>
     3cc: 6e 74        	<unknown>
     3ce: 5f 6c 6f 6f  	<unknown>
     3d2: 70 00        	<unknown>
     3d4: 65 75        	<unknown>
     3d6: 5f 64 69 73  	<unknown>
     3da: 70 61        	<unknown>
     3dc: 74 63        	<unknown>
     3de: 68 5f        	<unknown>
     3e0: 70 75        	<unknown>
     3e2: 73 68 00 65  	csrrsi	a6, 1616, 0
     3e6: 75 5f        	<unknown>
     3e8: 72 75        	<unknown>
     3ea: 6e 5f        	<unknown>
     3ec: 65 6d        	<unknown>
     3ee: 70 74        	<unknown>
     3f0: 79 00        	<unknown>
     3f2: 65 75        	<unknown>
     3f4: 5f 6d 75 74  	<unknown>
     3f8: 65 78        	<unknown>
     3fa: 5f 6c 6f 63  	<unknown>
     3fe: 6b 00 65 75  	<unknown>
     402: 5f 6d 75 74  	<unknown>
     406: 65 78        	<unknown>
     408: 5f 72 65 6c  	<unknown>
     40c: 65 61        	<unknown>
     40e: 73 65 00 73  	csrrsi	a0, mhpmevent16h, 0
     412: 6e 72        	<unknown>
     414: 74 5f        	<unknown>
     416: 6d 75        	<unknown>
     418: 74 65        	<unknown>
     41a: 78 00        	<unknown>
     41c: 5f 73 6e 72  	<unknown>
     420: 74 5f        	<unknown>
     422: 6d 75        	<unknown>
     424: 74 65        	<unknown>
     426: 78 00        	<unknown>
     428: 73 6e 72 74  	csrrsi	t3, mseccfg, 4
     42c: 5f 6d 75 74  	<unknown>
     430: 65 78        	<unknown>
     432: 5f 61 63 71  	<unknown>
     436: 75 69        	<unknown>
     438: 72 65        	<unknown>
     43a: 00 73        	<unknown>
     43c: 6e 72        	<unknown>
     43e: 74 5f        	<unknown>
     440: 6d 75        	<unknown>
     442: 74 65        	<unknown>
     444: 78 5f        	<unknown>
     446: 74 74        	<unknown>
     448: 61 73        	<unknown>
     44a: 5f 61 63 71  	<unknown>
     44e: 75 69        	<unknown>
     450: 72 65        	<unknown>
     452: 00 73        	<unknown>
     454: 6e 72        	<unknown>
     456: 74 5f        	<unknown>
     458: 6d 75        	<unknown>
     45a: 74 65        	<unknown>
     45c: 78 5f        	<unknown>
     45e: 72 65        	<unknown>
     460: 6c 65        	<unknown>
     462: 61 73        	<unknown>
     464: 65 00        	<unknown>
     466: 73 6e 72 74  	csrrsi	t3, mseccfg, 4
     46a: 5f 63 6c 75  	<unknown>
     46e: 73 74 65 72  	csrrci	s0, mhpmevent6h, 10
     472: 5f 68 77 5f  	<unknown>
     476: 62 61        	<unknown>
     478: 72 72        	<unknown>
     47a: 69 65        	<unknown>
     47c: 72 00        	<unknown>
     47e: 73 6e 72 74  	csrrsi	t3, mseccfg, 4
     482: 5f 67 6c 6f  	<unknown>
     486: 62 61        	<unknown>
     488: 6c 5f        	<unknown>
     48a: 62 61        	<unknown>
     48c: 72 72        	<unknown>
     48e: 69 65        	<unknown>
     490: 72 00        	<unknown>
     492: 5f 73 6e 72  	<unknown>
     496: 74 5f        	<unknown>
     498: 62 61        	<unknown>
     49a: 72 72        	<unknown>
     49c: 69 65        	<unknown>
     49e: 72 00        	<unknown>
     4a0: 73 6e 72 74  	csrrsi	t3, mseccfg, 4
     4a4: 5f 70 61 72  	<unknown>
     4a8: 74 69        	<unknown>
     4aa: 61 6c        	<unknown>
     4ac: 5f 62 61 72  	<unknown>
     4b0: 72 69        	<unknown>
     4b2: 65 72        	<unknown>
     4b4: 00 73        	<unknown>
     4b6: 6e 72        	<unknown>
     4b8: 74 5f        	<unknown>
     4ba: 67 6c 6f 62  	<unknown>
     4be: 61 6c        	<unknown>
     4c0: 5f 72 65 64  	<unknown>
     4c4: 75 63        	<unknown>
     4c6: 74 69        	<unknown>
     4c8: 6f 6e 5f 64  	jal	t3, 0xf730c <.symtab+0xf730c>
     4cc: 6d 61        	<unknown>
     4ce: 00 73        	<unknown>
     4d0: 6e 72        	<unknown>
     4d2: 74 5f        	<unknown>
     4d4: 67 6c 6f 62  	<unknown>
     4d8: 61 6c        	<unknown>
     4da: 5f 61 6c 6c  	<unknown>
     4de: 5f 74 6f 5f  	<unknown>
     4e2: 61 6c        	<unknown>
     4e4: 6c 5f        	<unknown>
     4e6: 72 65        	<unknown>
     4e8: 64 75        	<unknown>
     4ea: 63 74 69 6f  	bgeu	s2, s6, 0xbd2 <.symtab+0xbd2>
     4ee: 6e 00        	<unknown>
     4f0: 5f 72 65 64  	<unknown>
     4f4: 75 63        	<unknown>
     4f6: 74 69        	<unknown>
     4f8: 6f 6e 5f 72  	jal	t3, 0xf741c <.symtab+0xf741c>
     4fc: 65 73        	<unknown>
     4fe: 75 6c        	<unknown>
     500: 74 00        	<unknown>
     502: 73 6e 72 74  	csrrsi	t3, mseccfg, 4
     506: 5f 68 61 72  	<unknown>
     50a: 74 69        	<unknown>
     50c: 64 00        	<unknown>
     50e: 73 6e 72 74  	csrrsi	t3, mseccfg, 4
     512: 5f 67 6c 6f  	<unknown>
     516: 62 61        	<unknown>
     518: 6c 5f        	<unknown>
     51a: 63 6f 72 65  	bltu	tp, s7, 0xb78 <.symtab+0xb78>
     51e: 5f 62 61 73  	<unknown>
     522: 65 5f        	<unknown>
     524: 68 61        	<unknown>
     526: 72 74        	<unknown>
     528: 69 64        	<unknown>
     52a: 00 73        	<unknown>
     52c: 6e 72        	<unknown>
     52e: 74 5f        	<unknown>
     530: 67 6c 6f 62  	<unknown>
     534: 61 6c        	<unknown>
     536: 5f 63 6f 72  	<unknown>
     53a: 65 5f        	<unknown>
     53c: 69 64        	<unknown>
     53e: 78 00        	<unknown>
     540: 73 6e 72 74  	csrrsi	t3, mseccfg, 4
     544: 5f 67 6c 6f  	<unknown>
     548: 62 61        	<unknown>
     54a: 6c 5f        	<unknown>
     54c: 63 6f 72 65  	bltu	tp, s7, 0xbaa <.symtab+0xbaa>
     550: 5f 6e 75 6d  	<unknown>
     554: 00 73        	<unknown>
     556: 6e 72        	<unknown>
     558: 74 5f        	<unknown>
     55a: 63 6c 75 73  	bltu	a0, s7, 0xc92 <.symtab+0xc92>
     55e: 74 65        	<unknown>
     560: 72 5f        	<unknown>
     562: 69 64        	<unknown>
     564: 78 00        	<unknown>
     566: 73 6e 72 74  	csrrsi	t3, mseccfg, 4
     56a: 5f 63 6c 75  	<unknown>
     56e: 73 74 65 72  	csrrci	s0, mhpmevent6h, 10
     572: 5f 6e 75 6d  	<unknown>
     576: 00 73        	<unknown>
     578: 6e 72        	<unknown>
     57a: 74 5f        	<unknown>
     57c: 63 6c 75 73  	bltu	a0, s7, 0xcb4 <.symtab+0xcb4>
     580: 74 65        	<unknown>
     582: 72 5f        	<unknown>
     584: 63 6f 72 65  	bltu	tp, s7, 0xbe2 <.symtab+0xbe2>
     588: 5f 69 64 78  	<unknown>
     58c: 00 73        	<unknown>
     58e: 6e 72        	<unknown>
     590: 74 5f        	<unknown>
     592: 63 6c 75 73  	bltu	a0, s7, 0xcca <.symtab+0xcca>
     596: 74 65        	<unknown>
     598: 72 5f        	<unknown>
     59a: 63 6f 72 65  	bltu	tp, s7, 0xbf8 <.symtab+0xbf8>
     59e: 5f 6e 75 6d  	<unknown>
     5a2: 00 73        	<unknown>
     5a4: 6e 72        	<unknown>
     5a6: 74 5f        	<unknown>
     5a8: 63 6c 75 73  	bltu	a0, s7, 0xce0 <.symtab+0xce0>
     5ac: 74 65        	<unknown>
     5ae: 72 5f        	<unknown>
     5b0: 63 6f 6d 70  	bltu	s10, t1, 0xcce <.symtab+0xcce>
     5b4: 75 74        	<unknown>
     5b6: 65 5f        	<unknown>
     5b8: 63 6f 72 65  	bltu	tp, s7, 0xc16 <.symtab+0xc16>
     5bc: 5f 6e 75 6d  	<unknown>
     5c0: 00 73        	<unknown>
     5c2: 6e 72        	<unknown>
     5c4: 74 5f        	<unknown>
     5c6: 69 73        	<unknown>
     5c8: 5f 63 6f 6d  	<unknown>
     5cc: 70 75        	<unknown>
     5ce: 74 65        	<unknown>
     5d0: 5f 63 6f 72  	<unknown>
     5d4: 65 00        	<unknown>
     5d6: 73 6e 72 74  	csrrsi	t3, mseccfg, 4
     5da: 5f 69 73 5f  	<unknown>
     5de: 64 6d        	<unknown>
     5e0: 5f 63 6f 72  	<unknown>
     5e4: 65 00        	<unknown>
     5e6: 73 6e 72 74  	csrrsi	t3, mseccfg, 4
     5ea: 5f 63 6c 75  	<unknown>
     5ee: 73 74 65 72  	csrrci	s0, mhpmevent6h, 10
     5f2: 5f 64 6d 5f  	<unknown>
     5f6: 63 6f 72 65  	bltu	tp, s7, 0xc54 <.symtab+0xc54>
     5fa: 5f 6e 75 6d  	<unknown>
     5fe: 00 5f        	<unknown>
     600: 65 64        	<unknown>
     602: 72 61        	<unknown>
     604: 6d 00        	<unknown>
     606: 73 6e 72 74  	csrrsi	t3, mseccfg, 4
     60a: 5f 70 75 74  	<unknown>
     60e: 63 68 61 72  	bltu	sp, t1, 0xd3e <.symtab+0xd3e>
     612: 00 73        	<unknown>
     614: 70 72        	<unknown>
     616: 69 6e        	<unknown>
     618: 74 66        	<unknown>
     61a: 5f 00 73 6e  	<unknown>
     61e: 70 72        	<unknown>
     620: 69 6e        	<unknown>
     622: 74 66        	<unknown>
     624: 5f 00 76 70  	<unknown>
     628: 72 69        	<unknown>
     62a: 6e 74        	<unknown>
     62c: 66 5f        	<unknown>
     62e: 00 76        	<unknown>
     630: 73 6e 70 72  	csrrsi	t3, mhpmevent7h, 0
     634: 69 6e        	<unknown>
     636: 74 66        	<unknown>
     638: 5f 00 66 63  	<unknown>
     63c: 74 70        	<unknown>
     63e: 72 69        	<unknown>
     640: 6e 74        	<unknown>
     642: 66 00        	<unknown>
     644: 73 6e 72 74  	csrrsi	t3, mseccfg, 4
     648: 5f 6d 61 69  	<unknown>
     64c: 6e 00        	<unknown>
     64e: 5f 5f 74 64  	<unknown>
     652: 61 74        	<unknown>
     654: 61 5f        	<unknown>
     656: 73 74 61 72  	csrrci	s0, mhpmevent6h, 2
     65a: 74 00        	<unknown>
     65c: 5f 5f 74 64  	<unknown>
     660: 61 74        	<unknown>
     662: 61 5f        	<unknown>
     664: 65 6e        	<unknown>
     666: 64 00        	<unknown>
     668: 5f 5f 62 73  	<unknown>
     66c: 73 5f 73 74  	csrrwi	t5, mseccfg, 6
     670: 61 72        	<unknown>
     672: 74 00        	<unknown>
     674: 5f 5f 62 73  	<unknown>
     678: 73 5f 65 6e  	csrrwi	t5, 1766, 10
     67c: 64 00        	<unknown>
     67e: 5f 5f 63 64  	<unknown>
     682: 61 74        	<unknown>
     684: 61 5f        	<unknown>
     686: 73 74 61 72  	csrrci	s0, mhpmevent6h, 2
     68a: 74 00        	<unknown>
     68c: 5f 5f 63 64  	<unknown>
     690: 61 74        	<unknown>
     692: 61 5f        	<unknown>
     694: 65 6e        	<unknown>
     696: 64 00        	<unknown>
     698: 5f 5f 63 62  	<unknown>
     69c: 73 73 5f 65  	csrrci	t1, hviph, 30
     6a0: 6e 64        	<unknown>
     6a2: 00 5f        	<unknown>
     6a4: 5f 63 62 73  	<unknown>
     6a8: 73 5f 73 74  	csrrwi	t5, mseccfg, 6
     6ac: 61 72        	<unknown>
     6ae: 74 00        	<unknown>
     6b0: 6d 61        	<unknown>
     6b2: 69 6e        	<unknown>
     6b4: 00 5f        	<unknown>
     6b6: 5f 74 62 73  	<unknown>
     6ba: 73 5f 73 74  	csrrwi	t5, mseccfg, 6
     6be: 61 72        	<unknown>
     6c0: 74 00        	<unknown>
     6c2: 5f 5f 74 62  	<unknown>
     6c6: 73 73 5f 65  	csrrci	t1, hviph, 30
     6ca: 6e 64        	<unknown>
     6cc: 00 5f        	<unknown>
     6ce: 63 6c 73 00  	bltu	t1, t2, 0x6e6 <.symtab+0x6e6>
     6d2: 5f 5f 67 6c  	<unknown>
     6d6: 6f 62 61 6c  	jal	tp, 0x16d9c <.symtab+0x16d9c>
     6da: 5f 70 6f 69  	<unknown>
     6de: 6e 74        	<unknown>
     6e0: 65 72        	<unknown>
     6e2: 24 00        	<unknown>
     6e4: 5f 65 74 65  	<unknown>
     6e8: 78 74        	<unknown>
     6ea: 00 5f        	<unknown>
     6ec: 5f 74 62 73  	<unknown>
     6f0: 73 5f 65 6e  	csrrwi	t5, 1766, 10
     6f4: 64 32        	<unknown>
     6f6: 00 5f        	<unknown>
     6f8: 73 69 64 61  	csrrsi	s2, 1558, 8
     6fc: 74 61        	<unknown>
     6fe: 00 5f        	<unknown>
     700: 5f 53 44 41  	<unknown>
     704: 54 41        	<unknown>
     706: 5f 42 45 47  	<unknown>
     70a: 49 4e        	<unknown>
     70c: 5f 5f 00 5f  	<unknown>
     710: 5f 44 41 54  	<unknown>
     714: 41 5f        	<unknown>
     716: 42 45        	<unknown>
     718: 47 49 4e 5f  	<unknown>
     71c: 5f 00 5f 65  	<unknown>
     720: 64 61        	<unknown>
     722: 74 61        	<unknown>
     724: 00 5f        	<unknown>
     726: 5f 42 53 53  	<unknown>
     72a: 5f 45 4e 44  	<unknown>
     72e: 5f 5f 00 5f  	<unknown>
     732: 65 6e        	<unknown>
     734: 64 00        	<unknown>
