
/workspaces/snax_cluster/target/snitch_cluster/sw/apps/snax-data-reshuffler/build/snax-data-reshuffler.elf:	file format elf32-littleriscv

Disassembly of section .text:

80000000 <snrt.crt0.init_int_registers>:
80000000: 93 02 00 00  	li	t0, 0
80000004: 13 03 00 00  	li	t1, 0
80000008: 93 03 00 00  	li	t2, 0
8000000c: 13 0e 00 00  	li	t3, 0
80000010: 93 0e 00 00  	li	t4, 0
80000014: 13 0f 00 00  	li	t5, 0
80000018: 93 0f 00 00  	li	t6, 0
8000001c: 13 05 00 00  	li	a0, 0
80000020: 93 05 00 00  	li	a1, 0
80000024: 13 06 00 00  	li	a2, 0
80000028: 93 06 00 00  	li	a3, 0
8000002c: 13 07 00 00  	li	a4, 0
80000030: 93 07 00 00  	li	a5, 0
80000034: 13 08 00 00  	li	a6, 0
80000038: 93 08 00 00  	li	a7, 0
8000003c: 13 04 00 00  	li	s0, 0
80000040: 93 04 00 00  	li	s1, 0
80000044: 13 09 00 00  	li	s2, 0
80000048: 93 09 00 00  	li	s3, 0
8000004c: 13 0a 00 00  	li	s4, 0
80000050: 93 0a 00 00  	li	s5, 0
80000054: 13 0b 00 00  	li	s6, 0
80000058: 93 0b 00 00  	li	s7, 0
8000005c: 13 0c 00 00  	li	s8, 0
80000060: 93 0c 00 00  	li	s9, 0
80000064: 13 0d 00 00  	li	s10, 0
80000068: 93 0d 00 00  	li	s11, 0

8000006c <snrt.crt0.init_fp_registers>:
8000006c: f3 22 10 30  	csrr	t0, misa
80000070: 93 f2 82 02  	andi	t0, t0, 40
80000074: 63 82 02 08  	beqz	t0, 0x800000f8 <snrt.crt0.init_global_pointer>
80000078: 53 00 00 d2  	fcvt.d.w	ft0, zero
8000007c: d3 00 00 d2  	fcvt.d.w	ft1, zero
80000080: 53 01 00 d2  	fcvt.d.w	ft2, zero
80000084: d3 01 00 d2  	fcvt.d.w	ft3, zero
80000088: 53 02 00 d2  	fcvt.d.w	ft4, zero
8000008c: d3 02 00 d2  	fcvt.d.w	ft5, zero
80000090: 53 03 00 d2  	fcvt.d.w	ft6, zero
80000094: d3 03 00 d2  	fcvt.d.w	ft7, zero
80000098: 53 04 00 d2  	fcvt.d.w	fs0, zero
8000009c: d3 04 00 d2  	fcvt.d.w	fs1, zero
800000a0: 53 05 00 d2  	fcvt.d.w	fa0, zero
800000a4: d3 05 00 d2  	fcvt.d.w	fa1, zero
800000a8: 53 06 00 d2  	fcvt.d.w	fa2, zero
800000ac: d3 06 00 d2  	fcvt.d.w	fa3, zero
800000b0: 53 07 00 d2  	fcvt.d.w	fa4, zero
800000b4: d3 07 00 d2  	fcvt.d.w	fa5, zero
800000b8: 53 08 00 d2  	fcvt.d.w	fa6, zero
800000bc: d3 08 00 d2  	fcvt.d.w	fa7, zero
800000c0: 53 09 00 d2  	fcvt.d.w	fs2, zero
800000c4: d3 09 00 d2  	fcvt.d.w	fs3, zero
800000c8: 53 0a 00 d2  	fcvt.d.w	fs4, zero
800000cc: d3 0a 00 d2  	fcvt.d.w	fs5, zero
800000d0: 53 0b 00 d2  	fcvt.d.w	fs6, zero
800000d4: d3 0b 00 d2  	fcvt.d.w	fs7, zero
800000d8: 53 0c 00 d2  	fcvt.d.w	fs8, zero
800000dc: d3 0c 00 d2  	fcvt.d.w	fs9, zero
800000e0: 53 0d 00 d2  	fcvt.d.w	fs10, zero
800000e4: d3 0d 00 d2  	fcvt.d.w	fs11, zero
800000e8: 53 0e 00 d2  	fcvt.d.w	ft8, zero
800000ec: d3 0e 00 d2  	fcvt.d.w	ft9, zero
800000f0: 53 0f 00 d2  	fcvt.d.w	ft10, zero
800000f4: d3 0f 00 d2  	fcvt.d.w	ft11, zero

800000f8 <snrt.crt0.init_global_pointer>:
800000f8: 97 41 00 00  	auipc	gp, 4
800000fc: 93 81 81 8d  	addi	gp, gp, -1832

80000100 <snrt.crt0.init_core_info>:
80000100: 73 25 40 f1  	csrr	a0, mhartid
80000104: 93 02 00 00  	li	t0, 0
80000108: 33 05 55 40  	sub	a0, a0, t0
8000010c: 93 05 20 00  	li	a1, 2
80000110: b3 42 b5 02  	div	t0, a0, a1
80000114: 33 75 b5 02  	remu	a0, a0, a1
80000118: 37 06 00 10  	lui	a2, 65536
8000011c: 13 03 00 00  	li	t1, 0
80000120: b3 02 53 02  	mul	t0, t1, t0
80000124: 33 06 56 00  	add	a2, a2, t0
80000128: b7 02 02 00  	lui	t0, 32
8000012c: 33 06 56 00  	add	a2, a2, t0

80000130 <snrt.crt0.init_cls>:
80000130: 97 32 00 00  	auipc	t0, 3
80000134: 93 82 02 0a  	addi	t0, t0, 160
80000138: 17 33 00 00  	auipc	t1, 3
8000013c: 13 03 83 09  	addi	t1, t1, 152
80000140: b3 82 62 40  	sub	t0, t0, t1
80000144: 33 06 56 40  	sub	a2, a2, t0
80000148: 97 32 00 00  	auipc	t0, 3
8000014c: 93 82 82 09  	addi	t0, t0, 152
80000150: 17 33 00 00  	auipc	t1, 3
80000154: 13 03 03 08  	addi	t1, t1, 128
80000158: b3 82 62 40  	sub	t0, t0, t1
8000015c: 33 06 56 40  	sub	a2, a2, t0

80000160 <snrt.crt0.init_stack>:
80000160: 13 06 86 ff  	addi	a2, a2, -8
80000164: 23 20 06 00  	sw	zero, 0(a2)
80000168: 93 12 a5 00  	slli	t0, a0, 10
8000016c: 33 01 56 40  	sub	sp, a2, t0
80000170: 33 93 75 00  	sll	t1, a1, t2
80000174: 33 06 66 40  	sub	a2, a2, t1
80000178: 93 12 35 00  	slli	t0, a0, 3
8000017c: 13 93 35 00  	slli	t1, a1, 3
80000180: 33 01 51 40  	sub	sp, sp, t0
80000184: 33 06 66 40  	sub	a2, a2, t1

80000188 <snrt.crt0.init_tls>:
80000188: 97 32 00 00  	auipc	t0, 3
8000018c: 93 82 02 04  	addi	t0, t0, 64
80000190: 17 33 00 00  	auipc	t1, 3
80000194: 13 03 83 03  	addi	t1, t1, 56
80000198: b3 82 62 40  	sub	t0, t0, t1
8000019c: 33 01 51 40  	sub	sp, sp, t0
800001a0: 97 32 00 00  	auipc	t0, 3
800001a4: 93 82 02 03  	addi	t0, t0, 48
800001a8: 17 33 00 00  	auipc	t1, 3
800001ac: 13 03 03 02  	addi	t1, t1, 32
800001b0: b3 82 62 40  	sub	t0, t0, t1
800001b4: 33 01 51 40  	sub	sp, sp, t0
800001b8: 13 71 81 ff  	andi	sp, sp, -8
800001bc: 13 02 01 00  	mv	tp, sp
800001c0: 13 71 81 ff  	andi	sp, sp, -8

800001c4 <snrt.crt0.main>:
800001c4: ef 20 80 7e  	jal	0x800029ac <snrt_main>

800001c8 <snrt.crt0.end>:
800001c8: 73 00 50 10  	wfi
800001cc: 6f f0 df ff  	j	0x800001c8 <snrt.crt0.end>

800001d0 <set_data_reshuffler_csr>:
800001d0: 13 01 01 ff  	addi	sp, sp, -16
800001d4: 23 26 81 00  	sw	s0, 12(sp)
800001d8: 23 24 91 00  	sw	s1, 8(sp)
800001dc: 23 22 21 01  	sw	s2, 4(sp)
800001e0: 83 22 41 03  	lw	t0, 52(sp)
800001e4: 03 23 81 01  	lw	t1, 24(sp)
800001e8: 83 23 01 03  	lw	t2, 48(sp)
800001ec: 03 2e c1 02  	lw	t3, 44(sp)
800001f0: 83 2e 81 02  	lw	t4, 40(sp)
800001f4: 03 2f 41 01  	lw	t5, 20(sp)
800001f8: 83 2f 01 01  	lw	t6, 16(sp)
800001fc: 03 24 41 02  	lw	s0, 36(sp)
80000200: 83 24 01 02  	lw	s1, 32(sp)
80000204: 03 29 c1 01  	lw	s2, 28(sp)
80000208: 73 10 05 3c  	csrw	pmpaddr16, a0
8000020c: 73 90 15 3c  	csrw	pmpaddr17, a1
80000210: 73 10 26 3c  	csrw	pmpaddr18, a2
80000214: 73 90 36 3c  	csrw	pmpaddr19, a3
80000218: 73 10 47 3c  	csrw	pmpaddr20, a4
8000021c: 73 10 59 3c  	csrw	pmpaddr21, s2
80000220: 73 90 64 3c  	csrw	pmpaddr22, s1
80000224: 73 10 74 3c  	csrw	pmpaddr23, s0
80000228: 73 90 87 3c  	csrw	pmpaddr24, a5
8000022c: 73 10 98 3c  	csrw	pmpaddr25, a6
80000230: 73 90 a8 3c  	csrw	pmpaddr26, a7
80000234: 73 90 bf 3c  	csrw	pmpaddr27, t6
80000238: 73 10 cf 3c  	csrw	pmpaddr28, t5
8000023c: 73 90 de 3c  	csrw	pmpaddr29, t4
80000240: 73 10 ee 3c  	csrw	pmpaddr30, t3
80000244: 73 90 f3 3c  	csrw	pmpaddr31, t2
80000248: 73 10 03 3d  	csrw	pmpaddr32, t1
8000024c: 73 90 12 3d  	csrw	pmpaddr33, t0
80000250: 83 25 02 00  	lw	a1, 0(tp)
80000254: 03 26 81 03  	lw	a2, 56(sp)
80000258: 83 a5 c5 00  	lw	a1, 12(a1)
8000025c: b3 85 c5 00  	add	a1, a1, a2
80000260: 73 90 25 3d  	csrw	pmpaddr34, a1
80000264: 03 25 02 00  	lw	a0, 0(tp)
80000268: 83 25 c1 03  	lw	a1, 60(sp)
8000026c: 03 25 c5 00  	lw	a0, 12(a0)
80000270: 33 05 b5 00  	add	a0, a0, a1
80000274: 73 10 35 3d  	csrw	pmpaddr35, a0
80000278: 03 24 c1 00  	lw	s0, 12(sp)
8000027c: 83 24 81 00  	lw	s1, 8(sp)
80000280: 03 29 41 00  	lw	s2, 4(sp)
80000284: 13 01 01 01  	addi	sp, sp, 16
80000288: 67 80 00 00  	ret

8000028c <start_streamer>:
8000028c: 73 d0 40 3d  	csrwi	pmpaddr36, 1
80000290: 67 80 00 00  	ret

80000294 <wait_streamer>:
80000294: 73 50 40 3d  	csrwi	pmpaddr36, 0
80000298: 67 80 00 00  	ret

8000029c <set_data_reshuffler>:
8000029c: 13 15 75 00  	slli	a0, a0, 7
800002a0: 93 95 25 00  	slli	a1, a1, 2
800002a4: 33 e5 a5 00  	or	a0, a1, a0
800002a8: 33 65 c5 00  	or	a0, a0, a2
800002ac: 73 10 75 3d  	csrw	pmpaddr39, a0
800002b0: 67 80 00 00  	ret

800002b4 <start_data_reshuffler>:
800002b4: 73 d0 80 3d  	csrwi	pmpaddr40, 1
800002b8: 67 80 00 00  	ret

800002bc <wait_data_reshuffler>:
800002bc: 73 50 80 3d  	csrwi	pmpaddr40, 0
800002c0: 67 80 00 00  	ret

800002c4 <read_data_reshuffler_perf_counter>:
800002c4: 73 25 60 3d  	csrr	a0, pmpaddr38
800002c8: 67 80 00 00  	ret

800002cc <load_data_reshuffler_test_data>:
800002cc: 63 58 b0 18  	blez	a1, 0x8000045c <$x.48+0x34>
800002d0: 13 0e 05 00  	mv	t3, a0
800002d4: 63 54 a0 18  	blez	a0, 0x8000045c <$x.48+0x34>
800002d8: 13 01 01 ff  	addi	sp, sp, -16
800002dc: 23 26 81 00  	sw	s0, 12(sp)
800002e0: 23 24 91 00  	sw	s1, 8(sp)
800002e4: 23 22 21 01  	sw	s2, 4(sp)
800002e8: 23 20 31 01  	sw	s3, 0(sp)
800002ec: 93 08 07 00  	mv	a7, a4
800002f0: 93 82 06 00  	mv	t0, a3
800002f4: 13 03 06 00  	mv	t1, a2
800002f8: 93 83 05 00  	mv	t2, a1
800002fc: 13 04 00 00  	li	s0, 0
80000300: 93 14 6e 00  	slli	s1, t3, 6
80000304: 13 19 17 00  	slli	s2, a4, 1
80000308: 93 09 0e 00  	mv	s3, t3
8000030c: 93 8e 07 00  	mv	t4, a5
80000310: 13 0f 08 00  	mv	t5, a6
80000314: 93 06 00 00  	li	a3, 0
80000318: 13 06 0f 00  	mv	a2, t5

8000031c <$d.1>:
8000031c: 2b 00 d6 00  	<unknown>

80000320 <$x.2>:
80000320: 93 05 00 00  	li	a1, 0
80000324: 13 85 0e 00  	mv	a0, t4

80000328 <$d.3>:
80000328: 2b 00 b5 02  	<unknown>

8000032c <$x.4>:
8000032c: 13 07 80 00  	li	a4, 8

80000330 <$d.5>:
80000330: 2b 05 07 04  	<unknown>

80000334 <$x.6>:
80000334: 13 06 8f 00  	addi	a2, t5, 8
80000338: 33 85 d8 01  	add	a0, a7, t4
8000033c: 93 06 00 00  	li	a3, 0

80000340 <$d.7>:
80000340: 2b 00 d6 00  	<unknown>

80000344 <$x.8>:
80000344: 93 05 00 00  	li	a1, 0

80000348 <$d.9>:
80000348: 2b 00 b5 02  	<unknown>

8000034c <$x.10>:
8000034c: 13 07 80 00  	li	a4, 8

80000350 <$d.11>:
80000350: 2b 05 07 04  	<unknown>

80000354 <$x.12>:
80000354: 13 06 0f 01  	addi	a2, t5, 16
80000358: b3 0f d9 01  	add	t6, s2, t4
8000035c: 93 06 00 00  	li	a3, 0

80000360 <$d.13>:
80000360: 2b 00 d6 00  	<unknown>

80000364 <$x.14>:
80000364: 93 05 00 00  	li	a1, 0
80000368: 13 85 0f 00  	mv	a0, t6

8000036c <$d.15>:
8000036c: 2b 00 b5 02  	<unknown>

80000370 <$x.16>:
80000370: 13 07 80 00  	li	a4, 8

80000374 <$d.17>:
80000374: 2b 05 07 04  	<unknown>

80000378 <$x.18>:
80000378: 13 06 8f 01  	addi	a2, t5, 24
8000037c: b3 8f f8 01  	add	t6, a7, t6
80000380: 93 06 00 00  	li	a3, 0

80000384 <$d.19>:
80000384: 2b 00 d6 00  	<unknown>

80000388 <$x.20>:
80000388: 93 05 00 00  	li	a1, 0
8000038c: 13 85 0f 00  	mv	a0, t6

80000390 <$d.21>:
80000390: 2b 00 b5 02  	<unknown>

80000394 <$x.22>:
80000394: 13 07 80 00  	li	a4, 8

80000398 <$d.23>:
80000398: 2b 05 07 04  	<unknown>

8000039c <$x.24>:
8000039c: 13 06 0f 02  	addi	a2, t5, 32
800003a0: b3 8f f8 01  	add	t6, a7, t6
800003a4: 93 06 00 00  	li	a3, 0

800003a8 <$d.25>:
800003a8: 2b 00 d6 00  	<unknown>

800003ac <$x.26>:
800003ac: 93 05 00 00  	li	a1, 0
800003b0: 13 85 0f 00  	mv	a0, t6

800003b4 <$d.27>:
800003b4: 2b 00 b5 02  	<unknown>

800003b8 <$x.28>:
800003b8: 13 07 80 00  	li	a4, 8

800003bc <$d.29>:
800003bc: 2b 05 07 04  	<unknown>

800003c0 <$x.30>:
800003c0: 13 06 8f 02  	addi	a2, t5, 40
800003c4: b3 8f f8 01  	add	t6, a7, t6
800003c8: 93 06 00 00  	li	a3, 0

800003cc <$d.31>:
800003cc: 2b 00 d6 00  	<unknown>

800003d0 <$x.32>:
800003d0: 93 05 00 00  	li	a1, 0
800003d4: 13 85 0f 00  	mv	a0, t6

800003d8 <$d.33>:
800003d8: 2b 00 b5 02  	<unknown>

800003dc <$x.34>:
800003dc: 13 07 80 00  	li	a4, 8

800003e0 <$d.35>:
800003e0: 2b 05 07 04  	<unknown>

800003e4 <$x.36>:
800003e4: 13 06 0f 03  	addi	a2, t5, 48
800003e8: b3 8f f8 01  	add	t6, a7, t6
800003ec: 93 06 00 00  	li	a3, 0

800003f0 <$d.37>:
800003f0: 2b 00 d6 00  	<unknown>

800003f4 <$x.38>:
800003f4: 93 05 00 00  	li	a1, 0
800003f8: 13 85 0f 00  	mv	a0, t6

800003fc <$d.39>:
800003fc: 2b 00 b5 02  	<unknown>

80000400 <$x.40>:
80000400: 13 07 80 00  	li	a4, 8

80000404 <$d.41>:
80000404: 2b 05 07 04  	<unknown>

80000408 <$x.42>:
80000408: 13 06 8f 03  	addi	a2, t5, 56
8000040c: 33 85 f8 01  	add	a0, a7, t6
80000410: 93 06 00 00  	li	a3, 0

80000414 <$d.43>:
80000414: 2b 00 d6 00  	<unknown>

80000418 <$x.44>:
80000418: 93 05 00 00  	li	a1, 0

8000041c <$d.45>:
8000041c: 2b 00 b5 02  	<unknown>

80000420 <$x.46>:
80000420: 13 07 80 00  	li	a4, 8

80000424 <$d.47>:
80000424: 2b 05 07 04  	<unknown>

80000428 <$x.48>:
80000428: 13 0f 0f 04  	addi	t5, t5, 64
8000042c: 93 89 f9 ff  	addi	s3, s3, -1
80000430: b3 8e 6e 00  	add	t4, t4, t1
80000434: e3 90 09 ee  	bnez	s3, 0x80000314 <load_data_reshuffler_test_data+0x48>
80000438: 13 04 14 00  	addi	s0, s0, 1
8000043c: 33 08 98 00  	add	a6, a6, s1
80000440: b3 87 57 00  	add	a5, a5, t0
80000444: e3 12 74 ec  	bne	s0, t2, 0x80000308 <load_data_reshuffler_test_data+0x3c>
80000448: 03 24 c1 00  	lw	s0, 12(sp)
8000044c: 83 24 81 00  	lw	s1, 8(sp)
80000450: 03 29 41 00  	lw	s2, 4(sp)
80000454: 83 29 01 00  	lw	s3, 0(sp)
80000458: 13 01 01 01  	addi	sp, sp, 16
8000045c: 67 80 00 00  	ret

80000460 <check_data_reshuffler_result>:
80000460: 13 01 01 fb  	addi	sp, sp, -80
80000464: 23 26 11 04  	sw	ra, 76(sp)
80000468: 23 24 81 04  	sw	s0, 72(sp)
8000046c: 23 22 91 04  	sw	s1, 68(sp)
80000470: 23 20 21 05  	sw	s2, 64(sp)
80000474: 23 2e 31 03  	sw	s3, 60(sp)
80000478: 23 2c 41 03  	sw	s4, 56(sp)
8000047c: 23 2a 51 03  	sw	s5, 52(sp)
80000480: 23 28 61 03  	sw	s6, 48(sp)
80000484: 23 26 71 03  	sw	s7, 44(sp)
80000488: 23 24 81 03  	sw	s8, 40(sp)
8000048c: 23 22 91 03  	sw	s9, 36(sp)
80000490: 23 20 a1 03  	sw	s10, 32(sp)
80000494: 23 2e b1 01  	sw	s11, 28(sp)
80000498: 23 28 d1 00  	sw	a3, 16(sp)
8000049c: 23 26 b1 00  	sw	a1, 12(sp)
800004a0: 63 52 b0 28  	blez	a1, 0x80000724 <check_data_reshuffler_result+0x2c4>
800004a4: 13 0b 05 00  	mv	s6, a0
800004a8: 63 5e a0 26  	blez	a0, 0x80000724 <check_data_reshuffler_result+0x2c4>
800004ac: 13 04 08 00  	mv	s0, a6
800004b0: 93 84 07 00  	mv	s1, a5
800004b4: 13 09 07 00  	mv	s2, a4
800004b8: 13 0a 06 00  	mv	s4, a2
800004bc: 13 0d 00 00  	li	s10, 0
800004c0: 93 0b 00 00  	li	s7, 0
800004c4: 13 15 6b 00  	slli	a0, s6, 6
800004c8: 23 24 a1 00  	sw	a0, 8(sp)
800004cc: 93 09 00 04  	li	s3, 64
800004d0: 6f 00 80 02  	j	0x800004f8 <check_data_reshuffler_result+0x98>
800004d4: 13 0d 1d 00  	addi	s10, s10, 1
800004d8: 03 24 81 01  	lw	s0, 24(sp)
800004dc: 03 25 81 00  	lw	a0, 8(sp)
800004e0: 33 04 a4 00  	add	s0, s0, a0
800004e4: 83 24 41 01  	lw	s1, 20(sp)
800004e8: 03 25 01 01  	lw	a0, 16(sp)
800004ec: b3 84 a4 00  	add	s1, s1, a0
800004f0: 03 25 c1 00  	lw	a0, 12(sp)
800004f4: 63 0a ad 22  	beq	s10, a0, 0x80000728 <check_data_reshuffler_result+0x2c8>
800004f8: 93 0d 00 00  	li	s11, 0
800004fc: 23 2a 91 00  	sw	s1, 20(sp)
80000500: 23 2c 81 00  	sw	s0, 24(sp)
80000504: 6f 00 40 01  	j	0x80000518 <check_data_reshuffler_result+0xb8>
80000508: 93 8d 1d 00  	addi	s11, s11, 1
8000050c: 13 04 04 04  	addi	s0, s0, 64
80000510: b3 84 44 01  	add	s1, s1, s4
80000514: e3 80 6d fd  	beq	s11, s6, 0x800004d4 <check_data_reshuffler_result+0x74>
80000518: 93 0a 00 00  	li	s5, 0
8000051c: 13 8c 04 00  	mv	s8, s1
80000520: 6f 00 00 01  	j	0x80000530 <check_data_reshuffler_result+0xd0>
80000524: 93 8a 8a 00  	addi	s5, s5, 8
80000528: 33 0c 2c 01  	add	s8, s8, s2
8000052c: e3 8e 3a fd  	beq	s5, s3, 0x80000508 <check_data_reshuffler_result+0xa8>
80000530: b3 0c 54 01  	add	s9, s0, s5
80000534: 83 45 0c 00  	lbu	a1, 0(s8)
80000538: 03 c5 0c 00  	lbu	a0, 0(s9)
8000053c: 63 86 a5 02  	beq	a1, a0, 0x80000568 <check_data_reshuffler_result+0x108>
80000540: 93 95 85 01  	slli	a1, a1, 24
80000544: 93 d5 85 41  	srai	a1, a1, 24
80000548: 13 15 85 01  	slli	a0, a0, 24
8000054c: 93 56 85 41  	srai	a3, a0, 24
80000550: 17 35 00 00  	auipc	a0, 3
80000554: 13 05 b5 b9  	addi	a0, a0, -1125
80000558: 13 06 0c 00  	mv	a2, s8
8000055c: 13 87 0c 00  	mv	a4, s9
80000560: ef 00 10 2d  	jal	0x80001030 <printf_>
80000564: 93 8b 1b 00  	addi	s7, s7, 1
80000568: 83 45 1c 00  	lbu	a1, 1(s8)
8000056c: 03 c5 1c 00  	lbu	a0, 1(s9)
80000570: 63 98 a5 04  	bne	a1, a0, 0x800005c0 <check_data_reshuffler_result+0x160>
80000574: 83 45 2c 00  	lbu	a1, 2(s8)
80000578: 03 c5 2c 00  	lbu	a0, 2(s9)
8000057c: 63 9c a5 06  	bne	a1, a0, 0x800005f4 <check_data_reshuffler_result+0x194>
80000580: 83 45 3c 00  	lbu	a1, 3(s8)
80000584: 03 c5 3c 00  	lbu	a0, 3(s9)
80000588: 63 90 a5 0a  	bne	a1, a0, 0x80000628 <check_data_reshuffler_result+0x1c8>
8000058c: 83 45 4c 00  	lbu	a1, 4(s8)
80000590: 03 c5 4c 00  	lbu	a0, 4(s9)
80000594: 63 94 a5 0c  	bne	a1, a0, 0x8000065c <check_data_reshuffler_result+0x1fc>
80000598: 83 45 5c 00  	lbu	a1, 5(s8)
8000059c: 03 c5 5c 00  	lbu	a0, 5(s9)
800005a0: 63 98 a5 0e  	bne	a1, a0, 0x80000690 <check_data_reshuffler_result+0x230>
800005a4: 83 45 6c 00  	lbu	a1, 6(s8)
800005a8: 03 c5 6c 00  	lbu	a0, 6(s9)
800005ac: 63 9c a5 10  	bne	a1, a0, 0x800006c4 <check_data_reshuffler_result+0x264>
800005b0: 83 45 7c 00  	lbu	a1, 7(s8)
800005b4: 03 c5 7c 00  	lbu	a0, 7(s9)
800005b8: e3 86 a5 f6  	beq	a1, a0, 0x80000524 <check_data_reshuffler_result+0xc4>
800005bc: 6f 00 c0 13  	j	0x800006f8 <check_data_reshuffler_result+0x298>
800005c0: 13 06 1c 00  	addi	a2, s8, 1
800005c4: 13 87 1c 00  	addi	a4, s9, 1
800005c8: 93 95 85 01  	slli	a1, a1, 24
800005cc: 93 d5 85 41  	srai	a1, a1, 24
800005d0: 13 15 85 01  	slli	a0, a0, 24
800005d4: 93 56 85 41  	srai	a3, a0, 24
800005d8: 17 35 00 00  	auipc	a0, 3
800005dc: 13 05 35 b1  	addi	a0, a0, -1261
800005e0: ef 00 10 25  	jal	0x80001030 <printf_>
800005e4: 93 8b 1b 00  	addi	s7, s7, 1
800005e8: 83 45 2c 00  	lbu	a1, 2(s8)
800005ec: 03 c5 2c 00  	lbu	a0, 2(s9)
800005f0: e3 88 a5 f8  	beq	a1, a0, 0x80000580 <check_data_reshuffler_result+0x120>
800005f4: 13 06 2c 00  	addi	a2, s8, 2
800005f8: 13 87 2c 00  	addi	a4, s9, 2
800005fc: 93 95 85 01  	slli	a1, a1, 24
80000600: 93 d5 85 41  	srai	a1, a1, 24
80000604: 13 15 85 01  	slli	a0, a0, 24
80000608: 93 56 85 41  	srai	a3, a0, 24
8000060c: 17 35 00 00  	auipc	a0, 3
80000610: 13 05 f5 ad  	addi	a0, a0, -1313
80000614: ef 00 d0 21  	jal	0x80001030 <printf_>
80000618: 93 8b 1b 00  	addi	s7, s7, 1
8000061c: 83 45 3c 00  	lbu	a1, 3(s8)
80000620: 03 c5 3c 00  	lbu	a0, 3(s9)
80000624: e3 84 a5 f6  	beq	a1, a0, 0x8000058c <check_data_reshuffler_result+0x12c>
80000628: 13 06 3c 00  	addi	a2, s8, 3
8000062c: 13 87 3c 00  	addi	a4, s9, 3
80000630: 93 95 85 01  	slli	a1, a1, 24
80000634: 93 d5 85 41  	srai	a1, a1, 24
80000638: 13 15 85 01  	slli	a0, a0, 24
8000063c: 93 56 85 41  	srai	a3, a0, 24
80000640: 17 35 00 00  	auipc	a0, 3
80000644: 13 05 b5 aa  	addi	a0, a0, -1365
80000648: ef 00 90 1e  	jal	0x80001030 <printf_>
8000064c: 93 8b 1b 00  	addi	s7, s7, 1
80000650: 83 45 4c 00  	lbu	a1, 4(s8)
80000654: 03 c5 4c 00  	lbu	a0, 4(s9)
80000658: e3 80 a5 f4  	beq	a1, a0, 0x80000598 <check_data_reshuffler_result+0x138>
8000065c: 13 06 4c 00  	addi	a2, s8, 4
80000660: 13 87 4c 00  	addi	a4, s9, 4
80000664: 93 95 85 01  	slli	a1, a1, 24
80000668: 93 d5 85 41  	srai	a1, a1, 24
8000066c: 13 15 85 01  	slli	a0, a0, 24
80000670: 93 56 85 41  	srai	a3, a0, 24
80000674: 17 35 00 00  	auipc	a0, 3
80000678: 13 05 75 a7  	addi	a0, a0, -1417
8000067c: ef 00 50 1b  	jal	0x80001030 <printf_>
80000680: 93 8b 1b 00  	addi	s7, s7, 1
80000684: 83 45 5c 00  	lbu	a1, 5(s8)
80000688: 03 c5 5c 00  	lbu	a0, 5(s9)
8000068c: e3 8c a5 f0  	beq	a1, a0, 0x800005a4 <check_data_reshuffler_result+0x144>
80000690: 13 06 5c 00  	addi	a2, s8, 5
80000694: 13 87 5c 00  	addi	a4, s9, 5
80000698: 93 95 85 01  	slli	a1, a1, 24
8000069c: 93 d5 85 41  	srai	a1, a1, 24
800006a0: 13 15 85 01  	slli	a0, a0, 24
800006a4: 93 56 85 41  	srai	a3, a0, 24
800006a8: 17 35 00 00  	auipc	a0, 3
800006ac: 13 05 35 a4  	addi	a0, a0, -1469
800006b0: ef 00 10 18  	jal	0x80001030 <printf_>
800006b4: 93 8b 1b 00  	addi	s7, s7, 1
800006b8: 83 45 6c 00  	lbu	a1, 6(s8)
800006bc: 03 c5 6c 00  	lbu	a0, 6(s9)
800006c0: e3 88 a5 ee  	beq	a1, a0, 0x800005b0 <check_data_reshuffler_result+0x150>
800006c4: 13 06 6c 00  	addi	a2, s8, 6
800006c8: 13 87 6c 00  	addi	a4, s9, 6
800006cc: 93 95 85 01  	slli	a1, a1, 24
800006d0: 93 d5 85 41  	srai	a1, a1, 24
800006d4: 13 15 85 01  	slli	a0, a0, 24
800006d8: 93 56 85 41  	srai	a3, a0, 24
800006dc: 17 35 00 00  	auipc	a0, 3
800006e0: 13 05 f5 a0  	addi	a0, a0, -1521
800006e4: ef 00 d0 14  	jal	0x80001030 <printf_>
800006e8: 93 8b 1b 00  	addi	s7, s7, 1
800006ec: 83 45 7c 00  	lbu	a1, 7(s8)
800006f0: 03 c5 7c 00  	lbu	a0, 7(s9)
800006f4: e3 88 a5 e2  	beq	a1, a0, 0x80000524 <check_data_reshuffler_result+0xc4>
800006f8: 13 06 7c 00  	addi	a2, s8, 7
800006fc: 13 87 7c 00  	addi	a4, s9, 7
80000700: 93 95 85 01  	slli	a1, a1, 24
80000704: 93 d5 85 41  	srai	a1, a1, 24
80000708: 13 15 85 01  	slli	a0, a0, 24
8000070c: 93 56 85 41  	srai	a3, a0, 24
80000710: 17 35 00 00  	auipc	a0, 3
80000714: 13 05 b5 9d  	addi	a0, a0, -1573
80000718: ef 00 90 11  	jal	0x80001030 <printf_>
8000071c: 93 8b 1b 00  	addi	s7, s7, 1
80000720: 6f f0 5f e0  	j	0x80000524 <check_data_reshuffler_result+0xc4>
80000724: 93 0b 00 00  	li	s7, 0
80000728: 13 85 0b 00  	mv	a0, s7
8000072c: 83 20 c1 04  	lw	ra, 76(sp)
80000730: 03 24 81 04  	lw	s0, 72(sp)
80000734: 83 24 41 04  	lw	s1, 68(sp)
80000738: 03 29 01 04  	lw	s2, 64(sp)
8000073c: 83 29 c1 03  	lw	s3, 60(sp)
80000740: 03 2a 81 03  	lw	s4, 56(sp)
80000744: 83 2a 41 03  	lw	s5, 52(sp)
80000748: 03 2b 01 03  	lw	s6, 48(sp)
8000074c: 83 2b c1 02  	lw	s7, 44(sp)
80000750: 03 2c 81 02  	lw	s8, 40(sp)
80000754: 83 2c 41 02  	lw	s9, 36(sp)
80000758: 03 2d 01 02  	lw	s10, 32(sp)
8000075c: 83 2d c1 01  	lw	s11, 28(sp)
80000760: 13 01 01 05  	addi	sp, sp, 80
80000764: 67 80 00 00  	ret

80000768 <load_a_chrunk_of_data>:
80000768: 63 00 06 02  	beqz	a2, 0x80000788 <$x.52>
8000076c: 13 07 06 00  	mv	a4, a2
80000770: 93 06 00 00  	li	a3, 0
80000774: 13 86 05 00  	mv	a2, a1

80000778 <$d.49>:
80000778: 2b 00 d6 00  	<unknown>

8000077c <$x.50>:
8000077c: 93 05 00 00  	li	a1, 0

80000780 <$d.51>:
80000780: 2b 00 b5 02  	<unknown>
80000784: 2b 05 07 04  	<unknown>

80000788 <$x.52>:
80000788: 67 80 00 00  	ret

8000078c <test_a_chrunk_of_data>:
8000078c: 13 01 01 fe  	addi	sp, sp, -32
80000790: 23 2e 11 00  	sw	ra, 28(sp)
80000794: 23 2c 81 00  	sw	s0, 24(sp)
80000798: 23 2a 91 00  	sw	s1, 20(sp)
8000079c: 23 28 21 01  	sw	s2, 16(sp)
800007a0: 23 26 31 01  	sw	s3, 12(sp)
800007a4: 23 24 41 01  	sw	s4, 8(sp)
800007a8: 23 22 51 01  	sw	s5, 4(sp)
800007ac: 63 54 c0 06  	blez	a2, 0x80000814 <test_a_chrunk_of_data+0x88>
800007b0: 13 04 06 00  	mv	s0, a2
800007b4: 93 84 05 00  	mv	s1, a1
800007b8: 13 09 05 00  	mv	s2, a0
800007bc: 13 0a 00 00  	li	s4, 0
800007c0: 93 09 00 00  	li	s3, 0
800007c4: 17 35 00 00  	auipc	a0, 3
800007c8: 93 0a 45 8d  	addi	s5, a0, -1836
800007cc: 6f 00 c0 00  	j	0x800007d8 <test_a_chrunk_of_data+0x4c>
800007d0: 13 0a 1a 00  	addi	s4, s4, 1
800007d4: 63 02 44 05  	beq	s0, s4, 0x80000818 <test_a_chrunk_of_data+0x8c>
800007d8: 33 05 49 01  	add	a0, s2, s4
800007dc: 03 45 05 00  	lbu	a0, 0(a0)
800007e0: b3 85 44 01  	add	a1, s1, s4
800007e4: 83 c5 05 00  	lbu	a1, 0(a1)
800007e8: e3 04 b5 fe  	beq	a0, a1, 0x800007d0 <test_a_chrunk_of_data+0x44>
800007ec: 13 15 85 01  	slli	a0, a0, 24
800007f0: 13 56 85 41  	srai	a2, a0, 24
800007f4: 93 95 85 01  	slli	a1, a1, 24
800007f8: 13 d7 85 41  	srai	a4, a1, 24
800007fc: 13 85 0a 00  	mv	a0, s5
80000800: 93 05 0a 00  	mv	a1, s4
80000804: 93 06 0a 00  	mv	a3, s4
80000808: ef 00 90 02  	jal	0x80001030 <printf_>
8000080c: 93 89 19 00  	addi	s3, s3, 1
80000810: 6f f0 1f fc  	j	0x800007d0 <test_a_chrunk_of_data+0x44>
80000814: 93 09 00 00  	li	s3, 0
80000818: 13 85 09 00  	mv	a0, s3
8000081c: 83 20 c1 01  	lw	ra, 28(sp)
80000820: 03 24 81 01  	lw	s0, 24(sp)
80000824: 83 24 41 01  	lw	s1, 20(sp)
80000828: 03 29 01 01  	lw	s2, 16(sp)
8000082c: 83 29 c1 00  	lw	s3, 12(sp)
80000830: 03 2a 81 00  	lw	s4, 8(sp)
80000834: 83 2a 41 00  	lw	s5, 4(sp)
80000838: 13 01 01 02  	addi	sp, sp, 32
8000083c: 67 80 00 00  	ret

80000840 <snrt_l1_next>:
80000840: 03 25 02 00  	lw	a0, 0(tp)
80000844: 03 25 c5 00  	lw	a0, 12(a0)
80000848: 67 80 00 00  	ret

8000084c <snrt_l3_next>:
8000084c: 17 55 00 00  	auipc	a0, 5
80000850: 03 25 85 ab  	lw	a0, -1352(a0)
80000854: 67 80 00 00  	ret

80000858 <snrt_l1alloc>:
80000858: 03 26 02 00  	lw	a2, 0(tp)
8000085c: 83 25 c6 00  	lw	a1, 12(a2)
80000860: 13 05 75 00  	addi	a0, a0, 7
80000864: 13 75 85 ff  	andi	a0, a0, -8
80000868: 33 85 a5 00  	add	a0, a1, a0
8000086c: 23 26 a6 00  	sw	a0, 12(a2)
80000870: 13 85 05 00  	mv	a0, a1
80000874: 67 80 00 00  	ret

80000878 <snrt_l3alloc>:
80000878: 17 56 00 00  	auipc	a2, 5
8000087c: 83 25 c6 a8  	lw	a1, -1396(a2)
80000880: 33 85 a5 00  	add	a0, a1, a0
80000884: 23 26 a6 a8  	sw	a0, -1396(a2)
80000888: 13 85 05 00  	mv	a0, a1
8000088c: 67 80 00 00  	ret

80000890 <snrt_l1_update_next>:
80000890: 83 25 02 00  	lw	a1, 0(tp)
80000894: 23 a6 a5 00  	sw	a0, 12(a1)
80000898: 67 80 00 00  	ret

8000089c <snrt_alloc_init>:
8000089c: 73 25 30 bc  	csrr	a0, 3011
800008a0: 93 15 05 01  	slli	a1, a0, 16
800008a4: 93 d5 05 01  	srli	a1, a1, 16
800008a8: 13 55 05 01  	srli	a0, a0, 16
800008ac: 13 05 f5 ff  	addi	a0, a0, -1
800008b0: 63 ee a5 02  	bltu	a1, a0, 0x800008ec <snrt_alloc_init+0x50>
800008b4: 03 25 02 00  	lw	a0, 0(tp)
800008b8: b7 05 00 10  	lui	a1, 65536
800008bc: 23 22 b5 00  	sw	a1, 4(a0)
800008c0: 37 06 02 00  	lui	a2, 32
800008c4: 23 24 c5 00  	sw	a2, 8(a0)
800008c8: 23 26 b5 00  	sw	a1, 12(a0)
800008cc: 17 55 00 00  	auipc	a0, 5
800008d0: 13 05 35 a4  	addi	a0, a0, -1469
800008d4: 13 75 85 ff  	andi	a0, a0, -8
800008d8: 97 55 00 00  	auipc	a1, 5
800008dc: 93 85 45 a2  	addi	a1, a1, -1500
800008e0: 23 a0 a5 00  	sw	a0, 0(a1)
800008e4: 23 a2 05 00  	sw	zero, 4(a1)
800008e8: 23 a4 a5 00  	sw	a0, 8(a1)
800008ec: 67 80 00 00  	ret

800008f0 <snrt_int_cluster_set>:
800008f0: b7 05 02 10  	lui	a1, 65568
800008f4: 23 a0 a5 18  	sw	a0, 384(a1)
800008f8: 67 80 00 00  	ret

800008fc <snrt_int_cluster_clr>:
800008fc: b7 05 02 10  	lui	a1, 65568
80000900: 23 a4 a5 18  	sw	a0, 392(a1)
80000904: 67 80 00 00  	ret

80000908 <snrt_int_clr_mcip>:
80000908: 73 25 30 bc  	csrr	a0, 3011
8000090c: 93 05 10 00  	li	a1, 1
80000910: 33 95 a5 00  	sll	a0, a1, a0
80000914: b7 05 02 10  	lui	a1, 65568
80000918: 23 a4 a5 18  	sw	a0, 392(a1)
8000091c: 73 25 40 34  	csrr	a0, mip
80000920: 13 15 c5 00  	slli	a0, a0, 12
80000924: e3 4c 05 fe  	bltz	a0, 0x8000091c <snrt_int_clr_mcip+0x14>
80000928: 67 80 00 00  	ret

8000092c <snrt_int_set_mcip>:
8000092c: 73 25 30 bc  	csrr	a0, 3011
80000930: 93 05 10 00  	li	a1, 1
80000934: 33 95 a5 00  	sll	a0, a1, a0
80000938: b7 05 02 10  	lui	a1, 65568
8000093c: 23 a0 a5 18  	sw	a0, 384(a1)
80000940: 67 80 00 00  	ret

80000944 <snrt_dma_start_1d_wideptr>:
80000944: 63 0a 07 00  	beqz	a4, 0x80000958 <snrt_dma_start_1d_wideptr+0x14>
80000948: 2b 00 d6 00  	<unknown>
8000094c: 2b 00 b5 02  	<unknown>
80000950: 2b 05 07 04  	<unknown>
80000954: 67 80 00 00  	ret
80000958: 13 05 f0 ff  	li	a0, -1
8000095c: 67 80 00 00  	ret

80000960 <snrt_dma_start_1d>:
80000960: 63 02 06 02  	beqz	a2, 0x80000984 <snrt_dma_start_1d+0x24>
80000964: 13 07 06 00  	mv	a4, a2
80000968: 93 06 00 00  	li	a3, 0
8000096c: 13 86 05 00  	mv	a2, a1
80000970: 2b 00 d6 00  	<unknown>
80000974: 93 05 00 00  	li	a1, 0
80000978: 2b 00 b5 02  	<unknown>
8000097c: 2b 05 07 04  	<unknown>
80000980: 67 80 00 00  	ret
80000984: 13 05 f0 ff  	li	a0, -1
80000988: 67 80 00 00  	ret

8000098c <snrt_dma_start_2d_wideptr>:
8000098c: 63 0e 07 00  	beqz	a4, 0x800009a8 <snrt_dma_start_2d_wideptr+0x1c>
80000990: 2b 00 d6 00  	<unknown>
80000994: 2b 00 b5 02  	<unknown>
80000998: 2b 00 f8 0c  	<unknown>
8000099c: 2b 80 08 0e  	<unknown>
800009a0: 2b 05 27 04  	<unknown>
800009a4: 67 80 00 00  	ret
800009a8: 13 05 f0 ff  	li	a0, -1
800009ac: 67 80 00 00  	ret

800009b0 <snrt_dma_start_2d>:
800009b0: 63 0c 06 02  	beqz	a2, 0x800009e8 <snrt_dma_start_2d+0x38>
800009b4: 93 88 07 00  	mv	a7, a5
800009b8: 13 08 07 00  	mv	a6, a4
800009bc: 93 87 06 00  	mv	a5, a3
800009c0: 13 07 06 00  	mv	a4, a2
800009c4: 93 06 00 00  	li	a3, 0
800009c8: 13 86 05 00  	mv	a2, a1
800009cc: 2b 00 d6 00  	<unknown>
800009d0: 93 05 00 00  	li	a1, 0
800009d4: 2b 00 b5 02  	<unknown>
800009d8: 2b 00 f8 0c  	<unknown>
800009dc: 2b 80 08 0e  	<unknown>
800009e0: 2b 05 27 04  	<unknown>
800009e4: 67 80 00 00  	ret
800009e8: 13 05 f0 ff  	li	a0, -1
800009ec: 67 80 00 00  	ret

800009f0 <snrt_dma_wait>:
800009f0: ab 02 00 08  	<unknown>
800009f4: b3 82 a2 40  	sub	t0, t0, a0
800009f8: e3 5c 50 fe  	blez	t0, 0x800009f0 <snrt_dma_wait>
800009fc: 67 80 00 00  	ret

80000a00 <snrt_dma_wait_all>:
80000a00: ab 02 20 08  	<unknown>
80000a04: e3 9e 02 fe  	bnez	t0, 0x80000a00 <snrt_dma_wait_all>
80000a08: 67 80 00 00  	ret

80000a0c <eu_init>:
80000a0c: 73 25 30 bc  	csrr	a0, 3011
80000a10: 13 15 05 01  	slli	a0, a0, 16
80000a14: 63 0e 05 00  	beqz	a0, 0x80000a30 <eu_init+0x24>
80000a18: 17 55 00 00  	auipc	a0, 5
80000a1c: 83 25 85 8b  	lw	a1, -1864(a0)
80000a20: e3 8e 05 fe  	beqz	a1, 0x80000a1c <eu_init+0x10>
80000a24: 03 25 85 8b  	lw	a0, -1864(a0)
80000a28: 23 22 a2 00  	sw	a0, 4(tp)
80000a2c: 67 80 00 00  	ret
80000a30: 03 25 02 00  	lw	a0, 0(tp)
80000a34: 83 25 c5 00  	lw	a1, 12(a0)
80000a38: 13 86 85 02  	addi	a2, a1, 40
80000a3c: 23 26 c5 00  	sw	a2, 12(a0)
80000a40: 23 22 b2 00  	sw	a1, 4(tp)
80000a44: 23 80 05 00  	sb	zero, 0(a1)
80000a48: a3 80 05 00  	sb	zero, 1(a1)
80000a4c: 23 81 05 00  	sb	zero, 2(a1)
80000a50: a3 81 05 00  	sb	zero, 3(a1)
80000a54: 23 82 05 00  	sb	zero, 4(a1)
80000a58: a3 82 05 00  	sb	zero, 5(a1)
80000a5c: 23 83 05 00  	sb	zero, 6(a1)
80000a60: a3 83 05 00  	sb	zero, 7(a1)
80000a64: 23 84 05 00  	sb	zero, 8(a1)
80000a68: a3 84 05 00  	sb	zero, 9(a1)
80000a6c: 23 85 05 00  	sb	zero, 10(a1)
80000a70: a3 85 05 00  	sb	zero, 11(a1)
80000a74: 23 86 05 00  	sb	zero, 12(a1)
80000a78: a3 86 05 00  	sb	zero, 13(a1)
80000a7c: 23 87 05 00  	sb	zero, 14(a1)
80000a80: a3 87 05 00  	sb	zero, 15(a1)
80000a84: 23 88 05 00  	sb	zero, 16(a1)
80000a88: a3 88 05 00  	sb	zero, 17(a1)
80000a8c: 23 89 05 00  	sb	zero, 18(a1)
80000a90: a3 89 05 00  	sb	zero, 19(a1)
80000a94: 23 8a 05 00  	sb	zero, 20(a1)
80000a98: a3 8a 05 00  	sb	zero, 21(a1)
80000a9c: 23 8b 05 00  	sb	zero, 22(a1)
80000aa0: a3 8b 05 00  	sb	zero, 23(a1)
80000aa4: 23 8c 05 00  	sb	zero, 24(a1)
80000aa8: a3 8c 05 00  	sb	zero, 25(a1)
80000aac: 23 8d 05 00  	sb	zero, 26(a1)
80000ab0: a3 8d 05 00  	sb	zero, 27(a1)
80000ab4: 23 8e 05 00  	sb	zero, 28(a1)
80000ab8: a3 8e 05 00  	sb	zero, 29(a1)
80000abc: 23 8f 05 00  	sb	zero, 30(a1)
80000ac0: a3 8f 05 00  	sb	zero, 31(a1)
80000ac4: 23 80 05 02  	sb	zero, 32(a1)
80000ac8: a3 80 05 02  	sb	zero, 33(a1)
80000acc: 23 81 05 02  	sb	zero, 34(a1)
80000ad0: a3 81 05 02  	sb	zero, 35(a1)
80000ad4: 03 25 42 00  	lw	a0, 4(tp)
80000ad8: 97 45 00 00  	auipc	a1, 4
80000adc: 23 ac a5 7e  	sw	a0, 2040(a1)
80000ae0: 67 80 00 00  	ret

80000ae4 <eu_exit>:
80000ae4: 13 01 01 ff  	addi	sp, sp, -16
80000ae8: 23 26 11 00  	sw	ra, 12(sp)
80000aec: 23 24 81 00  	sw	s0, 8(sp)
80000af0: 23 22 91 00  	sw	s1, 4(sp)
80000af4: 23 20 21 01  	sw	s2, 0(sp)
80000af8: 83 25 42 00  	lw	a1, 4(tp)
80000afc: 83 a6 c5 01  	lw	a3, 28(a1)
80000b00: 37 04 00 80  	lui	s0, 524288
80000b04: 13 04 e4 ff  	addi	s0, s0, -2
80000b08: 63 9a 06 08  	bnez	a3, 0x80000b9c <eu_exit+0xb8>
80000b0c: 83 a4 c5 01  	lw	s1, 28(a1)
80000b10: 63 86 04 08  	beqz	s1, 0x80000b9c <eu_exit+0xb8>
80000b14: 93 06 10 00  	li	a3, 1
80000b18: 23 a0 05 02  	sw	zero, 32(a1)
80000b1c: 63 9c d4 00  	bne	s1, a3, 0x80000b34 <eu_exit+0x50>
80000b20: 83 a6 c5 01  	lw	a3, 28(a1)
80000b24: 63 64 d5 04  	bltu	a0, a3, 0x80000b6c <eu_exit+0x88>
80000b28: 13 05 10 00  	li	a0, 1
80000b2c: 63 90 a4 06  	bne	s1, a0, 0x80000b8c <eu_exit+0xa8>
80000b30: 6f 00 80 06  	j	0x80000b98 <eu_exit+0xb4>
80000b34: 83 a6 05 00  	lw	a3, 0(a1)
80000b38: 03 a7 c5 00  	lw	a4, 12(a1)
80000b3c: e3 1e d7 fe  	bne	a4, a3, 0x80000b38 <eu_exit+0x54>
80000b40: f3 26 30 bc  	csrr	a3, 3011
80000b44: 93 d6 06 01  	srli	a3, a3, 16
80000b48: 93 86 f6 ff  	addi	a3, a3, -1
80000b4c: 13 07 f0 ff  	li	a4, -1
80000b50: b3 16 d7 00  	sll	a3, a4, a3
80000b54: 93 c6 f6 ff  	not	a3, a3
80000b58: b3 f6 86 00  	and	a3, a3, s0
80000b5c: 37 07 02 10  	lui	a4, 65568
80000b60: 23 20 d7 18  	sw	a3, 384(a4)
80000b64: 83 a6 c5 01  	lw	a3, 28(a1)
80000b68: e3 70 d5 fc  	bgeu	a0, a3, 0x80000b28 <eu_exit+0x44>
80000b6c: 83 a6 05 01  	lw	a3, 16(a1)
80000b70: 03 a5 45 01  	lw	a0, 20(a1)
80000b74: 83 a5 85 01  	lw	a1, 24(a1)
80000b78: 13 09 42 00  	addi	s2, tp, 4
80000b7c: e7 80 06 00  	jalr	a3
80000b80: 83 25 09 00  	lw	a1, 0(s2)
80000b84: 13 05 10 00  	li	a0, 1
80000b88: 63 88 a4 00  	beq	s1, a0, 0x80000b98 <eu_exit+0xb4>
80000b8c: 03 a5 05 00  	lw	a0, 0(a1)
80000b90: 03 a6 05 02  	lw	a2, 32(a1)
80000b94: e3 1e a6 fe  	bne	a2, a0, 0x80000b90 <eu_exit+0xac>
80000b98: 23 ae 05 00  	sw	zero, 28(a1)
80000b9c: 03 a5 05 00  	lw	a0, 0(a1)
80000ba0: 03 a6 c5 00  	lw	a2, 12(a1)
80000ba4: e3 1e a6 fe  	bne	a2, a0, 0x80000ba0 <eu_exit+0xbc>
80000ba8: 13 05 10 00  	li	a0, 1
80000bac: 23 a2 a5 00  	sw	a0, 4(a1)
80000bb0: 03 a5 05 00  	lw	a0, 0(a1)
80000bb4: 03 a6 c5 00  	lw	a2, 12(a1)
80000bb8: e3 1e a6 fe  	bne	a2, a0, 0x80000bb4 <eu_exit+0xd0>
80000bbc: 73 25 30 bc  	csrr	a0, 3011
80000bc0: 13 55 05 01  	srli	a0, a0, 16
80000bc4: 13 05 f5 ff  	addi	a0, a0, -1
80000bc8: 93 05 f0 ff  	li	a1, -1
80000bcc: 33 95 a5 00  	sll	a0, a1, a0
80000bd0: 13 45 f5 ff  	not	a0, a0
80000bd4: 33 75 85 00  	and	a0, a0, s0
80000bd8: b7 05 02 10  	lui	a1, 65568
80000bdc: 23 a0 a5 18  	sw	a0, 384(a1)
80000be0: 83 20 c1 00  	lw	ra, 12(sp)
80000be4: 03 24 81 00  	lw	s0, 8(sp)
80000be8: 83 24 41 00  	lw	s1, 4(sp)
80000bec: 03 29 01 00  	lw	s2, 0(sp)
80000bf0: 13 01 01 01  	addi	sp, sp, 16
80000bf4: 67 80 00 00  	ret

80000bf8 <eu_get_workers_in_loop>:
80000bf8: 03 25 42 00  	lw	a0, 4(tp)
80000bfc: 03 25 05 00  	lw	a0, 0(a0)
80000c00: 67 80 00 00  	ret

80000c04 <eu_get_workers_in_wfi>:
80000c04: 03 25 42 00  	lw	a0, 4(tp)
80000c08: 03 25 c5 00  	lw	a0, 12(a0)
80000c0c: 67 80 00 00  	ret

80000c10 <eu_print_status>:
80000c10: 67 80 00 00  	ret

80000c14 <eu_event_loop>:
80000c14: 13 01 01 fe  	addi	sp, sp, -32
80000c18: 23 2e 11 00  	sw	ra, 28(sp)
80000c1c: 23 2c 81 00  	sw	s0, 24(sp)
80000c20: 23 2a 91 00  	sw	s1, 20(sp)
80000c24: 23 28 21 01  	sw	s2, 16(sp)
80000c28: 23 26 31 01  	sw	s3, 12(sp)
80000c2c: 23 24 41 01  	sw	s4, 8(sp)
80000c30: 23 22 51 01  	sw	s5, 4(sp)
80000c34: 83 25 42 00  	lw	a1, 4(tp)
80000c38: 93 04 10 00  	li	s1, 1
80000c3c: af a5 95 00  	amoadd.w	a1, s1, (a1)
80000c40: b7 05 08 00  	lui	a1, 128
80000c44: f3 a5 45 30  	csrrs	a1, mie, a1
80000c48: 83 25 42 00  	lw	a1, 4(tp)
80000c4c: 83 a6 45 00  	lw	a3, 4(a1)
80000c50: 63 88 06 02  	beqz	a3, 0x80000c80 <eu_event_loop+0x6c>
80000c54: 37 05 08 00  	lui	a0, 128
80000c58: 73 25 45 30  	csrrs	a0, mie, a0
80000c5c: 83 20 c1 01  	lw	ra, 28(sp)
80000c60: 03 24 81 01  	lw	s0, 24(sp)
80000c64: 83 24 41 01  	lw	s1, 20(sp)
80000c68: 03 29 01 01  	lw	s2, 16(sp)
80000c6c: 83 29 c1 00  	lw	s3, 12(sp)
80000c70: 03 2a 81 00  	lw	s4, 8(sp)
80000c74: 83 2a 41 00  	lw	s5, 4(sp)
80000c78: 13 01 01 02  	addi	sp, sp, 32
80000c7c: 67 80 00 00  	ret
80000c80: 13 04 05 00  	mv	s0, a0
80000c84: 13 09 42 00  	addi	s2, tp, 4
80000c88: b3 99 a4 00  	sll	s3, s1, a0
80000c8c: 37 0a 02 10  	lui	s4, 65568
80000c90: 93 0a f0 ff  	li	s5, -1
80000c94: 6f 00 80 03  	j	0x80000ccc <eu_event_loop+0xb8>
80000c98: 13 85 05 02  	addi	a0, a1, 32
80000c9c: 2f 25 95 00  	amoadd.w	a0, s1, (a0)
80000ca0: 03 25 09 00  	lw	a0, 0(s2)
80000ca4: 13 05 c5 00  	addi	a0, a0, 12
80000ca8: 2f 25 95 00  	amoadd.w	a0, s1, (a0)
80000cac: 73 00 50 10  	wfi
80000cb0: 23 24 3a 19  	sw	s3, 392(s4)
80000cb4: 03 25 09 00  	lw	a0, 0(s2)
80000cb8: 13 05 c5 00  	addi	a0, a0, 12
80000cbc: 2f 25 55 01  	amoadd.w	a0, s5, (a0)
80000cc0: 83 25 09 00  	lw	a1, 0(s2)
80000cc4: 03 a5 45 00  	lw	a0, 4(a1)
80000cc8: e3 16 05 f8  	bnez	a0, 0x80000c54 <eu_event_loop+0x40>
80000ccc: 03 a5 c5 01  	lw	a0, 28(a1)
80000cd0: e3 74 a4 fc  	bgeu	s0, a0, 0x80000c98 <eu_event_loop+0x84>
80000cd4: 03 a5 c5 01  	lw	a0, 28(a1)
80000cd8: 03 a6 05 01  	lw	a2, 16(a1)
80000cdc: 03 a5 45 01  	lw	a0, 20(a1)
80000ce0: 83 a5 85 01  	lw	a1, 24(a1)
80000ce4: e7 00 06 00  	jalr	a2
80000ce8: 83 25 09 00  	lw	a1, 0(s2)
80000cec: 6f f0 df fa  	j	0x80000c98 <eu_event_loop+0x84>

80000cf0 <eu_dispatch_push>:
80000cf0: 03 27 42 00  	lw	a4, 4(tp)
80000cf4: 03 28 07 00  	lw	a6, 0(a4)
80000cf8: 93 07 42 00  	addi	a5, tp, 4
80000cfc: 83 28 c7 00  	lw	a7, 12(a4)
80000d00: e3 9e 08 ff  	bne	a7, a6, 0x80000cfc <eu_dispatch_push+0xc>
80000d04: 23 28 a7 00  	sw	a0, 16(a4)
80000d08: 03 a5 07 00  	lw	a0, 0(a5)
80000d0c: 23 2a c5 00  	sw	a2, 20(a0)
80000d10: 03 a5 07 00  	lw	a0, 0(a5)
80000d14: 23 2c b5 00  	sw	a1, 24(a0)
80000d18: 23 2e d5 00  	sw	a3, 28(a0)
80000d1c: 13 05 00 00  	li	a0, 0
80000d20: 67 80 00 00  	ret

80000d24 <eu_run_empty>:
80000d24: 13 01 01 ff  	addi	sp, sp, -16
80000d28: 23 26 11 00  	sw	ra, 12(sp)
80000d2c: 23 24 81 00  	sw	s0, 8(sp)
80000d30: 23 22 91 00  	sw	s1, 4(sp)
80000d34: 83 25 42 00  	lw	a1, 4(tp)
80000d38: 03 a4 c5 01  	lw	s0, 28(a1)
80000d3c: 63 06 04 08  	beqz	s0, 0x80000dc8 <eu_run_empty+0xa4>
80000d40: 93 06 10 00  	li	a3, 1
80000d44: 23 a0 05 02  	sw	zero, 32(a1)
80000d48: 63 1c d4 00  	bne	s0, a3, 0x80000d60 <eu_run_empty+0x3c>
80000d4c: 83 a6 c5 01  	lw	a3, 28(a1)
80000d50: 63 64 d5 04  	bltu	a0, a3, 0x80000d98 <eu_run_empty+0x74>
80000d54: 13 05 10 00  	li	a0, 1
80000d58: 63 10 a4 06  	bne	s0, a0, 0x80000db8 <eu_run_empty+0x94>
80000d5c: 6f 00 80 06  	j	0x80000dc4 <eu_run_empty+0xa0>
80000d60: 83 a6 05 00  	lw	a3, 0(a1)
80000d64: 03 a7 c5 00  	lw	a4, 12(a1)
80000d68: e3 1e d7 fe  	bne	a4, a3, 0x80000d64 <eu_run_empty+0x40>
80000d6c: f3 26 30 bc  	csrr	a3, 3011
80000d70: 93 d6 06 01  	srli	a3, a3, 16
80000d74: 93 86 f6 ff  	addi	a3, a3, -1
80000d78: 13 07 f0 ff  	li	a4, -1
80000d7c: b3 16 d7 00  	sll	a3, a4, a3
80000d80: 93 c6 f6 ff  	not	a3, a3
80000d84: 93 f6 e6 ff  	andi	a3, a3, -2
80000d88: 37 07 02 10  	lui	a4, 65568
80000d8c: 23 20 d7 18  	sw	a3, 384(a4)
80000d90: 83 a6 c5 01  	lw	a3, 28(a1)
80000d94: e3 70 d5 fc  	bgeu	a0, a3, 0x80000d54 <eu_run_empty+0x30>
80000d98: 83 a6 05 01  	lw	a3, 16(a1)
80000d9c: 03 a5 45 01  	lw	a0, 20(a1)
80000da0: 83 a5 85 01  	lw	a1, 24(a1)
80000da4: 93 04 42 00  	addi	s1, tp, 4
80000da8: e7 80 06 00  	jalr	a3
80000dac: 83 a5 04 00  	lw	a1, 0(s1)
80000db0: 13 05 10 00  	li	a0, 1
80000db4: 63 08 a4 00  	beq	s0, a0, 0x80000dc4 <eu_run_empty+0xa0>
80000db8: 03 a5 05 00  	lw	a0, 0(a1)
80000dbc: 03 a6 05 02  	lw	a2, 32(a1)
80000dc0: e3 1e a6 fe  	bne	a2, a0, 0x80000dbc <eu_run_empty+0x98>
80000dc4: 23 ae 05 00  	sw	zero, 28(a1)
80000dc8: 83 20 c1 00  	lw	ra, 12(sp)
80000dcc: 03 24 81 00  	lw	s0, 8(sp)
80000dd0: 83 24 41 00  	lw	s1, 4(sp)
80000dd4: 13 01 01 01  	addi	sp, sp, 16
80000dd8: 67 80 00 00  	ret

80000ddc <eu_mutex_lock>:
80000ddc: 03 25 42 00  	lw	a0, 4(tp)
80000de0: 13 05 85 00  	addi	a0, a0, 8
80000de4: 93 02 10 00  	li	t0, 1
80000de8: af 22 55 0c  	amoswap.w.aq	t0, t0, (a0)
80000dec: e3 9e 02 fe  	bnez	t0, 0x80000de8 <eu_mutex_lock+0xc>
80000df0: 67 80 00 00  	ret

80000df4 <eu_mutex_release>:
80000df4: 03 25 42 00  	lw	a0, 4(tp)
80000df8: 13 05 85 00  	addi	a0, a0, 8
80000dfc: 2f 20 05 0a  	amoswap.w.rl	zero, zero, (a0)
80000e00: 67 80 00 00  	ret

80000e04 <snrt_mutex>:
80000e04: 17 45 00 00  	auipc	a0, 4
80000e08: 13 05 05 4d  	addi	a0, a0, 1232
80000e0c: 67 80 00 00  	ret

80000e10 <snrt_mutex_acquire>:
80000e10: 93 02 10 00  	li	t0, 1
80000e14: af 22 55 0c  	amoswap.w.aq	t0, t0, (a0)
80000e18: e3 9e 02 fe  	bnez	t0, 0x80000e14 <snrt_mutex_acquire+0x4>
80000e1c: 67 80 00 00  	ret

80000e20 <snrt_mutex_ttas_acquire>:
80000e20: 83 22 05 00  	lw	t0, 0(a0)
80000e24: e3 9e 02 fe  	bnez	t0, 0x80000e20 <snrt_mutex_ttas_acquire>
80000e28: 93 02 10 00  	li	t0, 1
80000e2c: af 22 55 0c  	amoswap.w.aq	t0, t0, (a0)
80000e30: e3 9e 02 fe  	bnez	t0, 0x80000e2c <snrt_mutex_ttas_acquire+0xc>
80000e34: 67 80 00 00  	ret

80000e38 <snrt_mutex_release>:
80000e38: 2f 20 05 0a  	amoswap.w.rl	zero, zero, (a0)
80000e3c: 67 80 00 00  	ret

80000e40 <snrt_cluster_hw_barrier>:
80000e40: 73 20 20 7c  	csrr	zero, 1986
80000e44: 67 80 00 00  	ret

80000e48 <snrt_global_barrier>:
80000e48: 73 20 20 7c  	csrr	zero, 1986
80000e4c: 73 25 30 bc  	csrr	a0, 3011
80000e50: 93 15 05 01  	slli	a1, a0, 16
80000e54: 93 d5 05 01  	srli	a1, a1, 16
80000e58: 13 55 05 01  	srli	a0, a0, 16
80000e5c: 13 05 f5 ff  	addi	a0, a0, -1
80000e60: 63 e2 a5 02  	bltu	a1, a0, 0x80000e84 <snrt_global_barrier+0x3c>
80000e64: 17 45 00 00  	auipc	a0, 4
80000e68: 13 05 45 47  	addi	a0, a0, 1140
80000e6c: 83 25 45 00  	lw	a1, 4(a0)
80000e70: 13 06 10 00  	li	a2, 1
80000e74: af 26 c5 00  	amoadd.w	a3, a2, (a0)
80000e78: 63 8a 06 00  	beqz	a3, 0x80000e8c <snrt_global_barrier+0x44>
80000e7c: 03 26 45 00  	lw	a2, 4(a0)
80000e80: e3 8e c5 fe  	beq	a1, a2, 0x80000e7c <snrt_global_barrier+0x34>
80000e84: 73 20 20 7c  	csrr	zero, 1986
80000e88: 67 80 00 00  	ret
80000e8c: 23 20 05 00  	sw	zero, 0(a0)
80000e90: 13 05 45 00  	addi	a0, a0, 4
80000e94: 2f 25 c5 00  	amoadd.w	a0, a2, (a0)
80000e98: 73 20 20 7c  	csrr	zero, 1986
80000e9c: 67 80 00 00  	ret

80000ea0 <snrt_partial_barrier>:
80000ea0: 03 26 45 00  	lw	a2, 4(a0)
80000ea4: 93 06 10 00  	li	a3, 1
80000ea8: 2f 27 d5 00  	amoadd.w	a4, a3, (a0)
80000eac: 13 07 17 00  	addi	a4, a4, 1
80000eb0: 63 1a b7 00  	bne	a4, a1, 0x80000ec4 <snrt_partial_barrier+0x24>
80000eb4: 23 20 05 00  	sw	zero, 0(a0)
80000eb8: 13 05 45 00  	addi	a0, a0, 4
80000ebc: 2f 25 d5 00  	amoadd.w	a0, a3, (a0)
80000ec0: 67 80 00 00  	ret
80000ec4: 83 25 45 00  	lw	a1, 4(a0)
80000ec8: e3 0e b6 fe  	beq	a2, a1, 0x80000ec4 <snrt_partial_barrier+0x24>
80000ecc: 67 80 00 00  	ret

80000ed0 <snrt_global_reduction_dma>:
80000ed0: f3 26 30 bc  	csrr	a3, 3011
80000ed4: 13 97 06 01  	slli	a4, a3, 16
80000ed8: 13 57 07 01  	srli	a4, a4, 16
80000edc: 93 d6 06 01  	srli	a3, a3, 16
80000ee0: 93 86 f6 ff  	addi	a3, a3, -1
80000ee4: 63 66 d7 02  	bltu	a4, a3, 0x80000f10 <snrt_global_reduction_dma+0x40>
80000ee8: 13 17 36 00  	slli	a4, a2, 3
80000eec: 63 0e 07 00  	beqz	a4, 0x80000f08 <snrt_global_reduction_dma+0x38>
80000ef0: 93 06 00 00  	li	a3, 0
80000ef4: 13 86 05 00  	mv	a2, a1
80000ef8: 2b 00 d6 00  	<unknown>
80000efc: 93 05 00 00  	li	a1, 0
80000f00: 2b 00 b5 02  	<unknown>
80000f04: 2b 05 07 04  	<unknown>
80000f08: ab 02 20 08  	<unknown>
80000f0c: e3 9e 02 fe  	bnez	t0, 0x80000f08 <snrt_global_reduction_dma+0x38>
80000f10: 73 20 20 7c  	csrr	zero, 1986
80000f14: 67 80 00 00  	ret

80000f18 <snrt_global_all_to_all_reduction>:
80000f18: 97 45 00 00  	auipc	a1, 4
80000f1c: 93 85 85 3c  	addi	a1, a1, 968
80000f20: 2f a5 a5 00  	amoadd.w	a0, a0, (a1)
80000f24: 73 20 20 7c  	csrr	zero, 1986
80000f28: 73 25 30 bc  	csrr	a0, 3011
80000f2c: 13 16 05 01  	slli	a2, a0, 16
80000f30: 13 56 06 01  	srli	a2, a2, 16
80000f34: 13 55 05 01  	srli	a0, a0, 16
80000f38: 13 05 f5 ff  	addi	a0, a0, -1
80000f3c: 63 62 a6 02  	bltu	a2, a0, 0x80000f60 <snrt_global_all_to_all_reduction+0x48>
80000f40: 17 45 00 00  	auipc	a0, 4
80000f44: 13 05 85 39  	addi	a0, a0, 920
80000f48: 03 26 45 00  	lw	a2, 4(a0)
80000f4c: 93 06 10 00  	li	a3, 1
80000f50: 2f 27 d5 00  	amoadd.w	a4, a3, (a0)
80000f54: 63 0c 07 00  	beqz	a4, 0x80000f6c <snrt_global_all_to_all_reduction+0x54>
80000f58: 83 26 45 00  	lw	a3, 4(a0)
80000f5c: e3 0e d6 fe  	beq	a2, a3, 0x80000f58 <snrt_global_all_to_all_reduction+0x40>
80000f60: 73 20 20 7c  	csrr	zero, 1986
80000f64: 03 a5 05 00  	lw	a0, 0(a1)
80000f68: 67 80 00 00  	ret
80000f6c: 23 20 05 00  	sw	zero, 0(a0)
80000f70: 13 05 45 00  	addi	a0, a0, 4
80000f74: 2f 25 d5 00  	amoadd.w	a0, a3, (a0)
80000f78: 73 20 20 7c  	csrr	zero, 1986
80000f7c: 03 a5 05 00  	lw	a0, 0(a1)
80000f80: 67 80 00 00  	ret

80000f84 <snrt_hartid>:
80000f84: 73 25 40 f1  	csrr	a0, mhartid
80000f88: 67 80 00 00  	ret

80000f8c <snrt_global_core_base_hartid>:
80000f8c: 13 05 00 00  	li	a0, 0
80000f90: 67 80 00 00  	ret

80000f94 <snrt_global_core_idx>:
80000f94: 73 25 40 f1  	csrr	a0, mhartid
80000f98: 67 80 00 00  	ret

80000f9c <snrt_global_core_num>:
80000f9c: 73 25 30 bc  	csrr	a0, 3011
80000fa0: 13 55 05 01  	srli	a0, a0, 16
80000fa4: 67 80 00 00  	ret

80000fa8 <snrt_cluster_idx>:
80000fa8: 73 25 10 bc  	csrr	a0, 3009
80000fac: 13 15 85 00  	slli	a0, a0, 8
80000fb0: 13 55 a5 01  	srli	a0, a0, 26
80000fb4: 67 80 00 00  	ret

80000fb8 <snrt_cluster_num>:
80000fb8: 13 05 10 00  	li	a0, 1
80000fbc: 67 80 00 00  	ret

80000fc0 <snrt_cluster_core_idx>:
80000fc0: 73 25 30 bc  	csrr	a0, 3011
80000fc4: 13 15 05 01  	slli	a0, a0, 16
80000fc8: 13 55 05 01  	srli	a0, a0, 16
80000fcc: 67 80 00 00  	ret

80000fd0 <snrt_cluster_core_num>:
80000fd0: 73 25 30 bc  	csrr	a0, 3011
80000fd4: 13 55 05 01  	srli	a0, a0, 16
80000fd8: 67 80 00 00  	ret

80000fdc <snrt_cluster_compute_core_num>:
80000fdc: 73 25 30 bc  	csrr	a0, 3011
80000fe0: 13 55 05 01  	srli	a0, a0, 16
80000fe4: 13 05 f5 ff  	addi	a0, a0, -1
80000fe8: 67 80 00 00  	ret

80000fec <snrt_is_compute_core>:
80000fec: 73 25 30 bc  	csrr	a0, 3011
80000ff0: 93 15 05 01  	slli	a1, a0, 16
80000ff4: 93 d5 05 01  	srli	a1, a1, 16
80000ff8: 13 55 05 01  	srli	a0, a0, 16
80000ffc: 13 05 f5 ff  	addi	a0, a0, -1
80001000: 33 b5 a5 00  	sltu	a0, a1, a0
80001004: 67 80 00 00  	ret

80001008 <snrt_is_dm_core>:
80001008: 73 25 30 bc  	csrr	a0, 3011
8000100c: 93 15 05 01  	slli	a1, a0, 16
80001010: 93 d5 05 01  	srli	a1, a1, 16
80001014: 13 55 05 01  	srli	a0, a0, 16
80001018: 13 05 f5 ff  	addi	a0, a0, -1
8000101c: 33 b5 a5 00  	sltu	a0, a1, a0
80001020: 13 45 15 00  	xori	a0, a0, 1
80001024: 67 80 00 00  	ret

80001028 <snrt_cluster_dm_core_num>:
80001028: 13 05 10 00  	li	a0, 1
8000102c: 67 80 00 00  	ret

80001030 <printf_>:
80001030: 13 01 01 fd  	addi	sp, sp, -48
80001034: 23 26 11 00  	sw	ra, 12(sp)
80001038: 93 02 05 00  	mv	t0, a0
8000103c: 23 26 11 03  	sw	a7, 44(sp)
80001040: 23 24 01 03  	sw	a6, 40(sp)
80001044: 23 22 f1 02  	sw	a5, 36(sp)
80001048: 23 20 e1 02  	sw	a4, 32(sp)
8000104c: 23 2e d1 00  	sw	a3, 28(sp)
80001050: 23 2c c1 00  	sw	a2, 24(sp)
80001054: 23 2a b1 00  	sw	a1, 20(sp)
80001058: 13 05 41 01  	addi	a0, sp, 20
8000105c: 23 24 a1 00  	sw	a0, 8(sp)
80001060: 17 15 00 00  	auipc	a0, 1
80001064: 13 05 85 83  	addi	a0, a0, -1992
80001068: 93 05 71 00  	addi	a1, sp, 7
8000106c: 13 06 f0 ff  	li	a2, -1
80001070: 13 07 41 01  	addi	a4, sp, 20
80001074: 93 86 02 00  	mv	a3, t0
80001078: ef 00 00 01  	jal	0x80001088 <_vsnprintf>
8000107c: 83 20 c1 00  	lw	ra, 12(sp)
80001080: 13 01 01 03  	addi	sp, sp, 48
80001084: 67 80 00 00  	ret

80001088 <_vsnprintf>:
80001088: 13 01 01 fb  	addi	sp, sp, -80
8000108c: 23 26 11 04  	sw	ra, 76(sp)
80001090: 23 24 81 04  	sw	s0, 72(sp)
80001094: 23 22 91 04  	sw	s1, 68(sp)
80001098: 23 20 21 05  	sw	s2, 64(sp)
8000109c: 23 2e 31 03  	sw	s3, 60(sp)
800010a0: 23 2c 41 03  	sw	s4, 56(sp)
800010a4: 23 2a 51 03  	sw	s5, 52(sp)
800010a8: 23 28 61 03  	sw	s6, 48(sp)
800010ac: 23 26 71 03  	sw	s7, 44(sp)
800010b0: 23 24 81 03  	sw	s8, 40(sp)
800010b4: 23 22 91 03  	sw	s9, 36(sp)
800010b8: 23 20 a1 03  	sw	s10, 32(sp)
800010bc: 23 2e b1 01  	sw	s11, 28(sp)
800010c0: 23 2c e1 00  	sw	a4, 24(sp)
800010c4: 93 8a 06 00  	mv	s5, a3
800010c8: 13 04 06 00  	mv	s0, a2
800010cc: 93 84 05 00  	mv	s1, a1
800010d0: 63 86 05 00  	beqz	a1, 0x800010dc <_vsnprintf+0x54>
800010d4: 13 09 05 00  	mv	s2, a0
800010d8: 6f 00 c0 00  	j	0x800010e4 <_vsnprintf+0x5c>
800010dc: 17 15 00 00  	auipc	a0, 1
800010e0: 13 09 c5 85  	addi	s2, a0, -1956
800010e4: 13 0a 00 00  	li	s4, 0
800010e8: 93 0b 50 02  	li	s7, 37
800010ec: 13 0c 00 01  	li	s8, 16
800010f0: 93 0c 90 00  	li	s9, 9
800010f4: 13 0d a0 00  	li	s10, 10
800010f8: 13 05 10 00  	li	a0, 1
800010fc: 13 15 b5 00  	slli	a0, a0, 11
80001100: 23 2a a1 00  	sw	a0, 20(sp)
80001104: 13 8b 2a 00  	addi	s6, s5, 2
80001108: 03 c5 0a 00  	lbu	a0, 0(s5)
8000110c: 63 08 05 72  	beqz	a0, 0x8000183c <_vsnprintf+0x7b4>
80001110: 63 08 75 03  	beq	a0, s7, 0x80001140 <_vsnprintf+0xb8>
80001114: 93 09 1a 00  	addi	s3, s4, 1
80001118: 93 85 04 00  	mv	a1, s1
8000111c: 13 06 0a 00  	mv	a2, s4
80001120: 93 06 04 00  	mv	a3, s0
80001124: e7 00 09 00  	jalr	s2
80001128: 93 8a 1a 00  	addi	s5, s5, 1
8000112c: 13 0b 1b 00  	addi	s6, s6, 1
80001130: 13 8a 09 00  	mv	s4, s3
80001134: 03 c5 0a 00  	lbu	a0, 0(s5)
80001138: e3 1c 05 fc  	bnez	a0, 0x80001110 <_vsnprintf+0x88>
8000113c: 6f 00 00 70  	j	0x8000183c <_vsnprintf+0x7b4>
80001140: 13 0e 00 00  	li	t3, 0
80001144: 6f 00 00 01  	j	0x80001154 <_vsnprintf+0xcc>
80001148: 93 05 00 01  	li	a1, 16
8000114c: 33 6e be 00  	or	t3, t3, a1
80001150: 13 0b 1b 00  	addi	s6, s6, 1
80001154: 03 45 fb ff  	lbu	a0, -1(s6)
80001158: 93 05 05 fe  	addi	a1, a0, -32
8000115c: 63 6c bc 02  	bltu	s8, a1, 0x80001194 <_vsnprintf+0x10c>
80001160: 93 95 25 00  	slli	a1, a1, 2
80001164: 17 26 00 00  	auipc	a2, 2
80001168: 13 06 46 d2  	addi	a2, a2, -732
8000116c: b3 85 c5 00  	add	a1, a1, a2
80001170: 03 a6 05 00  	lw	a2, 0(a1)
80001174: 93 05 10 00  	li	a1, 1
80001178: 67 00 06 00  	jr	a2
8000117c: 93 05 80 00  	li	a1, 8
80001180: 6f f0 df fc  	j	0x8000114c <_vsnprintf+0xc4>
80001184: 93 05 40 00  	li	a1, 4
80001188: 6f f0 5f fc  	j	0x8000114c <_vsnprintf+0xc4>
8000118c: 93 05 20 00  	li	a1, 2
80001190: 6f f0 df fb  	j	0x8000114c <_vsnprintf+0xc4>
80001194: 93 05 05 fd  	addi	a1, a0, -48
80001198: 93 f5 f5 0f  	andi	a1, a1, 255
8000119c: 93 0d fb ff  	addi	s11, s6, -1
800011a0: 63 ec bc 06  	bltu	s9, a1, 0x80001218 <_vsnprintf+0x190>
800011a4: 93 0a 00 00  	li	s5, 0
800011a8: 93 75 f5 0f  	andi	a1, a0, 255
800011ac: 03 c5 1d 00  	lbu	a0, 1(s11)
800011b0: 33 86 aa 03  	mul	a2, s5, s10
800011b4: 93 8d 1d 00  	addi	s11, s11, 1
800011b8: b3 05 b6 00  	add	a1, a2, a1
800011bc: 13 06 05 fd  	addi	a2, a0, -48
800011c0: 13 76 f6 0f  	andi	a2, a2, 255
800011c4: 93 8a 05 fd  	addi	s5, a1, -48
800011c8: e3 60 a6 ff  	bltu	a2, s10, 0x800011a8 <_vsnprintf+0x120>
800011cc: 93 05 e0 02  	li	a1, 46
800011d0: 63 14 b5 0c  	bne	a0, a1, 0x80001298 <_vsnprintf+0x210>
800011d4: 03 c5 1d 00  	lbu	a0, 1(s11)
800011d8: 13 6e 0e 40  	ori	t3, t3, 1024
800011dc: 93 05 05 fd  	addi	a1, a0, -48
800011e0: 13 f6 f5 0f  	andi	a2, a1, 255
800011e4: 93 85 1d 00  	addi	a1, s11, 1
800011e8: 63 ea cc 06  	bltu	s9, a2, 0x8000125c <_vsnprintf+0x1d4>
800011ec: 13 0b 00 00  	li	s6, 0
800011f0: 13 76 f5 0f  	andi	a2, a0, 255
800011f4: 03 c5 15 00  	lbu	a0, 1(a1)
800011f8: b3 06 ab 03  	mul	a3, s6, s10
800011fc: 93 85 15 00  	addi	a1, a1, 1
80001200: 33 86 c6 00  	add	a2, a3, a2
80001204: 93 06 05 fd  	addi	a3, a0, -48
80001208: 93 f6 f6 0f  	andi	a3, a3, 255
8000120c: 13 0b 06 fd  	addi	s6, a2, -48
80001210: e3 e0 a6 ff  	bltu	a3, s10, 0x800011f0 <_vsnprintf+0x168>
80001214: 6f 00 00 09  	j	0x800012a4 <_vsnprintf+0x21c>
80001218: 93 05 a0 02  	li	a1, 42
8000121c: 63 18 b5 06  	bne	a0, a1, 0x8000128c <_vsnprintf+0x204>
80001220: 03 26 81 01  	lw	a2, 24(sp)
80001224: 83 25 06 00  	lw	a1, 0(a2)
80001228: 13 06 46 00  	addi	a2, a2, 4
8000122c: 13 d5 f5 41  	srai	a0, a1, 31
80001230: b3 c6 a5 00  	xor	a3, a1, a0
80001234: b3 8a a6 40  	sub	s5, a3, a0
80001238: 03 45 0b 00  	lbu	a0, 0(s6)
8000123c: 93 d5 e5 01  	srli	a1, a1, 30
80001240: 93 f5 25 00  	andi	a1, a1, 2
80001244: 33 6e be 00  	or	t3, t3, a1
80001248: 93 0d 0b 00  	mv	s11, s6
8000124c: 23 2c c1 00  	sw	a2, 24(sp)
80001250: 93 05 e0 02  	li	a1, 46
80001254: 63 12 b5 04  	bne	a0, a1, 0x80001298 <_vsnprintf+0x210>
80001258: 6f f0 df f7  	j	0x800011d4 <_vsnprintf+0x14c>
8000125c: 13 06 a0 02  	li	a2, 42
80001260: 63 10 c5 04  	bne	a0, a2, 0x800012a0 <_vsnprintf+0x218>
80001264: 03 26 81 01  	lw	a2, 24(sp)
80001268: 83 25 06 00  	lw	a1, 0(a2)
8000126c: 13 06 46 00  	addi	a2, a2, 4
80001270: b3 26 b0 00  	sgtz	a3, a1
80001274: 03 c5 2d 00  	lbu	a0, 2(s11)
80001278: b3 06 d0 40  	neg	a3, a3
8000127c: 93 8d 2d 00  	addi	s11, s11, 2
80001280: 33 fb b6 00  	and	s6, a3, a1
80001284: 23 2c c1 00  	sw	a2, 24(sp)
80001288: 6f 00 00 02  	j	0x800012a8 <_vsnprintf+0x220>
8000128c: 93 0a 00 00  	li	s5, 0
80001290: 93 05 e0 02  	li	a1, 46
80001294: e3 00 b5 f4  	beq	a0, a1, 0x800011d4 <_vsnprintf+0x14c>
80001298: 13 0b 00 00  	li	s6, 0
8000129c: 6f 00 c0 00  	j	0x800012a8 <_vsnprintf+0x220>
800012a0: 13 0b 00 00  	li	s6, 0
800012a4: 93 8d 05 00  	mv	s11, a1
800012a8: 93 05 85 f9  	addi	a1, a0, -104
800012ac: 13 16 f5 01  	slli	a2, a0, 31
800012b0: 93 d5 15 00  	srli	a1, a1, 1
800012b4: b3 65 b6 00  	or	a1, a2, a1
800012b8: 63 e2 bc 06  	bltu	s9, a1, 0x8000131c <_vsnprintf+0x294>
800012bc: 93 95 25 00  	slli	a1, a1, 2
800012c0: 17 26 00 00  	auipc	a2, 2
800012c4: 13 06 c6 c0  	addi	a2, a2, -1012
800012c8: b3 85 c5 00  	add	a1, a1, a2
800012cc: 83 a6 05 00  	lw	a3, 0(a1)
800012d0: 93 05 10 00  	li	a1, 1
800012d4: 13 06 00 10  	li	a2, 256
800012d8: 67 80 06 00  	jr	a3
800012dc: 03 c5 1d 00  	lbu	a0, 1(s11)
800012e0: 93 05 80 06  	li	a1, 104
800012e4: 63 10 b5 14  	bne	a0, a1, 0x80001424 <_vsnprintf+0x39c>
800012e8: 93 05 20 00  	li	a1, 2
800012ec: 13 06 00 0c  	li	a2, 192
800012f0: 6f 00 00 02  	j	0x80001310 <_vsnprintf+0x288>
800012f4: 13 06 00 20  	li	a2, 512
800012f8: 6f 00 80 01  	j	0x80001310 <_vsnprintf+0x288>
800012fc: 03 c5 1d 00  	lbu	a0, 1(s11)
80001300: 93 05 c0 06  	li	a1, 108
80001304: 63 16 b5 12  	bne	a0, a1, 0x80001430 <_vsnprintf+0x3a8>
80001308: 93 05 20 00  	li	a1, 2
8000130c: 13 06 00 30  	li	a2, 768
80001310: b3 8d bd 00  	add	s11, s11, a1
80001314: 03 c5 0d 00  	lbu	a0, 0(s11)
80001318: 33 6e ce 00  	or	t3, t3, a2
8000131c: 93 05 b5 fd  	addi	a1, a0, -37
80001320: 13 06 30 05  	li	a2, 83
80001324: 63 62 b6 12  	bltu	a2, a1, 0x80001448 <_vsnprintf+0x3c0>
80001328: 93 95 25 00  	slli	a1, a1, 2
8000132c: 17 26 00 00  	auipc	a2, 2
80001330: 13 06 86 bc  	addi	a2, a2, -1080
80001334: b3 85 c5 00  	add	a1, a1, a2
80001338: 03 a6 05 00  	lw	a2, 0(a1)
8000133c: 93 05 80 00  	li	a1, 8
80001340: 13 08 00 01  	li	a6, 16
80001344: 67 00 06 00  	jr	a2
80001348: 13 7e fe fe  	andi	t3, t3, -17
8000134c: 13 08 a0 00  	li	a6, 10
80001350: 93 05 85 fa  	addi	a1, a0, -88
80001354: 93 b5 15 00  	seqz	a1, a1
80001358: 93 95 55 00  	slli	a1, a1, 5
8000135c: 33 6e be 00  	or	t3, t3, a1
80001360: 93 05 40 06  	li	a1, 100
80001364: 63 04 b5 10  	beq	a0, a1, 0x8000146c <_vsnprintf+0x3e4>
80001368: 93 05 08 00  	mv	a1, a6
8000136c: 13 06 90 06  	li	a2, 105
80001370: 63 0e c5 0e  	beq	a0, a2, 0x8000146c <_vsnprintf+0x3e4>
80001374: 6f 00 00 0f  	j	0x80001464 <_vsnprintf+0x3dc>
80001378: 13 05 a5 fb  	addi	a0, a0, -70
8000137c: 13 35 15 00  	seqz	a0, a0
80001380: 83 25 81 01  	lw	a1, 24(sp)
80001384: 93 85 75 00  	addi	a1, a1, 7
80001388: 93 f5 85 ff  	andi	a1, a1, -8
8000138c: 07 b5 05 00  	fld	fa0, 0(a1)
80001390: 13 15 55 00  	slli	a0, a0, 5
80001394: 33 68 ae 00  	or	a6, t3, a0
80001398: 93 85 85 00  	addi	a1, a1, 8
8000139c: 23 2c b1 00  	sw	a1, 24(sp)
800013a0: 13 05 09 00  	mv	a0, s2
800013a4: 93 85 04 00  	mv	a1, s1
800013a8: 13 06 0a 00  	mv	a2, s4
800013ac: 93 06 04 00  	mv	a3, s0
800013b0: 13 07 0b 00  	mv	a4, s6
800013b4: 93 87 0a 00  	mv	a5, s5
800013b8: ef 00 d0 11  	jal	0x80001cd4 <_ftoa>
800013bc: 13 0a 05 00  	mv	s4, a0
800013c0: 93 8a 1d 00  	addi	s5, s11, 1
800013c4: 6f f0 1f d4  	j	0x80001104 <_vsnprintf+0x7c>
800013c8: 83 25 41 01  	lw	a1, 20(sp)
800013cc: 33 6e be 00  	or	t3, t3, a1
800013d0: 13 65 25 00  	ori	a0, a0, 2
800013d4: 93 05 70 04  	li	a1, 71
800013d8: 63 14 b5 00  	bne	a0, a1, 0x800013e0 <_vsnprintf+0x358>
800013dc: 13 6e 0e 02  	ori	t3, t3, 32
800013e0: 03 25 81 01  	lw	a0, 24(sp)
800013e4: 13 05 75 00  	addi	a0, a0, 7
800013e8: 13 75 85 ff  	andi	a0, a0, -8
800013ec: 07 35 05 00  	fld	fa0, 0(a0)
800013f0: 13 05 85 00  	addi	a0, a0, 8
800013f4: 23 2c a1 00  	sw	a0, 24(sp)
800013f8: 13 05 09 00  	mv	a0, s2
800013fc: 93 85 04 00  	mv	a1, s1
80001400: 13 06 0a 00  	mv	a2, s4
80001404: 93 06 04 00  	mv	a3, s0
80001408: 13 07 0b 00  	mv	a4, s6
8000140c: 93 87 0a 00  	mv	a5, s5
80001410: 13 08 0e 00  	mv	a6, t3
80001414: ef 00 d0 72  	jal	0x80002340 <_etoa>
80001418: 13 0a 05 00  	mv	s4, a0
8000141c: 93 8a 1d 00  	addi	s5, s11, 1
80001420: 6f f0 5f ce  	j	0x80001104 <_vsnprintf+0x7c>
80001424: 13 6e 0e 08  	ori	t3, t3, 128
80001428: 93 8d 1d 00  	addi	s11, s11, 1
8000142c: 6f f0 1f ef  	j	0x8000131c <_vsnprintf+0x294>
80001430: 13 6e 0e 10  	ori	t3, t3, 256
80001434: 93 8d 1d 00  	addi	s11, s11, 1
80001438: 6f f0 5f ee  	j	0x8000131c <_vsnprintf+0x294>
8000143c: 93 09 1a 00  	addi	s3, s4, 1
80001440: 13 05 50 02  	li	a0, 37
80001444: 6f 00 80 00  	j	0x8000144c <_vsnprintf+0x3c4>
80001448: 93 09 1a 00  	addi	s3, s4, 1
8000144c: 93 85 04 00  	mv	a1, s1
80001450: 13 06 0a 00  	mv	a2, s4
80001454: 93 06 04 00  	mv	a3, s0
80001458: e7 00 09 00  	jalr	s2
8000145c: 6f 00 40 3c  	j	0x80001820 <_vsnprintf+0x798>
80001460: 93 05 20 00  	li	a1, 2
80001464: 13 7e 3e ff  	andi	t3, t3, -13
80001468: 13 88 05 00  	mv	a6, a1
8000146c: 93 75 0e 40  	andi	a1, t3, 1024
80001470: 63 84 05 00  	beqz	a1, 0x80001478 <_vsnprintf+0x3f0>
80001474: 13 7e ee ff  	andi	t3, t3, -2
80001478: 93 05 90 06  	li	a1, 105
8000147c: 63 06 b5 00  	beq	a0, a1, 0x80001488 <_vsnprintf+0x400>
80001480: 93 05 40 06  	li	a1, 100
80001484: 63 1e b5 02  	bne	a0, a1, 0x800014c0 <_vsnprintf+0x438>
80001488: 13 75 0e 20  	andi	a0, t3, 512
8000148c: 63 1c 05 38  	bnez	a0, 0x80001824 <_vsnprintf+0x79c>
80001490: 13 75 0e 10  	andi	a0, t3, 256
80001494: 63 12 05 06  	bnez	a0, 0x800014f8 <_vsnprintf+0x470>
80001498: 13 75 0e 04  	andi	a0, t3, 64
8000149c: 63 16 05 22  	bnez	a0, 0x800016c8 <_vsnprintf+0x640>
800014a0: 03 25 81 01  	lw	a0, 24(sp)
800014a4: 83 27 05 00  	lw	a5, 0(a0)
800014a8: 13 75 0e 08  	andi	a0, t3, 128
800014ac: 63 06 05 00  	beqz	a0, 0x800014b8 <_vsnprintf+0x430>
800014b0: 93 97 07 01  	slli	a5, a5, 16
800014b4: 93 d7 07 41  	srai	a5, a5, 16
800014b8: 03 25 81 01  	lw	a0, 24(sp)
800014bc: 6f 00 40 21  	j	0x800016d0 <_vsnprintf+0x648>
800014c0: 13 75 0e 20  	andi	a0, t3, 512
800014c4: 63 10 05 36  	bnez	a0, 0x80001824 <_vsnprintf+0x79c>
800014c8: 13 75 0e 10  	andi	a0, t3, 256
800014cc: 63 18 05 22  	bnez	a0, 0x800016fc <_vsnprintf+0x674>
800014d0: 13 75 0e 04  	andi	a0, t3, 64
800014d4: 63 1a 05 26  	bnez	a0, 0x80001748 <_vsnprintf+0x6c0>
800014d8: 03 25 81 01  	lw	a0, 24(sp)
800014dc: 03 27 05 00  	lw	a4, 0(a0)
800014e0: 13 75 0e 08  	andi	a0, t3, 128
800014e4: 63 06 05 00  	beqz	a0, 0x800014f0 <_vsnprintf+0x468>
800014e8: 13 17 07 01  	slli	a4, a4, 16
800014ec: 13 57 07 01  	srli	a4, a4, 16
800014f0: 03 25 81 01  	lw	a0, 24(sp)
800014f4: 6f 00 c0 25  	j	0x80001750 <_vsnprintf+0x6c8>
800014f8: 83 29 81 01  	lw	s3, 24(sp)
800014fc: 83 a7 09 00  	lw	a5, 0(s3)
80001500: 93 89 49 00  	addi	s3, s3, 4
80001504: 13 d5 f7 41  	srai	a0, a5, 31
80001508: 33 c7 a7 00  	xor	a4, a5, a0
8000150c: 33 07 a7 40  	sub	a4, a4, a0
80001510: 93 d7 f7 01  	srli	a5, a5, 31
80001514: 13 05 09 00  	mv	a0, s2
80001518: 93 85 04 00  	mv	a1, s1
8000151c: 13 06 0a 00  	mv	a2, s4
80001520: 93 06 04 00  	mv	a3, s0
80001524: 6f 00 80 1f  	j	0x8000171c <_vsnprintf+0x694>
80001528: 93 79 2e 00  	andi	s3, t3, 2
8000152c: 13 0b 10 00  	li	s6, 1
80001530: 63 9a 09 02  	bnez	s3, 0x80001564 <_vsnprintf+0x4dc>
80001534: 13 0b 20 00  	li	s6, 2
80001538: 63 e6 6a 03  	bltu	s5, s6, 0x80001564 <_vsnprintf+0x4dc>
8000153c: 13 8b 1a 00  	addi	s6, s5, 1
80001540: 93 8c fa ff  	addi	s9, s5, -1
80001544: 13 06 0a 00  	mv	a2, s4
80001548: 13 0a 1a 00  	addi	s4, s4, 1
8000154c: 13 05 00 02  	li	a0, 32
80001550: 93 85 04 00  	mv	a1, s1
80001554: 93 06 04 00  	mv	a3, s0
80001558: e7 00 09 00  	jalr	s2
8000155c: 93 8c fc ff  	addi	s9, s9, -1
80001560: e3 92 0c fe  	bnez	s9, 0x80001544 <_vsnprintf+0x4bc>
80001564: 03 25 81 01  	lw	a0, 24(sp)
80001568: 13 06 0a 00  	mv	a2, s4
8000156c: 93 05 05 00  	mv	a1, a0
80001570: 03 45 05 00  	lbu	a0, 0(a0)
80001574: b3 3c 30 01  	snez	s9, s3
80001578: 93 89 45 00  	addi	s3, a1, 4
8000157c: 13 0a 1a 00  	addi	s4, s4, 1
80001580: 93 85 04 00  	mv	a1, s1
80001584: 93 06 04 00  	mv	a3, s0
80001588: e7 00 09 00  	jalr	s2
8000158c: 33 35 5b 01  	sltu	a0, s6, s5
80001590: 33 f5 ac 00  	and	a0, s9, a0
80001594: 63 02 05 1a  	beqz	a0, 0x80001738 <_vsnprintf+0x6b0>
80001598: b3 8a 6a 41  	sub	s5, s5, s6
8000159c: 93 0c 90 00  	li	s9, 9
800015a0: 13 06 0a 00  	mv	a2, s4
800015a4: 13 0a 1a 00  	addi	s4, s4, 1
800015a8: 13 05 00 02  	li	a0, 32
800015ac: 93 85 04 00  	mv	a1, s1
800015b0: 93 06 04 00  	mv	a3, s0
800015b4: e7 00 09 00  	jalr	s2
800015b8: 93 8a fa ff  	addi	s5, s5, -1
800015bc: e3 92 0a fe  	bnez	s5, 0x800015a0 <_vsnprintf+0x518>
800015c0: 23 2c 31 01  	sw	s3, 24(sp)
800015c4: 93 8a 1d 00  	addi	s5, s11, 1
800015c8: 6f f0 df b3  	j	0x80001104 <_vsnprintf+0x7c>
800015cc: 83 29 81 01  	lw	s3, 24(sp)
800015d0: 03 a7 09 00  	lw	a4, 0(s3)
800015d4: 13 6e 1e 02  	ori	t3, t3, 33
800015d8: 93 89 49 00  	addi	s3, s3, 4
800015dc: 13 08 00 01  	li	a6, 16
800015e0: 93 03 80 00  	li	t2, 8
800015e4: 13 05 09 00  	mv	a0, s2
800015e8: 93 85 04 00  	mv	a1, s1
800015ec: 13 06 0a 00  	mv	a2, s4
800015f0: 93 06 04 00  	mv	a3, s0
800015f4: 93 07 00 00  	li	a5, 0
800015f8: 93 08 0b 00  	mv	a7, s6
800015fc: 6f 00 80 12  	j	0x80001724 <_vsnprintf+0x69c>
80001600: 03 25 81 01  	lw	a0, 24(sp)
80001604: 83 2c 05 00  	lw	s9, 0(a0)
80001608: 03 c5 0c 00  	lbu	a0, 0(s9)
8000160c: 13 86 0c 00  	mv	a2, s9
80001610: 63 0c 05 02  	beqz	a0, 0x80001648 <_vsnprintf+0x5c0>
80001614: b3 35 60 01  	snez	a1, s6
80001618: 93 85 f5 ff  	addi	a1, a1, -1
8000161c: b3 e5 65 01  	or	a1, a1, s6
80001620: 93 85 f5 ff  	addi	a1, a1, -1
80001624: 93 86 0c 00  	mv	a3, s9
80001628: 03 c7 16 00  	lbu	a4, 1(a3)
8000162c: 13 86 16 00  	addi	a2, a3, 1
80001630: 93 36 17 00  	seqz	a3, a4
80001634: 13 b7 15 00  	seqz	a4, a1
80001638: 33 e7 e6 00  	or	a4, a3, a4
8000163c: 93 85 f5 ff  	addi	a1, a1, -1
80001640: 93 06 06 00  	mv	a3, a2
80001644: e3 02 07 fe  	beqz	a4, 0x80001628 <_vsnprintf+0x5a0>
80001648: b3 05 96 41  	sub	a1, a2, s9
8000164c: 13 86 05 00  	mv	a2, a1
80001650: 63 e2 65 03  	bltu	a1, s6, 0x80001674 <_vsnprintf+0x5ec>
80001654: 13 06 0b 00  	mv	a2, s6
80001658: 93 76 0e 40  	andi	a3, t3, 1024
8000165c: 23 28 d1 00  	sw	a3, 16(sp)
80001660: 63 90 06 02  	bnez	a3, 0x80001680 <_vsnprintf+0x5f8>
80001664: 13 76 2e 00  	andi	a2, t3, 2
80001668: 23 26 c1 00  	sw	a2, 12(sp)
8000166c: 63 02 06 02  	beqz	a2, 0x80001690 <_vsnprintf+0x608>
80001670: 6f 00 80 11  	j	0x80001788 <_vsnprintf+0x700>
80001674: 93 76 0e 40  	andi	a3, t3, 1024
80001678: 23 28 d1 00  	sw	a3, 16(sp)
8000167c: e3 84 06 fe  	beqz	a3, 0x80001664 <_vsnprintf+0x5dc>
80001680: 93 05 06 00  	mv	a1, a2
80001684: 13 76 2e 00  	andi	a2, t3, 2
80001688: 23 26 c1 00  	sw	a2, 12(sp)
8000168c: 63 1e 06 0e  	bnez	a2, 0x80001788 <_vsnprintf+0x700>
80001690: 63 fa 55 0f  	bgeu	a1, s5, 0x80001784 <_vsnprintf+0x6fc>
80001694: 13 85 1a 00  	addi	a0, s5, 1
80001698: 23 24 a1 00  	sw	a0, 8(sp)
8000169c: b3 89 ba 40  	sub	s3, s5, a1
800016a0: 13 06 0a 00  	mv	a2, s4
800016a4: 13 0a 1a 00  	addi	s4, s4, 1
800016a8: 13 05 00 02  	li	a0, 32
800016ac: 93 85 04 00  	mv	a1, s1
800016b0: 93 06 04 00  	mv	a3, s0
800016b4: e7 00 09 00  	jalr	s2
800016b8: 93 89 f9 ff  	addi	s3, s3, -1
800016bc: e3 92 09 fe  	bnez	s3, 0x800016a0 <_vsnprintf+0x618>
800016c0: 03 c5 0c 00  	lbu	a0, 0(s9)
800016c4: 6f 00 80 0c  	j	0x8000178c <_vsnprintf+0x704>
800016c8: 03 25 81 01  	lw	a0, 24(sp)
800016cc: 83 47 05 00  	lbu	a5, 0(a0)
800016d0: 13 05 45 00  	addi	a0, a0, 4
800016d4: 23 2c a1 00  	sw	a0, 24(sp)
800016d8: 13 d5 f7 41  	srai	a0, a5, 31
800016dc: 33 c7 a7 00  	xor	a4, a5, a0
800016e0: 33 07 a7 40  	sub	a4, a4, a0
800016e4: 93 d7 f7 01  	srli	a5, a5, 31
800016e8: 13 05 09 00  	mv	a0, s2
800016ec: 93 85 04 00  	mv	a1, s1
800016f0: 13 06 0a 00  	mv	a2, s4
800016f4: 93 06 04 00  	mv	a3, s0
800016f8: 6f 00 40 07  	j	0x8000176c <_vsnprintf+0x6e4>
800016fc: 83 29 81 01  	lw	s3, 24(sp)
80001700: 03 a7 09 00  	lw	a4, 0(s3)
80001704: 93 89 49 00  	addi	s3, s3, 4
80001708: 13 05 09 00  	mv	a0, s2
8000170c: 93 85 04 00  	mv	a1, s1
80001710: 13 06 0a 00  	mv	a2, s4
80001714: 93 06 04 00  	mv	a3, s0
80001718: 93 07 00 00  	li	a5, 0
8000171c: 93 08 0b 00  	mv	a7, s6
80001720: 93 83 0a 00  	mv	t2, s5
80001724: ef 00 80 21  	jal	0x8000193c <_ntoa_long>
80001728: 13 0a 05 00  	mv	s4, a0
8000172c: 23 2c 31 01  	sw	s3, 24(sp)
80001730: 93 8a 1d 00  	addi	s5, s11, 1
80001734: 6f f0 1f 9d  	j	0x80001104 <_vsnprintf+0x7c>
80001738: 23 2c 31 01  	sw	s3, 24(sp)
8000173c: 93 0c 90 00  	li	s9, 9
80001740: 93 8a 1d 00  	addi	s5, s11, 1
80001744: 6f f0 1f 9c  	j	0x80001104 <_vsnprintf+0x7c>
80001748: 03 25 81 01  	lw	a0, 24(sp)
8000174c: 03 47 05 00  	lbu	a4, 0(a0)
80001750: 13 05 45 00  	addi	a0, a0, 4
80001754: 23 2c a1 00  	sw	a0, 24(sp)
80001758: 13 05 09 00  	mv	a0, s2
8000175c: 93 85 04 00  	mv	a1, s1
80001760: 13 06 0a 00  	mv	a2, s4
80001764: 93 06 04 00  	mv	a3, s0
80001768: 93 07 00 00  	li	a5, 0
8000176c: 93 08 0b 00  	mv	a7, s6
80001770: 93 83 0a 00  	mv	t2, s5
80001774: ef 00 80 1c  	jal	0x8000193c <_ntoa_long>
80001778: 13 0a 05 00  	mv	s4, a0
8000177c: 93 8a 1d 00  	addi	s5, s11, 1
80001780: 6f f0 5f 98  	j	0x80001104 <_vsnprintf+0x7c>
80001784: 93 85 15 00  	addi	a1, a1, 1
80001788: 23 24 b1 00  	sw	a1, 8(sp)
8000178c: 63 02 05 04  	beqz	a0, 0x800017d0 <_vsnprintf+0x748>
80001790: 93 8c 1c 00  	addi	s9, s9, 1
80001794: 6f 00 00 03  	j	0x800017c4 <_vsnprintf+0x73c>
80001798: 13 0b fb ff  	addi	s6, s6, -1
8000179c: 93 09 1a 00  	addi	s3, s4, 1
800017a0: 13 75 f5 0f  	andi	a0, a0, 255
800017a4: 93 85 04 00  	mv	a1, s1
800017a8: 13 06 0a 00  	mv	a2, s4
800017ac: 93 06 04 00  	mv	a3, s0
800017b0: e7 00 09 00  	jalr	s2
800017b4: 03 c5 0c 00  	lbu	a0, 0(s9)
800017b8: 93 8c 1c 00  	addi	s9, s9, 1
800017bc: 13 8a 09 00  	mv	s4, s3
800017c0: 63 0a 05 00  	beqz	a0, 0x800017d4 <_vsnprintf+0x74c>
800017c4: 83 25 01 01  	lw	a1, 16(sp)
800017c8: e3 8a 05 fc  	beqz	a1, 0x8000179c <_vsnprintf+0x714>
800017cc: e3 16 0b fc  	bnez	s6, 0x80001798 <_vsnprintf+0x710>
800017d0: 93 09 0a 00  	mv	s3, s4
800017d4: 03 25 c1 00  	lw	a0, 12(sp)
800017d8: 33 35 a0 00  	snez	a0, a0
800017dc: 03 26 81 00  	lw	a2, 8(sp)
800017e0: b3 35 56 01  	sltu	a1, a2, s5
800017e4: 33 75 b5 00  	and	a0, a0, a1
800017e8: 83 25 81 01  	lw	a1, 24(sp)
800017ec: 93 85 45 00  	addi	a1, a1, 4
800017f0: 23 2c b1 00  	sw	a1, 24(sp)
800017f4: 63 0c 05 02  	beqz	a0, 0x8000182c <_vsnprintf+0x7a4>
800017f8: 33 8a ca 40  	sub	s4, s5, a2
800017fc: 93 0c 90 00  	li	s9, 9
80001800: 13 86 09 00  	mv	a2, s3
80001804: 93 89 19 00  	addi	s3, s3, 1
80001808: 13 05 00 02  	li	a0, 32
8000180c: 93 85 04 00  	mv	a1, s1
80001810: 93 06 04 00  	mv	a3, s0
80001814: e7 00 09 00  	jalr	s2
80001818: 13 0a fa ff  	addi	s4, s4, -1
8000181c: e3 12 0a fe  	bnez	s4, 0x80001800 <_vsnprintf+0x778>
80001820: 13 8a 09 00  	mv	s4, s3
80001824: 93 8a 1d 00  	addi	s5, s11, 1
80001828: 6f f0 df 8d  	j	0x80001104 <_vsnprintf+0x7c>
8000182c: 13 8a 09 00  	mv	s4, s3
80001830: 93 0c 90 00  	li	s9, 9
80001834: 93 8a 1d 00  	addi	s5, s11, 1
80001838: 6f f0 df 8c  	j	0x80001104 <_vsnprintf+0x7c>
8000183c: 13 06 0a 00  	mv	a2, s4
80001840: 63 64 8a 00  	bltu	s4, s0, 0x80001848 <_vsnprintf+0x7c0>
80001844: 13 06 f4 ff  	addi	a2, s0, -1
80001848: 13 05 00 00  	li	a0, 0
8000184c: 93 85 04 00  	mv	a1, s1
80001850: 93 06 04 00  	mv	a3, s0
80001854: e7 00 09 00  	jalr	s2
80001858: 13 05 0a 00  	mv	a0, s4
8000185c: 83 20 c1 04  	lw	ra, 76(sp)
80001860: 03 24 81 04  	lw	s0, 72(sp)
80001864: 83 24 41 04  	lw	s1, 68(sp)
80001868: 03 29 01 04  	lw	s2, 64(sp)
8000186c: 83 29 c1 03  	lw	s3, 60(sp)
80001870: 03 2a 81 03  	lw	s4, 56(sp)
80001874: 83 2a 41 03  	lw	s5, 52(sp)
80001878: 03 2b 01 03  	lw	s6, 48(sp)
8000187c: 83 2b c1 02  	lw	s7, 44(sp)
80001880: 03 2c 81 02  	lw	s8, 40(sp)
80001884: 83 2c 41 02  	lw	s9, 36(sp)
80001888: 03 2d 01 02  	lw	s10, 32(sp)
8000188c: 83 2d c1 01  	lw	s11, 28(sp)
80001890: 13 01 01 05  	addi	sp, sp, 80
80001894: 67 80 00 00  	ret

80001898 <_out_char>:
80001898: 63 0e 05 08  	beqz	a0, 0x80001934 <_out_char+0x9c>
8000189c: f3 25 40 f1  	csrr	a1, mhartid
800018a0: 13 06 80 44  	li	a2, 1096
800018a4: b3 85 c5 02  	mul	a1, a1, a2
800018a8: 17 46 00 00  	auipc	a2, 4
800018ac: 13 06 06 a6  	addi	a2, a2, -1440
800018b0: b3 05 b6 00  	add	a1, a2, a1
800018b4: 03 a6 05 00  	lw	a2, 0(a1)
800018b8: 93 06 16 00  	addi	a3, a2, 1
800018bc: 23 a0 d5 00  	sw	a3, 0(a1)
800018c0: 33 86 c5 00  	add	a2, a1, a2
800018c4: 23 04 a6 04  	sb	a0, 72(a2)
800018c8: 03 a6 05 00  	lw	a2, 0(a1)
800018cc: 13 06 46 c0  	addi	a2, a2, -1020
800018d0: 33 36 c0 00  	snez	a2, a2
800018d4: 13 05 65 ff  	addi	a0, a0, -10
800018d8: 33 35 a0 00  	snez	a0, a0
800018dc: 33 75 c5 00  	and	a0, a0, a2
800018e0: 63 1a 05 04  	bnez	a0, 0x80001934 <_out_char+0x9c>
800018e4: 13 85 85 04  	addi	a0, a1, 72
800018e8: 23 a6 05 00  	sw	zero, 12(a1)
800018ec: 13 06 00 04  	li	a2, 64
800018f0: 23 a4 c5 00  	sw	a2, 8(a1)
800018f4: 23 aa 05 00  	sw	zero, 20(a1)
800018f8: 13 06 10 00  	li	a2, 1
800018fc: 23 a8 c5 00  	sw	a2, 16(a1)
80001900: 23 ae 05 00  	sw	zero, 28(a1)
80001904: 23 ac a5 00  	sw	a0, 24(a1)
80001908: 03 a5 05 00  	lw	a0, 0(a1)
8000190c: 13 86 85 00  	addi	a2, a1, 8
80001910: 23 a2 05 02  	sw	zero, 36(a1)
80001914: 23 a0 a5 02  	sw	a0, 32(a1)
80001918: 17 25 00 00  	auipc	a0, 2
8000191c: 23 24 c5 86  	sw	a2, -1944(a0)
80001920: 17 25 00 00  	auipc	a0, 2
80001924: 03 26 05 8a  	lw	a2, -1888(a0)
80001928: e3 0e 06 fe  	beqz	a2, 0x80001924 <_out_char+0x8c>
8000192c: 23 20 05 8a  	sw	zero, -1888(a0)
80001930: 23 a0 05 00  	sw	zero, 0(a1)
80001934: 67 80 00 00  	ret

80001938 <_out_null>:
80001938: 67 80 00 00  	ret

8000193c <_ntoa_long>:
8000193c: 13 01 01 fb  	addi	sp, sp, -80
80001940: 23 26 11 04  	sw	ra, 76(sp)
80001944: 23 24 81 04  	sw	s0, 72(sp)
80001948: 23 22 91 04  	sw	s1, 68(sp)
8000194c: 23 20 21 05  	sw	s2, 64(sp)
80001950: 23 2e 31 03  	sw	s3, 60(sp)
80001954: 23 2c 41 03  	sw	s4, 56(sp)
80001958: 23 2a 51 03  	sw	s5, 52(sp)
8000195c: 23 28 61 03  	sw	s6, 48(sp)
80001960: 23 26 71 03  	sw	s7, 44(sp)
80001964: 23 24 81 03  	sw	s8, 40(sp)
80001968: 23 22 91 03  	sw	s9, 36(sp)
8000196c: 23 20 a1 03  	sw	s10, 32(sp)
80001970: 13 84 03 00  	mv	s0, t2
80001974: 93 84 06 00  	mv	s1, a3
80001978: 13 0a 06 00  	mv	s4, a2
8000197c: 13 89 05 00  	mv	s2, a1
80001980: 93 09 05 00  	mv	s3, a0
80001984: 93 35 17 00  	seqz	a1, a4
80001988: 63 14 07 00  	bnez	a4, 0x80001990 <_ntoa_long+0x54>
8000198c: 13 7e fe fe  	andi	t3, t3, -17
80001990: 13 75 0e 40  	andi	a0, t3, 1024
80001994: 13 56 a5 00  	srli	a2, a0, 10
80001998: b3 f5 c5 00  	and	a1, a1, a2
8000199c: 63 96 05 06  	bnez	a1, 0x80001a08 <_ntoa_long+0xcc>
800019a0: 93 06 00 00  	li	a3, 0
800019a4: 93 75 0e 02  	andi	a1, t3, 32
800019a8: 93 c5 15 06  	xori	a1, a1, 97
800019ac: 93 85 65 0f  	addi	a1, a1, 246
800019b0: 13 06 a0 00  	li	a2, 10
800019b4: 93 02 01 00  	mv	t0, sp
800019b8: 6f 00 00 03  	j	0x800019e8 <_ntoa_long+0xac>
800019bc: b3 83 d3 01  	add	t2, t2, t4
800019c0: 13 8c 16 00  	addi	s8, a3, 1
800019c4: b3 8e d2 00  	add	t4, t0, a3
800019c8: 33 37 07 01  	sltu	a4, a4, a6
800019cc: 13 47 f7 ff  	not	a4, a4
800019d0: 93 b6 f6 01  	sltiu	a3, a3, 31
800019d4: 33 7f d7 00  	and	t5, a4, a3
800019d8: 23 80 7e 00  	sb	t2, 0(t4)
800019dc: 93 06 0c 00  	mv	a3, s8
800019e0: 13 07 03 00  	mv	a4, t1
800019e4: 63 04 0f 02  	beqz	t5, 0x80001a0c <_ntoa_long+0xd0>
800019e8: 33 53 07 03  	divu	t1, a4, a6
800019ec: b3 03 03 03  	mul	t2, t1, a6
800019f0: b3 03 77 40  	sub	t2, a4, t2
800019f4: 13 ff e3 0f  	andi	t5, t2, 254
800019f8: 93 8e 05 00  	mv	t4, a1
800019fc: e3 70 cf fc  	bgeu	t5, a2, 0x800019bc <_ntoa_long+0x80>
80001a00: 93 0e 00 03  	li	t4, 48
80001a04: 6f f0 9f fb  	j	0x800019bc <_ntoa_long+0x80>
80001a08: 13 0c 00 00  	li	s8, 0
80001a0c: 93 7b 2e 00  	andi	s7, t3, 2
80001a10: 63 94 0b 04  	bnez	s7, 0x80001a58 <_ntoa_long+0x11c>
80001a14: 63 0e 04 00  	beqz	s0, 0x80001a30 <_ntoa_long+0xf4>
80001a18: 93 75 1e 00  	andi	a1, t3, 1
80001a1c: 63 8a 05 00  	beqz	a1, 0x80001a30 <_ntoa_long+0xf4>
80001a20: 93 75 ce 00  	andi	a1, t3, 12
80001a24: b3 35 b0 00  	snez	a1, a1
80001a28: b3 e5 f5 00  	or	a1, a1, a5
80001a2c: 33 04 b4 40  	sub	s0, s0, a1
80001a30: 13 06 00 02  	li	a2, 32
80001a34: 93 85 08 00  	mv	a1, a7
80001a38: 63 fa c8 02  	bgeu	a7, a2, 0x80001a6c <_ntoa_long+0x130>
80001a3c: 63 6c bc 02  	bltu	s8, a1, 0x80001a74 <_ntoa_long+0x138>
80001a40: 13 06 00 02  	li	a2, 32
80001a44: 93 05 04 00  	mv	a1, s0
80001a48: 63 7e c4 04  	bgeu	s0, a2, 0x80001aa4 <_ntoa_long+0x168>
80001a4c: 33 36 bc 00  	sltu	a2, s8, a1
80001a50: 33 76 ce 00  	and	a2, t3, a2
80001a54: 63 10 06 06  	bnez	a2, 0x80001ab4 <_ntoa_long+0x178>
80001a58: 93 75 0e 01  	andi	a1, t3, 16
80001a5c: 63 92 05 08  	bnez	a1, 0x80001ae0 <_ntoa_long+0x1a4>
80001a60: 13 05 f0 01  	li	a0, 31
80001a64: 63 72 85 15  	bgeu	a0, s8, 0x80001ba8 <_ntoa_long+0x26c>
80001a68: 6f 00 00 17  	j	0x80001bd8 <_ntoa_long+0x29c>
80001a6c: 93 05 00 02  	li	a1, 32
80001a70: e3 78 bc fc  	bgeu	s8, a1, 0x80001a40 <_ntoa_long+0x104>
80001a74: 13 06 01 00  	mv	a2, sp
80001a78: 33 06 86 01  	add	a2, a2, s8
80001a7c: b3 86 85 41  	sub	a3, a1, s8
80001a80: 13 07 00 03  	li	a4, 48
80001a84: 23 00 e6 00  	sb	a4, 0(a2)
80001a88: 93 86 f6 ff  	addi	a3, a3, -1
80001a8c: 13 06 16 00  	addi	a2, a2, 1
80001a90: e3 9a 06 fe  	bnez	a3, 0x80001a84 <_ntoa_long+0x148>
80001a94: 13 8c 05 00  	mv	s8, a1
80001a98: 13 06 00 02  	li	a2, 32
80001a9c: 93 05 04 00  	mv	a1, s0
80001aa0: e3 66 c4 fa  	bltu	s0, a2, 0x80001a4c <_ntoa_long+0x110>
80001aa4: 93 05 00 02  	li	a1, 32
80001aa8: 33 36 bc 00  	sltu	a2, s8, a1
80001aac: 33 76 ce 00  	and	a2, t3, a2
80001ab0: e3 04 06 fa  	beqz	a2, 0x80001a58 <_ntoa_long+0x11c>
80001ab4: 13 06 01 00  	mv	a2, sp
80001ab8: 33 06 86 01  	add	a2, a2, s8
80001abc: b3 86 85 41  	sub	a3, a1, s8
80001ac0: 13 07 00 03  	li	a4, 48
80001ac4: 23 00 e6 00  	sb	a4, 0(a2)
80001ac8: 93 86 f6 ff  	addi	a3, a3, -1
80001acc: 13 06 16 00  	addi	a2, a2, 1
80001ad0: e3 9a 06 fe  	bnez	a3, 0x80001ac4 <_ntoa_long+0x188>
80001ad4: 13 8c 05 00  	mv	s8, a1
80001ad8: 93 75 0e 01  	andi	a1, t3, 16
80001adc: e3 82 05 f8  	beqz	a1, 0x80001a60 <_ntoa_long+0x124>
80001ae0: 33 35 a0 00  	snez	a0, a0
80001ae4: 93 35 1c 00  	seqz	a1, s8
80001ae8: 33 65 b5 00  	or	a0, a0, a1
80001aec: 63 1e 05 02  	bnez	a0, 0x80001b28 <_ntoa_long+0x1ec>
80001af0: 33 45 1c 01  	xor	a0, s8, a7
80001af4: 33 35 a0 00  	snez	a0, a0
80001af8: b3 45 8c 00  	xor	a1, s8, s0
80001afc: b3 35 b0 00  	snez	a1, a1
80001b00: 33 75 b5 00  	and	a0, a0, a1
80001b04: 63 12 05 02  	bnez	a0, 0x80001b28 <_ntoa_long+0x1ec>
80001b08: 13 05 fc ff  	addi	a0, s8, -1
80001b0c: b3 35 a0 00  	snez	a1, a0
80001b10: 13 06 08 ff  	addi	a2, a6, -16
80001b14: 13 36 16 00  	seqz	a2, a2
80001b18: b3 75 b6 00  	and	a1, a2, a1
80001b1c: 63 84 05 00  	beqz	a1, 0x80001b24 <_ntoa_long+0x1e8>
80001b20: 13 05 ec ff  	addi	a0, s8, -2
80001b24: 13 0c 05 00  	mv	s8, a0
80001b28: 13 05 00 01  	li	a0, 16
80001b2c: 63 18 a8 02  	bne	a6, a0, 0x80001b5c <_ntoa_long+0x220>
80001b30: 93 75 0e 02  	andi	a1, t3, 32
80001b34: 13 b5 15 00  	seqz	a0, a1
80001b38: 13 36 0c 02  	sltiu	a2, s8, 32
80001b3c: b3 76 c5 00  	and	a3, a0, a2
80001b40: 13 05 80 07  	li	a0, 120
80001b44: 63 98 06 02  	bnez	a3, 0x80001b74 <_ntoa_long+0x238>
80001b48: 33 35 b0 00  	snez	a0, a1
80001b4c: 33 76 c5 00  	and	a2, a0, a2
80001b50: 13 05 80 05  	li	a0, 88
80001b54: 63 10 06 02  	bnez	a2, 0x80001b74 <_ntoa_long+0x238>
80001b58: 6f 00 c0 02  	j	0x80001b84 <_ntoa_long+0x248>
80001b5c: 13 08 e8 ff  	addi	a6, a6, -2
80001b60: 13 35 18 00  	seqz	a0, a6
80001b64: 93 35 0c 02  	sltiu	a1, s8, 32
80001b68: b3 75 b5 00  	and	a1, a0, a1
80001b6c: 13 05 20 06  	li	a0, 98
80001b70: 63 8a 05 00  	beqz	a1, 0x80001b84 <_ntoa_long+0x248>
80001b74: 93 05 01 00  	mv	a1, sp
80001b78: b3 85 85 01  	add	a1, a1, s8
80001b7c: 13 0c 1c 00  	addi	s8, s8, 1
80001b80: 23 80 a5 00  	sb	a0, 0(a1)
80001b84: 13 05 f0 01  	li	a0, 31
80001b88: 63 68 85 05  	bltu	a0, s8, 0x80001bd8 <_ntoa_long+0x29c>
80001b8c: 13 05 01 00  	mv	a0, sp
80001b90: 33 05 85 01  	add	a0, a0, s8
80001b94: 13 0c 1c 00  	addi	s8, s8, 1
80001b98: 93 05 00 03  	li	a1, 48
80001b9c: 23 00 b5 00  	sb	a1, 0(a0)
80001ba0: 13 05 f0 01  	li	a0, 31
80001ba4: 63 6a 85 03  	bltu	a0, s8, 0x80001bd8 <_ntoa_long+0x29c>
80001ba8: 13 05 d0 02  	li	a0, 45
80001bac: 63 9e 07 00  	bnez	a5, 0x80001bc8 <_ntoa_long+0x28c>
80001bb0: 93 75 4e 00  	andi	a1, t3, 4
80001bb4: 13 05 b0 02  	li	a0, 43
80001bb8: 63 98 05 00  	bnez	a1, 0x80001bc8 <_ntoa_long+0x28c>
80001bbc: 93 75 8e 00  	andi	a1, t3, 8
80001bc0: 13 05 00 02  	li	a0, 32
80001bc4: 63 8a 05 00  	beqz	a1, 0x80001bd8 <_ntoa_long+0x29c>
80001bc8: 93 05 01 00  	mv	a1, sp
80001bcc: b3 85 85 01  	add	a1, a1, s8
80001bd0: 13 0c 1c 00  	addi	s8, s8, 1
80001bd4: 23 80 a5 00  	sb	a0, 0(a1)
80001bd8: 13 75 3e 00  	andi	a0, t3, 3
80001bdc: 13 35 15 00  	seqz	a0, a0
80001be0: b3 35 8c 00  	sltu	a1, s8, s0
80001be4: 33 75 b5 00  	and	a0, a0, a1
80001be8: 93 0a 0a 00  	mv	s5, s4
80001bec: 63 06 05 02  	beqz	a0, 0x80001c18 <_ntoa_long+0x2dc>
80001bf0: 33 0b 84 41  	sub	s6, s0, s8
80001bf4: 13 06 0a 00  	mv	a2, s4
80001bf8: 93 0a 16 00  	addi	s5, a2, 1
80001bfc: 13 05 00 02  	li	a0, 32
80001c00: 93 05 09 00  	mv	a1, s2
80001c04: 93 86 04 00  	mv	a3, s1
80001c08: e7 80 09 00  	jalr	s3
80001c0c: 13 0b fb ff  	addi	s6, s6, -1
80001c10: 13 86 0a 00  	mv	a2, s5
80001c14: e3 12 0b fe  	bnez	s6, 0x80001bf8 <_ntoa_long+0x2bc>
80001c18: 63 0c 0c 02  	beqz	s8, 0x80001c50 <_ntoa_long+0x314>
80001c1c: 93 0c f1 ff  	addi	s9, sp, -1
80001c20: 33 85 8c 01  	add	a0, s9, s8
80001c24: 03 45 05 00  	lbu	a0, 0(a0)
80001c28: 13 0d fc ff  	addi	s10, s8, -1
80001c2c: 13 8b 1a 00  	addi	s6, s5, 1
80001c30: 93 05 09 00  	mv	a1, s2
80001c34: 13 86 0a 00  	mv	a2, s5
80001c38: 93 86 04 00  	mv	a3, s1
80001c3c: e7 80 09 00  	jalr	s3
80001c40: 93 0a 0b 00  	mv	s5, s6
80001c44: 13 0c 0d 00  	mv	s8, s10
80001c48: e3 1c 0d fc  	bnez	s10, 0x80001c20 <_ntoa_long+0x2e4>
80001c4c: 6f 00 80 00  	j	0x80001c54 <_ntoa_long+0x318>
80001c50: 13 8b 0a 00  	mv	s6, s5
80001c54: 33 35 70 01  	snez	a0, s7
80001c58: b3 05 4b 41  	sub	a1, s6, s4
80001c5c: b3 b5 85 00  	sltu	a1, a1, s0
80001c60: 33 75 b5 00  	and	a0, a0, a1
80001c64: 63 08 05 02  	beqz	a0, 0x80001c94 <_ntoa_long+0x358>
80001c68: b3 0a 40 41  	neg	s5, s4
80001c6c: 13 0a 1b 00  	addi	s4, s6, 1
80001c70: 13 05 00 02  	li	a0, 32
80001c74: 93 05 09 00  	mv	a1, s2
80001c78: 13 06 0b 00  	mv	a2, s6
80001c7c: 93 86 04 00  	mv	a3, s1
80001c80: e7 80 09 00  	jalr	s3
80001c84: 33 85 4a 01  	add	a0, s5, s4
80001c88: 13 0b 0a 00  	mv	s6, s4
80001c8c: e3 60 85 fe  	bltu	a0, s0, 0x80001c6c <_ntoa_long+0x330>
80001c90: 6f 00 80 00  	j	0x80001c98 <_ntoa_long+0x35c>
80001c94: 13 0a 0b 00  	mv	s4, s6
80001c98: 13 05 0a 00  	mv	a0, s4
80001c9c: 83 20 c1 04  	lw	ra, 76(sp)
80001ca0: 03 24 81 04  	lw	s0, 72(sp)
80001ca4: 83 24 41 04  	lw	s1, 68(sp)
80001ca8: 03 29 01 04  	lw	s2, 64(sp)
80001cac: 83 29 c1 03  	lw	s3, 60(sp)
80001cb0: 03 2a 81 03  	lw	s4, 56(sp)
80001cb4: 83 2a 41 03  	lw	s5, 52(sp)
80001cb8: 03 2b 01 03  	lw	s6, 48(sp)
80001cbc: 83 2b c1 02  	lw	s7, 44(sp)
80001cc0: 03 2c 81 02  	lw	s8, 40(sp)
80001cc4: 83 2c 41 02  	lw	s9, 36(sp)
80001cc8: 03 2d 01 02  	lw	s10, 32(sp)
80001ccc: 13 01 01 05  	addi	sp, sp, 80
80001cd0: 67 80 00 00  	ret

80001cd4 <_ftoa>:
80001cd4: 13 01 01 fb  	addi	sp, sp, -80
80001cd8: 23 26 11 04  	sw	ra, 76(sp)
80001cdc: 23 24 81 04  	sw	s0, 72(sp)
80001ce0: 23 22 91 04  	sw	s1, 68(sp)
80001ce4: 23 20 21 05  	sw	s2, 64(sp)
80001ce8: 23 2e 31 03  	sw	s3, 60(sp)
80001cec: 23 2c 41 03  	sw	s4, 56(sp)
80001cf0: 23 2a 51 03  	sw	s5, 52(sp)
80001cf4: 23 28 61 03  	sw	s6, 48(sp)
80001cf8: 23 26 71 03  	sw	s7, 44(sp)
80001cfc: 23 24 81 03  	sw	s8, 40(sp)
80001d00: 23 22 91 03  	sw	s9, 36(sp)
80001d04: 97 18 00 00  	auipc	a7, 1
80001d08: 87 b7 c8 4d  	fld	fa5, 1244(a7)
80001d0c: d3 88 a7 a2  	fle.d	a7, fa5, fa0
80001d10: 93 0a 08 00  	mv	s5, a6
80001d14: 13 84 07 00  	mv	s0, a5
80001d18: 93 84 06 00  	mv	s1, a3
80001d1c: 13 0a 06 00  	mv	s4, a2
80001d20: 13 89 05 00  	mv	s2, a1
80001d24: 93 09 05 00  	mv	s3, a0
80001d28: 63 94 08 0e  	bnez	a7, 0x80001e10 <_ftoa+0x13c>
80001d2c: 13 f5 3a 00  	andi	a0, s5, 3
80001d30: 33 35 a0 00  	snez	a0, a0
80001d34: 93 35 54 00  	sltiu	a1, s0, 5
80001d38: 33 e5 a5 00  	or	a0, a1, a0
80001d3c: 13 fb 2a 00  	andi	s6, s5, 2
80001d40: 93 0a 0a 00  	mv	s5, s4
80001d44: 63 16 05 02  	bnez	a0, 0x80001d70 <_ftoa+0x9c>
80001d48: 93 0b c4 ff  	addi	s7, s0, -4
80001d4c: 13 06 0a 00  	mv	a2, s4
80001d50: 93 0a 16 00  	addi	s5, a2, 1
80001d54: 13 05 00 02  	li	a0, 32
80001d58: 93 05 09 00  	mv	a1, s2
80001d5c: 93 86 04 00  	mv	a3, s1
80001d60: e7 80 09 00  	jalr	s3
80001d64: 93 8b fb ff  	addi	s7, s7, -1
80001d68: 13 86 0a 00  	mv	a2, s5
80001d6c: e3 92 0b fe  	bnez	s7, 0x80001d50 <_ftoa+0x7c>
80001d70: 33 3c 60 01  	snez	s8, s6
80001d74: 13 8b 1a 00  	addi	s6, s5, 1
80001d78: 13 05 d0 02  	li	a0, 45
80001d7c: 93 05 09 00  	mv	a1, s2
80001d80: 13 86 0a 00  	mv	a2, s5
80001d84: 93 86 04 00  	mv	a3, s1
80001d88: e7 80 09 00  	jalr	s3
80001d8c: 93 8b 2a 00  	addi	s7, s5, 2
80001d90: 13 05 90 06  	li	a0, 105
80001d94: 93 05 09 00  	mv	a1, s2
80001d98: 13 06 0b 00  	mv	a2, s6
80001d9c: 93 86 04 00  	mv	a3, s1
80001da0: e7 80 09 00  	jalr	s3
80001da4: 13 8b 3a 00  	addi	s6, s5, 3
80001da8: 13 05 e0 06  	li	a0, 110
80001dac: 93 05 09 00  	mv	a1, s2
80001db0: 13 86 0b 00  	mv	a2, s7
80001db4: 93 86 04 00  	mv	a3, s1
80001db8: e7 80 09 00  	jalr	s3
80001dbc: 93 8a 4a 00  	addi	s5, s5, 4
80001dc0: 13 05 60 06  	li	a0, 102
80001dc4: 93 05 09 00  	mv	a1, s2
80001dc8: 13 06 0b 00  	mv	a2, s6
80001dcc: 93 86 04 00  	mv	a3, s1
80001dd0: e7 80 09 00  	jalr	s3
80001dd4: 33 85 4a 41  	sub	a0, s5, s4
80001dd8: 33 35 85 00  	sltu	a0, a0, s0
80001ddc: 33 75 ac 00  	and	a0, s8, a0
80001de0: 63 0c 05 04  	beqz	a0, 0x80001e38 <_ftoa+0x164>
80001de4: 33 0b 40 41  	neg	s6, s4
80001de8: 13 8a 1a 00  	addi	s4, s5, 1
80001dec: 13 05 00 02  	li	a0, 32
80001df0: 93 05 09 00  	mv	a1, s2
80001df4: 13 86 0a 00  	mv	a2, s5
80001df8: 93 86 04 00  	mv	a3, s1
80001dfc: e7 80 09 00  	jalr	s3
80001e00: 33 05 4b 01  	add	a0, s6, s4
80001e04: 93 0a 0a 00  	mv	s5, s4
80001e08: e3 60 85 fe  	bltu	a0, s0, 0x80001de8 <_ftoa+0x114>
80001e0c: 6f 00 c0 4f  	j	0x80002308 <_ftoa+0x634>
80001e10: 17 15 00 00  	auipc	a0, 1
80001e14: 87 37 85 3d  	fld	fa5, 984(a0)
80001e18: 53 05 f5 a2  	fle.d	a0, fa0, fa5
80001e1c: 63 12 05 02  	bnez	a0, 0x80001e40 <_ftoa+0x16c>
80001e20: 13 f5 4a 00  	andi	a0, s5, 4
80001e24: 93 5b 25 00  	srli	s7, a0, 2
80001e28: 63 02 05 08  	beqz	a0, 0x80001eac <_ftoa+0x1d8>
80001e2c: 17 15 00 00  	auipc	a0, 1
80001e30: 13 0c a5 2b  	addi	s8, a0, 698
80001e34: 6f 00 00 08  	j	0x80001eb4 <_ftoa+0x1e0>
80001e38: 13 8a 0a 00  	mv	s4, s5
80001e3c: 6f 00 c0 4c  	j	0x80002308 <_ftoa+0x634>
80001e40: 17 15 00 00  	auipc	a0, 1
80001e44: 87 37 05 3b  	fld	fa5, 944(a0)
80001e48: 17 15 00 00  	auipc	a0, 1
80001e4c: 07 37 05 3b  	fld	fa4, 944(a0)
80001e50: 53 95 a7 a2  	flt.d	a0, fa5, fa0
80001e54: d3 15 e5 a2  	flt.d	a1, fa0, fa4
80001e58: 33 65 b5 00  	or	a0, a0, a1
80001e5c: 63 06 05 10  	beqz	a0, 0x80001f68 <_ftoa+0x294>
80001e60: 13 85 09 00  	mv	a0, s3
80001e64: 93 05 09 00  	mv	a1, s2
80001e68: 13 06 0a 00  	mv	a2, s4
80001e6c: 93 86 04 00  	mv	a3, s1
80001e70: 93 07 04 00  	mv	a5, s0
80001e74: 13 88 0a 00  	mv	a6, s5
80001e78: 83 20 c1 04  	lw	ra, 76(sp)
80001e7c: 03 24 81 04  	lw	s0, 72(sp)
80001e80: 83 24 41 04  	lw	s1, 68(sp)
80001e84: 03 29 01 04  	lw	s2, 64(sp)
80001e88: 83 29 c1 03  	lw	s3, 60(sp)
80001e8c: 03 2a 81 03  	lw	s4, 56(sp)
80001e90: 83 2a 41 03  	lw	s5, 52(sp)
80001e94: 03 2b 01 03  	lw	s6, 48(sp)
80001e98: 83 2b c1 02  	lw	s7, 44(sp)
80001e9c: 03 2c 81 02  	lw	s8, 40(sp)
80001ea0: 83 2c 41 02  	lw	s9, 36(sp)
80001ea4: 13 01 01 05  	addi	sp, sp, 80
80001ea8: 6f 00 80 49  	j	0x80002340 <_etoa>
80001eac: 17 15 00 00  	auipc	a0, 1
80001eb0: 13 0c 85 29  	addi	s8, a0, 664
80001eb4: 93 8b 3b 00  	addi	s7, s7, 3
80001eb8: 13 f5 3a 00  	andi	a0, s5, 3
80001ebc: 13 35 15 00  	seqz	a0, a0
80001ec0: b3 b5 8b 00  	sltu	a1, s7, s0
80001ec4: 33 75 b5 00  	and	a0, a0, a1
80001ec8: 13 0b 0a 00  	mv	s6, s4
80001ecc: 63 06 05 02  	beqz	a0, 0x80001ef8 <_ftoa+0x224>
80001ed0: b3 0c 74 41  	sub	s9, s0, s7
80001ed4: 13 06 0a 00  	mv	a2, s4
80001ed8: 13 0b 16 00  	addi	s6, a2, 1
80001edc: 13 05 00 02  	li	a0, 32
80001ee0: 93 05 09 00  	mv	a1, s2
80001ee4: 93 86 04 00  	mv	a3, s1
80001ee8: e7 80 09 00  	jalr	s3
80001eec: 93 8c fc ff  	addi	s9, s9, -1
80001ef0: 13 06 0b 00  	mv	a2, s6
80001ef4: e3 92 0c fe  	bnez	s9, 0x80001ed8 <_ftoa+0x204>
80001ef8: 93 fa 2a 00  	andi	s5, s5, 2
80001efc: 13 0c fc ff  	addi	s8, s8, -1
80001f00: 33 05 7c 01  	add	a0, s8, s7
80001f04: 03 45 05 00  	lbu	a0, 0(a0)
80001f08: 13 06 0b 00  	mv	a2, s6
80001f0c: 93 8c fb ff  	addi	s9, s7, -1
80001f10: 13 0b 1b 00  	addi	s6, s6, 1
80001f14: 93 05 09 00  	mv	a1, s2
80001f18: 93 86 04 00  	mv	a3, s1
80001f1c: e7 80 09 00  	jalr	s3
80001f20: 93 8b 0c 00  	mv	s7, s9
80001f24: e3 9e 0c fc  	bnez	s9, 0x80001f00 <_ftoa+0x22c>
80001f28: 33 35 50 01  	snez	a0, s5
80001f2c: b3 05 4b 41  	sub	a1, s6, s4
80001f30: b3 b5 85 00  	sltu	a1, a1, s0
80001f34: 33 75 b5 00  	and	a0, a0, a1
80001f38: 63 06 05 3c  	beqz	a0, 0x80002304 <_ftoa+0x630>
80001f3c: b3 0a 40 41  	neg	s5, s4
80001f40: 13 0a 1b 00  	addi	s4, s6, 1
80001f44: 13 05 00 02  	li	a0, 32
80001f48: 93 05 09 00  	mv	a1, s2
80001f4c: 13 06 0b 00  	mv	a2, s6
80001f50: 93 86 04 00  	mv	a3, s1
80001f54: e7 80 09 00  	jalr	s3
80001f58: 33 85 4a 01  	add	a0, s5, s4
80001f5c: 13 0b 0a 00  	mv	s6, s4
80001f60: e3 60 85 fe  	bltu	a0, s0, 0x80001f40 <_ftoa+0x26c>
80001f64: 6f 00 40 3a  	j	0x80002308 <_ftoa+0x634>
80001f68: d3 07 00 d2  	fcvt.d.w	fa5, zero
80001f6c: 53 15 f5 a2  	flt.d	a0, fa0, fa5
80001f70: 63 1c 05 00  	bnez	a0, 0x80001f88 <_ftoa+0x2b4>
80001f74: d3 07 a5 22  	fmv.d	fa5, fa0
80001f78: 13 f5 0a 40  	andi	a0, s5, 1024
80001f7c: 93 06 07 00  	mv	a3, a4
80001f80: 63 0c 05 00  	beqz	a0, 0x80001f98 <_ftoa+0x2c4>
80001f84: 6f 00 80 01  	j	0x80001f9c <_ftoa+0x2c8>
80001f88: d3 17 a5 22  	fneg.d	fa5, fa0
80001f8c: 13 f5 0a 40  	andi	a0, s5, 1024
80001f90: 93 06 07 00  	mv	a3, a4
80001f94: 63 14 05 00  	bnez	a0, 0x80001f9c <_ftoa+0x2c8>
80001f98: 93 06 60 00  	li	a3, 6
80001f9c: 13 05 a0 00  	li	a0, 10
80001fa0: 63 e2 a6 04  	bltu	a3, a0, 0x80001fe4 <_ftoa+0x310>
80001fa4: 13 85 66 ff  	addi	a0, a3, -10
80001fa8: 93 05 f0 01  	li	a1, 31
80001fac: 63 64 b5 00  	bltu	a0, a1, 0x80001fb4 <_ftoa+0x2e0>
80001fb0: 13 05 f0 01  	li	a0, 31
80001fb4: 93 05 00 00  	li	a1, 0
80001fb8: 13 05 15 00  	addi	a0, a0, 1
80001fbc: 13 06 41 00  	addi	a2, sp, 4
80001fc0: 93 06 00 03  	li	a3, 48
80001fc4: b3 07 b6 00  	add	a5, a2, a1
80001fc8: 93 85 15 00  	addi	a1, a1, 1
80001fcc: 23 80 d7 00  	sb	a3, 0(a5)
80001fd0: e3 1a b5 fe  	bne	a0, a1, 0x80001fc4 <_ftoa+0x2f0>
80001fd4: 13 86 f5 ff  	addi	a2, a1, -1
80001fd8: 93 37 f6 01  	sltiu	a5, a2, 31
80001fdc: b3 06 b7 40  	sub	a3, a4, a1
80001fe0: 6f 00 c0 00  	j	0x80001fec <_ftoa+0x318>
80001fe4: 13 05 00 00  	li	a0, 0
80001fe8: 93 07 10 00  	li	a5, 1
80001fec: 93 95 36 00  	slli	a1, a3, 3
80001ff0: 17 16 00 00  	auipc	a2, 1
80001ff4: 13 06 86 05  	addi	a2, a2, 88
80001ff8: b3 05 b6 00  	add	a1, a2, a1
80001ffc: 87 b6 05 00  	fld	fa3, 0(a1)
80002000: d3 95 07 c2  	fcvt.w.d	a1, fa5, rtz
80002004: 53 87 05 d2  	fcvt.d.w	fa4, a1
80002008: 53 f7 e7 0a  	fsub.d	fa4, fa5, fa4
8000200c: 53 f6 e6 12  	fmul.d	fa2, fa3, fa4
80002010: 17 16 00 00  	auipc	a2, 1
80002014: 07 37 06 1f  	fld	fa4, 496(a2)
80002018: 53 17 16 c2  	fcvt.wu.d	a4, fa2, rtz
8000201c: d3 05 17 d2  	fcvt.d.wu	fa1, a4
80002020: 53 76 b6 0a  	fsub.d	fa2, fa2, fa1
80002024: 53 06 e6 a2  	fle.d	a2, fa2, fa4
80002028: 63 10 06 02  	bnez	a2, 0x80002048 <_ftoa+0x374>
8000202c: 13 07 17 00  	addi	a4, a4, 1
80002030: 53 06 17 d2  	fcvt.d.wu	fa2, a4
80002034: 53 16 d6 a2  	flt.d	a2, fa2, fa3
80002038: 63 14 06 02  	bnez	a2, 0x80002060 <_ftoa+0x38c>
8000203c: 13 07 00 00  	li	a4, 0
80002040: 93 85 15 00  	addi	a1, a1, 1
80002044: 6f 00 c0 01  	j	0x80002060 <_ftoa+0x38c>
80002048: 53 16 e6 a2  	flt.d	a2, fa2, fa4
8000204c: 63 1a 06 00  	bnez	a2, 0x80002060 <_ftoa+0x38c>
80002050: 13 36 17 00  	seqz	a2, a4
80002054: 33 66 e6 00  	or	a2, a2, a4
80002058: 13 76 16 00  	andi	a2, a2, 1
8000205c: 33 07 e6 00  	add	a4, a2, a4
80002060: 63 8e 06 06  	beqz	a3, 0x800020dc <_ftoa+0x408>
80002064: 13 06 00 02  	li	a2, 32
80002068: 63 82 07 14  	beqz	a5, 0x800021ac <_ftoa+0x4d8>
8000206c: b3 06 d0 40  	neg	a3, a3
80002070: b7 d7 cc cc  	lui	a5, 838861
80002074: 93 87 d7 cc  	addi	a5, a5, -819
80002078: 13 08 a0 00  	li	a6, 10
8000207c: 93 08 41 00  	addi	a7, sp, 4
80002080: b3 32 f7 02  	mulhu	t0, a4, a5
80002084: 93 d2 32 00  	srli	t0, t0, 3
80002088: 33 83 02 03  	mul	t1, t0, a6
8000208c: 33 03 67 40  	sub	t1, a4, t1
80002090: 13 63 03 03  	ori	t1, t1, 48
80002094: b3 83 a8 00  	add	t2, a7, a0
80002098: 13 3e f5 01  	sltiu	t3, a0, 31
8000209c: 13 05 15 00  	addi	a0, a0, 1
800020a0: 23 80 63 00  	sb	t1, 0(t2)
800020a4: 13 37 a7 00  	sltiu	a4, a4, 10
800020a8: 13 47 17 00  	xori	a4, a4, 1
800020ac: 33 73 ee 00  	and	t1, t3, a4
800020b0: 93 86 16 00  	addi	a3, a3, 1
800020b4: 13 87 02 00  	mv	a4, t0
800020b8: e3 14 03 fc  	bnez	t1, 0x80002080 <_ftoa+0x3ac>
800020bc: 13 07 f5 ff  	addi	a4, a0, -1
800020c0: 13 37 f7 01  	sltiu	a4, a4, 31
800020c4: 93 47 17 00  	xori	a5, a4, 1
800020c8: 13 b7 16 00  	seqz	a4, a3
800020cc: 33 e7 e7 00  	or	a4, a5, a4
800020d0: 63 08 07 02  	beqz	a4, 0x80002100 <_ftoa+0x42c>
800020d4: 93 06 05 00  	mv	a3, a0
800020d8: 6f 00 c0 05  	j	0x80002134 <_ftoa+0x460>
800020dc: d3 86 05 d2  	fcvt.d.w	fa3, a1
800020e0: d3 f7 d7 0a  	fsub.d	fa5, fa5, fa3
800020e4: 53 06 f7 a2  	fle.d	a2, fa4, fa5
800020e8: 33 76 b6 00  	and	a2, a2, a1
800020ec: b3 85 c5 00  	add	a1, a1, a2
800020f0: 93 06 f0 01  	li	a3, 31
800020f4: 13 06 00 02  	li	a2, 32
800020f8: 63 f0 a6 06  	bgeu	a3, a0, 0x80002158 <_ftoa+0x484>
800020fc: 6f 00 00 0b  	j	0x800021ac <_ftoa+0x4d8>
80002100: 13 c7 f6 ff  	not	a4, a3
80002104: 13 08 41 00  	addi	a6, sp, 4
80002108: 93 08 00 03  	li	a7, 48
8000210c: 93 06 15 00  	addi	a3, a0, 1
80002110: b3 07 a8 00  	add	a5, a6, a0
80002114: 23 80 17 01  	sb	a7, 0(a5)
80002118: 13 35 f5 01  	sltiu	a0, a0, 31
8000211c: 93 47 15 00  	xori	a5, a0, 1
80002120: 13 35 17 00  	seqz	a0, a4
80002124: b3 e2 a7 00  	or	t0, a5, a0
80002128: 13 07 f7 ff  	addi	a4, a4, -1
8000212c: 13 85 06 00  	mv	a0, a3
80002130: e3 8e 02 fc  	beqz	t0, 0x8000210c <_ftoa+0x438>
80002134: 63 9c 07 06  	bnez	a5, 0x800021ac <_ftoa+0x4d8>
80002138: 13 85 16 00  	addi	a0, a3, 1
8000213c: 13 06 41 00  	addi	a2, sp, 4
80002140: 33 06 d6 00  	add	a2, a2, a3
80002144: 93 06 e0 02  	li	a3, 46
80002148: 23 00 d6 00  	sb	a3, 0(a2)
8000214c: 93 06 f0 01  	li	a3, 31
80002150: 13 06 00 02  	li	a2, 32
80002154: 63 ec a6 04  	bltu	a3, a0, 0x800021ac <_ftoa+0x4d8>
80002158: 37 66 66 66  	lui	a2, 419430
8000215c: 93 06 76 66  	addi	a3, a2, 1639
80002160: 13 07 a0 00  	li	a4, 10
80002164: 93 07 41 00  	addi	a5, sp, 4
80002168: 33 96 d5 02  	mulh	a2, a1, a3
8000216c: 13 58 f6 01  	srli	a6, a2, 31
80002170: 13 56 26 40  	srai	a2, a2, 2
80002174: 33 08 06 01  	add	a6, a2, a6
80002178: 33 06 e8 02  	mul	a2, a6, a4
8000217c: 33 86 c5 40  	sub	a2, a1, a2
80002180: 93 08 06 03  	addi	a7, a2, 48
80002184: 13 06 15 00  	addi	a2, a0, 1
80002188: b3 82 a7 00  	add	t0, a5, a0
8000218c: 93 85 65 ff  	addi	a1, a1, -10
80002190: 93 b5 d5 fe  	sltiu	a1, a1, -19
80002194: 13 35 f5 01  	sltiu	a0, a0, 31
80002198: 33 73 b5 00  	and	t1, a0, a1
8000219c: 23 80 12 01  	sb	a7, 0(t0)
800021a0: 13 05 06 00  	mv	a0, a2
800021a4: 93 05 08 00  	mv	a1, a6
800021a8: e3 10 03 fc  	bnez	t1, 0x80002168 <_ftoa+0x494>
800021ac: 13 f5 3a 00  	andi	a0, s5, 3
800021b0: 93 05 10 00  	li	a1, 1
800021b4: 63 1c b5 04  	bne	a0, a1, 0x8000220c <_ftoa+0x538>
800021b8: 63 0e 04 00  	beqz	s0, 0x800021d4 <_ftoa+0x500>
800021bc: d3 07 00 d2  	fcvt.d.w	fa5, zero
800021c0: d3 15 f5 a2  	flt.d	a1, fa0, fa5
800021c4: 93 f6 ca 00  	andi	a3, s5, 12
800021c8: b3 36 d0 00  	snez	a3, a3
800021cc: b3 e5 d5 00  	or	a1, a1, a3
800021d0: 33 04 b4 40  	sub	s0, s0, a1
800021d4: 93 06 00 02  	li	a3, 32
800021d8: 93 05 04 00  	mv	a1, s0
800021dc: 63 64 d4 00  	bltu	s0, a3, 0x800021e4 <_ftoa+0x510>
800021e0: 93 05 00 02  	li	a1, 32
800021e4: 63 74 b6 02  	bgeu	a2, a1, 0x8000220c <_ftoa+0x538>
800021e8: 93 06 41 00  	addi	a3, sp, 4
800021ec: b3 86 c6 00  	add	a3, a3, a2
800021f0: 33 86 c5 40  	sub	a2, a1, a2
800021f4: 13 07 00 03  	li	a4, 48
800021f8: 23 80 e6 00  	sb	a4, 0(a3)
800021fc: 13 06 f6 ff  	addi	a2, a2, -1
80002200: 93 86 16 00  	addi	a3, a3, 1
80002204: e3 1a 06 fe  	bnez	a2, 0x800021f8 <_ftoa+0x524>
80002208: 13 86 05 00  	mv	a2, a1
8000220c: 93 05 f0 01  	li	a1, 31
80002210: 93 0b 00 02  	li	s7, 32
80002214: 63 e2 c5 04  	bltu	a1, a2, 0x80002258 <_ftoa+0x584>
80002218: d3 07 00 d2  	fcvt.d.w	fa5, zero
8000221c: d3 16 f5 a2  	flt.d	a3, fa0, fa5
80002220: 93 05 d0 02  	li	a1, 45
80002224: 63 92 06 02  	bnez	a3, 0x80002248 <_ftoa+0x574>
80002228: 93 f6 4a 00  	andi	a3, s5, 4
8000222c: 93 05 b0 02  	li	a1, 43
80002230: 63 9c 06 00  	bnez	a3, 0x80002248 <_ftoa+0x574>
80002234: 93 f6 8a 00  	andi	a3, s5, 8
80002238: 93 05 00 02  	li	a1, 32
8000223c: 63 96 06 00  	bnez	a3, 0x80002248 <_ftoa+0x574>
80002240: 93 0b 06 00  	mv	s7, a2
80002244: 6f 00 40 01  	j	0x80002258 <_ftoa+0x584>
80002248: 93 0b 16 00  	addi	s7, a2, 1
8000224c: 93 06 41 00  	addi	a3, sp, 4
80002250: 33 86 c6 00  	add	a2, a3, a2
80002254: 23 00 b6 00  	sb	a1, 0(a2)
80002258: 13 35 15 00  	seqz	a0, a0
8000225c: b3 b5 8b 00  	sltu	a1, s7, s0
80002260: 33 75 b5 00  	and	a0, a0, a1
80002264: 13 0b 0a 00  	mv	s6, s4
80002268: 63 06 05 02  	beqz	a0, 0x80002294 <_ftoa+0x5c0>
8000226c: 33 0c 74 41  	sub	s8, s0, s7
80002270: 13 06 0a 00  	mv	a2, s4
80002274: 13 0b 16 00  	addi	s6, a2, 1
80002278: 13 05 00 02  	li	a0, 32
8000227c: 93 05 09 00  	mv	a1, s2
80002280: 93 86 04 00  	mv	a3, s1
80002284: e7 80 09 00  	jalr	s3
80002288: 13 0c fc ff  	addi	s8, s8, -1
8000228c: 13 06 0b 00  	mv	a2, s6
80002290: e3 12 0c fe  	bnez	s8, 0x80002274 <_ftoa+0x5a0>
80002294: 93 fa 2a 00  	andi	s5, s5, 2
80002298: 13 0c 31 00  	addi	s8, sp, 3
8000229c: 33 05 7c 01  	add	a0, s8, s7
800022a0: 03 45 05 00  	lbu	a0, 0(a0)
800022a4: 13 06 0b 00  	mv	a2, s6
800022a8: 93 8c fb ff  	addi	s9, s7, -1
800022ac: 13 0b 1b 00  	addi	s6, s6, 1
800022b0: 93 05 09 00  	mv	a1, s2
800022b4: 93 86 04 00  	mv	a3, s1
800022b8: e7 80 09 00  	jalr	s3
800022bc: 93 8b 0c 00  	mv	s7, s9
800022c0: e3 9e 0c fc  	bnez	s9, 0x8000229c <_ftoa+0x5c8>
800022c4: 33 35 50 01  	snez	a0, s5
800022c8: b3 05 4b 41  	sub	a1, s6, s4
800022cc: b3 b5 85 00  	sltu	a1, a1, s0
800022d0: 33 75 b5 00  	and	a0, a0, a1
800022d4: 63 08 05 02  	beqz	a0, 0x80002304 <_ftoa+0x630>
800022d8: b3 0a 40 41  	neg	s5, s4
800022dc: 13 0a 1b 00  	addi	s4, s6, 1
800022e0: 13 05 00 02  	li	a0, 32
800022e4: 93 05 09 00  	mv	a1, s2
800022e8: 13 06 0b 00  	mv	a2, s6
800022ec: 93 86 04 00  	mv	a3, s1
800022f0: e7 80 09 00  	jalr	s3
800022f4: 33 85 4a 01  	add	a0, s5, s4
800022f8: 13 0b 0a 00  	mv	s6, s4
800022fc: e3 60 85 fe  	bltu	a0, s0, 0x800022dc <_ftoa+0x608>
80002300: 6f 00 80 00  	j	0x80002308 <_ftoa+0x634>
80002304: 13 0a 0b 00  	mv	s4, s6
80002308: 13 05 0a 00  	mv	a0, s4
8000230c: 83 20 c1 04  	lw	ra, 76(sp)
80002310: 03 24 81 04  	lw	s0, 72(sp)
80002314: 83 24 41 04  	lw	s1, 68(sp)
80002318: 03 29 01 04  	lw	s2, 64(sp)
8000231c: 83 29 c1 03  	lw	s3, 60(sp)
80002320: 03 2a 81 03  	lw	s4, 56(sp)
80002324: 83 2a 41 03  	lw	s5, 52(sp)
80002328: 03 2b 01 03  	lw	s6, 48(sp)
8000232c: 83 2b c1 02  	lw	s7, 44(sp)
80002330: 03 2c 81 02  	lw	s8, 40(sp)
80002334: 83 2c 41 02  	lw	s9, 36(sp)
80002338: 13 01 01 05  	addi	sp, sp, 80
8000233c: 67 80 00 00  	ret

80002340 <_etoa>:
80002340: 13 01 01 f9  	addi	sp, sp, -112
80002344: 23 26 11 06  	sw	ra, 108(sp)
80002348: 23 24 81 06  	sw	s0, 104(sp)
8000234c: 23 22 91 06  	sw	s1, 100(sp)
80002350: 23 20 21 07  	sw	s2, 96(sp)
80002354: 23 2e 31 05  	sw	s3, 92(sp)
80002358: 23 2c 41 05  	sw	s4, 88(sp)
8000235c: 23 2a 51 05  	sw	s5, 84(sp)
80002360: 23 28 61 05  	sw	s6, 80(sp)
80002364: 23 26 71 05  	sw	s7, 76(sp)
80002368: 23 24 81 05  	sw	s8, 72(sp)
8000236c: 23 22 91 05  	sw	s9, 68(sp)
80002370: 97 18 00 00  	auipc	a7, 1
80002374: 87 b7 88 e9  	fld	fa5, -360(a7)
80002378: 97 18 00 00  	auipc	a7, 1
8000237c: 07 b7 88 e9  	fld	fa4, -360(a7)
80002380: d3 98 a7 a2  	flt.d	a7, fa5, fa0
80002384: d3 12 e5 a2  	flt.d	t0, fa0, fa4
80002388: b3 e8 58 00  	or	a7, a7, t0
8000238c: 93 0a 08 00  	mv	s5, a6
80002390: 13 84 07 00  	mv	s0, a5
80002394: 93 07 07 00  	mv	a5, a4
80002398: 93 84 06 00  	mv	s1, a3
8000239c: 13 0a 06 00  	mv	s4, a2
800023a0: 13 89 05 00  	mv	s2, a1
800023a4: 93 09 05 00  	mv	s3, a0
800023a8: 63 8a 08 04  	beqz	a7, 0x800023fc <_etoa+0xbc>
800023ac: 13 85 09 00  	mv	a0, s3
800023b0: 93 05 09 00  	mv	a1, s2
800023b4: 13 06 0a 00  	mv	a2, s4
800023b8: 93 86 04 00  	mv	a3, s1
800023bc: 13 87 07 00  	mv	a4, a5
800023c0: 93 07 04 00  	mv	a5, s0
800023c4: 13 88 0a 00  	mv	a6, s5
800023c8: 83 20 c1 06  	lw	ra, 108(sp)
800023cc: 03 24 81 06  	lw	s0, 104(sp)
800023d0: 83 24 41 06  	lw	s1, 100(sp)
800023d4: 03 29 01 06  	lw	s2, 96(sp)
800023d8: 83 29 c1 05  	lw	s3, 92(sp)
800023dc: 03 2a 81 05  	lw	s4, 88(sp)
800023e0: 83 2a 41 05  	lw	s5, 84(sp)
800023e4: 03 2b 01 05  	lw	s6, 80(sp)
800023e8: 83 2b c1 04  	lw	s7, 76(sp)
800023ec: 03 2c 81 04  	lw	s8, 72(sp)
800023f0: 83 2c 41 04  	lw	s9, 68(sp)
800023f4: 13 01 01 07  	addi	sp, sp, 112
800023f8: 6f f0 df 8d  	j	0x80001cd4 <_ftoa>
800023fc: d3 07 00 d2  	fcvt.d.w	fa5, zero
80002400: 53 15 f5 a2  	flt.d	a0, fa0, fa5
80002404: 63 1c 05 00  	bnez	a0, 0x8000241c <_etoa+0xdc>
80002408: d3 07 a5 22  	fmv.d	fa5, fa0
8000240c: 13 f5 0a 40  	andi	a0, s5, 1024
80002410: 13 87 07 00  	mv	a4, a5
80002414: 63 0c 05 00  	beqz	a0, 0x8000242c <_etoa+0xec>
80002418: 6f 00 80 01  	j	0x80002430 <_etoa+0xf0>
8000241c: d3 17 a5 22  	fneg.d	fa5, fa0
80002420: 13 f5 0a 40  	andi	a0, s5, 1024
80002424: 13 87 07 00  	mv	a4, a5
80002428: 63 14 05 00  	bnez	a0, 0x80002430 <_etoa+0xf0>
8000242c: 13 07 60 00  	li	a4, 6
80002430: 27 3c f1 00  	fsd	fa5, 24(sp)
80002434: 83 25 c1 01  	lw	a1, 28(sp)
80002438: 03 26 81 01  	lw	a2, 24(sp)
8000243c: 93 96 15 00  	slli	a3, a1, 1
80002440: 93 95 c5 00  	slli	a1, a1, 12
80002444: 93 d5 c5 00  	srli	a1, a1, 12
80002448: 23 28 c1 00  	sw	a2, 16(sp)
8000244c: 37 06 f0 3f  	lui	a2, 261888
80002450: b3 e5 c5 00  	or	a1, a1, a2
80002454: 23 2a b1 00  	sw	a1, 20(sp)
80002458: 07 37 01 01  	fld	fa4, 16(sp)
8000245c: 97 15 00 00  	auipc	a1, 1
80002460: 87 b6 c5 db  	fld	fa3, -580(a1)
80002464: 97 15 00 00  	auipc	a1, 1
80002468: 07 b6 c5 db  	fld	fa2, -580(a1)
8000246c: 93 d6 56 01  	srli	a3, a3, 21
80002470: 93 85 16 c0  	addi	a1, a3, -1023
80002474: d3 85 05 d2  	fcvt.d.w	fa1, a1
80002478: 43 77 c7 6a  	fmadd.d	fa4, fa4, fa2, fa3
8000247c: 97 15 00 00  	auipc	a1, 1
80002480: 87 b6 c5 da  	fld	fa3, -596(a1)
80002484: 97 15 00 00  	auipc	a1, 1
80002488: 07 b6 c5 da  	fld	fa2, -596(a1)
8000248c: 97 15 00 00  	auipc	a1, 1
80002490: 07 b0 c5 da  	fld	ft0, -596(a1)
80002494: 43 f7 d5 72  	fmadd.d	fa4, fa1, fa3, fa4
80002498: d3 15 07 c2  	fcvt.w.d	a1, fa4, rtz
8000249c: 53 87 05 d2  	fcvt.d.w	fa4, a1
800024a0: c3 76 07 62  	fmadd.d	fa3, fa4, ft0, fa2
800024a4: 17 16 00 00  	auipc	a2, 1
800024a8: 07 36 c6 d9  	fld	fa2, -612(a2)
800024ac: 17 16 00 00  	auipc	a2, 1
800024b0: 87 35 c6 d9  	fld	fa1, -612(a2)
800024b4: 53 96 06 c2  	fcvt.w.d	a2, fa3, rtz
800024b8: d3 06 06 d2  	fcvt.d.w	fa3, a2
800024bc: d3 f6 c6 12  	fmul.d	fa3, fa3, fa2
800024c0: 43 77 b7 6a  	fmadd.d	fa4, fa4, fa1, fa3
800024c4: d3 76 e7 12  	fmul.d	fa3, fa4, fa4
800024c8: 13 06 f6 3f  	addi	a2, a2, 1023
800024cc: 23 24 01 00  	sw	zero, 8(sp)
800024d0: 13 16 46 01  	slli	a2, a2, 20
800024d4: 23 26 c1 00  	sw	a2, 12(sp)
800024d8: 17 16 00 00  	auipc	a2, 1
800024dc: 07 36 06 d8  	fld	fa2, -640(a2)
800024e0: 17 16 00 00  	auipc	a2, 1
800024e4: 87 35 06 d8  	fld	fa1, -640(a2)
800024e8: 07 30 81 00  	fld	ft0, 8(sp)
800024ec: 17 16 00 00  	auipc	a2, 1
800024f0: 87 30 46 d6  	fld	ft1, -668(a2)
800024f4: 43 f6 b6 62  	fmadd.d	fa2, fa3, fa1, fa2
800024f8: 17 16 00 00  	auipc	a2, 1
800024fc: 87 35 06 d7  	fld	fa1, -656(a2)
80002500: d3 f0 e0 0a  	fsub.d	ft1, ft1, fa4
80002504: 53 77 e7 02  	fadd.d	fa4, fa4, fa4
80002508: 53 f6 c6 1a  	fdiv.d	fa2, fa3, fa2
8000250c: 53 76 b6 02  	fadd.d	fa2, fa2, fa1
80002510: d3 f6 c6 1a  	fdiv.d	fa3, fa3, fa2
80002514: d3 f6 d0 02  	fadd.d	fa3, ft1, fa3
80002518: 53 77 d7 1a  	fdiv.d	fa4, fa4, fa3
8000251c: 43 77 07 02  	fmadd.d	fa4, fa4, ft0, ft0
80002520: 53 96 e7 a2  	flt.d	a2, fa5, fa4
80002524: 63 08 06 00  	beqz	a2, 0x80002534 <_etoa+0x1f4>
80002528: 97 16 00 00  	auipc	a3, 1
8000252c: 87 b6 86 d4  	fld	fa3, -696(a3)
80002530: 53 77 d7 12  	fmul.d	fa4, fa4, fa3
80002534: b3 8b c5 40  	sub	s7, a1, a2
80002538: 93 85 3b 06  	addi	a1, s7, 99
8000253c: 93 b5 75 0c  	sltiu	a1, a1, 199
80002540: 13 96 4a 01  	slli	a2, s5, 20
80002544: 13 cc 55 00  	xori	s8, a1, 5
80002548: 63 5e 06 04  	bgez	a2, 0x800025a4 <_etoa+0x264>
8000254c: 97 15 00 00  	auipc	a1, 1
80002550: 87 b6 c5 d2  	fld	fa3, -724(a1)
80002554: 97 15 00 00  	auipc	a1, 1
80002558: 07 b6 c5 d2  	fld	fa2, -724(a1)
8000255c: d3 85 f6 a2  	fle.d	a1, fa3, fa5
80002560: 53 96 c7 a2  	flt.d	a2, fa5, fa2
80002564: b3 f5 c5 00  	and	a1, a1, a2
80002568: 63 84 05 02  	beqz	a1, 0x80002590 <_etoa+0x250>
8000256c: 13 0c 00 00  	li	s8, 0
80002570: 33 a5 eb 00  	slt	a0, s7, a4
80002574: 93 c5 fb ff  	not	a1, s7
80002578: b3 05 b7 00  	add	a1, a4, a1
8000257c: 33 07 a0 40  	neg	a4, a0
80002580: 33 77 b7 00  	and	a4, a4, a1
80002584: 93 ea 0a 40  	ori	s5, s5, 1024
80002588: 93 0b 00 00  	li	s7, 0
8000258c: 6f 00 80 01  	j	0x800025a4 <_etoa+0x264>
80002590: 63 0a 07 00  	beqz	a4, 0x800025a4 <_etoa+0x264>
80002594: 63 16 05 00  	bnez	a0, 0x800025a0 <_etoa+0x260>
80002598: 13 07 60 00  	li	a4, 6
8000259c: 6f 00 80 00  	j	0x800025a4 <_etoa+0x264>
800025a0: 13 87 f7 ff  	addi	a4, a5, -1
800025a4: d3 06 00 d2  	fcvt.d.w	fa3, zero
800025a8: 53 15 d5 a2  	flt.d	a0, fa0, fa3
800025ac: b3 05 84 41  	sub	a1, s0, s8
800025b0: 33 36 b4 00  	sltu	a2, s0, a1
800025b4: 13 06 f6 ff  	addi	a2, a2, -1
800025b8: b3 75 b6 00  	and	a1, a2, a1
800025bc: 13 d6 1a 00  	srli	a2, s5, 1
800025c0: b3 36 80 01  	snez	a3, s8
800025c4: 33 76 d6 00  	and	a2, a2, a3
800025c8: 93 07 f6 ff  	addi	a5, a2, -1
800025cc: 63 96 0b 00  	bnez	s7, 0x800025d8 <_etoa+0x298>
800025d0: 17 16 00 00  	auipc	a2, 1
800025d4: 07 37 86 cb  	fld	fa4, -840(a2)
800025d8: b3 f7 b7 00  	and	a5, a5, a1
800025dc: 53 f5 e7 1a  	fdiv.d	fa0, fa5, fa4
800025e0: 63 04 05 00  	beqz	a0, 0x800025e8 <_etoa+0x2a8>
800025e4: 53 15 a5 22  	fneg.d	fa0, fa0
800025e8: 37 f5 ff ff  	lui	a0, 1048575
800025ec: 13 05 f5 7f  	addi	a0, a0, 2047
800025f0: 33 f8 aa 00  	and	a6, s5, a0
800025f4: 13 85 09 00  	mv	a0, s3
800025f8: 93 05 09 00  	mv	a1, s2
800025fc: 13 06 0a 00  	mv	a2, s4
80002600: 93 86 04 00  	mv	a3, s1
80002604: ef f0 0f ed  	jal	0x80001cd4 <_ftoa>
80002608: 13 0b 05 00  	mv	s6, a0
8000260c: 63 0c 0c 14  	beqz	s8, 0x80002764 <_etoa+0x424>
80002610: 93 fc 2a 00  	andi	s9, s5, 2
80002614: 13 f5 0a 02  	andi	a0, s5, 32
80002618: 13 45 55 06  	xori	a0, a0, 101
8000261c: 93 05 09 00  	mv	a1, s2
80002620: 13 06 0b 00  	mv	a2, s6
80002624: 93 86 04 00  	mv	a3, s1
80002628: e7 80 09 00  	jalr	s3
8000262c: 13 05 00 00  	li	a0, 0
80002630: 93 d5 fb 41  	srai	a1, s7, 31
80002634: 33 c7 bb 00  	xor	a4, s7, a1
80002638: 33 07 b7 40  	sub	a4, a4, a1
8000263c: 93 05 41 02  	addi	a1, sp, 36
80002640: 37 d6 cc cc  	lui	a2, 838861
80002644: 13 06 d6 cc  	addi	a2, a2, -819
80002648: 93 06 a0 00  	li	a3, 10
8000264c: b3 37 c7 02  	mulhu	a5, a4, a2
80002650: 93 d7 37 00  	srli	a5, a5, 3
80002654: 33 88 d7 02  	mul	a6, a5, a3
80002658: 33 08 07 41  	sub	a6, a4, a6
8000265c: 13 68 08 03  	ori	a6, a6, 48
80002660: 93 38 f5 01  	sltiu	a7, a0, 31
80002664: 13 05 15 00  	addi	a0, a0, 1
80002668: 23 80 05 01  	sb	a6, 0(a1)
8000266c: 13 37 a7 00  	sltiu	a4, a4, 10
80002670: 13 47 17 00  	xori	a4, a4, 1
80002674: 33 f8 e8 00  	and	a6, a7, a4
80002678: 93 85 15 00  	addi	a1, a1, 1
8000267c: 13 87 07 00  	mv	a4, a5
80002680: e3 16 08 fc  	bnez	a6, 0x8000264c <_etoa+0x30c>
80002684: 13 0c ec ff  	addi	s8, s8, -2
80002688: 13 06 00 02  	li	a2, 32
8000268c: 63 72 cc 0a  	bgeu	s8, a2, 0x80002730 <_etoa+0x3f0>
80002690: 63 64 85 0b  	bltu	a0, s8, 0x80002738 <_etoa+0x3f8>
80002694: 93 05 f0 01  	li	a1, 31
80002698: 63 e0 a5 02  	bltu	a1, a0, 0x800026b8 <_etoa+0x378>
8000269c: 93 d5 eb 01  	srli	a1, s7, 30
800026a0: 93 f5 25 00  	andi	a1, a1, 2
800026a4: 93 85 b5 02  	addi	a1, a1, 43
800026a8: 13 06 41 02  	addi	a2, sp, 36
800026ac: 33 06 a6 00  	add	a2, a2, a0
800026b0: 13 05 15 00  	addi	a0, a0, 1
800026b4: 23 00 b6 00  	sb	a1, 0(a2)
800026b8: 93 0a 1b 00  	addi	s5, s6, 1
800026bc: 33 0b a0 40  	neg	s6, a0
800026c0: 93 05 41 02  	addi	a1, sp, 36
800026c4: 33 05 b5 00  	add	a0, a0, a1
800026c8: 93 0b f5 ff  	addi	s7, a0, -1
800026cc: 03 c5 0b 00  	lbu	a0, 0(s7)
800026d0: 13 86 0a 00  	mv	a2, s5
800026d4: 93 8a 1a 00  	addi	s5, s5, 1
800026d8: 93 05 09 00  	mv	a1, s2
800026dc: 93 86 04 00  	mv	a3, s1
800026e0: e7 80 09 00  	jalr	s3
800026e4: 13 0b 1b 00  	addi	s6, s6, 1
800026e8: 93 8b fb ff  	addi	s7, s7, -1
800026ec: e3 10 0b fe  	bnez	s6, 0x800026cc <_etoa+0x38c>
800026f0: 33 35 90 01  	snez	a0, s9
800026f4: b3 85 4a 41  	sub	a1, s5, s4
800026f8: b3 b5 85 00  	sltu	a1, a1, s0
800026fc: 33 75 b5 00  	and	a0, a0, a1
80002700: 63 00 05 06  	beqz	a0, 0x80002760 <_etoa+0x420>
80002704: 33 0a 40 41  	neg	s4, s4
80002708: 13 8b 1a 00  	addi	s6, s5, 1
8000270c: 13 05 00 02  	li	a0, 32
80002710: 93 05 09 00  	mv	a1, s2
80002714: 13 86 0a 00  	mv	a2, s5
80002718: 93 86 04 00  	mv	a3, s1
8000271c: e7 80 09 00  	jalr	s3
80002720: 33 05 6a 01  	add	a0, s4, s6
80002724: 93 0a 0b 00  	mv	s5, s6
80002728: e3 60 85 fe  	bltu	a0, s0, 0x80002708 <_etoa+0x3c8>
8000272c: 6f 00 80 03  	j	0x80002764 <_etoa+0x424>
80002730: 13 0c 00 02  	li	s8, 32
80002734: e3 70 85 f7  	bgeu	a0, s8, 0x80002694 <_etoa+0x354>
80002738: 33 05 ac 40  	sub	a0, s8, a0
8000273c: 13 06 00 03  	li	a2, 48
80002740: 23 80 c5 00  	sb	a2, 0(a1)
80002744: 13 05 f5 ff  	addi	a0, a0, -1
80002748: 93 85 15 00  	addi	a1, a1, 1
8000274c: e3 1a 05 fe  	bnez	a0, 0x80002740 <_etoa+0x400>
80002750: 13 05 0c 00  	mv	a0, s8
80002754: 93 05 f0 01  	li	a1, 31
80002758: e3 f2 85 f5  	bgeu	a1, s8, 0x8000269c <_etoa+0x35c>
8000275c: 6f f0 df f5  	j	0x800026b8 <_etoa+0x378>
80002760: 13 8b 0a 00  	mv	s6, s5
80002764: 13 05 0b 00  	mv	a0, s6
80002768: 83 20 c1 06  	lw	ra, 108(sp)
8000276c: 03 24 81 06  	lw	s0, 104(sp)
80002770: 83 24 41 06  	lw	s1, 100(sp)
80002774: 03 29 01 06  	lw	s2, 96(sp)
80002778: 83 29 c1 05  	lw	s3, 92(sp)
8000277c: 03 2a 81 05  	lw	s4, 88(sp)
80002780: 83 2a 41 05  	lw	s5, 84(sp)
80002784: 03 2b 01 05  	lw	s6, 80(sp)
80002788: 83 2b c1 04  	lw	s7, 76(sp)
8000278c: 03 2c 81 04  	lw	s8, 72(sp)
80002790: 83 2c 41 04  	lw	s9, 68(sp)
80002794: 13 01 01 07  	addi	sp, sp, 112
80002798: 67 80 00 00  	ret

8000279c <snrt_putchar>:
8000279c: f3 25 40 f1  	csrr	a1, mhartid
800027a0: 13 06 80 44  	li	a2, 1096
800027a4: b3 85 c5 02  	mul	a1, a1, a2
800027a8: 17 36 00 00  	auipc	a2, 3
800027ac: 13 06 06 b6  	addi	a2, a2, -1184
800027b0: b3 05 b6 00  	add	a1, a2, a1
800027b4: 03 a6 05 00  	lw	a2, 0(a1)
800027b8: 93 06 16 00  	addi	a3, a2, 1
800027bc: 23 a0 d5 00  	sw	a3, 0(a1)
800027c0: 33 86 c5 00  	add	a2, a1, a2
800027c4: 23 04 a6 04  	sb	a0, 72(a2)
800027c8: 03 a6 05 00  	lw	a2, 0(a1)
800027cc: 13 06 46 c0  	addi	a2, a2, -1020
800027d0: 33 36 c0 00  	snez	a2, a2
800027d4: 13 05 65 ff  	addi	a0, a0, -10
800027d8: 33 35 a0 00  	snez	a0, a0
800027dc: 33 75 c5 00  	and	a0, a0, a2
800027e0: 63 1a 05 04  	bnez	a0, 0x80002834 <snrt_putchar+0x98>
800027e4: 13 85 85 04  	addi	a0, a1, 72
800027e8: 23 a6 05 00  	sw	zero, 12(a1)
800027ec: 13 06 00 04  	li	a2, 64
800027f0: 23 a4 c5 00  	sw	a2, 8(a1)
800027f4: 23 aa 05 00  	sw	zero, 20(a1)
800027f8: 13 06 10 00  	li	a2, 1
800027fc: 23 a8 c5 00  	sw	a2, 16(a1)
80002800: 23 ae 05 00  	sw	zero, 28(a1)
80002804: 23 ac a5 00  	sw	a0, 24(a1)
80002808: 03 a5 05 00  	lw	a0, 0(a1)
8000280c: 13 86 85 00  	addi	a2, a1, 8
80002810: 23 a2 05 02  	sw	zero, 36(a1)
80002814: 23 a0 a5 02  	sw	a0, 32(a1)
80002818: 17 15 00 00  	auipc	a0, 1
8000281c: 23 24 c5 96  	sw	a2, -1688(a0)
80002820: 17 15 00 00  	auipc	a0, 1
80002824: 03 26 05 9a  	lw	a2, -1632(a0)
80002828: e3 0e 06 fe  	beqz	a2, 0x80002824 <snrt_putchar+0x88>
8000282c: 23 20 05 9a  	sw	zero, -1632(a0)
80002830: 23 a0 05 00  	sw	zero, 0(a1)
80002834: 67 80 00 00  	ret

80002838 <sprintf_>:
80002838: 13 01 01 fe  	addi	sp, sp, -32
8000283c: 23 22 11 00  	sw	ra, 4(sp)
80002840: 93 82 05 00  	mv	t0, a1
80002844: 93 05 05 00  	mv	a1, a0
80002848: 23 2e 11 01  	sw	a7, 28(sp)
8000284c: 23 2c 01 01  	sw	a6, 24(sp)
80002850: 23 2a f1 00  	sw	a5, 20(sp)
80002854: 23 28 e1 00  	sw	a4, 16(sp)
80002858: 23 26 d1 00  	sw	a3, 12(sp)
8000285c: 23 24 c1 00  	sw	a2, 8(sp)
80002860: 13 05 81 00  	addi	a0, sp, 8
80002864: 23 20 a1 00  	sw	a0, 0(sp)
80002868: 17 05 00 00  	auipc	a0, 0
8000286c: 13 05 45 02  	addi	a0, a0, 36
80002870: 13 06 f0 ff  	li	a2, -1
80002874: 13 07 81 00  	addi	a4, sp, 8
80002878: 93 86 02 00  	mv	a3, t0
8000287c: ef e0 df 80  	jal	0x80001088 <_vsnprintf>
80002880: 83 20 41 00  	lw	ra, 4(sp)
80002884: 13 01 01 02  	addi	sp, sp, 32
80002888: 67 80 00 00  	ret

8000288c <_out_buffer>:
8000288c: 63 76 d6 00  	bgeu	a2, a3, 0x80002898 <_out_buffer+0xc>
80002890: b3 85 c5 00  	add	a1, a1, a2
80002894: 23 80 a5 00  	sb	a0, 0(a1)
80002898: 67 80 00 00  	ret

8000289c <snprintf_>:
8000289c: 13 01 01 fe  	addi	sp, sp, -32
800028a0: 23 22 11 00  	sw	ra, 4(sp)
800028a4: 93 02 06 00  	mv	t0, a2
800028a8: 13 86 05 00  	mv	a2, a1
800028ac: 93 05 05 00  	mv	a1, a0
800028b0: 23 2e 11 01  	sw	a7, 28(sp)
800028b4: 23 2c 01 01  	sw	a6, 24(sp)
800028b8: 23 2a f1 00  	sw	a5, 20(sp)
800028bc: 23 28 e1 00  	sw	a4, 16(sp)
800028c0: 23 26 d1 00  	sw	a3, 12(sp)
800028c4: 13 05 c1 00  	addi	a0, sp, 12
800028c8: 23 20 a1 00  	sw	a0, 0(sp)
800028cc: 17 05 00 00  	auipc	a0, 0
800028d0: 13 05 05 fc  	addi	a0, a0, -64
800028d4: 13 07 c1 00  	addi	a4, sp, 12
800028d8: 93 86 02 00  	mv	a3, t0
800028dc: ef e0 cf fa  	jal	0x80001088 <_vsnprintf>
800028e0: 83 20 41 00  	lw	ra, 4(sp)
800028e4: 13 01 01 02  	addi	sp, sp, 32
800028e8: 67 80 00 00  	ret

800028ec <vprintf_>:
800028ec: 13 01 01 ff  	addi	sp, sp, -16
800028f0: 23 26 11 00  	sw	ra, 12(sp)
800028f4: 13 87 05 00  	mv	a4, a1
800028f8: 93 06 05 00  	mv	a3, a0
800028fc: 17 f5 ff ff  	auipc	a0, 1048575
80002900: 13 05 c5 f9  	addi	a0, a0, -100
80002904: 93 05 b1 00  	addi	a1, sp, 11
80002908: 13 06 f0 ff  	li	a2, -1
8000290c: ef e0 cf f7  	jal	0x80001088 <_vsnprintf>
80002910: 83 20 c1 00  	lw	ra, 12(sp)
80002914: 13 01 01 01  	addi	sp, sp, 16
80002918: 67 80 00 00  	ret

8000291c <vsnprintf_>:
8000291c: 17 07 00 00  	auipc	a4, 0
80002920: 13 07 07 f7  	addi	a4, a4, -144
80002924: 93 87 06 00  	mv	a5, a3
80002928: 93 06 06 00  	mv	a3, a2
8000292c: 13 86 05 00  	mv	a2, a1
80002930: 93 05 05 00  	mv	a1, a0
80002934: 13 05 07 00  	mv	a0, a4
80002938: 13 87 07 00  	mv	a4, a5
8000293c: 6f e0 cf f4  	j	0x80001088 <_vsnprintf>

80002940 <fctprintf>:
80002940: 13 01 01 fd  	addi	sp, sp, -48
80002944: 23 2a 11 00  	sw	ra, 20(sp)
80002948: 93 02 06 00  	mv	t0, a2
8000294c: 23 26 11 03  	sw	a7, 44(sp)
80002950: 23 24 01 03  	sw	a6, 40(sp)
80002954: 23 22 f1 02  	sw	a5, 36(sp)
80002958: 23 20 e1 02  	sw	a4, 32(sp)
8000295c: 23 2e d1 00  	sw	a3, 28(sp)
80002960: 13 06 c1 01  	addi	a2, sp, 28
80002964: 23 28 c1 00  	sw	a2, 16(sp)
80002968: 23 24 a1 00  	sw	a0, 8(sp)
8000296c: 23 26 b1 00  	sw	a1, 12(sp)
80002970: 17 05 00 00  	auipc	a0, 0
80002974: 13 05 85 02  	addi	a0, a0, 40
80002978: 93 05 81 00  	addi	a1, sp, 8
8000297c: 13 06 f0 ff  	li	a2, -1
80002980: 13 07 c1 01  	addi	a4, sp, 28
80002984: 93 86 02 00  	mv	a3, t0
80002988: ef e0 0f f0  	jal	0x80001088 <_vsnprintf>
8000298c: 83 20 41 01  	lw	ra, 20(sp)
80002990: 13 01 01 03  	addi	sp, sp, 48
80002994: 67 80 00 00  	ret

80002998 <_out_fct>:
80002998: 63 08 05 00  	beqz	a0, 0x800029a8 <_out_fct+0x10>
8000299c: 03 a3 05 00  	lw	t1, 0(a1)
800029a0: 83 a5 45 00  	lw	a1, 4(a1)
800029a4: 67 00 03 00  	jr	t1
800029a8: 67 80 00 00  	ret

800029ac <snrt_main>:
800029ac: 13 01 01 ff  	addi	sp, sp, -16
800029b0: 23 26 11 00  	sw	ra, 12(sp)
800029b4: 23 24 81 00  	sw	s0, 8(sp)
800029b8: f3 22 30 bc  	csrr	t0, 3011
800029bc: 93 97 02 01  	slli	a5, t0, 16
800029c0: 93 d7 07 01  	srli	a5, a5, 16
800029c4: 93 d8 02 01  	srli	a7, t0, 16
800029c8: 13 88 f8 ff  	addi	a6, a7, -1
800029cc: 63 e2 07 0b  	bltu	a5, a6, 0x80002a70 <snrt_main+0xc4>
800029d0: 13 05 02 00  	mv	a0, tp
800029d4: 23 22 a1 00  	sw	a0, 4(sp)
800029d8: 03 25 41 00  	lw	a0, 4(sp)
800029dc: 97 05 00 00  	auipc	a1, 0
800029e0: 13 86 c5 7e  	addi	a2, a1, 2028
800029e4: 97 05 00 00  	auipc	a1, 0
800029e8: 13 87 45 7e  	addi	a4, a1, 2020
800029ec: 33 07 c7 40  	sub	a4, a4, a2
800029f0: 63 0c 07 00  	beqz	a4, 0x80002a08 <snrt_main+0x5c>
800029f4: 93 06 00 00  	li	a3, 0
800029f8: 2b 00 d6 00  	<unknown>
800029fc: 93 05 00 00  	li	a1, 0
80002a00: 2b 00 b5 02  	<unknown>
80002a04: 2b 05 07 04  	<unknown>
80002a08: 13 d5 12 01  	srli	a0, t0, 17
80002a0c: 63 08 05 04  	beqz	a0, 0x80002a5c <snrt_main+0xb0>
80002a10: 93 05 20 00  	li	a1, 2
80002a14: 13 85 08 00  	mv	a0, a7
80002a18: 63 e4 15 01  	bltu	a1, a7, 0x80002a20 <snrt_main+0x74>
80002a1c: 13 05 20 00  	li	a0, 2
80002a20: 13 03 80 40  	li	t1, 1032
80002a24: b3 03 65 02  	mul	t2, a0, t1
80002a28: 93 06 00 00  	li	a3, 0
80002a2c: 93 05 00 00  	li	a1, 0
80002a30: 6f 00 c0 00  	j	0x80002a3c <snrt_main+0x90>
80002a34: 13 03 83 40  	addi	t1, t1, 1032
80002a38: 63 82 63 02  	beq	t2, t1, 0x80002a5c <snrt_main+0xb0>
80002a3c: 03 25 41 00  	lw	a0, 4(sp)
80002a40: 03 26 41 00  	lw	a2, 4(sp)
80002a44: e3 08 07 fe  	beqz	a4, 0x80002a34 <snrt_main+0x88>
80002a48: 33 05 a3 00  	add	a0, t1, a0
80002a4c: 2b 00 d6 00  	<unknown>
80002a50: 2b 00 b5 02  	<unknown>
80002a54: 2b 05 07 04  	<unknown>
80002a58: 6f f0 df fd  	j	0x80002a34 <snrt_main+0x88>
80002a5c: 03 25 41 00  	lw	a0, 4(sp)
80002a60: 33 05 e5 00  	add	a0, a0, a4
80002a64: 93 d5 02 01  	srli	a1, t0, 16
80002a68: 23 22 a1 00  	sw	a0, 4(sp)
80002a6c: 63 96 05 1a  	bnez	a1, 0x80002c18 <snrt_main+0x26c>
80002a70: b3 b5 07 01  	sltu	a1, a5, a6
80002a74: 73 20 20 7c  	csrr	zero, 1986
80002a78: 73 25 10 bc  	csrr	a0, 3009
80002a7c: 37 06 fc 00  	lui	a2, 4032
80002a80: 33 75 c5 00  	and	a0, a0, a2
80002a84: 33 36 a0 00  	snez	a2, a0
80002a88: 17 35 00 00  	auipc	a0, 3
80002a8c: 13 05 85 84  	addi	a0, a0, -1976
80002a90: 97 36 00 00  	auipc	a3, 3
80002a94: 13 87 86 87  	addi	a4, a3, -1928
80002a98: 33 07 a7 40  	sub	a4, a4, a0
80002a9c: 93 36 17 00  	seqz	a3, a4
80002aa0: 33 e6 c6 00  	or	a2, a3, a2
80002aa4: b3 e5 c5 00  	or	a1, a1, a2
80002aa8: 63 9c 05 00  	bnez	a1, 0x80002ac0 <snrt_main+0x114>
80002aac: 37 06 03 10  	lui	a2, 65584
80002ab0: 93 06 00 00  	li	a3, 0
80002ab4: 2b 00 d6 00  	<unknown>
80002ab8: 2b 00 b5 02  	<unknown>
80002abc: 2b 05 07 04  	<unknown>
80002ac0: 17 05 00 00  	auipc	a0, 0
80002ac4: 13 06 05 71  	addi	a2, a0, 1808
80002ac8: 17 05 00 00  	auipc	a0, 0
80002acc: 13 07 85 70  	addi	a4, a0, 1800
80002ad0: 33 07 c7 40  	sub	a4, a4, a2
80002ad4: 17 05 00 00  	auipc	a0, 0
80002ad8: 93 02 c5 70  	addi	t0, a0, 1804
80002adc: 17 05 00 00  	auipc	a0, 0
80002ae0: 13 03 45 6f  	addi	t1, a0, 1780
80002ae4: 33 05 53 40  	sub	a0, t1, t0
80002ae8: 33 05 e5 40  	sub	a0, a0, a4
80002aec: b7 05 02 10  	lui	a1, 65568
80002af0: b3 05 b5 00  	add	a1, a0, a1
80002af4: 23 20 b2 00  	sw	a1, 0(tp)
80002af8: 97 25 00 00  	auipc	a1, 2
80002afc: 13 84 85 7e  	addi	s0, a1, 2024
80002b00: 63 f6 07 03  	bgeu	a5, a6, 0x80002b2c <snrt_main+0x180>
80002b04: 73 20 20 7c  	csrr	zero, 1986
80002b08: ef 00 80 1a  	jal	0x80002cb0 <main>
80002b0c: 73 20 20 7c  	csrr	zero, 1986
80002b10: 2f 25 a4 00  	amoadd.w	a0, a0, (s0)
80002b14: 73 20 20 7c  	csrr	zero, 1986
80002b18: 73 20 20 7c  	csrr	zero, 1986
80002b1c: 03 25 04 00  	lw	a0, 0(s0)
80002b20: f3 25 40 f1  	csrr	a1, mhartid
80002b24: 63 92 05 0e  	bnez	a1, 0x80002c08 <snrt_main+0x25c>
80002b28: 6f 00 80 16  	j	0x80002c90 <snrt_main+0x2e4>
80002b2c: 63 00 07 02  	beqz	a4, 0x80002b4c <snrt_main+0x1a0>
80002b30: b7 05 02 10  	lui	a1, 65568
80002b34: 33 05 b5 00  	add	a0, a0, a1
80002b38: 93 06 00 00  	li	a3, 0
80002b3c: 2b 00 d6 00  	<unknown>
80002b40: 93 05 00 00  	li	a1, 0
80002b44: 2b 00 b5 02  	<unknown>
80002b48: 2b 05 07 04  	<unknown>
80002b4c: b3 87 62 40  	sub	a5, t0, t1
80002b50: 13 08 02 00  	mv	a6, tp
80002b54: 63 88 07 02  	beqz	a5, 0x80002b84 <snrt_main+0x1d8>
80002b58: 37 06 03 10  	lui	a2, 65584
80002b5c: 33 05 f7 00  	add	a0, a4, a5
80002b60: b7 05 02 10  	lui	a1, 65568
80002b64: b3 05 b7 00  	add	a1, a4, a1
80002b68: 33 85 a5 40  	sub	a0, a1, a0
80002b6c: 93 06 00 00  	li	a3, 0
80002b70: 2b 00 d6 00  	<unknown>
80002b74: 93 05 00 00  	li	a1, 0
80002b78: 2b 00 b5 02  	<unknown>
80002b7c: 13 87 07 00  	mv	a4, a5
80002b80: 2b 05 07 04  	<unknown>
80002b84: ab 02 20 08  	<unknown>
80002b88: e3 9e 02 fe  	bnez	t0, 0x80002b84 <snrt_main+0x1d8>
80002b8c: 03 25 08 00  	lw	a0, 0(a6)
80002b90: b7 05 00 10  	lui	a1, 65536
80002b94: 23 22 b5 00  	sw	a1, 4(a0)
80002b98: 37 06 02 00  	lui	a2, 32
80002b9c: 23 24 c5 00  	sw	a2, 8(a0)
80002ba0: 23 26 b5 00  	sw	a1, 12(a0)
80002ba4: 17 25 00 00  	auipc	a0, 2
80002ba8: 13 05 b5 76  	addi	a0, a0, 1899
80002bac: 13 75 85 ff  	andi	a0, a0, -8
80002bb0: 97 25 00 00  	auipc	a1, 2
80002bb4: 93 85 c5 74  	addi	a1, a1, 1868
80002bb8: 23 a0 a5 00  	sw	a0, 0(a1)
80002bbc: 23 a2 05 00  	sw	zero, 4(a1)
80002bc0: 23 a4 a5 00  	sw	a0, 8(a1)
80002bc4: 73 20 20 7c  	csrr	zero, 1986
80002bc8: ef 00 80 0e  	jal	0x80002cb0 <main>
80002bcc: 73 20 20 7c  	csrr	zero, 1986
80002bd0: 2f 25 a4 00  	amoadd.w	a0, a0, (s0)
80002bd4: 73 20 20 7c  	csrr	zero, 1986
80002bd8: 17 25 00 00  	auipc	a0, 2
80002bdc: 13 05 05 70  	addi	a0, a0, 1792
80002be0: 83 25 45 00  	lw	a1, 4(a0)
80002be4: 13 06 10 00  	li	a2, 1
80002be8: af 26 c5 00  	amoadd.w	a3, a2, (a0)
80002bec: 63 84 06 08  	beqz	a3, 0x80002c74 <snrt_main+0x2c8>
80002bf0: 03 26 45 00  	lw	a2, 4(a0)
80002bf4: e3 8e c5 fe  	beq	a1, a2, 0x80002bf0 <snrt_main+0x244>
80002bf8: 73 20 20 7c  	csrr	zero, 1986
80002bfc: 03 25 04 00  	lw	a0, 0(s0)
80002c00: f3 25 40 f1  	csrr	a1, mhartid
80002c04: 63 86 05 08  	beqz	a1, 0x80002c90 <snrt_main+0x2e4>
80002c08: 83 20 c1 00  	lw	ra, 12(sp)
80002c0c: 03 24 81 00  	lw	s0, 8(sp)
80002c10: 13 01 01 01  	addi	sp, sp, 16
80002c14: 67 80 00 00  	ret
80002c18: 93 02 00 00  	li	t0, 0
80002c1c: 13 b5 18 00  	seqz	a0, a7
80002c20: 33 85 a8 00  	add	a0, a7, a0
80002c24: 93 05 80 40  	li	a1, 1032
80002c28: b3 08 b5 02  	mul	a7, a0, a1
80002c2c: 17 05 00 00  	auipc	a0, 0
80002c30: 13 05 c5 59  	addi	a0, a0, 1436
80002c34: 97 05 00 00  	auipc	a1, 0
80002c38: 13 87 c5 59  	addi	a4, a1, 1436
80002c3c: 33 07 a7 40  	sub	a4, a4, a0
80002c40: 37 06 03 10  	lui	a2, 65584
80002c44: 93 06 00 00  	li	a3, 0
80002c48: 93 05 00 00  	li	a1, 0
80002c4c: 6f 00 c0 00  	j	0x80002c58 <snrt_main+0x2ac>
80002c50: 93 82 82 40  	addi	t0, t0, 1032
80002c54: e3 8e 58 e0  	beq	a7, t0, 0x80002a70 <snrt_main+0xc4>
80002c58: 03 25 41 00  	lw	a0, 4(sp)
80002c5c: e3 0a 07 fe  	beqz	a4, 0x80002c50 <snrt_main+0x2a4>
80002c60: 33 85 a2 00  	add	a0, t0, a0
80002c64: 2b 00 d6 00  	<unknown>
80002c68: 2b 00 b5 02  	<unknown>
80002c6c: 2b 05 07 04  	<unknown>
80002c70: 6f f0 1f fe  	j	0x80002c50 <snrt_main+0x2a4>
80002c74: 23 20 05 00  	sw	zero, 0(a0)
80002c78: 13 05 45 00  	addi	a0, a0, 4
80002c7c: 2f 25 c5 00  	amoadd.w	a0, a2, (a0)
80002c80: 73 20 20 7c  	csrr	zero, 1986
80002c84: 03 25 04 00  	lw	a0, 0(s0)
80002c88: f3 25 40 f1  	csrr	a1, mhartid
80002c8c: e3 9e 05 f6  	bnez	a1, 0x80002c08 <snrt_main+0x25c>
80002c90: 13 15 15 00  	slli	a0, a0, 1
80002c94: 13 05 15 00  	addi	a0, a0, 1
80002c98: 97 05 00 00  	auipc	a1, 0
80002c9c: 23 a4 a5 4e  	sw	a0, 1256(a1)
80002ca0: 83 20 c1 00  	lw	ra, 12(sp)
80002ca4: 03 24 81 00  	lw	s0, 8(sp)
80002ca8: 13 01 01 01  	addi	sp, sp, 16
80002cac: 67 80 00 00  	ret

80002cb0 <main>:
80002cb0: 13 01 01 fb  	addi	sp, sp, -80
80002cb4: 23 26 11 04  	sw	ra, 76(sp)
80002cb8: 23 24 81 04  	sw	s0, 72(sp)
80002cbc: 23 22 91 04  	sw	s1, 68(sp)
80002cc0: 23 20 21 05  	sw	s2, 64(sp)
80002cc4: 23 2e 31 03  	sw	s3, 60(sp)
80002cc8: 23 2c 41 03  	sw	s4, 56(sp)
80002ccc: 23 2a 51 03  	sw	s5, 52(sp)
80002cd0: 23 28 61 03  	sw	s6, 48(sp)
80002cd4: 03 25 02 00  	lw	a0, 0(tp)
80002cd8: f3 25 30 bc  	csrr	a1, 3011
80002cdc: 13 96 05 01  	slli	a2, a1, 16
80002ce0: 93 59 06 01  	srli	s3, a2, 16
80002ce4: 03 24 c5 00  	lw	s0, 12(a0)
80002ce8: 17 09 00 00  	auipc	s2, 0
80002cec: 83 24 c9 5d  	lw	s1, 1500(s2)
80002cf0: 93 d5 05 01  	srli	a1, a1, 16
80002cf4: 93 85 f5 ff  	addi	a1, a1, -1
80002cf8: 63 e2 b9 02  	bltu	s3, a1, 0x80002d1c <main+0x6c>
80002cfc: 17 25 00 00  	auipc	a0, 2
80002d00: 03 25 85 5f  	lw	a0, 1528(a0)
80002d04: 97 05 00 00  	auipc	a1, 0
80002d08: 03 a6 45 59  	lw	a2, 1428(a1)
80002d0c: 33 05 a4 00  	add	a0, s0, a0
80002d10: 97 05 00 00  	auipc	a1, 0
80002d14: 93 85 05 5c  	addi	a1, a1, 1472
80002d18: ef d0 1f a5  	jal	0x80000768 <load_a_chrunk_of_data>
80002d1c: 73 20 20 7c  	csrr	zero, 1986
80002d20: 63 86 09 00  	beqz	s3, 0x80002d2c <main+0x7c>
80002d24: 13 05 00 00  	li	a0, 0
80002d28: 6f 00 40 13  	j	0x80002e5c <main+0x1ac>
80002d2c: 17 05 00 00  	auipc	a0, 0
80002d30: 03 05 45 56  	lb	a0, 1380(a0)
80002d34: 97 05 00 00  	auipc	a1, 0
80002d38: 83 85 d5 55  	lb	a1, 1373(a1)
80002d3c: 17 06 00 00  	auipc	a2, 0
80002d40: 03 06 66 55  	lb	a2, 1366(a2)
80002d44: 97 06 00 00  	auipc	a3, 0
80002d48: 83 86 f6 54  	lb	a3, 1359(a3)
80002d4c: 17 07 00 00  	auipc	a4, 0
80002d50: 03 07 87 54  	lb	a4, 1352(a4)
80002d54: 97 07 00 00  	auipc	a5, 0
80002d58: 83 a7 87 55  	lw	a5, 1368(a5)
80002d5c: 17 08 00 00  	auipc	a6, 0
80002d60: 03 28 48 55  	lw	a6, 1364(a6)
80002d64: 97 28 00 00  	auipc	a7, 2
80002d68: 83 a8 08 58  	lw	a7, 1408(a7)
80002d6c: 97 22 00 00  	auipc	t0, 2
80002d70: 83 a2 c2 57  	lw	t0, 1404(t0)
80002d74: 17 23 00 00  	auipc	t1, 2
80002d78: 03 23 83 57  	lw	t1, 1400(t1)
80002d7c: 97 03 00 00  	auipc	t2, 0
80002d80: 83 a3 83 53  	lw	t2, 1336(t2)
80002d84: 17 0e 00 00  	auipc	t3, 0
80002d88: 03 0e 1e 51  	lb	t3, 1297(t3)
80002d8c: 97 0e 00 00  	auipc	t4, 0
80002d90: 83 8e ae 50  	lb	t4, 1290(t4)
80002d94: 17 0f 00 00  	auipc	t5, 0
80002d98: 03 0f 3f 50  	lb	t5, 1283(t5)
80002d9c: 97 0f 00 00  	auipc	t6, 0
80002da0: 83 af cf 51  	lw	t6, 1308(t6)
80002da4: 97 09 00 00  	auipc	s3, 0
80002da8: 83 a9 89 51  	lw	s3, 1304(s3)
80002dac: 17 2a 00 00  	auipc	s4, 2
80002db0: 03 2a 4a 54  	lw	s4, 1348(s4)
80002db4: 97 0a 00 00  	auipc	s5, 0
80002db8: 83 aa ca 50  	lw	s5, 1292(s5)
80002dbc: 17 2b 00 00  	auipc	s6, 2
80002dc0: 03 2b 8b 53  	lw	s6, 1336(s6)
80002dc4: 03 29 c9 5d  	lw	s2, 1500(s2)
80002dc8: 33 04 94 00  	add	s0, s0, s1
80002dcc: 23 26 21 03  	sw	s2, 44(sp)
80002dd0: 23 24 61 03  	sw	s6, 40(sp)
80002dd4: 23 22 51 03  	sw	s5, 36(sp)
80002dd8: 23 20 41 03  	sw	s4, 32(sp)
80002ddc: 23 2e 31 01  	sw	s3, 28(sp)
80002de0: 23 2c f1 01  	sw	t6, 24(sp)
80002de4: 23 2a e1 01  	sw	t5, 20(sp)
80002de8: 23 28 d1 01  	sw	t4, 16(sp)
80002dec: 23 26 c1 01  	sw	t3, 12(sp)
80002df0: 23 24 71 00  	sw	t2, 8(sp)
80002df4: 23 22 61 00  	sw	t1, 4(sp)
80002df8: 23 20 51 00  	sw	t0, 0(sp)
80002dfc: ef d0 4f bd  	jal	0x800001d0 <set_data_reshuffler_csr>
80002e00: ef d0 cf c8  	jal	0x8000028c <start_streamer>
80002e04: 17 05 00 00  	auipc	a0, 0
80002e08: 03 25 45 4c  	lw	a0, 1220(a0)
80002e0c: 97 05 00 00  	auipc	a1, 0
80002e10: 83 a5 05 4c  	lw	a1, 1216(a1)
80002e14: 17 26 00 00  	auipc	a2, 2
80002e18: 03 26 46 4e  	lw	a2, 1252(a2)
80002e1c: ef d0 0f c8  	jal	0x8000029c <set_data_reshuffler>
80002e20: ef d0 4f c9  	jal	0x800002b4 <start_data_reshuffler>
80002e24: ef d0 8f c9  	jal	0x800002bc <wait_data_reshuffler>
80002e28: ef d0 cf c6  	jal	0x80000294 <wait_streamer>
80002e2c: 17 05 00 00  	auipc	a0, 0
80002e30: 03 26 05 47  	lw	a2, 1136(a0)
80002e34: 17 15 00 00  	auipc	a0, 1
80002e38: 93 05 c5 49  	addi	a1, a0, 1180
80002e3c: 13 05 04 00  	mv	a0, s0
80002e40: ef d0 df 94  	jal	0x8000078c <test_a_chrunk_of_data>
80002e44: 13 04 05 00  	mv	s0, a0
80002e48: 17 05 00 00  	auipc	a0, 0
80002e4c: 13 05 05 30  	addi	a0, a0, 768
80002e50: 93 05 04 00  	mv	a1, s0
80002e54: ef e0 cf 9d  	jal	0x80001030 <printf_>
80002e58: 13 05 04 00  	mv	a0, s0
80002e5c: 83 20 c1 04  	lw	ra, 76(sp)
80002e60: 03 24 81 04  	lw	s0, 72(sp)
80002e64: 83 24 41 04  	lw	s1, 68(sp)
80002e68: 03 29 01 04  	lw	s2, 64(sp)
80002e6c: 83 29 c1 03  	lw	s3, 60(sp)
80002e70: 03 2a 81 03  	lw	s4, 56(sp)
80002e74: 83 2a 41 03  	lw	s5, 52(sp)
80002e78: 03 2b 01 03  	lw	s6, 48(sp)
80002e7c: 13 01 01 05  	addi	sp, sp, 80
80002e80: 67 80 00 00  	ret

Disassembly of section .rodata:

80002e88 <.rodata>:
80002e88: 7c 11        	<unknown>
80002e8a: 00 80        	<unknown>
80002e8c: 94 11        	<unknown>
80002e8e: 00 80        	<unknown>
80002e90: 94 11        	<unknown>
80002e92: 00 80        	<unknown>
80002e94: 48 11        	<unknown>
80002e96: 00 80        	<unknown>
80002e98: 94 11        	<unknown>
80002e9a: 00 80        	<unknown>
80002e9c: 94 11        	<unknown>
80002e9e: 00 80        	<unknown>
80002ea0: 94 11        	<unknown>
80002ea2: 00 80        	<unknown>
80002ea4: 94 11        	<unknown>
80002ea6: 00 80        	<unknown>
80002ea8: 94 11        	<unknown>
80002eaa: 00 80        	<unknown>
80002eac: 94 11        	<unknown>
80002eae: 00 80        	<unknown>
80002eb0: 94 11        	<unknown>
80002eb2: 00 80        	<unknown>
80002eb4: 84 11        	<unknown>
80002eb6: 00 80        	<unknown>
80002eb8: 94 11        	<unknown>
80002eba: 00 80        	<unknown>
80002ebc: 8c 11        	<unknown>
80002ebe: 00 80        	<unknown>
80002ec0: 94 11        	<unknown>
80002ec2: 00 80        	<unknown>
80002ec4: 94 11        	<unknown>
80002ec6: 00 80        	<unknown>
80002ec8: 4c 11        	<unknown>
80002eca: 00 80        	<unknown>
80002ecc: dc 12        	<unknown>
80002ece: 00 80        	<unknown>
80002ed0: f4 12        	<unknown>
80002ed2: 00 80        	<unknown>
80002ed4: fc 12        	<unknown>
80002ed6: 00 80        	<unknown>
80002ed8: 1c 13        	<unknown>
80002eda: 00 80        	<unknown>
80002edc: 1c 13        	<unknown>
80002ede: 00 80        	<unknown>
80002ee0: 1c 13        	<unknown>
80002ee2: 00 80        	<unknown>
80002ee4: 10 13        	<unknown>
80002ee6: 00 80        	<unknown>
80002ee8: 1c 13        	<unknown>
80002eea: 00 80        	<unknown>
80002eec: 1c 13        	<unknown>
80002eee: 00 80        	<unknown>
80002ef0: 10 13        	<unknown>
80002ef2: 00 80        	<unknown>
80002ef4: 3c 14        	<unknown>
80002ef6: 00 80        	<unknown>
80002ef8: 48 14        	<unknown>
80002efa: 00 80        	<unknown>
80002efc: 48 14        	<unknown>
80002efe: 00 80        	<unknown>
80002f00: 48 14        	<unknown>
80002f02: 00 80        	<unknown>
80002f04: 48 14        	<unknown>
80002f06: 00 80        	<unknown>
80002f08: 48 14        	<unknown>
80002f0a: 00 80        	<unknown>
80002f0c: 48 14        	<unknown>
80002f0e: 00 80        	<unknown>
80002f10: 48 14        	<unknown>
80002f12: 00 80        	<unknown>
80002f14: 48 14        	<unknown>
80002f16: 00 80        	<unknown>
80002f18: 48 14        	<unknown>
80002f1a: 00 80        	<unknown>
80002f1c: 48 14        	<unknown>
80002f1e: 00 80        	<unknown>
80002f20: 48 14        	<unknown>
80002f22: 00 80        	<unknown>
80002f24: 48 14        	<unknown>
80002f26: 00 80        	<unknown>
80002f28: 48 14        	<unknown>
80002f2a: 00 80        	<unknown>
80002f2c: 48 14        	<unknown>
80002f2e: 00 80        	<unknown>
80002f30: 48 14        	<unknown>
80002f32: 00 80        	<unknown>
80002f34: 48 14        	<unknown>
80002f36: 00 80        	<unknown>
80002f38: 48 14        	<unknown>
80002f3a: 00 80        	<unknown>
80002f3c: 48 14        	<unknown>
80002f3e: 00 80        	<unknown>
80002f40: 48 14        	<unknown>
80002f42: 00 80        	<unknown>
80002f44: 48 14        	<unknown>
80002f46: 00 80        	<unknown>
80002f48: 48 14        	<unknown>
80002f4a: 00 80        	<unknown>
80002f4c: 48 14        	<unknown>
80002f4e: 00 80        	<unknown>
80002f50: 48 14        	<unknown>
80002f52: 00 80        	<unknown>
80002f54: 48 14        	<unknown>
80002f56: 00 80        	<unknown>
80002f58: 48 14        	<unknown>
80002f5a: 00 80        	<unknown>
80002f5c: 48 14        	<unknown>
80002f5e: 00 80        	<unknown>
80002f60: 48 14        	<unknown>
80002f62: 00 80        	<unknown>
80002f64: 48 14        	<unknown>
80002f66: 00 80        	<unknown>
80002f68: 48 14        	<unknown>
80002f6a: 00 80        	<unknown>
80002f6c: 48 14        	<unknown>
80002f6e: 00 80        	<unknown>
80002f70: 48 14        	<unknown>
80002f72: 00 80        	<unknown>
80002f74: d0 13        	<unknown>
80002f76: 00 80        	<unknown>
80002f78: 78 13        	<unknown>
80002f7a: 00 80        	<unknown>
80002f7c: c8 13        	<unknown>
80002f7e: 00 80        	<unknown>
80002f80: 48 14        	<unknown>
80002f82: 00 80        	<unknown>
80002f84: 48 14        	<unknown>
80002f86: 00 80        	<unknown>
80002f88: 48 14        	<unknown>
80002f8a: 00 80        	<unknown>
80002f8c: 48 14        	<unknown>
80002f8e: 00 80        	<unknown>
80002f90: 48 14        	<unknown>
80002f92: 00 80        	<unknown>
80002f94: 48 14        	<unknown>
80002f96: 00 80        	<unknown>
80002f98: 48 14        	<unknown>
80002f9a: 00 80        	<unknown>
80002f9c: 48 14        	<unknown>
80002f9e: 00 80        	<unknown>
80002fa0: 48 14        	<unknown>
80002fa2: 00 80        	<unknown>
80002fa4: 48 14        	<unknown>
80002fa6: 00 80        	<unknown>
80002fa8: 48 14        	<unknown>
80002faa: 00 80        	<unknown>
80002fac: 48 14        	<unknown>
80002fae: 00 80        	<unknown>
80002fb0: 48 14        	<unknown>
80002fb2: 00 80        	<unknown>
80002fb4: 48 14        	<unknown>
80002fb6: 00 80        	<unknown>
80002fb8: 48 14        	<unknown>
80002fba: 00 80        	<unknown>
80002fbc: 48 14        	<unknown>
80002fbe: 00 80        	<unknown>
80002fc0: 50 13        	<unknown>
80002fc2: 00 80        	<unknown>
80002fc4: 48 14        	<unknown>
80002fc6: 00 80        	<unknown>
80002fc8: 48 14        	<unknown>
80002fca: 00 80        	<unknown>
80002fcc: 48 14        	<unknown>
80002fce: 00 80        	<unknown>
80002fd0: 48 14        	<unknown>
80002fd2: 00 80        	<unknown>
80002fd4: 48 14        	<unknown>
80002fd6: 00 80        	<unknown>
80002fd8: 48 14        	<unknown>
80002fda: 00 80        	<unknown>
80002fdc: 48 14        	<unknown>
80002fde: 00 80        	<unknown>
80002fe0: 48 14        	<unknown>
80002fe2: 00 80        	<unknown>
80002fe4: 48 14        	<unknown>
80002fe6: 00 80        	<unknown>
80002fe8: 60 14        	<unknown>
80002fea: 00 80        	<unknown>
80002fec: 28 15        	<unknown>
80002fee: 00 80        	<unknown>
80002ff0: 48 13        	<unknown>
80002ff2: 00 80        	<unknown>
80002ff4: d0 13        	<unknown>
80002ff6: 00 80        	<unknown>
80002ff8: 78 13        	<unknown>
80002ffa: 00 80        	<unknown>
80002ffc: c8 13        	<unknown>
80002ffe: 00 80        	<unknown>
80003000: 48 14        	<unknown>
80003002: 00 80        	<unknown>
80003004: 48 13        	<unknown>
80003006: 00 80        	<unknown>
80003008: 48 14        	<unknown>
8000300a: 00 80        	<unknown>
8000300c: 48 14        	<unknown>
8000300e: 00 80        	<unknown>
80003010: 48 14        	<unknown>
80003012: 00 80        	<unknown>
80003014: 48 14        	<unknown>
80003016: 00 80        	<unknown>
80003018: 48 14        	<unknown>
8000301a: 00 80        	<unknown>
8000301c: 64 14        	<unknown>
8000301e: 00 80        	<unknown>
80003020: cc 15        	<unknown>
80003022: 00 80        	<unknown>
80003024: 48 14        	<unknown>
80003026: 00 80        	<unknown>
80003028: 48 14        	<unknown>
8000302a: 00 80        	<unknown>
8000302c: 00 16        	<unknown>
8000302e: 00 80        	<unknown>
80003030: 48 14        	<unknown>
80003032: 00 80        	<unknown>
80003034: 48 13        	<unknown>
80003036: 00 80        	<unknown>
80003038: 48 14        	<unknown>
8000303a: 00 80        	<unknown>
8000303c: 48 14        	<unknown>
8000303e: 00 80        	<unknown>
80003040: 50 13        	<unknown>
80003042: 00 80        	<unknown>
80003044: 00 00        	<unknown>
80003046: 00 00        	<unknown>

80003048 <_ftoa.pow10>:
80003048: 00 00        	<unknown>
8000304a: 00 00        	<unknown>
8000304c: 00 00        	<unknown>
8000304e: f0 3f        	<unknown>
80003050: 00 00        	<unknown>
80003052: 00 00        	<unknown>
80003054: 00 00        	<unknown>
80003056: 24 40        	<unknown>
80003058: 00 00        	<unknown>
8000305a: 00 00        	<unknown>
8000305c: 00 00        	<unknown>
8000305e: 59 40        	<unknown>
80003060: 00 00        	<unknown>
80003062: 00 00        	<unknown>
80003064: 00 40        	<unknown>
80003066: 8f 40 00 00  	<unknown>
8000306a: 00 00        	<unknown>
8000306c: 00 88        	<unknown>
8000306e: c3 40 00 00  	fmadd.s	ft1, ft0, ft0, ft0, rmm
80003072: 00 00        	<unknown>
80003074: 00 6a        	<unknown>
80003076: f8 40        	<unknown>
80003078: 00 00        	<unknown>
8000307a: 00 00        	<unknown>
8000307c: 80 84        	<unknown>
8000307e: 2e 41        	<unknown>
80003080: 00 00        	<unknown>
80003082: 00 00        	<unknown>
80003084: d0 12        	<unknown>
80003086: 63 41 00 00  	bltz	zero, 0x80003088 <_ftoa.pow10+0x40>
8000308a: 00 00        	<unknown>
8000308c: 84 d7        	<unknown>
8000308e: 97 41 00 00  	auipc	gp, 4
80003092: 00 00        	<unknown>
80003094: 65 cd        	<unknown>
80003096: cd 41        	<unknown>
80003098: 45 72        	<unknown>
8000309a: 72 6f        	<unknown>
8000309c: 72 3a        	<unknown>
8000309e: 20 61        	<unknown>
800030a0: 66 74        	<unknown>
800030a2: 65 72        	<unknown>
800030a4: 20 72        	<unknown>
800030a6: 65 73        	<unknown>
800030a8: 68 75        	<unknown>
800030aa: 66 66        	<unknown>
800030ac: 6c 65        	<unknown>
800030ae: 20 62        	<unknown>
800030b0: 61 73        	<unknown>
800030b2: 65 5f        	<unknown>
800030b4: 70 74        	<unknown>
800030b6: 72 5f        	<unknown>
800030b8: 6c 6f        	<unknown>
800030ba: 63 61 6c 5b  	bltu	s8, s6, 0x8000365c <__DATA_BEGIN__+0x38c>
800030be: 25 64        	<unknown>
800030c0: 5d 20        	<unknown>
800030c2: 3d 20        	<unknown>
800030c4: 25 64        	<unknown>
800030c6: 2c 20        	<unknown>
800030c8: 67 6f 6c 64  	<unknown>
800030cc: 65 6e        	<unknown>
800030ce: 20 62        	<unknown>
800030d0: 61 73        	<unknown>
800030d2: 65 5f        	<unknown>
800030d4: 70 74        	<unknown>
800030d6: 72 5f        	<unknown>
800030d8: 6c 32        	<unknown>
800030da: 5b 25 64 5d  	<unknown>
800030de: 20 3d        	<unknown>
800030e0: 20 25        	<unknown>
800030e2: 64 20        	<unknown>
800030e4: 0a 00        	<unknown>
800030e6: 66 6e        	<unknown>
800030e8: 69 2b        	<unknown>
800030ea: 00 45        	<unknown>

800030eb <$d.53>:
800030eb: 45 72        	<unknown>
800030ed: 72 6f        	<unknown>
800030ef: 72 3a        	<unknown>
800030f1: 20 61        	<unknown>
800030f3: 66 74        	<unknown>
800030f5: 65 72        	<unknown>
800030f7: 20 72        	<unknown>
800030f9: 65 73        	<unknown>
800030fb: 68 75        	<unknown>
800030fd: 66 66        	<unknown>
800030ff: 6c 65        	<unknown>
80003101: 20 61        	<unknown>
80003103: 64 64        	<unknown>
80003105: 72 5f        	<unknown>
80003107: 6f 75 74 20  	jal	a0, 0x8004ab0d <_edram+0x45805>
8000310b: 3d 20        	<unknown>
8000310d: 25 64        	<unknown>
8000310f: 20 61        	<unknown>
80003111: 74 20        	<unknown>
80003113: 61 64        	<unknown>
80003115: 64 72        	<unknown>
80003117: 65 73        	<unknown>
80003119: 73 20 25 78  	csrs	1922, a0
8000311d: 2c 20        	<unknown>
8000311f: 67 6f 6c 64  	<unknown>
80003123: 65 6e        	<unknown>
80003125: 20 61        	<unknown>
80003127: 64 64        	<unknown>
80003129: 72 5f        	<unknown>
8000312b: 4f 75 74 20  	fnmadd.s	fa0, fs0, ft7, ft4
8000312f: 3d 20        	<unknown>
80003131: 25 64        	<unknown>
80003133: 20 61        	<unknown>
80003135: 74 20        	<unknown>
80003137: 61 64        	<unknown>
80003139: 64 72        	<unknown>
8000313b: 65 73        	<unknown>
8000313d: 73 20 25 78  	csrs	1922, a0
80003141: 20 0a        	<unknown>
80003143: 00 66        	<unknown>
80003145: 6e 69        	<unknown>
80003147: 00 44        	<unknown>

80003148 <$d.4>:
80003148: 44 61        	<unknown>
8000314a: 74 61        	<unknown>
8000314c: 20 72        	<unknown>
8000314e: 65 73        	<unknown>
80003150: 68 75        	<unknown>
80003152: 66 66        	<unknown>
80003154: 6c 65        	<unknown>
80003156: 72 20        	<unknown>
80003158: 66 69        	<unknown>
8000315a: 6e 69        	<unknown>
8000315c: 73 68 65 64  	csrrsi	a6, hviprio1, 10
80003160: 2e 20        	<unknown>
80003162: 45 72        	<unknown>
80003164: 72 6f        	<unknown>
80003166: 72 3a        	<unknown>
80003168: 20 25        	<unknown>
8000316a: 64 20        	<unknown>
8000316c: 0a 00        	<unknown>
8000316e: 00 00        	<unknown>

Disassembly of section .htif:

80003180 <tohost>:
		...

800031c0 <fromhost>:
		...

Disassembly of section .tbss:

800031c8 <__tbss_start>:
...

Disassembly of section .cbss:

800031d0 <_cls>:
		...

Disassembly of section .sdata:

800031e0 <__SDATA_BEGIN__>:
800031e0: ff ff ff ff  	<unknown>
800031e4: ff ff ef ff  	<unknown>
800031e8: ff ff ff ff  	<unknown>
800031ec: ff ff ef 7f  	<unknown>
800031f0: 00 00        	<unknown>
800031f2: 00 00        	<unknown>
800031f4: 65 cd        	<unknown>
800031f6: cd 41        	<unknown>
800031f8: 00 00        	<unknown>
800031fa: 00 00        	<unknown>
800031fc: 65 cd        	<unknown>
800031fe: cd c1        	<unknown>
80003200: 00 00        	<unknown>
80003202: 00 00        	<unknown>
80003204: 00 00        	<unknown>
80003206: e0 3f        	<unknown>
80003208: ff ff ff ff  	<unknown>
8000320c: ff ff ef 7f  	<unknown>
80003210: ff ff ff ff  	<unknown>
80003214: ff ff ef ff  	<unknown>
80003218: b8 80        	<unknown>
8000321a: 76 cf        	<unknown>
8000321c: 66 86        	<unknown>
8000321e: d0 bf        	<unknown>
80003220: 61 43        	<unknown>
80003222: 6f 63 a7 87  	jal	t1, 0x7ff7929c <$d.54+0x7ff7929c>
80003226: d2 3f        	<unknown>
80003228: fb 79 9f 50  	<unknown>
8000322c: 13 44 d3 3f  	xori	s0, t1, 1021
80003230: 00 00        	<unknown>
80003232: 00 00        	<unknown>
80003234: 00 00        	<unknown>
80003236: e0 3f        	<unknown>
80003238: 71 a3        	<unknown>
8000323a: 79 09        	<unknown>
8000323c: 4f 93 0a 40  	fnmadd.s	ft6, fs5, ft0, fs0, rtz
80003240: ef 39 fa fe  	jal	s3, 0x7ffa722e <$d.54+0x7ffa722e>
80003244: 42 2e        	<unknown>
80003246: e6 bf        	<unknown>
80003248: 16 55        	<unknown>
8000324a: b5 bb        	<unknown>
8000324c: b1 6b        	<unknown>
8000324e: 02 40        	<unknown>
80003250: 00 00        	<unknown>
80003252: 00 00        	<unknown>
80003254: 00 00        	<unknown>
80003256: 00 40        	<unknown>
80003258: 00 00        	<unknown>
8000325a: 00 00        	<unknown>
8000325c: 00 00        	<unknown>
8000325e: 24 40        	<unknown>
80003260: 92 24        	<unknown>
80003262: 49 92        	<unknown>
80003264: 24 49        	<unknown>
80003266: b2 3f        	<unknown>
80003268: 00 00        	<unknown>
8000326a: 00 00        	<unknown>
8000326c: 00 00        	<unknown>
8000326e: 18 40        	<unknown>
80003270: 9a 99        	<unknown>
80003272: 99 99        	<unknown>
80003274: 99 99        	<unknown>
80003276: b9 3f        	<unknown>
80003278: 2d 43        	<unknown>
8000327a: 1c eb        	<unknown>
8000327c: e2 36        	<unknown>
8000327e: 1a 3f        	<unknown>
80003280: 00 00        	<unknown>
80003282: 00 00        	<unknown>
80003284: 80 84        	<unknown>
80003286: 2e 41        	<unknown>
80003288: 00 00        	<unknown>
8000328a: 00 00        	<unknown>
8000328c: 00 00        	<unknown>
8000328e: f0 3f        	<unknown>

80003290 <tempLoop0_in>:
80003290: 08 08        	<unknown>

80003291 <tempLoop1_in>:
80003291: 08 01        	<unknown>

80003292 <tempLoop2_in>:
80003292: 01 01        	<unknown>

80003293 <tempLoop3_in>:
80003293: 01 01        	<unknown>

80003294 <tempLoop4_in>:
80003294: 01 08        	<unknown>

80003295 <tempLoop0_out>:
80003295: 08 08        	<unknown>

80003296 <tempLoop1_out>:
80003296: 08 01        	<unknown>

80003297 <tempLoop2_out>:
80003297: 01 00        	<unknown>

80003298 <input_data_len>:
80003298: 00 10        	<unknown>
8000329a: 00 00        	<unknown>

8000329c <output_data_len>:
8000329c: 00 10        	<unknown>
8000329e: 00 00        	<unknown>

800032a0 <DMAtempStride0_in>:
800032a0: 40 00        	<unknown>
800032a2: 00 00        	<unknown>

800032a4 <DMAtempStride1_in>:
800032a4: 00 02        	<unknown>
800032a6: 00 00        	<unknown>

800032a8 <DMAspatialStride1_in>:
800032a8: 08 00        	<unknown>
800032aa: 00 00        	<unknown>

800032ac <tempStride0_in>:
800032ac: 08 00        	<unknown>
800032ae: 00 00        	<unknown>

800032b0 <tempStride1_in>:
800032b0: 00 02        	<unknown>
800032b2: 00 00        	<unknown>

800032b4 <spatialStride1_in>:
800032b4: 40 00        	<unknown>
800032b6: 00 00        	<unknown>

800032b8 <tempStride0_out>:
800032b8: 40 00        	<unknown>
800032ba: 00 00        	<unknown>

800032bc <tempStride1_out>:
800032bc: 00 02        	<unknown>
800032be: 00 00        	<unknown>

800032c0 <spatialStride1_out>:
800032c0: 08 00        	<unknown>
800032c2: 00 00        	<unknown>

800032c4 <delta_local_out>:
800032c4: 00 10        	<unknown>
800032c6: 00 00        	<unknown>

800032c8 <TloopLen>:
800032c8: 40 00        	<unknown>
800032ca: 00 00        	<unknown>

800032cc <reduceLen>:
800032cc: 01 00        	<unknown>
800032ce: 00 00        	<unknown>

Disassembly of section .data:

800032d0 <__DATA_BEGIN__>:
800032d0: e6 33        	<unknown>
800032d2: dc 8e        	<unknown>
800032d4: ea c7        	<unknown>
800032d6: 3c 94        	<unknown>
800032d8: e6 f9        	<unknown>
800032da: 52 56        	<unknown>
800032dc: ca 4a        	<unknown>
800032de: d7 f4 e3 e7  	<unknown>
800032e2: 17 02 15 b4  	auipc	tp, 737616
800032e6: 81 d7        	<unknown>
800032e8: 6b 1d a5 01  	<unknown>
800032ec: 3f 3b 94 20  	<unknown>
800032f0: 4b b9 95 7c  	fnmsub.h	fs2, fa1, fs1, fa5, rup
800032f4: 6b d8 b0 5a  	<unknown>
800032f8: ba 7e        	<unknown>
800032fa: 29 5b        	<unknown>
800032fc: 3b 4f 8e 3d  	<unknown>
80003300: 3d 2e        	<unknown>
80003302: 3d b2        	<unknown>
80003304: eb b6 73 bf  	<unknown>
80003308: 78 02        	<unknown>
8000330a: 64 b2        	<unknown>
8000330c: 06 94        	<unknown>
8000330e: c8 26        	<unknown>
80003310: 91 03        	<unknown>
80003312: d8 bb        	<unknown>
80003314: 8d 71        	<unknown>
80003316: 79 88        	<unknown>
80003318: d9 b4        	<unknown>
8000331a: 01 d3        	<unknown>
8000331c: db ee 3b 46  	<unknown>
80003320: 2b 7c 87 2e  	<unknown>
80003324: a2 4d        	<unknown>
80003326: d0 23        	<unknown>
80003328: b1 e7        	<unknown>
8000332a: 03 81 7d 05  	lb	sp, 87(s11)
8000332e: b5 e9        	<unknown>
80003330: 83 b5 5c 3e  	<unknown>
80003334: 11 59        	<unknown>
80003336: ab 21 49 3d  	<unknown>
8000333a: 63 8d de af  	beq	t4, t4, 0x80002634 <_etoa+0x2f4>
8000333e: 8e 47        	<unknown>
80003340: 4d 56        	<unknown>
80003342: 7b 78 3d a7  	<unknown>
80003346: 54 4f        	<unknown>
80003348: 6c d1        	<unknown>
8000334a: ee b4        	<unknown>
8000334c: 97 19 58 7b  	auipc	s3, 505217
80003350: 3b fb 6c a8  	<unknown>
80003354: 1c 8e        	<unknown>
80003356: ac c0        	<unknown>
80003358: d8 c6        	<unknown>
8000335a: 88 d7        	<unknown>
8000335c: 00 6b        	<unknown>
8000335e: 07 57 be 0a  	<unknown>
80003362: 72 d0        	<unknown>
80003364: 07 22 22 a0  	flw	ft4, -1534(tp)
80003368: fa 84        	<unknown>
8000336a: 69 66        	<unknown>
8000336c: 79 a8        	<unknown>
8000336e: 9b 06 48 c7  	<unknown>
80003372: 8b 21 a0 af  	<unknown>
80003376: 76 16        	<unknown>
80003378: bd 57        	<unknown>
8000337a: a4 e2        	<unknown>
8000337c: 2b e7 55 5a  	<unknown>
80003380: a2 40        	<unknown>
80003382: 62 e4        	<unknown>
80003384: 2e 4d        	<unknown>
80003386: 02 80        	<unknown>
80003388: 84 59        	<unknown>
8000338a: 76 7e        	<unknown>
8000338c: 0d e6        	<unknown>
8000338e: 9a 08        	<unknown>
80003390: 4e 8e        	<unknown>
80003392: d9 a9        	<unknown>
80003394: fb 4c 32 be  	<unknown>
80003398: df 66 70 b3  	<unknown>
8000339c: 7c df        	<unknown>
8000339e: 03 5d 64 16  	lhu	s10, 358(s0)
800033a2: 66 6c        	<unknown>
800033a4: 0e 2a        	<unknown>
800033a6: 9c a3        	<unknown>
800033a8: 8c 1f        	<unknown>
800033aa: c6 3a        	<unknown>
800033ac: 72 d5        	<unknown>
800033ae: 9b c1 29 ac  	<unknown>
800033b2: bd 38        	<unknown>
800033b4: 74 05        	<unknown>
800033b6: 9b 9b eb ab  	<unknown>
800033ba: d3 9d 3d ca  	<unknown>
800033be: ff 79 76 db  	<unknown>
800033c2: 58 66        	<unknown>
800033c4: 3d 60        	<unknown>
800033c6: 00 f8        	<unknown>
800033c8: 9a 3d        	<unknown>
800033ca: f8 f3        	<unknown>
800033cc: 4c 68        	<unknown>
800033ce: 82 e6        	<unknown>
800033d0: 45 47        	<unknown>
800033d2: 1a 08        	<unknown>
800033d4: bd 24        	<unknown>
800033d6: 60 b2        	<unknown>
800033d8: 69 2b        	<unknown>
800033da: 17 4e ba f5  	auipc	t3, 1006500
800033de: 1f df 57 68  	<unknown>
800033e2: 33 f0 bd 70  	<unknown>
800033e6: 39 b3        	<unknown>
800033e8: 8b 7d a6 01  	<unknown>
800033ec: 02 f0        	<unknown>
800033ee: e4 f0        	<unknown>
800033f0: 37 d0 3a f0  	lui	zero, 983981
800033f4: 81 01        	<unknown>
800033f6: 5b b5 d6 64  	<unknown>
800033fa: 5f 60 00 12  	<unknown>
800033fe: fd 01        	<unknown>
80003400: b4 2b        	<unknown>
80003402: 59 1f        	<unknown>
80003404: 45 1f        	<unknown>
80003406: 76 c3        	<unknown>
80003408: 36 4a        	<unknown>
8000340a: 37 fa 10 7e  	lui	s4, 516367
8000340e: a5 97        	<unknown>
80003410: c4 f3        	<unknown>
80003412: e1 45        	<unknown>
80003414: 55 0a        	<unknown>
80003416: 7e 6f        	<unknown>
80003418: 0f e0 48 fb  	<unknown>
8000341c: 3a c5        	<unknown>
8000341e: 4f dc 82 13  	<unknown>
80003422: 7b 3a 23 12  	<unknown>
80003426: d9 42        	<unknown>
80003428: 7e 12        	<unknown>
8000342a: 13 df 46 b3  	<unknown>
8000342e: 68 20        	<unknown>
80003430: 27 ff a6 d1  	<unknown>
80003434: e7 00 8a 5b  	jalr	1464(s4)
80003438: 38 58        	<unknown>
8000343a: 31 16        	<unknown>
8000343c: 1e 5d        	<unknown>
8000343e: a9 e2        	<unknown>
80003440: 86 7b        	<unknown>
80003442: 0f d9 ef 78  	<unknown>
80003446: 73 bb f0 81  	csrrc	s6, 2079, ra
8000344a: 00 af        	<unknown>
8000344c: 7d 0b        	<unknown>
8000344e: 44 a4        	<unknown>
80003450: 1f 7a 76 88  	<unknown>
80003454: 68 e2        	<unknown>
80003456: 12 af        	<unknown>
80003458: 4f 02 13 17  	<unknown>
8000345c: b5 f7        	<unknown>
8000345e: 20 17        	<unknown>
80003460: f3 ca f0 47  	<unknown>
80003464: 23 25 e7 d3  	sw	t5, -726(a4)
80003468: 7d 62        	<unknown>
8000346a: ef 7d 58 e2  	jal	s11, 0x7ff8b28e <$d.54+0x7ff8b28e>
8000346e: 18 dc        	<unknown>
80003470: 11 ff        	<unknown>
80003472: ed d1        	<unknown>
80003474: 41 b5        	<unknown>
80003476: 22 4f        	<unknown>
80003478: 3c 28        	<unknown>
8000347a: 63 20 c3 a0  	<unknown>
8000347e: 0d 94        	<unknown>
80003480: af 13 77 ff  	<unknown>
80003484: 07 06 42 10  	<unknown>
80003488: ff a0 2f 4b  	<unknown>
8000348c: 3a f2        	<unknown>
8000348e: 55 f6        	<unknown>
80003490: 95 6d        	<unknown>
80003492: 1d a5        	<unknown>
80003494: 65 ec        	<unknown>
80003496: b2 35        	<unknown>
80003498: 87 9a 9a 61  	flh	fs5, 1561(s5)
8000349c: 94 9d        	<unknown>
8000349e: e0 9b        	<unknown>
800034a0: ee 3f        	<unknown>
800034a2: 60 44        	<unknown>
800034a4: 7b bc af 12  	<unknown>
800034a8: 83 a2 3f b0  	lw	t0, -1277(t6)
800034ac: 90 2b        	<unknown>
800034ae: 5b 1d 5c ad  	<unknown>
800034b2: f4 85        	<unknown>
800034b4: e2 fb        	<unknown>
800034b6: 68 a4        	<unknown>
800034b8: 97 dc 70 ad  	auipc	s9, 710413
800034bc: 34 de        	<unknown>
800034be: e2 3b        	<unknown>
800034c0: 60 f3        	<unknown>
800034c2: 3e 7c        	<unknown>
800034c4: 54 1f        	<unknown>
800034c6: 56 20        	<unknown>
800034c8: c2 ff        	<unknown>
800034ca: 91 98        	<unknown>
800034cc: 69 5e        	<unknown>
800034ce: b5 b9        	<unknown>
800034d0: c2 e7        	<unknown>
800034d2: 2d 97        	<unknown>
800034d4: f1 9f        	<unknown>
800034d6: 2e d5        	<unknown>
800034d8: 16 41        	<unknown>
800034da: fe 1a        	<unknown>
800034dc: 69 01        	<unknown>
800034de: 59 90        	<unknown>
800034e0: e7 20 08 aa  	<unknown>
800034e4: 75 2f        	<unknown>
800034e6: a6 5c        	<unknown>
800034e8: 29 76        	<unknown>
800034ea: 99 e2        	<unknown>
800034ec: b1 18        	<unknown>
800034ee: 17 8c bb 79  	auipc	s8, 498616
800034f2: 06 b8        	<unknown>
800034f4: a3 2c 93 c0  	sw	s1, -999(t1)
800034f8: 87 6d 0f 0d  	<unknown>
800034fc: 4b f2 56 0e  	<unknown>
80003500: db e1 c1 9f  	<unknown>
80003504: 56 3e        	<unknown>
80003506: d5 b2        	<unknown>
80003508: 18 39        	<unknown>
8000350a: be 3d        	<unknown>
8000350c: fc 15        	<unknown>
8000350e: b9 b9        	<unknown>
80003510: d5 b0        	<unknown>
80003512: 33 29 c5 8e  	<unknown>
80003516: b5 6a        	<unknown>
80003518: 3b e4 60 87  	<unknown>
8000351c: b4 bb        	<unknown>
8000351e: 6b eb 84 e6  	<unknown>
80003522: 43 85 ec 5f  	<unknown>
80003526: f3 dd ae e2  	csrrwi	s11, 3626, 29
8000352a: b6 27        	<unknown>
8000352c: b3 0f 8c f1  	<unknown>
80003530: fb e9 1d 12  	<unknown>
80003534: 10 f7        	<unknown>
80003536: be 92        	<unknown>
80003538: db b9 36 d9  	<unknown>
8000353c: 64 59        	<unknown>
8000353e: f4 bd        	<unknown>
80003540: 96 fe        	<unknown>
80003542: 08 0b        	<unknown>
80003544: 74 00        	<unknown>
80003546: b9 f9        	<unknown>
80003548: 80 6e        	<unknown>
8000354a: a1 df        	<unknown>
8000354c: fd f5        	<unknown>
8000354e: af d8 67 6c  	<unknown>
80003552: f4 00        	<unknown>
80003554: 8f 3c 66 3f  	<unknown>
80003558: 3e c4        	<unknown>
8000355a: 95 dc        	<unknown>
8000355c: 76 42        	<unknown>
8000355e: cb 19 0f 32  	fnmsub.d	fs3, ft10, ft0, ft6, rtz
80003562: 64 d5        	<unknown>
80003564: 38 9c        	<unknown>
80003566: 4d 5b        	<unknown>
80003568: c4 ae        	<unknown>
8000356a: 70 dd        	<unknown>
8000356c: 6d 3d        	<unknown>
8000356e: 73 44 4b 0f  	<unknown>
80003572: 59 59        	<unknown>
80003574: 2f d4 a6 e3  	<unknown>
80003578: a0 7d        	<unknown>
8000357a: 5d e4        	<unknown>
8000357c: 96 79        	<unknown>
8000357e: 89 75        	<unknown>
80003580: c4 e3        	<unknown>
80003582: a1 33        	<unknown>
80003584: 5e 09        	<unknown>
80003586: 79 12        	<unknown>
80003588: 39 df        	<unknown>
8000358a: 80 77        	<unknown>
8000358c: c4 6c        	<unknown>
8000358e: 83 8f 97 cf  	lb	t6, -775(a5)
80003592: 76 81        	<unknown>
80003594: 70 5b        	<unknown>
80003596: ff 1f 5a d3  	<unknown>
8000359a: 17 0b 31 22  	auipc	s6, 140048
8000359e: fb a0 20 3c  	<unknown>
800035a2: 32 2a        	<unknown>
800035a4: e4 8b        	<unknown>
800035a6: c2 c0        	<unknown>
800035a8: 20 27        	<unknown>
800035aa: c9 aa        	<unknown>
800035ac: ab 9c 0c 8b  	<unknown>
800035b0: de ad        	<unknown>
800035b2: 01 7c        	<unknown>
800035b4: 72 71        	<unknown>
800035b6: a2 56        	<unknown>
800035b8: d0 d9        	<unknown>
800035ba: 87 dc 19 49  	<unknown>
800035be: d9 7d        	<unknown>
800035c0: 21 f2        	<unknown>
800035c2: e8 06        	<unknown>
800035c4: 43 b9 74 f1  	fmadd.s	fs2, fs1, fs7, ft10, rup
800035c8: 6c ca        	<unknown>
800035ca: 1c f7        	<unknown>
800035cc: 23 58 94 7c  	<unknown>
800035d0: 78 23        	<unknown>
800035d2: 09 e4        	<unknown>
800035d4: 48 17        	<unknown>
800035d6: 3f 62 30 e2  	<unknown>
800035da: 6f a3 51 70  	jal	t1, 0x8001e4de <_edram+0x191d6>
800035de: 66 df        	<unknown>
800035e0: 17 16 3d 5f  	auipc	a2, 390097
800035e4: a4 8b        	<unknown>
800035e6: f0 36        	<unknown>
800035e8: 8c 96        	<unknown>
800035ea: 58 e2        	<unknown>
800035ec: e8 9d        	<unknown>
800035ee: 90 f0        	<unknown>
800035f0: bd d3        	<unknown>
800035f2: ef 58 d5 0c  	jal	a7, 0x80058ebe <_edram+0x53bb6>
800035f6: 3a 92        	<unknown>
800035f8: 30 e3        	<unknown>
800035fa: 0b 3c 68 12  	<unknown>
800035fe: cb 88 46 9b  	fnmsub.d	fa7, fa3, fs4, fs3, rne
80003602: 4d 5e        	<unknown>
80003604: ff b3 d2 79  	<unknown>
80003608: ee 0f        	<unknown>
8000360a: f4 c4        	<unknown>
8000360c: e2 0b        	<unknown>
8000360e: 98 33        	<unknown>
80003610: fa 54        	<unknown>
80003612: 63 b4 16 0f  	<unknown>
80003616: b8 a6        	<unknown>
80003618: ec 34        	<unknown>
8000361a: a9 39        	<unknown>
8000361c: 26 0d        	<unknown>
8000361e: 5e f9        	<unknown>
80003620: 04 22        	<unknown>
80003622: 56 5c        	<unknown>
80003624: 6a ca        	<unknown>
80003626: 11 6e        	<unknown>
80003628: cb 88 c9 39  	fnmsub.s	fa7, fs3, ft8, ft7, rne
8000362c: 6b 10 7c 65  	<unknown>
80003630: 86 2d        	<unknown>
80003632: 0c 27        	<unknown>
80003634: 29 08        	<unknown>
80003636: 31 9a        	<unknown>
80003638: f9 41        	<unknown>
8000363a: 84 9c        	<unknown>
8000363c: 24 25        	<unknown>
8000363e: d2 07        	<unknown>
80003640: 6f ec c0 d5  	jal	s8, 0x7ff11b9c <$d.54+0x7ff11b9c>
80003644: 73 10 7e c6  	csrw	3175, t3
80003648: 58 ac        	<unknown>
8000364a: 03 a3 c5 7b  	lw	t1, 1980(a1)
8000364e: 1e 92        	<unknown>
80003650: 3c eb        	<unknown>
80003652: 35 26        	<unknown>
80003654: da 49        	<unknown>
80003656: d9 92        	<unknown>
80003658: a6 fd        	<unknown>
8000365a: 42 2c        	<unknown>
8000365c: 0c 71        	<unknown>
8000365e: 5b fd b9 13  	<unknown>
80003662: 5b 47 bc fe  	<unknown>
80003666: e8 26        	<unknown>
80003668: 80 02        	<unknown>
8000366a: 4c db        	<unknown>
8000366c: 3d 78        	<unknown>
8000366e: 3e 7b        	<unknown>
80003670: f0 18        	<unknown>
80003672: b7 20 25 f4  	lui	ra, 1000018
80003676: 05 b9        	<unknown>
80003678: ab 2c 1f 2c  	<unknown>
8000367c: bc ae        	<unknown>
8000367e: 14 cf        	<unknown>
80003680: f5 54        	<unknown>
80003682: 4a 7b        	<unknown>
80003684: 64 23        	<unknown>
80003686: 62 12        	<unknown>
80003688: 93 38 11 ae  	sltiu	a7, sp, -1311
8000368c: 68 b0        	<unknown>
8000368e: 8d 0e        	<unknown>
80003690: 1e 80        	<unknown>
80003692: f4 b5        	<unknown>
80003694: f5 82        	<unknown>
80003696: 0f 56 38 4a  	<unknown>
8000369a: 8b c9 5f 8f  	<unknown>
8000369e: 47 e5 4b 17  	<unknown>
800036a2: 1b f4 87 f9  	<unknown>
800036a6: db 23 d9 07  	<unknown>
800036aa: 39 bb        	<unknown>
800036ac: 31 9b        	<unknown>
800036ae: 5b e4 a8 63  	<unknown>
800036b2: 3f 1a 75 3e  	<unknown>
800036b6: 10 48        	<unknown>
800036b8: 20 74        	<unknown>
800036ba: 53 4c 5b 6f  	<unknown>
800036be: 1c 0c        	<unknown>
800036c0: ad a2        	<unknown>
800036c2: 7c 05        	<unknown>
800036c4: d1 f2        	<unknown>
800036c6: 44 ae        	<unknown>
800036c8: 18 41        	<unknown>
800036ca: 89 b7        	<unknown>
800036cc: 9d 71        	<unknown>
800036ce: 7a ec        	<unknown>
800036d0: 84 f6        	<unknown>
800036d2: 77 a0 f5 c0  	<unknown>
800036d6: 11 5f        	<unknown>
800036d8: 6e 30        	<unknown>
800036da: 8a d4        	<unknown>
800036dc: 99 be        	<unknown>
800036de: 58 d5        	<unknown>
800036e0: ba 9a        	<unknown>
800036e2: 30 4c        	<unknown>
800036e4: 20 e1        	<unknown>
800036e6: e8 e2        	<unknown>
800036e8: 7e 00        	<unknown>
800036ea: 14 6f        	<unknown>
800036ec: b6 85        	<unknown>
800036ee: 5b 50 44 de  	<unknown>
800036f2: 04 e5        	<unknown>
800036f4: 82 34        	<unknown>
800036f6: 96 64        	<unknown>
800036f8: b4 24        	<unknown>
800036fa: 49 49        	<unknown>
800036fc: d2 10        	<unknown>
800036fe: d4 cd        	<unknown>
80003700: 48 ed        	<unknown>
80003702: 80 b2        	<unknown>
80003704: 2c 4c        	<unknown>
80003706: 83 3d 40 f0  	<unknown>
8000370a: 67 9f a1 db  	<unknown>
8000370e: de c7        	<unknown>
80003710: a6 19        	<unknown>
80003712: 79 21        	<unknown>
80003714: 35 f5        	<unknown>
80003716: 82 fa        	<unknown>
80003718: b1 8b        	<unknown>
8000371a: 40 b5        	<unknown>
8000371c: 6b 04 5d 5d  	<unknown>
80003720: 7a b8        	<unknown>
80003722: 10 ef        	<unknown>
80003724: 7e ae        	<unknown>
80003726: 16 4e        	<unknown>
80003728: 64 d4        	<unknown>
8000372a: 0d c1        	<unknown>
8000372c: ca 32        	<unknown>
8000372e: e6 25        	<unknown>
80003730: 3f 7b 61 a5  	<unknown>
80003734: b1 e1        	<unknown>
80003736: d1 9d        	<unknown>
80003738: ce da        	<unknown>
8000373a: 32 3e        	<unknown>
8000373c: 61 b3        	<unknown>
8000373e: 78 25        	<unknown>
80003740: 60 57        	<unknown>
80003742: ce 7b        	<unknown>
80003744: 9d 76        	<unknown>
80003746: e9 b2        	<unknown>
80003748: d0 04        	<unknown>
8000374a: 9c 03        	<unknown>
8000374c: 09 37        	<unknown>
8000374e: 10 c9        	<unknown>
80003750: 90 7b        	<unknown>
80003752: d3 57 c4 a1  	<unknown>
80003756: 85 b4        	<unknown>
80003758: 41 4c        	<unknown>
8000375a: fd 6a        	<unknown>
8000375c: aa 6f        	<unknown>
8000375e: 4a f2        	<unknown>
80003760: ee 78        	<unknown>
80003762: 16 36        	<unknown>
80003764: cf de 4a f5  	<unknown>
80003768: 0f 87 03 e7  	<unknown>
8000376c: 03 37 98 42  	<unknown>
80003770: df 42 1a dc  	<unknown>
80003774: 1f 31 bc f9  	<unknown>
80003778: b2 12        	<unknown>
8000377a: 94 84        	<unknown>
8000377c: 51 db        	<unknown>
8000377e: 29 bc        	<unknown>
80003780: 95 14        	<unknown>
80003782: c5 80        	<unknown>
80003784: 04 68        	<unknown>
80003786: 8b d9 ad a1  	<unknown>
8000378a: 30 cd        	<unknown>
8000378c: 59 ac        	<unknown>
8000378e: 1a c8        	<unknown>
80003790: 99 78        	<unknown>
80003792: ae f8        	<unknown>
80003794: 55 6e        	<unknown>
80003796: b7 dd ea be  	lui	s11, 781997
8000379a: af bc d0 99  	<unknown>
8000379e: a3 80 87 f0  	sb	s0, -255(a5)
800037a2: e2 7c        	<unknown>
800037a4: 33 4e ae fe  	<unknown>
800037a8: b7 55 8d 59  	lui	a1, 366805
800037ac: 9b 56 cd 57  	<unknown>
800037b0: 01 ec        	<unknown>
800037b2: 19 8d        	<unknown>
800037b4: 3a b7        	<unknown>
800037b6: f2 86        	<unknown>
800037b8: 82 ee        	<unknown>
800037ba: 16 6d        	<unknown>
800037bc: ea 6e        	<unknown>
800037be: 7b 6c 91 79  	<unknown>
800037c2: a5 62        	<unknown>
800037c4: f2 8e        	<unknown>
800037c6: 3f 58 f6 64  	<unknown>
800037ca: 9b 49 a6 38  	<unknown>
800037ce: 90 66        	<unknown>
800037d0: d5 59        	<unknown>
800037d2: fd ab        	<unknown>
800037d4: 98 10        	<unknown>
800037d6: 8c 53        	<unknown>
800037d8: 98 c3        	<unknown>
800037da: 09 c2        	<unknown>
800037dc: 68 ec        	<unknown>
800037de: 11 ee        	<unknown>
800037e0: 63 ee 55 a1  	bltu	a1, s5, 0x800029fc <snrt_main+0x50>
800037e4: ee 87        	<unknown>
800037e6: 27 f0 6b d2  	<unknown>
800037ea: a9 28        	<unknown>
800037ec: e4 85        	<unknown>
800037ee: 33 99 bf 61  	<unknown>
800037f2: 3a 37        	<unknown>
800037f4: ba ec        	<unknown>
800037f6: 45 64        	<unknown>
800037f8: f8 a0        	<unknown>
800037fa: 34 15        	<unknown>
800037fc: 94 45        	<unknown>
800037fe: c5 76        	<unknown>
80003800: ef 83 dd ca  	jal	t2, 0x7ffdc4ac <$d.54+0x7ffdc4ac>
80003804: 3d bd        	<unknown>
80003806: dd de        	<unknown>
80003808: 17 b6 08 76  	auipc	a2, 483467
8000380c: 02 72        	<unknown>
8000380e: 9e a7        	<unknown>
80003810: 64 a3        	<unknown>
80003812: 17 5e 85 c1  	auipc	t3, 792661
80003816: 53 5b ca 83  	<unknown>
8000381a: ce 05        	<unknown>
8000381c: f5 f0        	<unknown>
8000381e: dd 77        	<unknown>
80003820: 65 32        	<unknown>
80003822: bd 38        	<unknown>
80003824: 41 ce        	<unknown>
80003826: 4a 07        	<unknown>
80003828: 99 32        	<unknown>
8000382a: 2c ab        	<unknown>
8000382c: 04 c5        	<unknown>
8000382e: 19 f5        	<unknown>
80003830: c3 92 53 60  	fmadd.s	ft5, ft7, ft5, fa2, rtz
80003834: 93 f0 0b ae  	andi	ra, s7, -1312
80003838: 80 d9        	<unknown>
8000383a: 0d bf        	<unknown>
8000383c: a5 a4        	<unknown>
8000383e: fd 0a        	<unknown>
80003840: 7e e3        	<unknown>
80003842: cc 6a        	<unknown>
80003844: 82 20        	<unknown>
80003846: 05 31        	<unknown>
80003848: 77 89 84 16  	<unknown>
8000384c: 09 2b        	<unknown>
8000384e: 01 8c        	<unknown>
80003850: 27 01 d3 c0  	<unknown>
80003854: be e4        	<unknown>
80003856: c8 90        	<unknown>
80003858: 88 4a        	<unknown>
8000385a: 0e 17        	<unknown>
8000385c: a5 76        	<unknown>
8000385e: 22 dd        	<unknown>
80003860: de b0        	<unknown>
80003862: c4 bd        	<unknown>
80003864: 3b 6b 31 cd  	<unknown>
80003868: f4 f7        	<unknown>
8000386a: 4a 08        	<unknown>
8000386c: 21 cb        	<unknown>
8000386e: 62 a2        	<unknown>
80003870: 80 a7        	<unknown>
80003872: bf 15 bb bf  	<unknown>
80003876: dc c7        	<unknown>
80003878: 8a e8        	<unknown>
8000387a: 64 8d        	<unknown>
8000387c: bb 9d a2 54  	<unknown>
80003880: 24 84        	<unknown>
80003882: d2 fa        	<unknown>
80003884: cd 19        	<unknown>
80003886: bd 03        	<unknown>
80003888: d8 6c        	<unknown>
8000388a: a9 d8        	<unknown>
8000388c: 11 a7        	<unknown>
8000388e: c7 a6 e7 8d  	fmsub.h	fa3, fa5, ft10, fa7, rdn
80003892: 9f 32 fc 25  	<unknown>
80003896: e0 96        	<unknown>
80003898: be 0e        	<unknown>
8000389a: 60 18        	<unknown>
8000389c: 10 60        	<unknown>
8000389e: 6e 76        	<unknown>
800038a0: 41 4d        	<unknown>
800038a2: b4 e7        	<unknown>
800038a4: e7 32 a6 32  	<unknown>
800038a8: 45 05        	<unknown>
800038aa: c2 06        	<unknown>
800038ac: 32 47        	<unknown>
800038ae: a9 3f        	<unknown>
800038b0: 73 8e ee 1c  	<unknown>
800038b4: a0 73        	<unknown>
800038b6: 5d 66        	<unknown>
800038b8: 1a 23        	<unknown>
800038ba: 1c a5        	<unknown>
800038bc: 38 e0        	<unknown>
800038be: 7c 64        	<unknown>
800038c0: 1a 36        	<unknown>
800038c2: a0 7d        	<unknown>
800038c4: 43 d5 c1 89  	<unknown>
800038c8: 84 fa        	<unknown>
800038ca: c9 e0        	<unknown>
800038cc: f5 a5        	<unknown>
800038ce: 0c 1e        	<unknown>
800038d0: ae 63        	<unknown>
800038d2: ec 57        	<unknown>
800038d4: 33 37 8e 1c  	<unknown>
800038d8: 07 84 1c ae  	<unknown>
800038dc: c3 cb 2c 01  	fmadd.s	fs7, fs9, fs2, ft0, rmm
800038e0: 1a de        	<unknown>
800038e2: f2 72        	<unknown>
800038e4: 23 a3 99 aa  	sw	s1, -1370(s3)
800038e8: 9a c4        	<unknown>
800038ea: 13 8a 7d c9  	addi	s4, s11, -873
800038ee: e7 a5 05 47  	<unknown>
800038f2: 96 ae        	<unknown>
800038f4: d9 ad        	<unknown>
800038f6: ea 0b        	<unknown>
800038f8: 59 0c        	<unknown>
800038fa: e7 3d 51 58  	<unknown>
800038fe: 60 ee        	<unknown>
80003900: e7 bb 2a 4b  	<unknown>
80003904: 6b e3 6f c3  	<unknown>
80003908: 04 f7        	<unknown>
8000390a: a4 c7        	<unknown>
8000390c: fe e9        	<unknown>
8000390e: 70 db        	<unknown>
80003910: 9e f9        	<unknown>
80003912: 08 75        	<unknown>
80003914: b2 9c        	<unknown>
80003916: 4d a7        	<unknown>
80003918: a8 55        	<unknown>
8000391a: 8a 16        	<unknown>
8000391c: 80 ad        	<unknown>
8000391e: e4 14        	<unknown>
80003920: d9 ed        	<unknown>
80003922: 23 35 56 b8  	<unknown>
80003926: 80 be        	<unknown>
80003928: 35 b6        	<unknown>
8000392a: f2 27        	<unknown>
8000392c: 0e 14        	<unknown>
8000392e: 2e 48        	<unknown>
80003930: b4 08        	<unknown>
80003932: 49 33        	<unknown>
80003934: b8 f4        	<unknown>
80003936: 19 28        	<unknown>
80003938: a2 be        	<unknown>
8000393a: 73 98 d9 ca  	csrrw	a6, 3245, s3
8000393e: a5 01        	<unknown>
80003940: 06 51        	<unknown>
80003942: 5a 21        	<unknown>
80003944: da 90        	<unknown>
80003946: ff 2a 3a eb  	<unknown>
8000394a: 7a 32        	<unknown>
8000394c: 35 17        	<unknown>
8000394e: 98 46        	<unknown>
80003950: 33 45 74 d7  	<unknown>
80003954: 20 30        	<unknown>
80003956: 9c be        	<unknown>
80003958: 6a 15        	<unknown>
8000395a: 19 1b        	<unknown>
8000395c: f1 54        	<unknown>
8000395e: b0 46        	<unknown>
80003960: d0 d3        	<unknown>
80003962: e8 30        	<unknown>
80003964: 13 f5 d5 5b  	andi	a0, a1, 1469
80003968: be 3c        	<unknown>
8000396a: e7 b0 c6 80  	<unknown>
8000396e: 5f 0c 5d 56  	<unknown>
80003972: 32 fa        	<unknown>
80003974: 37 52 bd 9f  	lui	tp, 654293
80003978: 1d 9c        	<unknown>
8000397a: b0 2c        	<unknown>
8000397c: 5c 9d        	<unknown>
8000397e: 0f 27 92 91  	<unknown>
80003982: 80 cd        	<unknown>
80003984: f2 2e        	<unknown>
80003986: 71 41        	<unknown>
80003988: 75 5b        	<unknown>
8000398a: f0 f1        	<unknown>
8000398c: 5d 25        	<unknown>
8000398e: 32 be        	<unknown>
80003990: 03 00 87 1c  	lb	zero, 456(a4)
80003994: b6 e6        	<unknown>
80003996: 02 9f        	<unknown>
80003998: 89 49        	<unknown>
8000399a: 52 ed        	<unknown>
8000399c: 21 fb        	<unknown>
8000399e: 60 d6        	<unknown>
800039a0: b6 5b        	<unknown>
800039a2: 9f 31 06 dc  	<unknown>
800039a6: 87 c0 b8 76  	<unknown>
800039aa: c2 57        	<unknown>
800039ac: 56 3a        	<unknown>
800039ae: 7e 7c        	<unknown>
800039b0: c7 b5 78 6e  	<unknown>
800039b4: 64 c2        	<unknown>
800039b6: b2 e0        	<unknown>
800039b8: db 6e 87 21  	<unknown>
800039bc: a2 df        	<unknown>
800039be: d7 cd 9f f7  	<unknown>
800039c2: ad 6a        	<unknown>
800039c4: 0f 43 73 24  	<unknown>
800039c8: 35 54        	<unknown>
800039ca: 0d 5e        	<unknown>
800039cc: b6 2f        	<unknown>
800039ce: 51 86        	<unknown>
800039d0: c9 86        	<unknown>
800039d2: 20 16        	<unknown>
800039d4: d4 12        	<unknown>
800039d6: ef fc 12 a3  	jal	s9, 0x7ff33406 <$d.54+0x7ff33406>
800039da: 9c 3b        	<unknown>
800039dc: d1 81        	<unknown>
800039de: 00 ae        	<unknown>
800039e0: 44 13        	<unknown>
800039e2: 8a 69        	<unknown>
800039e4: 7e 01        	<unknown>
800039e6: 42 56        	<unknown>
800039e8: f6 0b        	<unknown>
800039ea: 93 84 a4 25  	addi	s1, s1, 602
800039ee: 5d 08        	<unknown>
800039f0: 61 b4        	<unknown>
800039f2: 2b e2 73 79  	<unknown>
800039f6: d5 eb        	<unknown>
800039f8: 97 d0 49 1d  	auipc	ra, 119965
800039fc: f7 ba 6d 56  	<unknown>
80003a00: ff 5f 50 f1  	<unknown>
80003a04: f2 50        	<unknown>
80003a06: 8d 88        	<unknown>
80003a08: a7 41 6c 98  	<unknown>
80003a0c: e6 48        	<unknown>
80003a0e: 75 95        	<unknown>
80003a10: 6a 6d        	<unknown>
80003a12: 83 19 39 9c  	lh	s3, -1597(s2)
80003a16: ec e1        	<unknown>
80003a18: 56 a4        	<unknown>
80003a1a: ca c5        	<unknown>
80003a1c: 11 ff        	<unknown>
80003a1e: d4 a9        	<unknown>
80003a20: e3 a8 25 a1  	<unknown>
80003a24: 90 24        	<unknown>
80003a26: 18 65        	<unknown>
80003a28: f9 cb        	<unknown>
80003a2a: d6 f4        	<unknown>
80003a2c: e9 d5        	<unknown>
80003a2e: 54 9a        	<unknown>
80003a30: b8 9e        	<unknown>
80003a32: 05 5a        	<unknown>
80003a34: 27 e1 8b 6c  	<unknown>
80003a38: 78 b4        	<unknown>
80003a3a: 46 09        	<unknown>
80003a3c: 2c 10        	<unknown>
80003a3e: 19 54        	<unknown>
80003a40: 5b 3d f9 ad  	<unknown>
80003a44: bf 01 7b b5  	<unknown>
80003a48: ea 40        	<unknown>
80003a4a: b2 34        	<unknown>
80003a4c: a3 f2 99 9c  	<unknown>
80003a50: 14 8a        	<unknown>
80003a52: a7 8a 23 f0  	<unknown>
80003a56: 3a a6        	<unknown>
80003a58: 67 62 b5 e1  	<unknown>
80003a5c: b6 ee        	<unknown>
80003a5e: 17 75 15 c4  	auipc	a0, 803159
80003a62: b7 a0 79 a3  	lui	ra, 669594
80003a66: 6e 13        	<unknown>
80003a68: 52 62        	<unknown>
80003a6a: 73 6a d0 3d  	csrrsi	s4, pmpaddr45, 0
80003a6e: 7a ec        	<unknown>
80003a70: 6a 61        	<unknown>
80003a72: 48 19        	<unknown>
80003a74: 41 74        	<unknown>
80003a76: c8 48        	<unknown>
80003a78: a7 90 00 58  	fsh	ft0, 1409(ra)
80003a7c: bc 2a        	<unknown>
80003a7e: e7 a9 98 a6  	<unknown>
80003a82: a2 02        	<unknown>
80003a84: 71 64        	<unknown>
80003a86: eb 2b 32 5d  	<unknown>
80003a8a: e5 e1        	<unknown>
80003a8c: 8b 92 e4 ab  	<unknown>
80003a90: 3a 7a        	<unknown>
80003a92: b0 3c        	<unknown>
80003a94: 90 c9        	<unknown>
80003a96: b8 b6        	<unknown>
80003a98: 70 ae        	<unknown>
80003a9a: 8b bd cf 57  	<unknown>
80003a9e: d2 87        	<unknown>
80003aa0: 5e 14        	<unknown>
80003aa2: d0 56        	<unknown>
80003aa4: 64 f5        	<unknown>
80003aa6: 4f 45 47 98  	fnmadd.s	fa0, fa4, ft4, fs3, rmm
80003aaa: 51 d8        	<unknown>
80003aac: 8b 0e ba 19  	<unknown>
80003ab0: 68 ec        	<unknown>
80003ab2: 99 ae        	<unknown>
80003ab4: 9f 89 8f 46  	<unknown>
80003ab8: 10 16        	<unknown>
80003aba: 99 54        	<unknown>
80003abc: d5 79        	<unknown>
80003abe: 06 8d        	<unknown>
80003ac0: ce f4        	<unknown>
80003ac2: 86 08        	<unknown>
80003ac4: f2 2f        	<unknown>
80003ac6: c7 71 ba 56  	<unknown>
80003aca: 5c d1        	<unknown>
80003acc: 5e 5d        	<unknown>
80003ace: f3 26 62 11  	csrrs	a3, 278, tp
80003ad2: 3a 69        	<unknown>
80003ad4: e6 90        	<unknown>
80003ad6: 8d 1e        	<unknown>
80003ad8: 17 62 eb 3b  	auipc	tp, 245430
80003adc: ac e1        	<unknown>
80003ade: 02 a4        	<unknown>
80003ae0: 2a 27        	<unknown>
80003ae2: 59 36        	<unknown>
80003ae4: 56 eb        	<unknown>
80003ae6: a6 8e        	<unknown>
80003ae8: f7 70 83 dc  	<unknown>
80003aec: 55 18        	<unknown>
80003aee: 0c 51        	<unknown>
80003af0: 20 8f        	<unknown>
80003af2: 6c 29        	<unknown>
80003af4: eb fd 41 b6  	<unknown>
80003af8: 62 29        	<unknown>
80003afa: a1 1d        	<unknown>
80003afc: 7a 76        	<unknown>
80003afe: 8c 0c        	<unknown>
80003b00: 91 1f        	<unknown>
80003b02: df 62 fa a6  	<unknown>
80003b06: ad 73        	<unknown>
80003b08: 9c 3d        	<unknown>
80003b0a: 70 5c        	<unknown>
80003b0c: bd 74        	<unknown>
80003b0e: 6b 38 8f 37  	<unknown>
80003b12: 6b 6e f8 89  	<unknown>
80003b16: 1d 18        	<unknown>
80003b18: 7e e6        	<unknown>
80003b1a: d3 04 c0 5d  	<unknown>
80003b1e: 30 82        	<unknown>
80003b20: 2c 0d        	<unknown>
80003b22: f7 1d 71 c3  	<unknown>
80003b26: 11 3d        	<unknown>
80003b28: a4 18        	<unknown>
80003b2a: 2f 40 34 6d  	<unknown>
80003b2e: 4e c8        	<unknown>
80003b30: 0e b0        	<unknown>
80003b32: f8 d7        	<unknown>
80003b34: 43 0b 3a 79  	fmadd.s	fs6, fs4, fs3, fa5, rne
80003b38: a4 bc        	<unknown>
80003b3a: 64 2a        	<unknown>
80003b3c: fb 45 a6 37  	<unknown>
80003b40: be ad        	<unknown>
80003b42: d7 8a bd cc  	<unknown>
80003b46: 61 18        	<unknown>
80003b48: 46 b3        	<unknown>
80003b4a: 83 ba c7 13  	<unknown>
80003b4e: dc be        	<unknown>
80003b50: b5 f4        	<unknown>
80003b52: 72 6c        	<unknown>
80003b54: ed c9        	<unknown>
80003b56: ea 61        	<unknown>
80003b58: b8 59        	<unknown>
80003b5a: 28 70        	<unknown>
80003b5c: 79 82        	<unknown>
80003b5e: f7 85 84 84  	<unknown>
80003b62: b5 ae        	<unknown>
80003b64: 56 30        	<unknown>
80003b66: 88 e2        	<unknown>
80003b68: 93 f9 70 bc  	andi	s3, ra, -1081
80003b6c: fa 69        	<unknown>
80003b6e: 22 31        	<unknown>
80003b70: d1 bd        	<unknown>
80003b72: 10 57        	<unknown>
80003b74: 82 1f        	<unknown>
80003b76: 62 65        	<unknown>
80003b78: 8c f7        	<unknown>
80003b7a: fc 6e        	<unknown>
80003b7c: d8 c8        	<unknown>
80003b7e: c3 0d e4 e1  	fmadd.s	fs11, fs0, ft10, ft8, rne
80003b82: 8a e8        	<unknown>
80003b84: 37 c2 fa 5b  	lui	tp, 376748
80003b88: 9c 08        	<unknown>
80003b8a: 42 18        	<unknown>
80003b8c: 61 cb        	<unknown>
80003b8e: 29 88        	<unknown>
80003b90: 4e a7        	<unknown>
80003b92: 98 84        	<unknown>
80003b94: 0a 3a        	<unknown>
80003b96: 61 57        	<unknown>
80003b98: fb 4e a5 c7  	<unknown>
80003b9c: 7a 04        	<unknown>
80003b9e: 2f d9 11 45  	<unknown>
80003ba2: a4 bb        	<unknown>
80003ba4: 2f 4c 9b 44  	<unknown>
80003ba8: 4c d0        	<unknown>
80003baa: f1 a7        	<unknown>
80003bac: ac 5f        	<unknown>
80003bae: bd dc        	<unknown>
80003bb0: f2 39        	<unknown>
80003bb2: c2 b7        	<unknown>
80003bb4: a7 e1 a7 da  	<unknown>
80003bb8: 4c 6c        	<unknown>
80003bba: a0 85        	<unknown>
80003bbc: 57 12 cf 27  	<unknown>
80003bc0: db e0 ba ba  	<unknown>
80003bc4: af 28 8c ea  	<unknown>
80003bc8: ac d8        	<unknown>
80003bca: 34 29        	<unknown>
80003bcc: e3 3e 1a 25  	<unknown>
80003bd0: 3b 86 04 6a  	<unknown>
80003bd4: ac b9        	<unknown>
80003bd6: 78 72        	<unknown>
80003bd8: 9e 96        	<unknown>
80003bda: 29 09        	<unknown>
80003bdc: 1f ea 34 1d  	<unknown>
80003be0: a6 1e        	<unknown>
80003be2: d1 e3        	<unknown>
80003be4: 81 4d        	<unknown>
80003be6: cc 5c        	<unknown>
80003be8: 8b a6 41 5f  	<unknown>
80003bec: 8c ad        	<unknown>
80003bee: 1a f0        	<unknown>
80003bf0: 68 90        	<unknown>
80003bf2: e7 5e e1 3b  	<unknown>
80003bf6: 3f d7 ec 22  	<unknown>
80003bfa: 6f c5 52 1d  	jal	a0, 0x800305ce <_edram+0x2b2c6>
80003bfe: 46 c9        	<unknown>
80003c00: 68 5f        	<unknown>
80003c02: 61 be        	<unknown>
80003c04: 1b bb ce 5d  	<unknown>
80003c08: a4 5c        	<unknown>
80003c0a: 95 43        	<unknown>
80003c0c: 13 df 63 71  	<unknown>
80003c10: c3 5a 3f 90  	<unknown>
80003c14: 8b 15 10 09  	<unknown>
80003c18: f5 40        	<unknown>
80003c1a: 95 59        	<unknown>
80003c1c: f7 7a 51 b1  	<unknown>
80003c20: 8d 3f        	<unknown>
80003c22: 2e 9c        	<unknown>
80003c24: 4b 23 7a 62  	fnmsub.d	ft6, fs4, ft7, fa2, rdn
80003c28: 33 fc 4b 86  	<unknown>
80003c2c: 9c 0a        	<unknown>
80003c2e: a0 05        	<unknown>
80003c30: ee ce        	<unknown>
80003c32: 1f 32 4a b9  	<unknown>
80003c36: 56 99        	<unknown>
80003c38: 61 2d        	<unknown>
80003c3a: 61 9c        	<unknown>
80003c3c: 83 50 e2 0c  	lhu	ra, 206(tp)
80003c40: 68 a6        	<unknown>
80003c42: 8e f6        	<unknown>
80003c44: 9c 1c        	<unknown>
80003c46: ca f3        	<unknown>
80003c48: 9f 01 2e 4d  	<unknown>
80003c4c: d3 95 4a 9a  	<unknown>
80003c50: 42 d0        	<unknown>
80003c52: fd 6b        	<unknown>
80003c54: 37 db 5c 94  	lui	s6, 607693
80003c58: ae 4f        	<unknown>
80003c5a: e4 3a        	<unknown>
80003c5c: d3 85 12 38  	<unknown>
80003c60: 44 02        	<unknown>
80003c62: 7a 80        	<unknown>
80003c64: b9 fb        	<unknown>
80003c66: 25 8e        	<unknown>
80003c68: 21 3c        	<unknown>
80003c6a: 22 bf        	<unknown>
80003c6c: 70 98        	<unknown>
80003c6e: 97 8b 91 8e  	auipc	s7, 583960
80003c72: 6b 4f 9a c7  	<unknown>
80003c76: bb 2d 58 10  	<unknown>
80003c7a: dc b4        	<unknown>
80003c7c: 87 ce 9a 2d  	<unknown>
80003c80: b1 73        	<unknown>
80003c82: 46 02        	<unknown>
80003c84: dc 3f        	<unknown>
80003c86: 2b 34 97 bb  	<unknown>
80003c8a: f9 02        	<unknown>
80003c8c: 13 ad 8e 18  	slti	s10, t4, 392
80003c90: 5d 4d        	<unknown>
80003c92: 46 90        	<unknown>
80003c94: fd 6b        	<unknown>
80003c96: d3 63 88 25  	<unknown>
80003c9a: 2f 78 3b be  	<unknown>
80003c9e: 55 75        	<unknown>
80003ca0: 74 f4        	<unknown>
80003ca2: 01 d7        	<unknown>
80003ca4: c7 0a bf 4c  	fmsub.h	fs5, ft10, fa1, fs1, rne
80003ca8: 50 c7        	<unknown>
80003caa: 94 91        	<unknown>
80003cac: 5d bf        	<unknown>
80003cae: d1 ed        	<unknown>
80003cb0: 6e de        	<unknown>
80003cb2: 25 9f        	<unknown>
80003cb4: 8a ac        	<unknown>
80003cb6: 58 a0        	<unknown>
80003cb8: 7b e5 28 07  	<unknown>
80003cbc: 8a 55        	<unknown>
80003cbe: 32 d7        	<unknown>
80003cc0: a8 10        	<unknown>
80003cc2: cb f8 ad 1f  	<unknown>
80003cc6: 4e cf        	<unknown>
80003cc8: b5 d5        	<unknown>
80003cca: db 13 20 49  	<unknown>
80003cce: 27 1f 71 7b  	fsh	fs7, 1982(sp)
80003cd2: e0 81        	<unknown>
80003cd4: 60 a0        	<unknown>
80003cd6: 68 4c        	<unknown>
80003cd8: 1d 20        	<unknown>
80003cda: cc f3        	<unknown>
80003cdc: 19 15        	<unknown>
80003cde: e6 41        	<unknown>
80003ce0: 25 e6        	<unknown>
80003ce2: d9 2d        	<unknown>
80003ce4: f9 71        	<unknown>
80003ce6: 0e 61        	<unknown>
80003ce8: e9 f6        	<unknown>
80003cea: 2b b0 e7 4a  	<unknown>
80003cee: bc 42        	<unknown>
80003cf0: fa 05        	<unknown>
80003cf2: 88 85        	<unknown>
80003cf4: c8 e6        	<unknown>
80003cf6: 5e 1f        	<unknown>
80003cf8: a8 f1        	<unknown>
80003cfa: 4b 87 c7 31  	fnmsub.s	fa4, fa5, ft8, ft6, rne
80003cfe: db bd d3 bd  	<unknown>
80003d02: ee 7a        	<unknown>
80003d04: fe 86        	<unknown>
80003d06: 4a d3        	<unknown>
80003d08: 4f 03 05 b9  	fnmadd.s	ft6, fa0, fa6, fs7, rne
80003d0c: 95 19        	<unknown>
80003d0e: fe 82        	<unknown>
80003d10: fe a8        	<unknown>
80003d12: 3b e9 8d 4a  	<unknown>
80003d16: 51 75        	<unknown>
80003d18: 8b d6 8b 0c  	<unknown>
80003d1c: 98 ac        	<unknown>
80003d1e: 72 f9        	<unknown>
80003d20: 12 b6        	<unknown>
80003d22: 6d e3        	<unknown>
80003d24: 2c 07        	<unknown>
80003d26: 5c f6        	<unknown>
80003d28: b4 36        	<unknown>
80003d2a: 9f b2 ab d1  	<unknown>
80003d2e: 45 11        	<unknown>
80003d30: 52 15        	<unknown>
80003d32: a4 df        	<unknown>
80003d34: b7 e8 ba 02  	lui	a7, 11182
80003d38: 1b 49 72 a2  	<unknown>
80003d3c: 3c dc        	<unknown>
80003d3e: 35 3e        	<unknown>
80003d40: 4e e0        	<unknown>
80003d42: 06 cb        	<unknown>
80003d44: b0 dd        	<unknown>
80003d46: 54 1e        	<unknown>
80003d48: 39 3c        	<unknown>
80003d4a: 97 13 a4 83  	auipc	t2, 539201
80003d4e: 5b eb fd 93  	<unknown>
80003d52: 3b 17 b1 30  	<unknown>
80003d56: 32 df        	<unknown>
80003d58: e8 23        	<unknown>
80003d5a: 79 f4        	<unknown>
80003d5c: e1 63        	<unknown>
80003d5e: c1 ce        	<unknown>
80003d60: 21 23        	<unknown>
80003d62: 85 a6        	<unknown>
80003d64: 29 72        	<unknown>
80003d66: f2 39        	<unknown>
80003d68: 75 fc        	<unknown>
80003d6a: 8b 02 6c 91  	<unknown>
80003d6e: a7 94 0e 60  	fsh	ft0, 1545(t4)
80003d72: e2 99        	<unknown>
80003d74: 87 e3 6f 5d  	<unknown>
80003d78: d6 a9        	<unknown>
80003d7a: 2b 8d cd 81  	<unknown>
80003d7e: f6 a4        	<unknown>
80003d80: c4 25        	<unknown>
80003d82: 6c a8        	<unknown>
80003d84: bd 75        	<unknown>
80003d86: bb fc ee 8d  	<unknown>
80003d8a: 77 66 58 d3  	<unknown>
80003d8e: 01 66        	<unknown>
80003d90: c5 10        	<unknown>
80003d92: fa d8        	<unknown>
80003d94: 78 9b        	<unknown>
80003d96: c1 22        	<unknown>
80003d98: 64 84        	<unknown>
80003d9a: 7e 40        	<unknown>
80003d9c: 27 4b 37 23  	<unknown>
80003da0: ac 16        	<unknown>
80003da2: ae 9e        	<unknown>
80003da4: 0a 89        	<unknown>
80003da6: 42 f5        	<unknown>
80003da8: 8d cf        	<unknown>
80003daa: 49 dc        	<unknown>
80003dac: 89 cb        	<unknown>
80003dae: dd e8        	<unknown>
80003db0: 80 04        	<unknown>
80003db2: 93 87 2a 4b  	addi	a5, s5, 1202
80003db6: 80 b8        	<unknown>
80003db8: bf f5 53 9b  	<unknown>
80003dbc: f8 ea        	<unknown>
80003dbe: 24 2e        	<unknown>
80003dc0: 64 4b        	<unknown>
80003dc2: 24 b0        	<unknown>
80003dc4: 70 f7        	<unknown>
80003dc6: ab b7 1b ee  	<unknown>
80003dca: 4e 05        	<unknown>
80003dcc: eb 7a 3c 13  	<unknown>
80003dd0: f1 cd        	<unknown>
80003dd2: 01 48        	<unknown>
80003dd4: 7e a4        	<unknown>
80003dd6: 93 99 9c 80  	<unknown>
80003dda: f6 a2        	<unknown>
80003ddc: 45 64        	<unknown>
80003dde: 74 ba        	<unknown>
80003de0: c4 20        	<unknown>
80003de2: 70 32        	<unknown>
80003de4: 4d 8b        	<unknown>
80003de6: 69 93        	<unknown>
80003de8: 34 71        	<unknown>
80003dea: 57 7a aa fd  	<unknown>
80003dee: 61 58        	<unknown>
80003df0: b1 9c        	<unknown>
80003df2: 38 a6        	<unknown>
80003df4: 5e 37        	<unknown>
80003df6: 6e 2a        	<unknown>
80003df8: 31 16        	<unknown>
80003dfa: 2b a5 d3 16  	<unknown>
80003dfe: ff fd ac b3  	<unknown>
80003e02: cf 31 69 fb  	fnmadd.d	ft3, fs2, fs6, ft11, rup
80003e06: f6 87        	<unknown>
80003e08: 71 d4        	<unknown>
80003e0a: 00 76        	<unknown>
80003e0c: 87 1c df e5  	flh	fs9, -419(t5)
80003e10: 84 6e        	<unknown>
80003e12: d5 2e        	<unknown>
80003e14: a1 40        	<unknown>
80003e16: b6 f6        	<unknown>
80003e18: 59 2a        	<unknown>
80003e1a: 49 1d        	<unknown>
80003e1c: f1 51        	<unknown>
80003e1e: 10 99        	<unknown>
80003e20: 07 ae 67 f0  	flw	ft8, -250(a5)
80003e24: cb 5a c7 d8  	<unknown>
80003e28: ad 43        	<unknown>
80003e2a: a0 80        	<unknown>
80003e2c: 12 9e        	<unknown>
80003e2e: 4f 0d b4 af  	<unknown>
80003e32: c4 e8        	<unknown>
80003e34: d9 3d        	<unknown>
80003e36: 5b 41 71 3f  	<unknown>
80003e3a: 45 be        	<unknown>
80003e3c: c8 20        	<unknown>
80003e3e: 28 d8        	<unknown>
80003e40: 2f 8c c8 74  	<unknown>
80003e44: cc 1e        	<unknown>
80003e46: 68 4a        	<unknown>
80003e48: c3 e1 fc e5  	<unknown>
80003e4c: 6d 03        	<unknown>
80003e4e: e5 92        	<unknown>
80003e50: 45 61        	<unknown>
80003e52: d1 0c        	<unknown>
80003e54: 68 96        	<unknown>
80003e56: d2 ec        	<unknown>
80003e58: ca 00        	<unknown>
80003e5a: d7 7d b5 46  	<unknown>
80003e5e: d8 54        	<unknown>
80003e60: 0e c0        	<unknown>
80003e62: cb 79 46 0e  	<unknown>
80003e66: 14 12        	<unknown>
80003e68: bb dc 58 20  	<unknown>
80003e6c: b0 5f        	<unknown>
80003e6e: 70 a2        	<unknown>
80003e70: 2b e5 59 8a  	<unknown>
80003e74: e2 47        	<unknown>
80003e76: ed 4d        	<unknown>
80003e78: c9 41        	<unknown>
80003e7a: 2d 88        	<unknown>
80003e7c: 82 d4        	<unknown>
80003e7e: 99 c7        	<unknown>
80003e80: af 41 45 1b  	<unknown>
80003e84: f4 5c        	<unknown>
80003e86: 19 18        	<unknown>
80003e88: 8b 04 61 af  	<unknown>
80003e8c: a4 4e        	<unknown>
80003e8e: ab 63 8e aa  	<unknown>
80003e92: 2f d6 c5 ad  	<unknown>
80003e96: 71 eb        	<unknown>
80003e98: fa 2a        	<unknown>
80003e9a: 6c 94        	<unknown>
80003e9c: 16 ea        	<unknown>
80003e9e: 76 cf        	<unknown>
80003ea0: ae f4        	<unknown>
80003ea2: fb 0e 98 a3  	<unknown>
80003ea6: 4a b2        	<unknown>
80003ea8: 8e c3        	<unknown>
80003eaa: 94 0c        	<unknown>
80003eac: 55 92        	<unknown>
80003eae: a1 cd        	<unknown>
80003eb0: fc 43        	<unknown>
80003eb2: 6f f4 b3 6d  	jal	s0, 0x80043d8c <_edram+0x3ea84>
80003eb6: 9a 1c        	<unknown>
80003eb8: 6e 1b        	<unknown>
80003eba: a2 07        	<unknown>
80003ebc: 0f e9 23 1d  	<unknown>
80003ec0: 11 81        	<unknown>
80003ec2: 30 cc        	<unknown>
80003ec4: 03 d9 d8 dd  	lhu	s2, -547(a7)
80003ec8: 4a 86        	<unknown>
80003eca: de eb        	<unknown>
80003ecc: c9 a6        	<unknown>
80003ece: 0c 1e        	<unknown>
80003ed0: c6 3e        	<unknown>
80003ed2: b7 70 29 3c  	lui	ra, 246423
80003ed6: a9 37        	<unknown>
80003ed8: a3 d3 43 f5  	<unknown>
80003edc: 86 b5        	<unknown>
80003ede: 00 2b        	<unknown>
80003ee0: f7 2c e9 ae  	<unknown>
80003ee4: fa 0c        	<unknown>
80003ee6: f6 15        	<unknown>
80003ee8: f5 94        	<unknown>
80003eea: 55 5b        	<unknown>
80003eec: 08 99        	<unknown>
80003eee: 88 8e        	<unknown>
80003ef0: 89 57        	<unknown>
80003ef2: f9 f8        	<unknown>
80003ef4: fc 29        	<unknown>
80003ef6: c7 17 4f b0  	fmsub.s	fa5, ft10, ft4, fs6, rtz
80003efa: 19 da        	<unknown>
80003efc: a4 c3        	<unknown>
80003efe: b1 17        	<unknown>
80003f00: 92 e3        	<unknown>
80003f02: bb 26 49 d8  	<unknown>
80003f06: 11 12        	<unknown>
80003f08: 23 49 60 36  	<unknown>
80003f0c: 71 c4        	<unknown>
80003f0e: 2e b0        	<unknown>
80003f10: 62 eb        	<unknown>
80003f12: 61 20        	<unknown>
80003f14: f6 14        	<unknown>
80003f16: 50 15        	<unknown>
80003f18: 2f a4 0e 22  	amoxor.w.rl	s0, zero, (t4)
80003f1c: 5b 46 1f 8a  	<unknown>
80003f20: 09 48        	<unknown>
80003f22: cd cc        	<unknown>
80003f24: 7c 38        	<unknown>
80003f26: 7d 18        	<unknown>
80003f28: 81 bf        	<unknown>
80003f2a: a2 86        	<unknown>
80003f2c: d4 11        	<unknown>
80003f2e: c2 a9        	<unknown>
80003f30: f5 fc        	<unknown>
80003f32: 26 28        	<unknown>
80003f34: 70 4a        	<unknown>
80003f36: 66 97        	<unknown>
80003f38: 3b ad 92 c3  	<unknown>
80003f3c: 59 e5        	<unknown>
80003f3e: a9 9f        	<unknown>
80003f40: 26 ec        	<unknown>
80003f42: 6d a3        	<unknown>
80003f44: 67 64 e0 23  	<unknown>
80003f48: 02 c8        	<unknown>
80003f4a: 07 e0 fa c5  	<unknown>
80003f4e: 28 66        	<unknown>
80003f50: 43 8c b0 bb  	fmadd.d	fs8, ft1, fs11, fs7, rne
80003f54: 01 3b        	<unknown>
80003f56: 84 2b        	<unknown>
80003f58: 9a 1f        	<unknown>
80003f5a: 14 87        	<unknown>
80003f5c: 65 47        	<unknown>
80003f5e: b1 c2        	<unknown>
80003f60: 75 ab        	<unknown>
80003f62: fc b9        	<unknown>
80003f64: 82 d5        	<unknown>
80003f66: c5 01        	<unknown>
80003f68: 56 2b        	<unknown>
80003f6a: 81 e5        	<unknown>
80003f6c: 50 a2        	<unknown>
80003f6e: e1 56        	<unknown>
80003f70: 9d f3        	<unknown>
80003f72: 87 15 ab 39  	flh	fa1, 922(s6)
80003f76: a3 44 cc 5c  	<unknown>
80003f7a: 9e ae        	<unknown>
80003f7c: 78 b6        	<unknown>
80003f7e: 4f e9 3d 1d  	<unknown>
80003f82: f8 b6        	<unknown>
80003f84: 0f 8b 10 0f  	<unknown>
80003f88: 0b 07 53 82  	<unknown>
80003f8c: 0f 9d 6c 96  	<unknown>
80003f90: db f2 e7 f5  	<unknown>
80003f94: 84 53        	<unknown>
80003f96: e7 77 eb c0  	<unknown>
80003f9a: f8 9d        	<unknown>
80003f9c: 14 d3        	<unknown>
80003f9e: 45 15        	<unknown>
80003fa0: 51 47        	<unknown>
80003fa2: 66 9f        	<unknown>
80003fa4: 20 74        	<unknown>
80003fa6: 8f 4b a5 73  	<unknown>
80003faa: 61 7c        	<unknown>
80003fac: 0d a3        	<unknown>
80003fae: 60 16        	<unknown>
80003fb0: f1 6c        	<unknown>
80003fb2: c1 e8        	<unknown>
80003fb4: d4 81        	<unknown>
80003fb6: 5a 78        	<unknown>
80003fb8: 48 40        	<unknown>
80003fba: ca c2        	<unknown>
80003fbc: 33 3d 16 19  	<unknown>
80003fc0: 43 51 b6 85  	<unknown>
80003fc4: 22 15        	<unknown>
80003fc6: 2a 0e        	<unknown>
80003fc8: d5 bb        	<unknown>
80003fca: e4 73        	<unknown>
80003fcc: 69 8b        	<unknown>
80003fce: 6e b0        	<unknown>
80003fd0: a9 25        	<unknown>
80003fd2: d1 2c        	<unknown>
80003fd4: a2 1d        	<unknown>
80003fd6: 57 69 1d 4d  	<unknown>
80003fda: 05 c2        	<unknown>
80003fdc: cf 86 33 8d  	fnmadd.h	fa3, ft7, fs3, fa7, rne
80003fe0: c8 0e        	<unknown>
80003fe2: 14 22        	<unknown>
80003fe4: c1 da        	<unknown>
80003fe6: 01 22        	<unknown>
80003fe8: 51 4d        	<unknown>
80003fea: 93 51 89 98  	<unknown>
80003fee: 41 98        	<unknown>
80003ff0: 7c b5        	<unknown>
80003ff2: a0 23        	<unknown>
80003ff4: de 8d        	<unknown>
80003ff6: c0 ed        	<unknown>
80003ff8: cf b5 6d fc  	fnmadd.h	fa1, fs11, ft6, ft11, rup
80003ffc: 33 02 62 28  	<unknown>
80004000: 05 98        	<unknown>
80004002: 0c f4        	<unknown>
80004004: 61 07        	<unknown>
80004006: 14 61        	<unknown>
80004008: 43 98 ce c3  	fmadd.d	fa6, ft9, ft8, fs8, rtz
8000400c: 2c 3b        	<unknown>
8000400e: 8b 9f ff df  	<unknown>
80004012: db 0c 9e cd  	<unknown>
80004016: 93 11 5c bb  	<unknown>
8000401a: 3e 05        	<unknown>
8000401c: 1f dc aa 7d  	<unknown>
80004020: 01 bb        	<unknown>
80004022: 16 52        	<unknown>
80004024: 9e 72        	<unknown>
80004026: 84 52        	<unknown>
80004028: 21 89        	<unknown>
8000402a: d8 01        	<unknown>
8000402c: fd 8a        	<unknown>
8000402e: 31 7c        	<unknown>
80004030: 1e b7        	<unknown>
80004032: 4e 48        	<unknown>
80004034: 56 d2        	<unknown>
80004036: 08 e2        	<unknown>
80004038: 14 c8        	<unknown>
8000403a: 1b 3d 6d f2  	<unknown>
8000403e: 86 cf        	<unknown>
80004040: 0f 7b e0 83  	<unknown>
80004044: 83 e6 a7 90  	<unknown>
80004048: e4 e6        	<unknown>
8000404a: fb b3 5c b3  	<unknown>
8000404e: 23 fb 25 66  	<unknown>
80004052: 31 be        	<unknown>
80004054: 64 f3        	<unknown>
80004056: 3e bd        	<unknown>
80004058: 7c 62        	<unknown>
8000405a: 86 1a        	<unknown>
8000405c: db 55 8d 46  	<unknown>
80004060: 64 7c        	<unknown>
80004062: d5 04        	<unknown>
80004064: 7d 36        	<unknown>
80004066: 01 bd        	<unknown>
80004068: 5a 14        	<unknown>
8000406a: 75 65        	<unknown>
8000406c: ce 14        	<unknown>
8000406e: 09 56        	<unknown>
80004070: b9 f7        	<unknown>
80004072: 26 04        	<unknown>
80004074: c0 8c        	<unknown>
80004076: 54 59        	<unknown>
80004078: 71 6c        	<unknown>
8000407a: 54 34        	<unknown>
8000407c: d1 64        	<unknown>
8000407e: 2c 1f        	<unknown>
80004080: 23 50 62 70  	<unknown>
80004084: 3b 0a 3e 14  	<unknown>
80004088: b3 36 f4 99  	<unknown>
8000408c: 7d 43        	<unknown>
8000408e: a1 b3        	<unknown>
80004090: ef 7b d1 67  	jal	s7, 0x8001bf0c <_edram+0x16c04>
80004094: 62 68        	<unknown>
80004096: 5c 33        	<unknown>
80004098: 1c 25        	<unknown>
8000409a: a9 94        	<unknown>
8000409c: a9 0c        	<unknown>
8000409e: f0 e8        	<unknown>
800040a0: 3f 90 f7 08  	<unknown>
800040a4: 28 00        	<unknown>
800040a6: 01 bb        	<unknown>
800040a8: af 9c e0 89  	<unknown>
800040ac: 71 b9        	<unknown>
800040ae: 3b 67 94 9b  	<unknown>
800040b2: 4a 76        	<unknown>
800040b4: a1 87        	<unknown>
800040b6: 3a 55        	<unknown>
800040b8: 47 30 ce 10  	fmsub.s	ft0, ft8, fa2, ft2, rup
800040bc: 3b d6 d7 2c  	<unknown>
800040c0: 52 c4        	<unknown>
800040c2: 1f 2b 40 d6  	<unknown>
800040c6: e4 87        	<unknown>
800040c8: cc 47        	<unknown>
800040ca: 78 d6        	<unknown>
800040cc: aa 00        	<unknown>
800040ce: ec 32        	<unknown>
800040d0: 17 62 17 90  	auipc	tp, 590198
800040d4: 04 13        	<unknown>
800040d6: 94 67        	<unknown>
800040d8: b9 1e        	<unknown>
800040da: ed 63        	<unknown>
800040dc: 0a 33        	<unknown>
800040de: 0e 52        	<unknown>
800040e0: 06 72        	<unknown>
800040e2: 9b b2 6a 39  	<unknown>
800040e6: 84 84        	<unknown>
800040e8: dd 75        	<unknown>
800040ea: df 87 bf 09  	<unknown>
800040ee: a5 ee        	<unknown>
800040f0: 5f ef 5b d0  	<unknown>
800040f4: 5e 07        	<unknown>
800040f6: e7 18 c8 41  	<unknown>
800040fa: 4e 31        	<unknown>
800040fc: 42 b0        	<unknown>
800040fe: a3 fd c3 cd  	<unknown>
80004102: e8 28        	<unknown>
80004104: 58 f9        	<unknown>
80004106: f6 3d        	<unknown>
80004108: 7e f1        	<unknown>
8000410a: 89 14        	<unknown>
8000410c: 23 0b da 67  	sb	t4, 1654(s4)
80004110: 81 f5        	<unknown>
80004112: 8c 34        	<unknown>
80004114: 1f de 0f 9f  	<unknown>
80004118: 9f fb 61 8a  	<unknown>
8000411c: 89 8e        	<unknown>
8000411e: 90 27        	<unknown>
80004120: 11 36        	<unknown>
80004122: 48 18        	<unknown>
80004124: 67 ba cd fb  	<unknown>
80004128: 79 58        	<unknown>
8000412a: f1 95        	<unknown>
8000412c: 73 1d 53 54  	csrrw	s10, 1349, t1
80004130: 2b 9f 32 2d  	<unknown>
80004134: f0 f7        	<unknown>
80004136: 14 62        	<unknown>
80004138: f9 9f        	<unknown>
8000413a: 5d f6        	<unknown>
8000413c: a6 70        	<unknown>
8000413e: 8b 68 2e 91  	<unknown>
80004142: 14 0c        	<unknown>
80004144: 7d 14        	<unknown>
80004146: fd 07        	<unknown>
80004148: ad e7        	<unknown>
8000414a: 6d 06        	<unknown>
8000414c: 16 6b        	<unknown>
8000414e: 5f 4a d5 15  	<unknown>
80004152: 6a d8        	<unknown>
80004154: 95 db        	<unknown>
80004156: 9c 8c        	<unknown>
80004158: 51 81        	<unknown>
8000415a: 9c 54        	<unknown>
8000415c: 4e 33        	<unknown>
8000415e: 9a b1        	<unknown>
80004160: de 4e        	<unknown>
80004162: 72 16        	<unknown>
80004164: d7 ab 4c 95  	<unknown>
80004168: 2a 24        	<unknown>
8000416a: 3c e0        	<unknown>
8000416c: 37 82 3e f5  	lui	tp, 1004520
80004170: 92 96        	<unknown>
80004172: 1c 9d        	<unknown>
80004174: a6 eb        	<unknown>
80004176: ee 98        	<unknown>
80004178: ff 64 ee 07  	<unknown>
8000417c: e9 39        	<unknown>
8000417e: 0f c7 00 eb  	<unknown>
80004182: 84 82        	<unknown>
80004184: 40 03        	<unknown>
80004186: e7 62 5f bf  	<unknown>
8000418a: e9 e1        	<unknown>
8000418c: 6a 58        	<unknown>
8000418e: 89 14        	<unknown>
80004190: ff ad 66 5a  	<unknown>
80004194: 1a c1        	<unknown>
80004196: 28 ef        	<unknown>
80004198: 8c 08        	<unknown>
8000419a: 73 23 d5 69  	csrrs	t1, 1693, a0
8000419e: d9 b9        	<unknown>
800041a0: b5 8b        	<unknown>
800041a2: 50 4d        	<unknown>
800041a4: 8d f8        	<unknown>
800041a6: 21 34        	<unknown>
800041a8: f8 93        	<unknown>
800041aa: ca 0f        	<unknown>
800041ac: 72 5e        	<unknown>
800041ae: 76 c5        	<unknown>
800041b0: b7 52 e4 39  	lui	t0, 237125
800041b4: 03 ee fc 03  	<unknown>
800041b8: 93 09 97 75  	addi	s3, a4, 1881
800041bc: 62 19        	<unknown>
800041be: a4 65        	<unknown>
800041c0: 54 b5        	<unknown>
800041c2: 67 e6 14 49  	<unknown>
800041c6: a5 2d        	<unknown>
800041c8: 83 3b b8 2c  	<unknown>
800041cc: 93 90 f6 c6  	<unknown>
800041d0: 83 5c 8d 82  	lhu	s9, -2008(s10)
800041d4: 57 64 cf 39  	<unknown>
800041d8: b6 73        	<unknown>
800041da: 03 f7 7d 97  	<unknown>
800041de: 21 1d        	<unknown>
800041e0: d1 12        	<unknown>
800041e2: 1e 3b        	<unknown>
800041e4: bb 12 b0 be  	<unknown>
800041e8: ed 52        	<unknown>
800041ea: 15 17        	<unknown>
800041ec: ec cb        	<unknown>
800041ee: 9d b9        	<unknown>
800041f0: 65 f4        	<unknown>
800041f2: 1e e3        	<unknown>
800041f4: 3f 92 2f 2c  	<unknown>
800041f8: 63 dd 36 f0  	bge	a3, gp, 0x80003912 <__DATA_BEGIN__+0x642>
800041fc: 36 60        	<unknown>
800041fe: 11 be        	<unknown>
80004200: f3 f0 7a 5b  	csrrci	ra, 1463, 21
80004204: 7a ae        	<unknown>
80004206: 4a b8        	<unknown>
80004208: 7b f5 ac 20  	<unknown>
8000420c: 10 45        	<unknown>
8000420e: 83 13 6f ae  	lh	t2, -1306(t5)
80004212: 5a 0e        	<unknown>
80004214: 45 ae        	<unknown>
80004216: cd fb        	<unknown>
80004218: ca e6        	<unknown>
8000421a: 08 d9        	<unknown>
8000421c: 0f c4 78 73  	<unknown>
80004220: bc 09        	<unknown>
80004222: b1 82        	<unknown>
80004224: 4c ea        	<unknown>
80004226: f0 dd        	<unknown>
80004228: 7d f5        	<unknown>
8000422a: 6c 45        	<unknown>
8000422c: d0 7a        	<unknown>
8000422e: ec b2        	<unknown>
80004230: 74 12        	<unknown>
80004232: 29 a2        	<unknown>
80004234: ad 19        	<unknown>
80004236: 72 c4        	<unknown>
80004238: dc bf        	<unknown>
8000423a: 24 53        	<unknown>
8000423c: b0 14        	<unknown>
8000423e: c9 3f        	<unknown>
80004240: 84 e3        	<unknown>
80004242: c5 d9        	<unknown>
80004244: 83 fd 66 a6  	<unknown>
80004248: 71 22        	<unknown>
8000424a: 00 97        	<unknown>
8000424c: b8 e3        	<unknown>
8000424e: c5 a8        	<unknown>
80004250: 35 2d        	<unknown>
80004252: bb eb 3b b8  	<unknown>
80004256: 9e d3        	<unknown>
80004258: 17 58 a3 54  	auipc	a6, 346677
8000425c: 1d 17        	<unknown>
8000425e: eb e9 1d d5  	<unknown>
80004262: 5b 06 22 36  	<unknown>
80004266: 5b 8d f7 09  	<unknown>
8000426a: cf 0f 35 5e  	<unknown>
8000426e: e9 58        	<unknown>
80004270: 4c c5        	<unknown>
80004272: ab c8 ac 63  	<unknown>
80004276: 37 ea d3 d1  	lui	s4, 859454
8000427a: 79 ea        	<unknown>
8000427c: 38 94        	<unknown>
8000427e: 43 31 20 5a  	fmadd.d	ft2, ft0, ft2, fa1, rup
80004282: 86 c5        	<unknown>
80004284: fe 0e        	<unknown>
80004286: 51 1f        	<unknown>
80004288: 77 4a 13 57  	<unknown>
8000428c: 0e 2f        	<unknown>
8000428e: 46 14        	<unknown>
80004290: 29 19        	<unknown>
80004292: 6b f7 ff 0d  	<unknown>
80004296: b8 24        	<unknown>
80004298: b9 94        	<unknown>
8000429a: d1 c4        	<unknown>
8000429c: 02 d6        	<unknown>
8000429e: 59 24        	<unknown>
800042a0: 57 b0 12 f2  	<unknown>
800042a4: d8 d4        	<unknown>
800042a6: ff 0b 78 3c  	<unknown>
800042aa: 28 20        	<unknown>
800042ac: 31 f4        	<unknown>
800042ae: 43 fe 69 78  	fmadd.s	ft8, fs3, ft6, fa5
800042b2: c6 d5        	<unknown>
800042b4: 76 a0        	<unknown>
800042b6: d0 17        	<unknown>
800042b8: bc bc        	<unknown>
800042ba: e1 9b        	<unknown>
800042bc: 39 aa        	<unknown>
800042be: 28 26        	<unknown>
800042c0: d5 30        	<unknown>
800042c2: 90 e1        	<unknown>
800042c4: 45 6d        	<unknown>
800042c6: 45 e1        	<unknown>
800042c8: c0 c9        	<unknown>
800042ca: d4 84        	<unknown>
800042cc: 81 95        	<unknown>
800042ce: ef b8 e6 33  	jal	a7, 0x8006f60c <_edram+0x6a304>

800042d0 <C_golden>:
800042d0: e6 33        	<unknown>
800042d2: dc 8e        	<unknown>
800042d4: ea c7        	<unknown>
800042d6: 3c 94        	<unknown>
800042d8: 91 03        	<unknown>
800042da: d8 bb        	<unknown>
800042dc: 8d 71        	<unknown>
800042de: 79 88        	<unknown>
800042e0: 3b fb 6c a8  	<unknown>
800042e4: 1c 8e        	<unknown>
800042e6: ac c0        	<unknown>
800042e8: 4e 8e        	<unknown>
800042ea: d9 a9        	<unknown>
800042ec: fb 4c 32 be  	<unknown>
800042f0: 45 47        	<unknown>
800042f2: 1a 08        	<unknown>
800042f4: bd 24        	<unknown>
800042f6: 60 b2        	<unknown>
800042f8: c4 f3        	<unknown>
800042fa: e1 45        	<unknown>
800042fc: 55 0a        	<unknown>
800042fe: 7e 6f        	<unknown>
80004300: 1f 7a 76 88  	<unknown>
80004304: 68 e2        	<unknown>
80004306: 12 af        	<unknown>
80004308: 95 6d        	<unknown>
8000430a: 1d a5        	<unknown>
8000430c: 65 ec        	<unknown>
8000430e: b2 35        	<unknown>
80004310: e6 f9        	<unknown>
80004312: 52 56        	<unknown>
80004314: ca 4a        	<unknown>
80004316: d7 f4 d9 b4  	<unknown>
8000431a: 01 d3        	<unknown>
8000431c: db ee 3b 46  	<unknown>
80004320: d8 c6        	<unknown>
80004322: 88 d7        	<unknown>
80004324: 00 6b        	<unknown>
80004326: 07 57 df 66  	<unknown>
8000432a: 70 b3        	<unknown>
8000432c: 7c df        	<unknown>
8000432e: 03 5d 69 2b  	lhu	s10, 694(s2)
80004332: 17 4e ba f5  	auipc	t3, 1006500
80004336: 1f df 0f e0  	<unknown>
8000433a: 48 fb        	<unknown>
8000433c: 3a c5        	<unknown>
8000433e: 4f dc 4f 02  	<unknown>
80004342: 13 17 b5 f7  	<unknown>
80004346: 20 17        	<unknown>
80004348: 87 9a 9a 61  	flh	fs5, 1561(s5)
8000434c: 94 9d        	<unknown>
8000434e: e0 9b        	<unknown>
80004350: e3 e7 17 02  	bltu	a5, ra, 0x80004b7e <C_golden+0x8ae>
80004354: 15 b4        	<unknown>
80004356: 81 d7        	<unknown>
80004358: 2b 7c 87 2e  	<unknown>
8000435c: a2 4d        	<unknown>
8000435e: d0 23        	<unknown>
80004360: be 0a        	<unknown>
80004362: 72 d0        	<unknown>
80004364: 07 22 22 a0  	flw	ft4, -1534(tp)
80004368: 64 16        	<unknown>
8000436a: 66 6c        	<unknown>
8000436c: 0e 2a        	<unknown>
8000436e: 9c a3        	<unknown>
80004370: 57 68 33 f0  	<unknown>
80004374: bd 70        	<unknown>
80004376: 39 b3        	<unknown>
80004378: 82 13        	<unknown>
8000437a: 7b 3a 23 12  	<unknown>
8000437e: d9 42        	<unknown>
80004380: f3 ca f0 47  	<unknown>
80004384: 23 25 e7 d3  	sw	t5, -726(a4)
80004388: ee 3f        	<unknown>
8000438a: 60 44        	<unknown>
8000438c: 7b bc af 12  	<unknown>
80004390: 6b 1d a5 01  	<unknown>
80004394: 3f 3b 94 20  	<unknown>
80004398: b1 e7        	<unknown>
8000439a: 03 81 7d 05  	lb	sp, 87(s11)
8000439e: b5 e9        	<unknown>
800043a0: fa 84        	<unknown>
800043a2: 69 66        	<unknown>
800043a4: 79 a8        	<unknown>
800043a6: 9b 06 8c 1f  	<unknown>
800043aa: c6 3a        	<unknown>
800043ac: 72 d5        	<unknown>
800043ae: 9b c1 8b 7d  	<unknown>
800043b2: a6 01        	<unknown>
800043b4: 02 f0        	<unknown>
800043b6: e4 f0        	<unknown>
800043b8: 7e 12        	<unknown>
800043ba: 13 df 46 b3  	<unknown>
800043be: 68 20        	<unknown>
800043c0: 7d 62        	<unknown>
800043c2: ef 7d 58 e2  	jal	s11, 0x7ff8c1e6 <$d.54+0x7ff8c1e6>
800043c6: 18 dc        	<unknown>
800043c8: 83 a2 3f b0  	lw	t0, -1277(t6)
800043cc: 90 2b        	<unknown>
800043ce: 5b 1d 4b b9  	<unknown>
800043d2: 95 7c        	<unknown>
800043d4: 6b d8 b0 5a  	<unknown>
800043d8: 83 b5 5c 3e  	<unknown>
800043dc: 11 59        	<unknown>
800043de: ab 21 48 c7  	<unknown>
800043e2: 8b 21 a0 af  	<unknown>
800043e6: 76 16        	<unknown>
800043e8: 29 ac        	<unknown>
800043ea: bd 38        	<unknown>
800043ec: 74 05        	<unknown>
800043ee: 9b 9b 37 d0  	<unknown>
800043f2: 3a f0        	<unknown>
800043f4: 81 01        	<unknown>
800043f6: 5b b5 27 ff  	<unknown>
800043fa: a6 d1        	<unknown>
800043fc: e7 00 8a 5b  	jalr	1464(s4)
80004400: 11 ff        	<unknown>
80004402: ed d1        	<unknown>
80004404: 41 b5        	<unknown>
80004406: 22 4f        	<unknown>
80004408: 5c ad        	<unknown>
8000440a: f4 85        	<unknown>
8000440c: e2 fb        	<unknown>
8000440e: 68 a4        	<unknown>
80004410: ba 7e        	<unknown>
80004412: 29 5b        	<unknown>
80004414: 3b 4f 8e 3d  	<unknown>
80004418: 49 3d        	<unknown>
8000441a: 63 8d de af  	beq	t4, t4, 0x80003714 <__DATA_BEGIN__+0x444>
8000441e: 8e 47        	<unknown>
80004420: bd 57        	<unknown>
80004422: a4 e2        	<unknown>
80004424: 2b e7 55 5a  	<unknown>
80004428: eb ab d3 9d  	<unknown>
8000442c: 3d ca        	<unknown>
8000442e: ff 79 d6 64  	<unknown>
80004432: 5f 60 00 12  	<unknown>
80004436: fd 01        	<unknown>
80004438: 38 58        	<unknown>
8000443a: 31 16        	<unknown>
8000443c: 1e 5d        	<unknown>
8000443e: a9 e2        	<unknown>
80004440: 3c 28        	<unknown>
80004442: 63 20 c3 a0  	<unknown>
80004446: 0d 94        	<unknown>
80004448: 97 dc 70 ad  	auipc	s9, 710413
8000444c: 34 de        	<unknown>
8000444e: e2 3b        	<unknown>
80004450: 3d 2e        	<unknown>
80004452: 3d b2        	<unknown>
80004454: eb b6 73 bf  	<unknown>
80004458: 4d 56        	<unknown>
8000445a: 7b 78 3d a7  	<unknown>
8000445e: 54 4f        	<unknown>
80004460: a2 40        	<unknown>
80004462: 62 e4        	<unknown>
80004464: 2e 4d        	<unknown>
80004466: 02 80        	<unknown>
80004468: 76 db        	<unknown>
8000446a: 58 66        	<unknown>
8000446c: 3d 60        	<unknown>
8000446e: 00 f8        	<unknown>
80004470: b4 2b        	<unknown>
80004472: 59 1f        	<unknown>
80004474: 45 1f        	<unknown>
80004476: 76 c3        	<unknown>
80004478: 86 7b        	<unknown>
8000447a: 0f d9 ef 78  	<unknown>
8000447e: 73 bb af 13  	csrrc	s6, 314, t6
80004482: 77 ff 07 06  	<unknown>
80004486: 42 10        	<unknown>
80004488: 60 f3        	<unknown>
8000448a: 3e 7c        	<unknown>
8000448c: 54 1f        	<unknown>
8000448e: 56 20        	<unknown>
80004490: 78 02        	<unknown>
80004492: 64 b2        	<unknown>
80004494: 06 94        	<unknown>
80004496: c8 26        	<unknown>
80004498: 6c d1        	<unknown>
8000449a: ee b4        	<unknown>
8000449c: 97 19 58 7b  	auipc	s3, 505217
800044a0: 84 59        	<unknown>
800044a2: 76 7e        	<unknown>
800044a4: 0d e6        	<unknown>
800044a6: 9a 08        	<unknown>
800044a8: 9a 3d        	<unknown>
800044aa: f8 f3        	<unknown>
800044ac: 4c 68        	<unknown>
800044ae: 82 e6        	<unknown>
800044b0: 36 4a        	<unknown>
800044b2: 37 fa 10 7e  	lui	s4, 516367
800044b6: a5 97        	<unknown>
800044b8: f0 81        	<unknown>
800044ba: 00 af        	<unknown>
800044bc: 7d 0b        	<unknown>
800044be: 44 a4        	<unknown>
800044c0: ff a0 2f 4b  	<unknown>
800044c4: 3a f2        	<unknown>
800044c6: 55 f6        	<unknown>
800044c8: c2 ff        	<unknown>
800044ca: 91 98        	<unknown>
800044cc: 69 5e        	<unknown>
800044ce: b5 b9        	<unknown>
800044d0: c2 e7        	<unknown>
800044d2: 2d 97        	<unknown>
800044d4: f1 9f        	<unknown>
800044d6: 2e d5        	<unknown>
800044d8: d5 b0        	<unknown>
800044da: 33 29 c5 8e  	<unknown>
800044de: b5 6a        	<unknown>
800044e0: 67 6c f4 00  	<unknown>
800044e4: 8f 3c 66 3f  	<unknown>
800044e8: 97 cf 76 81  	auipc	t6, 530284
800044ec: 70 5b        	<unknown>
800044ee: ff 1f 78 23  	<unknown>
800044f2: 09 e4        	<unknown>
800044f4: 48 17        	<unknown>
800044f6: 3f 62 fa 54  	<unknown>
800044fa: 63 b4 16 0f  	<unknown>
800044fe: b8 a6        	<unknown>
80004500: 3c eb        	<unknown>
80004502: 35 26        	<unknown>
80004504: da 49        	<unknown>
80004506: d9 92        	<unknown>
80004508: 1e 80        	<unknown>
8000450a: f4 b5        	<unknown>
8000450c: f5 82        	<unknown>
8000450e: 0f 56 16 41  	<unknown>
80004512: fe 1a        	<unknown>
80004514: 69 01        	<unknown>
80004516: 59 90        	<unknown>
80004518: 3b e4 60 87  	<unknown>
8000451c: b4 bb        	<unknown>
8000451e: 6b eb 3e c4  	<unknown>
80004522: 95 dc        	<unknown>
80004524: 76 42        	<unknown>
80004526: cb 19 5a d3  	fnmsub.d	fs3, fs4, fs5, fs10, rtz
8000452a: 17 0b 31 22  	auipc	s6, 140048
8000452e: fb a0 30 e2  	<unknown>
80004532: 6f a3 51 70  	jal	t1, 0x8001f436 <_edram+0x1a12e>
80004536: 66 df        	<unknown>
80004538: ec 34        	<unknown>
8000453a: a9 39        	<unknown>
8000453c: 26 0d        	<unknown>
8000453e: 5e f9        	<unknown>
80004540: a6 fd        	<unknown>
80004542: 42 2c        	<unknown>
80004544: 0c 71        	<unknown>
80004546: 5b fd 38 4a  	<unknown>
8000454a: 8b c9 5f 8f  	<unknown>
8000454e: 47 e5 e7 20  	<unknown>
80004552: 08 aa        	<unknown>
80004554: 75 2f        	<unknown>
80004556: a6 5c        	<unknown>
80004558: 84 e6        	<unknown>
8000455a: 43 85 ec 5f  	<unknown>
8000455e: f3 dd 0f 32  	csrrwi	s11, mcountinhibit, 31
80004562: 64 d5        	<unknown>
80004564: 38 9c        	<unknown>
80004566: 4d 5b        	<unknown>
80004568: 20 3c        	<unknown>
8000456a: 32 2a        	<unknown>
8000456c: e4 8b        	<unknown>
8000456e: c2 c0        	<unknown>
80004570: 17 16 3d 5f  	auipc	a2, 390097
80004574: a4 8b        	<unknown>
80004576: f0 36        	<unknown>
80004578: 04 22        	<unknown>
8000457a: 56 5c        	<unknown>
8000457c: 6a ca        	<unknown>
8000457e: 11 6e        	<unknown>
80004580: b9 13        	<unknown>
80004582: 5b 47 bc fe  	<unknown>
80004586: e8 26        	<unknown>
80004588: 4b 17 1b f4  	fnmsub.h	fa4, fs6, ft1, ft10, rtz
8000458c: 87 f9 db 23  	<unknown>
80004590: 29 76        	<unknown>
80004592: 99 e2        	<unknown>
80004594: b1 18        	<unknown>
80004596: 17 8c ae e2  	auipc	s8, 928488
8000459a: b6 27        	<unknown>
8000459c: b3 0f 8c f1  	<unknown>
800045a0: c4 ae        	<unknown>
800045a2: 70 dd        	<unknown>
800045a4: 6d 3d        	<unknown>
800045a6: 73 44 20 27  	<unknown>
800045aa: c9 aa        	<unknown>
800045ac: ab 9c 0c 8b  	<unknown>
800045b0: 8c 96        	<unknown>
800045b2: 58 e2        	<unknown>
800045b4: e8 9d        	<unknown>
800045b6: 90 f0        	<unknown>
800045b8: cb 88 c9 39  	fnmsub.s	fa7, fs3, ft8, ft7, rne
800045bc: 6b 10 7c 65  	<unknown>
800045c0: 80 02        	<unknown>
800045c2: 4c db        	<unknown>
800045c4: 3d 78        	<unknown>
800045c6: 3e 7b        	<unknown>
800045c8: d9 07        	<unknown>
800045ca: 39 bb        	<unknown>
800045cc: 31 9b        	<unknown>
800045ce: 5b e4 bb 79  	<unknown>
800045d2: 06 b8        	<unknown>
800045d4: a3 2c 93 c0  	sw	s1, -999(t1)
800045d8: fb e9 1d 12  	<unknown>
800045dc: 10 f7        	<unknown>
800045de: be 92        	<unknown>
800045e0: 4b 0f 59 59  	fnmsub.s	ft10, fs2, fs5, fa1, rne
800045e4: 2f d4 a6 e3  	<unknown>
800045e8: de ad        	<unknown>
800045ea: 01 7c        	<unknown>
800045ec: 72 71        	<unknown>
800045ee: a2 56        	<unknown>
800045f0: bd d3        	<unknown>
800045f2: ef 58 d5 0c  	jal	a7, 0x80059ebe <_edram+0x54bb6>
800045f6: 3a 92        	<unknown>
800045f8: 86 2d        	<unknown>
800045fa: 0c 27        	<unknown>
800045fc: 29 08        	<unknown>
800045fe: 31 9a        	<unknown>
80004600: f0 18        	<unknown>
80004602: b7 20 25 f4  	lui	ra, 1000018
80004606: 05 b9        	<unknown>
80004608: a8 63        	<unknown>
8000460a: 3f 1a 75 3e  	<unknown>
8000460e: 10 48        	<unknown>
80004610: 87 6d 0f 0d  	<unknown>
80004614: 4b f2 56 0e  	<unknown>
80004618: db b9 36 d9  	<unknown>
8000461c: 64 59        	<unknown>
8000461e: f4 bd        	<unknown>
80004620: a0 7d        	<unknown>
80004622: 5d e4        	<unknown>
80004624: 96 79        	<unknown>
80004626: 89 75        	<unknown>
80004628: d0 d9        	<unknown>
8000462a: 87 dc 19 49  	<unknown>
8000462e: d9 7d        	<unknown>
80004630: 30 e3        	<unknown>
80004632: 0b 3c 68 12  	<unknown>
80004636: cb 88 f9 41  	fnmsub.s	fa7, fs3, ft11, fs0, rne
8000463a: 84 9c        	<unknown>
8000463c: 24 25        	<unknown>
8000463e: d2 07        	<unknown>
80004640: ab 2c 1f 2c  	<unknown>
80004644: bc ae        	<unknown>
80004646: 14 cf        	<unknown>
80004648: 20 74        	<unknown>
8000464a: 53 4c 5b 6f  	<unknown>
8000464e: 1c 0c        	<unknown>
80004650: db e1 c1 9f  	<unknown>
80004654: 56 3e        	<unknown>
80004656: d5 b2        	<unknown>
80004658: 96 fe        	<unknown>
8000465a: 08 0b        	<unknown>
8000465c: 74 00        	<unknown>
8000465e: b9 f9        	<unknown>
80004660: c4 e3        	<unknown>
80004662: a1 33        	<unknown>
80004664: 5e 09        	<unknown>
80004666: 79 12        	<unknown>
80004668: 21 f2        	<unknown>
8000466a: e8 06        	<unknown>
8000466c: 43 b9 74 f1  	fmadd.s	fs2, fs1, fs7, ft10, rup
80004670: 46 9b        	<unknown>
80004672: 4d 5e        	<unknown>
80004674: ff b3 d2 79  	<unknown>
80004678: 6f ec c0 d5  	jal	s8, 0x7ff12bd4 <$d.54+0x7ff12bd4>
8000467c: 73 10 7e c6  	csrw	3175, t3
80004680: f5 54        	<unknown>
80004682: 4a 7b        	<unknown>
80004684: 64 23        	<unknown>
80004686: 62 12        	<unknown>
80004688: ad a2        	<unknown>
8000468a: 7c 05        	<unknown>
8000468c: d1 f2        	<unknown>
8000468e: 44 ae        	<unknown>
80004690: 18 39        	<unknown>
80004692: be 3d        	<unknown>
80004694: fc 15        	<unknown>
80004696: b9 b9        	<unknown>
80004698: 80 6e        	<unknown>
8000469a: a1 df        	<unknown>
8000469c: fd f5        	<unknown>
8000469e: af d8 39 df  	<unknown>
800046a2: 80 77        	<unknown>
800046a4: c4 6c        	<unknown>
800046a6: 83 8f 6c ca  	lb	t6, -858(s9)
800046aa: 1c f7        	<unknown>
800046ac: 23 58 94 7c  	<unknown>
800046b0: ee 0f        	<unknown>
800046b2: f4 c4        	<unknown>
800046b4: e2 0b        	<unknown>
800046b6: 98 33        	<unknown>
800046b8: 58 ac        	<unknown>
800046ba: 03 a3 c5 7b  	lw	t1, 1980(a1)
800046be: 1e 92        	<unknown>
800046c0: 93 38 11 ae  	sltiu	a7, sp, -1311
800046c4: 68 b0        	<unknown>
800046c6: 8d 0e        	<unknown>
800046c8: 18 41        	<unknown>
800046ca: 89 b7        	<unknown>
800046cc: 9d 71        	<unknown>
800046ce: 7a ec        	<unknown>
800046d0: 84 f6        	<unknown>
800046d2: 77 a0 f5 c0  	<unknown>
800046d6: 11 5f        	<unknown>
800046d8: a6 19        	<unknown>
800046da: 79 21        	<unknown>
800046dc: 35 f5        	<unknown>
800046de: 82 fa        	<unknown>
800046e0: 90 7b        	<unknown>
800046e2: d3 57 c4 a1  	<unknown>
800046e6: 85 b4        	<unknown>
800046e8: 99 78        	<unknown>
800046ea: ae f8        	<unknown>
800046ec: 55 6e        	<unknown>
800046ee: b7 dd d5 59  	lui	s11, 367965
800046f2: fd ab        	<unknown>
800046f4: 98 10        	<unknown>
800046f6: 8c 53        	<unknown>
800046f8: 64 a3        	<unknown>
800046fa: 17 5e 85 c1  	auipc	t3, 792661
800046fe: 53 5b 27 01  	<unknown>
80004702: d3 c0 be e4  	<unknown>
80004706: c8 90        	<unknown>
80004708: e7 8d 9f 32  	jalr	s11, 809(t6)
8000470c: fc 25        	<unknown>
8000470e: e0 96        	<unknown>
80004710: 6e 30        	<unknown>
80004712: 8a d4        	<unknown>
80004714: 99 be        	<unknown>
80004716: 58 d5        	<unknown>
80004718: b1 8b        	<unknown>
8000471a: 40 b5        	<unknown>
8000471c: 6b 04 5d 5d  	<unknown>
80004720: 41 4c        	<unknown>
80004722: fd 6a        	<unknown>
80004724: aa 6f        	<unknown>
80004726: 4a f2        	<unknown>
80004728: ea be        	<unknown>
8000472a: af bc d0 99  	<unknown>
8000472e: a3 80 98 c3  	sb	s9, -991(a7)
80004732: 09 c2        	<unknown>
80004734: 68 ec        	<unknown>
80004736: 11 ee        	<unknown>
80004738: ca 83        	<unknown>
8000473a: ce 05        	<unknown>
8000473c: f5 f0        	<unknown>
8000473e: dd 77        	<unknown>
80004740: 88 4a        	<unknown>
80004742: 0e 17        	<unknown>
80004744: a5 76        	<unknown>
80004746: 22 dd        	<unknown>
80004748: be 0e        	<unknown>
8000474a: 60 18        	<unknown>
8000474c: 10 60        	<unknown>
8000474e: 6e 76        	<unknown>
80004750: ba 9a        	<unknown>
80004752: 30 4c        	<unknown>
80004754: 20 e1        	<unknown>
80004756: e8 e2        	<unknown>
80004758: 7a b8        	<unknown>
8000475a: 10 ef        	<unknown>
8000475c: 7e ae        	<unknown>
8000475e: 16 4e        	<unknown>
80004760: ee 78        	<unknown>
80004762: 16 36        	<unknown>
80004764: cf de 4a f5  	<unknown>
80004768: 87 f0 e2 7c  	<unknown>
8000476c: 33 4e ae fe  	<unknown>
80004770: 63 ee 55 a1  	bltu	a1, s5, 0x8000398c <__DATA_BEGIN__+0x6bc>
80004774: ee 87        	<unknown>
80004776: 27 f0 65 32  	<unknown>
8000477a: bd 38        	<unknown>
8000477c: 41 ce        	<unknown>
8000477e: 4a 07        	<unknown>
80004780: de b0        	<unknown>
80004782: c4 bd        	<unknown>
80004784: 3b 6b 31 cd  	<unknown>
80004788: 41 4d        	<unknown>
8000478a: b4 e7        	<unknown>
8000478c: e7 32 a6 32  	<unknown>
80004790: 7e 00        	<unknown>
80004792: 14 6f        	<unknown>
80004794: b6 85        	<unknown>
80004796: 5b 50 64 d4  	<unknown>
8000479a: 0d c1        	<unknown>
8000479c: ca 32        	<unknown>
8000479e: e6 25        	<unknown>
800047a0: 0f 87 03 e7  	<unknown>
800047a4: 03 37 98 42  	<unknown>
800047a8: b7 55 8d 59  	lui	a1, 366805
800047ac: 9b 56 cd 57  	<unknown>
800047b0: 6b d2 a9 28  	<unknown>
800047b4: e4 85        	<unknown>
800047b6: 33 99 99 32  	<unknown>
800047ba: 2c ab        	<unknown>
800047bc: 04 c5        	<unknown>
800047be: 19 f5        	<unknown>
800047c0: f4 f7        	<unknown>
800047c2: 4a 08        	<unknown>
800047c4: 21 cb        	<unknown>
800047c6: 62 a2        	<unknown>
800047c8: 45 05        	<unknown>
800047ca: c2 06        	<unknown>
800047cc: 32 47        	<unknown>
800047ce: a9 3f        	<unknown>
800047d0: 44 de        	<unknown>
800047d2: 04 e5        	<unknown>
800047d4: 82 34        	<unknown>
800047d6: 96 64        	<unknown>
800047d8: 3f 7b 61 a5  	<unknown>
800047dc: b1 e1        	<unknown>
800047de: d1 9d        	<unknown>
800047e0: df 42 1a dc  	<unknown>
800047e4: 1f 31 bc f9  	<unknown>
800047e8: 01 ec        	<unknown>
800047ea: 19 8d        	<unknown>
800047ec: 3a b7        	<unknown>
800047ee: f2 86        	<unknown>
800047f0: bf 61 3a 37  	<unknown>
800047f4: ba ec        	<unknown>
800047f6: 45 64        	<unknown>
800047f8: c3 92 53 60  	fmadd.s	ft5, ft7, ft5, fa2, rtz
800047fc: 93 f0 0b ae  	andi	ra, s7, -1312
80004800: 80 a7        	<unknown>
80004802: bf 15 bb bf  	<unknown>
80004806: dc c7        	<unknown>
80004808: 73 8e ee 1c  	<unknown>
8000480c: a0 73        	<unknown>
8000480e: 5d 66        	<unknown>
80004810: b4 24        	<unknown>
80004812: 49 49        	<unknown>
80004814: d2 10        	<unknown>
80004816: d4 cd        	<unknown>
80004818: ce da        	<unknown>
8000481a: 32 3e        	<unknown>
8000481c: 61 b3        	<unknown>
8000481e: 78 25        	<unknown>
80004820: b2 12        	<unknown>
80004822: 94 84        	<unknown>
80004824: 51 db        	<unknown>
80004826: 29 bc        	<unknown>
80004828: 82 ee        	<unknown>
8000482a: 16 6d        	<unknown>
8000482c: ea 6e        	<unknown>
8000482e: 7b 6c f8 a0  	<unknown>
80004832: 34 15        	<unknown>
80004834: 94 45        	<unknown>
80004836: c5 76        	<unknown>
80004838: 80 d9        	<unknown>
8000483a: 0d bf        	<unknown>
8000483c: a5 a4        	<unknown>
8000483e: fd 0a        	<unknown>
80004840: 8a e8        	<unknown>
80004842: 64 8d        	<unknown>
80004844: bb 9d a2 54  	<unknown>
80004848: 1a 23        	<unknown>
8000484a: 1c a5        	<unknown>
8000484c: 38 e0        	<unknown>
8000484e: 7c 64        	<unknown>
80004850: 48 ed        	<unknown>
80004852: 80 b2        	<unknown>
80004854: 2c 4c        	<unknown>
80004856: 83 3d 60 57  	<unknown>
8000485a: ce 7b        	<unknown>
8000485c: 9d 76        	<unknown>
8000485e: e9 b2        	<unknown>
80004860: 95 14        	<unknown>
80004862: c5 80        	<unknown>
80004864: 04 68        	<unknown>
80004866: 8b d9 91 79  	<unknown>
8000486a: a5 62        	<unknown>
8000486c: f2 8e        	<unknown>
8000486e: 3f 58 ef 83  	<unknown>
80004872: dd ca        	<unknown>
80004874: 3d bd        	<unknown>
80004876: dd de        	<unknown>
80004878: 7e e3        	<unknown>
8000487a: cc 6a        	<unknown>
8000487c: 82 20        	<unknown>
8000487e: 05 31        	<unknown>
80004880: 24 84        	<unknown>
80004882: d2 fa        	<unknown>
80004884: cd 19        	<unknown>
80004886: bd 03        	<unknown>
80004888: 1a 36        	<unknown>
8000488a: a0 7d        	<unknown>
8000488c: 43 d5 c1 89  	<unknown>
80004890: 40 f0        	<unknown>
80004892: 67 9f a1 db  	<unknown>
80004896: de c7        	<unknown>
80004898: d0 04        	<unknown>
8000489a: 9c 03        	<unknown>
8000489c: 09 37        	<unknown>
8000489e: 10 c9        	<unknown>
800048a0: ad a1        	<unknown>
800048a2: 30 cd        	<unknown>
800048a4: 59 ac        	<unknown>
800048a6: 1a c8        	<unknown>
800048a8: f6 64        	<unknown>
800048aa: 9b 49 a6 38  	<unknown>
800048ae: 90 66        	<unknown>
800048b0: 17 b6 08 76  	auipc	a2, 483467
800048b4: 02 72        	<unknown>
800048b6: 9e a7        	<unknown>
800048b8: 77 89 84 16  	<unknown>
800048bc: 09 2b        	<unknown>
800048be: 01 8c        	<unknown>
800048c0: d8 6c        	<unknown>
800048c2: a9 d8        	<unknown>
800048c4: 11 a7        	<unknown>
800048c6: c7 a6 84 fa  	fmsub.d	fa3, fs1, fs0, ft11, rdn
800048ca: c9 e0        	<unknown>
800048cc: f5 a5        	<unknown>
800048ce: 0c 1e        	<unknown>
800048d0: ae 63        	<unknown>
800048d2: ec 57        	<unknown>
800048d4: 33 37 8e 1c  	<unknown>
800048d8: 9e f9        	<unknown>
800048da: 08 75        	<unknown>
800048dc: b2 9c        	<unknown>
800048de: 4d a7        	<unknown>
800048e0: 33 45 74 d7  	<unknown>
800048e4: 20 30        	<unknown>
800048e6: 9c be        	<unknown>
800048e8: 03 00 87 1c  	lb	zero, 456(a4)
800048ec: b6 e6        	<unknown>
800048ee: 02 9f        	<unknown>
800048f0: c9 86        	<unknown>
800048f2: 20 16        	<unknown>
800048f4: d4 12        	<unknown>
800048f6: ef fc 6a 6d  	jal	s9, 0x800b3fcc <_edram+0xaecc4>
800048fa: 83 19 39 9c  	lh	s3, -1597(s2)
800048fe: ec e1        	<unknown>
80004900: 14 8a        	<unknown>
80004902: a7 8a 23 f0  	<unknown>
80004906: 3a a6        	<unknown>
80004908: 3a 7a        	<unknown>
8000490a: b0 3c        	<unknown>
8000490c: 90 c9        	<unknown>
8000490e: b8 b6        	<unknown>
80004910: 07 84 1c ae  	<unknown>
80004914: c3 cb 2c 01  	fmadd.s	fs7, fs9, fs2, ft0, rmm
80004918: a8 55        	<unknown>
8000491a: 8a 16        	<unknown>
8000491c: 80 ad        	<unknown>
8000491e: e4 14        	<unknown>
80004920: 6a 15        	<unknown>
80004922: 19 1b        	<unknown>
80004924: f1 54        	<unknown>
80004926: b0 46        	<unknown>
80004928: 89 49        	<unknown>
8000492a: 52 ed        	<unknown>
8000492c: 21 fb        	<unknown>
8000492e: 60 d6        	<unknown>
80004930: 12 a3        	<unknown>
80004932: 9c 3b        	<unknown>
80004934: d1 81        	<unknown>
80004936: 00 ae        	<unknown>
80004938: 56 a4        	<unknown>
8000493a: ca c5        	<unknown>
8000493c: 11 ff        	<unknown>
8000493e: d4 a9        	<unknown>
80004940: 67 62 b5 e1  	<unknown>
80004944: b6 ee        	<unknown>
80004946: 17 75 70 ae  	auipc	a0, 714503
8000494a: 8b bd cf 57  	<unknown>
8000494e: d2 87        	<unknown>
80004950: 1a de        	<unknown>
80004952: f2 72        	<unknown>
80004954: 23 a3 99 aa  	sw	s1, -1370(s3)
80004958: d9 ed        	<unknown>
8000495a: 23 35 56 b8  	<unknown>
8000495e: 80 be        	<unknown>
80004960: d0 d3        	<unknown>
80004962: e8 30        	<unknown>
80004964: 13 f5 d5 5b  	andi	a0, a1, 1469
80004968: b6 5b        	<unknown>
8000496a: 9f 31 06 dc  	<unknown>
8000496e: 87 c0 44 13  	<unknown>
80004972: 8a 69        	<unknown>
80004974: 7e 01        	<unknown>
80004976: 42 56        	<unknown>
80004978: e3 a8 25 a1  	<unknown>
8000497c: 90 24        	<unknown>
8000497e: 18 65        	<unknown>
80004980: 15 c4        	<unknown>
80004982: b7 a0 79 a3  	lui	ra, 669594
80004986: 6e 13        	<unknown>
80004988: 5e 14        	<unknown>
8000498a: d0 56        	<unknown>
8000498c: 64 f5        	<unknown>
8000498e: 4f 45 9a c4  	fnmadd.h	fa0, fs4, fs1, fs8, rmm
80004992: 13 8a 7d c9  	addi	s4, s11, -873
80004996: e7 a5 35 b6  	<unknown>
8000499a: f2 27        	<unknown>
8000499c: 0e 14        	<unknown>
8000499e: 2e 48        	<unknown>
800049a0: be 3c        	<unknown>
800049a2: e7 b0 c6 80  	<unknown>
800049a6: 5f 0c b8 76  	<unknown>
800049aa: c2 57        	<unknown>
800049ac: 56 3a        	<unknown>
800049ae: 7e 7c        	<unknown>
800049b0: f6 0b        	<unknown>
800049b2: 93 84 a4 25  	addi	s1, s1, 602
800049b6: 5d 08        	<unknown>
800049b8: f9 cb        	<unknown>
800049ba: d6 f4        	<unknown>
800049bc: e9 d5        	<unknown>
800049be: 54 9a        	<unknown>
800049c0: 52 62        	<unknown>
800049c2: 73 6a d0 3d  	csrrsi	s4, pmpaddr45, 0
800049c6: 7a ec        	<unknown>
800049c8: 47 98 51 d8  	fmsub.s	fa6, ft3, ft5, fs11, rtz
800049cc: 8b 0e ba 19  	<unknown>
800049d0: 05 47        	<unknown>
800049d2: 96 ae        	<unknown>
800049d4: d9 ad        	<unknown>
800049d6: ea 0b        	<unknown>
800049d8: b4 08        	<unknown>
800049da: 49 33        	<unknown>
800049dc: b8 f4        	<unknown>
800049de: 19 28        	<unknown>
800049e0: 5d 56        	<unknown>
800049e2: 32 fa        	<unknown>
800049e4: 37 52 bd 9f  	lui	tp, 654293
800049e8: c7 b5 78 6e  	<unknown>
800049ec: 64 c2        	<unknown>
800049ee: b2 e0        	<unknown>
800049f0: 61 b4        	<unknown>
800049f2: 2b e2 73 79  	<unknown>
800049f6: d5 eb        	<unknown>
800049f8: b8 9e        	<unknown>
800049fa: 05 5a        	<unknown>
800049fc: 27 e1 8b 6c  	<unknown>
80004a00: 6a 61        	<unknown>
80004a02: 48 19        	<unknown>
80004a04: 41 74        	<unknown>
80004a06: c8 48        	<unknown>
80004a08: 68 ec        	<unknown>
80004a0a: 99 ae        	<unknown>
80004a0c: 9f 89 8f 46  	<unknown>
80004a10: 59 0c        	<unknown>
80004a12: e7 3d 51 58  	<unknown>
80004a16: 60 ee        	<unknown>
80004a18: a2 be        	<unknown>
80004a1a: 73 98 d9 ca  	csrrw	a6, 3245, s3
80004a1e: a5 01        	<unknown>
80004a20: 1d 9c        	<unknown>
80004a22: b0 2c        	<unknown>
80004a24: 5c 9d        	<unknown>
80004a26: 0f 27 db 6e  	<unknown>
80004a2a: 87 21 a2 df  	flw	ft3, -518(tp)
80004a2e: d7 cd 97 d0  	<unknown>
80004a32: 49 1d        	<unknown>
80004a34: f7 ba 6d 56  	<unknown>
80004a38: 78 b4        	<unknown>
80004a3a: 46 09        	<unknown>
80004a3c: 2c 10        	<unknown>
80004a3e: 19 54        	<unknown>
80004a40: a7 90 00 58  	fsh	ft0, 1409(ra)
80004a44: bc 2a        	<unknown>
80004a46: e7 a9 10 16  	<unknown>
80004a4a: 99 54        	<unknown>
80004a4c: d5 79        	<unknown>
80004a4e: 06 8d        	<unknown>
80004a50: e7 bb 2a 4b  	<unknown>
80004a54: 6b e3 6f c3  	<unknown>
80004a58: 06 51        	<unknown>
80004a5a: 5a 21        	<unknown>
80004a5c: da 90        	<unknown>
80004a5e: ff 2a 92 91  	<unknown>
80004a62: 80 cd        	<unknown>
80004a64: f2 2e        	<unknown>
80004a66: 71 41        	<unknown>
80004a68: 9f f7 ad 6a  	<unknown>
80004a6c: 0f 43 73 24  	<unknown>
80004a70: ff 5f 50 f1  	<unknown>
80004a74: f2 50        	<unknown>
80004a76: 8d 88        	<unknown>
80004a78: 5b 3d f9 ad  	<unknown>
80004a7c: bf 01 7b b5  	<unknown>
80004a80: 98 a6        	<unknown>
80004a82: a2 02        	<unknown>
80004a84: 71 64        	<unknown>
80004a86: eb 2b ce f4  	<unknown>
80004a8a: 86 08        	<unknown>
80004a8c: f2 2f        	<unknown>
80004a8e: c7 71 04 f7  	<unknown>
80004a92: a4 c7        	<unknown>
80004a94: fe e9        	<unknown>
80004a96: 70 db        	<unknown>
80004a98: 3a eb        	<unknown>
80004a9a: 7a 32        	<unknown>
80004a9c: 35 17        	<unknown>
80004a9e: 98 46        	<unknown>
80004aa0: 75 5b        	<unknown>
80004aa2: f0 f1        	<unknown>
80004aa4: 5d 25        	<unknown>
80004aa6: 32 be        	<unknown>
80004aa8: 35 54        	<unknown>
80004aaa: 0d 5e        	<unknown>
80004aac: b6 2f        	<unknown>
80004aae: 51 86        	<unknown>
80004ab0: a7 41 6c 98  	<unknown>
80004ab4: e6 48        	<unknown>
80004ab6: 75 95        	<unknown>
80004ab8: ea 40        	<unknown>
80004aba: b2 34        	<unknown>
80004abc: a3 f2 99 9c  	<unknown>
80004ac0: 32 5d        	<unknown>
80004ac2: e5 e1        	<unknown>
80004ac4: 8b 92 e4 ab  	<unknown>
80004ac8: ba 56        	<unknown>
80004aca: 5c d1        	<unknown>
80004acc: 5e 5d        	<unknown>
80004ace: f3 26 62 11  	csrrs	a3, 278, tp
80004ad2: 3a 69        	<unknown>
80004ad4: e6 90        	<unknown>
80004ad6: 8d 1e        	<unknown>
80004ad8: 8f 37 6b 6e  	<unknown>
80004adc: f8 89        	<unknown>
80004ade: 1d 18        	<unknown>
80004ae0: b5 f4        	<unknown>
80004ae2: 72 6c        	<unknown>
80004ae4: ed c9        	<unknown>
80004ae6: ea 61        	<unknown>
80004ae8: 4e a7        	<unknown>
80004aea: 98 84        	<unknown>
80004aec: 0a 3a        	<unknown>
80004aee: 61 57        	<unknown>
80004af0: 3b 86 04 6a  	<unknown>
80004af4: ac b9        	<unknown>
80004af6: 78 72        	<unknown>
80004af8: c3 5a 3f 90  	<unknown>
80004afc: 8b 15 10 09  	<unknown>
80004b00: 42 d0        	<unknown>
80004b02: fd 6b        	<unknown>
80004b04: 37 db 5c 94  	lui	s6, 607693
80004b08: 5d 4d        	<unknown>
80004b0a: 46 90        	<unknown>
80004b0c: fd 6b        	<unknown>
80004b0e: d3 63 17 62  	<unknown>
80004b12: eb 3b ac e1  	<unknown>
80004b16: 02 a4        	<unknown>
80004b18: 7e e6        	<unknown>
80004b1a: d3 04 c0 5d  	<unknown>
80004b1e: 30 82        	<unknown>
80004b20: b8 59        	<unknown>
80004b22: 28 70        	<unknown>
80004b24: 79 82        	<unknown>
80004b26: f7 85 fb 4e  	<unknown>
80004b2a: a5 c7        	<unknown>
80004b2c: 7a 04        	<unknown>
80004b2e: 2f d9 9e 96  	<unknown>
80004b32: 29 09        	<unknown>
80004b34: 1f ea 34 1d  	<unknown>
80004b38: f5 40        	<unknown>
80004b3a: 95 59        	<unknown>
80004b3c: f7 7a 51 b1  	<unknown>
80004b40: ae 4f        	<unknown>
80004b42: e4 3a        	<unknown>
80004b44: d3 85 12 38  	<unknown>
80004b48: 88 25        	<unknown>
80004b4a: 2f 78 3b be  	<unknown>
80004b4e: 55 75        	<unknown>
80004b50: 2a 27        	<unknown>
80004b52: 59 36        	<unknown>
80004b54: 56 eb        	<unknown>
80004b56: a6 8e        	<unknown>
80004b58: 2c 0d        	<unknown>
80004b5a: f7 1d 71 c3  	<unknown>
80004b5e: 11 3d        	<unknown>
80004b60: 84 84        	<unknown>
80004b62: b5 ae        	<unknown>
80004b64: 56 30        	<unknown>
80004b66: 88 e2        	<unknown>
80004b68: 11 45        	<unknown>
80004b6a: a4 bb        	<unknown>
80004b6c: 2f 4c 9b 44  	<unknown>
80004b70: a6 1e        	<unknown>
80004b72: d1 e3        	<unknown>
80004b74: 81 4d        	<unknown>
80004b76: cc 5c        	<unknown>
80004b78: 8d 3f        	<unknown>
80004b7a: 2e 9c        	<unknown>
80004b7c: 4b 23 7a 62  	fnmsub.d	ft6, fs4, ft7, fa2, rdn
80004b80: 44 02        	<unknown>
80004b82: 7a 80        	<unknown>
80004b84: b9 fb        	<unknown>
80004b86: 25 8e        	<unknown>
80004b88: 74 f4        	<unknown>
80004b8a: 01 d7        	<unknown>
80004b8c: c7 0a bf 4c  	fmsub.h	fs5, ft10, fa1, fs1, rne
80004b90: f7 70 83 dc  	<unknown>
80004b94: 55 18        	<unknown>
80004b96: 0c 51        	<unknown>
80004b98: a4 18        	<unknown>
80004b9a: 2f 40 34 6d  	<unknown>
80004b9e: 4e c8        	<unknown>
80004ba0: 93 f9 70 bc  	andi	s3, ra, -1081
80004ba4: fa 69        	<unknown>
80004ba6: 22 31        	<unknown>
80004ba8: 4c d0        	<unknown>
80004baa: f1 a7        	<unknown>
80004bac: ac 5f        	<unknown>
80004bae: bd dc        	<unknown>
80004bb0: 8b a6 41 5f  	<unknown>
80004bb4: 8c ad        	<unknown>
80004bb6: 1a f0        	<unknown>
80004bb8: 33 fc 4b 86  	<unknown>
80004bbc: 9c 0a        	<unknown>
80004bbe: a0 05        	<unknown>
80004bc0: 21 3c        	<unknown>
80004bc2: 22 bf        	<unknown>
80004bc4: 70 98        	<unknown>
80004bc6: 97 8b 50 c7  	auipc	s7, 816392
80004bca: 94 91        	<unknown>
80004bcc: 5d bf        	<unknown>
80004bce: d1 ed        	<unknown>
80004bd0: 20 8f        	<unknown>
80004bd2: 6c 29        	<unknown>
80004bd4: eb fd 41 b6  	<unknown>
80004bd8: 0e b0        	<unknown>
80004bda: f8 d7        	<unknown>
80004bdc: 43 0b 3a 79  	fmadd.s	fs6, fs4, fs3, fa5, rne
80004be0: d1 bd        	<unknown>
80004be2: 10 57        	<unknown>
80004be4: 82 1f        	<unknown>
80004be6: 62 65        	<unknown>
80004be8: f2 39        	<unknown>
80004bea: c2 b7        	<unknown>
80004bec: a7 e1 a7 da  	<unknown>
80004bf0: 68 90        	<unknown>
80004bf2: e7 5e e1 3b  	<unknown>
80004bf6: 3f d7 ee ce  	<unknown>
80004bfa: 1f 32 4a b9  	<unknown>
80004bfe: 56 99        	<unknown>
80004c00: 91 8e        	<unknown>
80004c02: 6b 4f 9a c7  	<unknown>
80004c06: bb 2d 6e de  	<unknown>
80004c0a: 25 9f        	<unknown>
80004c0c: 8a ac        	<unknown>
80004c0e: 58 a0        	<unknown>
80004c10: 62 29        	<unknown>
80004c12: a1 1d        	<unknown>
80004c14: 7a 76        	<unknown>
80004c16: 8c 0c        	<unknown>
80004c18: a4 bc        	<unknown>
80004c1a: 64 2a        	<unknown>
80004c1c: fb 45 a6 37  	<unknown>
80004c20: 8c f7        	<unknown>
80004c22: fc 6e        	<unknown>
80004c24: d8 c8        	<unknown>
80004c26: c3 0d 4c 6c  	fmadd.h	fs11, fs8, ft4, fa3, rne
80004c2a: a0 85        	<unknown>
80004c2c: 57 12 cf 27  	<unknown>
80004c30: ec 22        	<unknown>
80004c32: 6f c5 52 1d  	jal	a0, 0x80031606 <_edram+0x2c2fe>
80004c36: 46 c9        	<unknown>
80004c38: 61 2d        	<unknown>
80004c3a: 61 9c        	<unknown>
80004c3c: 83 50 e2 0c  	lhu	ra, 206(tp)
80004c40: 58 10        	<unknown>
80004c42: dc b4        	<unknown>
80004c44: 87 ce 9a 2d  	<unknown>
80004c48: 7b e5 28 07  	<unknown>
80004c4c: 8a 55        	<unknown>
80004c4e: 32 d7        	<unknown>
80004c50: 91 1f        	<unknown>
80004c52: df 62 fa a6  	<unknown>
80004c56: ad 73        	<unknown>
80004c58: be ad        	<unknown>
80004c5a: d7 8a bd cc  	<unknown>
80004c5e: 61 18        	<unknown>
80004c60: e4 e1        	<unknown>
80004c62: 8a e8        	<unknown>
80004c64: 37 c2 fa 5b  	lui	tp, 376748
80004c68: db e0 ba ba  	<unknown>
80004c6c: af 28 8c ea  	<unknown>
80004c70: 68 5f        	<unknown>
80004c72: 61 be        	<unknown>
80004c74: 1b bb ce 5d  	<unknown>
80004c78: 68 a6        	<unknown>
80004c7a: 8e f6        	<unknown>
80004c7c: 9c 1c        	<unknown>
80004c7e: ca f3        	<unknown>
80004c80: b1 73        	<unknown>
80004c82: 46 02        	<unknown>
80004c84: dc 3f        	<unknown>
80004c86: 2b 34 a8 10  	<unknown>
80004c8a: cb f8 ad 1f  	<unknown>
80004c8e: 4e cf        	<unknown>
80004c90: 9c 3d        	<unknown>
80004c92: 70 5c        	<unknown>
80004c94: bd 74        	<unknown>
80004c96: 6b 38 46 b3  	<unknown>
80004c9a: 83 ba c7 13  	<unknown>
80004c9e: dc be        	<unknown>
80004ca0: 9c 08        	<unknown>
80004ca2: 42 18        	<unknown>
80004ca4: 61 cb        	<unknown>
80004ca6: 29 88        	<unknown>
80004ca8: ac d8        	<unknown>
80004caa: 34 29        	<unknown>
80004cac: e3 3e 1a 25  	<unknown>
80004cb0: a4 5c        	<unknown>
80004cb2: 95 43        	<unknown>
80004cb4: 13 df 63 71  	<unknown>
80004cb8: 9f 01 2e 4d  	<unknown>
80004cbc: d3 95 4a 9a  	<unknown>
80004cc0: 97 bb f9 02  	auipc	s7, 12187
80004cc4: 13 ad 8e 18  	slti	s10, t4, 392
80004cc8: b5 d5        	<unknown>
80004cca: db 13 20 49  	<unknown>
80004cce: 27 1f 71 7b  	fsh	fs7, 1982(sp)
80004cd2: e0 81        	<unknown>
80004cd4: 60 a0        	<unknown>
80004cd6: 68 4c        	<unknown>
80004cd8: fe a8        	<unknown>
80004cda: 3b e9 8d 4a  	<unknown>
80004cde: 51 75        	<unknown>
80004ce0: fd 93        	<unknown>
80004ce2: 3b 17 b1 30  	<unknown>
80004ce6: 32 df        	<unknown>
80004ce8: c5 10        	<unknown>
80004cea: fa d8        	<unknown>
80004cec: 78 9b        	<unknown>
80004cee: c1 22        	<unknown>
80004cf0: f1 cd        	<unknown>
80004cf2: 01 48        	<unknown>
80004cf4: 7e a4        	<unknown>
80004cf6: 93 99 84 6e  	<unknown>
80004cfa: d5 2e        	<unknown>
80004cfc: a1 40        	<unknown>
80004cfe: b6 f6        	<unknown>
80004d00: 45 61        	<unknown>
80004d02: d1 0c        	<unknown>
80004d04: 68 96        	<unknown>
80004d06: d2 ec        	<unknown>
80004d08: 8e aa        	<unknown>
80004d0a: 2f d6 c5 ad  	<unknown>
80004d0e: 71 eb        	<unknown>
80004d10: 1d 20        	<unknown>
80004d12: cc f3        	<unknown>
80004d14: 19 15        	<unknown>
80004d16: e6 41        	<unknown>
80004d18: 8b d6 8b 0c  	<unknown>
80004d1c: 98 ac        	<unknown>
80004d1e: 72 f9        	<unknown>
80004d20: e8 23        	<unknown>
80004d22: 79 f4        	<unknown>
80004d24: e1 63        	<unknown>
80004d26: c1 ce        	<unknown>
80004d28: 64 84        	<unknown>
80004d2a: 7e 40        	<unknown>
80004d2c: 27 4b 37 23  	<unknown>
80004d30: 9c 80        	<unknown>
80004d32: f6 a2        	<unknown>
80004d34: 45 64        	<unknown>
80004d36: 74 ba        	<unknown>
80004d38: 59 2a        	<unknown>
80004d3a: 49 1d        	<unknown>
80004d3c: f1 51        	<unknown>
80004d3e: 10 99        	<unknown>
80004d40: ca 00        	<unknown>
80004d42: d7 7d b5 46  	<unknown>
80004d46: d8 54        	<unknown>
80004d48: fa 2a        	<unknown>
80004d4a: 6c 94        	<unknown>
80004d4c: 16 ea        	<unknown>
80004d4e: 76 cf        	<unknown>
80004d50: 25 e6        	<unknown>
80004d52: d9 2d        	<unknown>
80004d54: f9 71        	<unknown>
80004d56: 0e 61        	<unknown>
80004d58: 12 b6        	<unknown>
80004d5a: 6d e3        	<unknown>
80004d5c: 2c 07        	<unknown>
80004d5e: 5c f6        	<unknown>
80004d60: 21 23        	<unknown>
80004d62: 85 a6        	<unknown>
80004d64: 29 72        	<unknown>
80004d66: f2 39        	<unknown>
80004d68: ac 16        	<unknown>
80004d6a: ae 9e        	<unknown>
80004d6c: 0a 89        	<unknown>
80004d6e: 42 f5        	<unknown>
80004d70: c4 20        	<unknown>
80004d72: 70 32        	<unknown>
80004d74: 4d 8b        	<unknown>
80004d76: 69 93        	<unknown>
80004d78: 07 ae 67 f0  	flw	ft8, -250(a5)
80004d7c: cb 5a c7 d8  	<unknown>
80004d80: 0e c0        	<unknown>
80004d82: cb 79 46 0e  	<unknown>
80004d86: 14 12        	<unknown>
80004d88: ae f4        	<unknown>
80004d8a: fb 0e 98 a3  	<unknown>
80004d8e: 4a b2        	<unknown>
80004d90: e9 f6        	<unknown>
80004d92: 2b b0 e7 4a  	<unknown>
80004d96: bc 42        	<unknown>
80004d98: b4 36        	<unknown>
80004d9a: 9f b2 ab d1  	<unknown>
80004d9e: 45 11        	<unknown>
80004da0: 75 fc        	<unknown>
80004da2: 8b 02 6c 91  	<unknown>
80004da6: a7 94 8d cf  	fsh	fs8, -791(s11)
80004daa: 49 dc        	<unknown>
80004dac: 89 cb        	<unknown>
80004dae: dd e8        	<unknown>
80004db0: 34 71        	<unknown>
80004db2: 57 7a aa fd  	<unknown>
80004db6: 61 58        	<unknown>
80004db8: ad 43        	<unknown>
80004dba: a0 80        	<unknown>
80004dbc: 12 9e        	<unknown>
80004dbe: 4f 0d bb dc  	fnmadd.h	fs10, fs6, fa1, fs11, rne
80004dc2: 58 20        	<unknown>
80004dc4: b0 5f        	<unknown>
80004dc6: 70 a2        	<unknown>
80004dc8: 8e c3        	<unknown>
80004dca: 94 0c        	<unknown>
80004dcc: 55 92        	<unknown>
80004dce: a1 cd        	<unknown>
80004dd0: fa 05        	<unknown>
80004dd2: 88 85        	<unknown>
80004dd4: c8 e6        	<unknown>
80004dd6: 5e 1f        	<unknown>
80004dd8: 52 15        	<unknown>
80004dda: a4 df        	<unknown>
80004ddc: b7 e8 ba 02  	lui	a7, 11182
80004de0: 0e 60        	<unknown>
80004de2: e2 99        	<unknown>
80004de4: 87 e3 6f 5d  	<unknown>
80004de8: 80 04        	<unknown>
80004dea: 93 87 2a 4b  	addi	a5, s5, 1202
80004dee: 80 b8        	<unknown>
80004df0: b1 9c        	<unknown>
80004df2: 38 a6        	<unknown>
80004df4: 5e 37        	<unknown>
80004df6: 6e 2a        	<unknown>
80004df8: b4 af        	<unknown>
80004dfa: c4 e8        	<unknown>
80004dfc: d9 3d        	<unknown>
80004dfe: 5b 41 2b e5  	<unknown>
80004e02: 59 8a        	<unknown>
80004e04: e2 47        	<unknown>
80004e06: ed 4d        	<unknown>
80004e08: fc 43        	<unknown>
80004e0a: 6f f4 b3 6d  	jal	s0, 0x80044ce4 <_edram+0x3f9dc>
80004e0e: 9a 1c        	<unknown>
80004e10: a8 f1        	<unknown>
80004e12: 4b 87 c7 31  	fnmsub.s	fa4, fa5, ft8, ft6, rne
80004e16: db bd 1b 49  	<unknown>
80004e1a: 72 a2        	<unknown>
80004e1c: 3c dc        	<unknown>
80004e1e: 35 3e        	<unknown>
80004e20: d6 a9        	<unknown>
80004e22: 2b 8d cd 81  	<unknown>
80004e26: f6 a4        	<unknown>
80004e28: bf f5 53 9b  	<unknown>
80004e2c: f8 ea        	<unknown>
80004e2e: 24 2e        	<unknown>
80004e30: 31 16        	<unknown>
80004e32: 2b a5 d3 16  	<unknown>
80004e36: ff fd 71 3f  	<unknown>
80004e3a: 45 be        	<unknown>
80004e3c: c8 20        	<unknown>
80004e3e: 28 d8        	<unknown>
80004e40: c9 41        	<unknown>
80004e42: 2d 88        	<unknown>
80004e44: 82 d4        	<unknown>
80004e46: 99 c7        	<unknown>
80004e48: 6e 1b        	<unknown>
80004e4a: a2 07        	<unknown>
80004e4c: 0f e9 23 1d  	<unknown>
80004e50: d3 bd ee 7a  	<unknown>
80004e54: fe 86        	<unknown>
80004e56: 4a d3        	<unknown>
80004e58: 4e e0        	<unknown>
80004e5a: 06 cb        	<unknown>
80004e5c: b0 dd        	<unknown>
80004e5e: 54 1e        	<unknown>
80004e60: c4 25        	<unknown>
80004e62: 6c a8        	<unknown>
80004e64: bd 75        	<unknown>
80004e66: bb fc 64 4b  	<unknown>
80004e6a: 24 b0        	<unknown>
80004e6c: 70 f7        	<unknown>
80004e6e: ab b7 ac b3  	<unknown>
80004e72: cf 31 69 fb  	fnmadd.d	ft3, fs2, fs6, ft11, rup
80004e76: f6 87        	<unknown>
80004e78: 2f 8c c8 74  	<unknown>
80004e7c: cc 1e        	<unknown>
80004e7e: 68 4a        	<unknown>
80004e80: af 41 45 1b  	<unknown>
80004e84: f4 5c        	<unknown>
80004e86: 19 18        	<unknown>
80004e88: 11 81        	<unknown>
80004e8a: 30 cc        	<unknown>
80004e8c: 03 d9 d8 dd  	lhu	s2, -547(a7)
80004e90: 4f 03 05 b9  	fnmadd.s	ft6, fa0, fa6, fs7, rne
80004e94: 95 19        	<unknown>
80004e96: fe 82        	<unknown>
80004e98: 39 3c        	<unknown>
80004e9a: 97 13 a4 83  	auipc	t2, 539201
80004e9e: 5b eb ee 8d  	<unknown>
80004ea2: 77 66 58 d3  	<unknown>
80004ea6: 01 66        	<unknown>
80004ea8: 1b ee 4e 05  	<unknown>
80004eac: eb 7a 3c 13  	<unknown>
80004eb0: 71 d4        	<unknown>
80004eb2: 00 76        	<unknown>
80004eb4: 87 1c df e5  	flh	fs9, -419(t5)
80004eb8: c3 e1 fc e5  	<unknown>
80004ebc: 6d 03        	<unknown>
80004ebe: e5 92        	<unknown>
80004ec0: 8b 04 61 af  	<unknown>
80004ec4: a4 4e        	<unknown>
80004ec6: ab 63 4a 86  	<unknown>
80004eca: de eb        	<unknown>
80004ecc: c9 a6        	<unknown>
80004ece: 0c 1e        	<unknown>
80004ed0: c6 3e        	<unknown>
80004ed2: b7 70 29 3c  	lui	ra, 246423
80004ed6: a9 37        	<unknown>
80004ed8: 62 eb        	<unknown>
80004eda: 61 20        	<unknown>
80004edc: f6 14        	<unknown>
80004ede: 50 15        	<unknown>
80004ee0: 43 8c b0 bb  	fmadd.d	fs8, ft1, fs11, fs7, rne
80004ee4: 01 3b        	<unknown>
80004ee6: 84 2b        	<unknown>
80004ee8: db f2 e7 f5  	<unknown>
80004eec: 84 53        	<unknown>
80004eee: e7 77 a9 25  	<unknown>
80004ef2: d1 2c        	<unknown>
80004ef4: a2 1d        	<unknown>
80004ef6: 57 69 ff df  	<unknown>
80004efa: db 0c 9e cd  	<unknown>
80004efe: 93 11 25 66  	<unknown>
80004f02: 31 be        	<unknown>
80004f04: 64 f3        	<unknown>
80004f06: 3e bd        	<unknown>
80004f08: ef 7b d1 67  	jal	s7, 0x8001cd84 <_edram+0x17a7c>
80004f0c: 62 68        	<unknown>
80004f0e: 5c 33        	<unknown>
80004f10: a3 d3 43 f5  	<unknown>
80004f14: 86 b5        	<unknown>
80004f16: 00 2b        	<unknown>
80004f18: 2f a4 0e 22  	amoxor.w.rl	s0, zero, (t4)
80004f1c: 5b 46 1f 8a  	<unknown>
80004f20: 9a 1f        	<unknown>
80004f22: 14 87        	<unknown>
80004f24: 65 47        	<unknown>
80004f26: b1 c2        	<unknown>
80004f28: eb c0 f8 9d  	<unknown>
80004f2c: 14 d3        	<unknown>
80004f2e: 45 15        	<unknown>
80004f30: 1d 4d        	<unknown>
80004f32: 05 c2        	<unknown>
80004f34: cf 86 33 8d  	fnmadd.h	fa3, ft7, fs3, fa7, rne
80004f38: 5c bb        	<unknown>
80004f3a: 3e 05        	<unknown>
80004f3c: 1f dc aa 7d  	<unknown>
80004f40: 7c 62        	<unknown>
80004f42: 86 1a        	<unknown>
80004f44: db 55 8d 46  	<unknown>
80004f48: 1c 25        	<unknown>
80004f4a: a9 94        	<unknown>
80004f4c: a9 0c        	<unknown>
80004f4e: f0 e8        	<unknown>
80004f50: f7 2c e9 ae  	<unknown>
80004f54: fa 0c        	<unknown>
80004f56: f6 15        	<unknown>
80004f58: 09 48        	<unknown>
80004f5a: cd cc        	<unknown>
80004f5c: 7c 38        	<unknown>
80004f5e: 7d 18        	<unknown>
80004f60: 75 ab        	<unknown>
80004f62: fc b9        	<unknown>
80004f64: 82 d5        	<unknown>
80004f66: c5 01        	<unknown>
80004f68: 51 47        	<unknown>
80004f6a: 66 9f        	<unknown>
80004f6c: 20 74        	<unknown>
80004f6e: 8f 4b c8 0e  	<unknown>
80004f72: 14 22        	<unknown>
80004f74: c1 da        	<unknown>
80004f76: 01 22        	<unknown>
80004f78: 01 bb        	<unknown>
80004f7a: 16 52        	<unknown>
80004f7c: 9e 72        	<unknown>
80004f7e: 84 52        	<unknown>
80004f80: 64 7c        	<unknown>
80004f82: d5 04        	<unknown>
80004f84: 7d 36        	<unknown>
80004f86: 01 bd        	<unknown>
80004f88: 3f 90 f7 08  	<unknown>
80004f8c: 28 00        	<unknown>
80004f8e: 01 bb        	<unknown>
80004f90: f5 94        	<unknown>
80004f92: 55 5b        	<unknown>
80004f94: 08 99        	<unknown>
80004f96: 88 8e        	<unknown>
80004f98: 81 bf        	<unknown>
80004f9a: a2 86        	<unknown>
80004f9c: d4 11        	<unknown>
80004f9e: c2 a9        	<unknown>
80004fa0: 56 2b        	<unknown>
80004fa2: 81 e5        	<unknown>
80004fa4: 50 a2        	<unknown>
80004fa6: e1 56        	<unknown>
80004fa8: a5 73        	<unknown>
80004faa: 61 7c        	<unknown>
80004fac: 0d a3        	<unknown>
80004fae: 60 16        	<unknown>
80004fb0: 51 4d        	<unknown>
80004fb2: 93 51 89 98  	<unknown>
80004fb6: 41 98        	<unknown>
80004fb8: 21 89        	<unknown>
80004fba: d8 01        	<unknown>
80004fbc: fd 8a        	<unknown>
80004fbe: 31 7c        	<unknown>
80004fc0: 5a 14        	<unknown>
80004fc2: 75 65        	<unknown>
80004fc4: ce 14        	<unknown>
80004fc6: 09 56        	<unknown>
80004fc8: af 9c e0 89  	<unknown>
80004fcc: 71 b9        	<unknown>
80004fce: 3b 67 89 57  	<unknown>
80004fd2: f9 f8        	<unknown>
80004fd4: fc 29        	<unknown>
80004fd6: c7 17 f5 fc  	fmsub.h	fa5, fa0, fa5, ft11, rtz
80004fda: 26 28        	<unknown>
80004fdc: 70 4a        	<unknown>
80004fde: 66 97        	<unknown>
80004fe0: 9d f3        	<unknown>
80004fe2: 87 15 ab 39  	flh	fa1, 922(s6)
80004fe6: a3 44 f1 6c  	<unknown>
80004fea: c1 e8        	<unknown>
80004fec: d4 81        	<unknown>
80004fee: 5a 78        	<unknown>
80004ff0: 7c b5        	<unknown>
80004ff2: a0 23        	<unknown>
80004ff4: de 8d        	<unknown>
80004ff6: c0 ed        	<unknown>
80004ff8: 1e b7        	<unknown>
80004ffa: 4e 48        	<unknown>
80004ffc: 56 d2        	<unknown>
80004ffe: 08 e2        	<unknown>
80005000: b9 f7        	<unknown>
80005002: 26 04        	<unknown>
80005004: c0 8c        	<unknown>
80005006: 54 59        	<unknown>
80005008: 94 9b        	<unknown>
8000500a: 4a 76        	<unknown>
8000500c: a1 87        	<unknown>
8000500e: 3a 55        	<unknown>
80005010: 4f b0 19 da  	fnmadd.d	ft0, fs3, ft1, fs11, rup
80005014: a4 c3        	<unknown>
80005016: b1 17        	<unknown>
80005018: 3b ad 92 c3  	<unknown>
8000501c: 59 e5        	<unknown>
8000501e: a9 9f        	<unknown>
80005020: cc 5c        	<unknown>
80005022: 9e ae        	<unknown>
80005024: 78 b6        	<unknown>
80005026: 4f e9 48 40  	<unknown>
8000502a: ca c2        	<unknown>
8000502c: 33 3d 16 19  	<unknown>
80005030: cf b5 6d fc  	fnmadd.h	fa1, fs11, ft6, ft11, rup
80005034: 33 02 62 28  	<unknown>
80005038: 14 c8        	<unknown>
8000503a: 1b 3d 6d f2  	<unknown>
8000503e: 86 cf        	<unknown>
80005040: 71 6c        	<unknown>
80005042: 54 34        	<unknown>
80005044: d1 64        	<unknown>
80005046: 2c 1f        	<unknown>
80005048: 47 30 ce 10  	fmsub.s	ft0, ft8, fa2, ft2, rup
8000504c: 3b d6 d7 2c  	<unknown>
80005050: 92 e3        	<unknown>
80005052: bb 26 49 d8  	<unknown>
80005056: 11 12        	<unknown>
80005058: 26 ec        	<unknown>
8000505a: 6d a3        	<unknown>
8000505c: 67 64 e0 23  	<unknown>
80005060: 3d 1d        	<unknown>
80005062: f8 b6        	<unknown>
80005064: 0f 8b 10 0f  	<unknown>
80005068: 43 51 b6 85  	<unknown>
8000506c: 22 15        	<unknown>
8000506e: 2a 0e        	<unknown>
80005070: 05 98        	<unknown>
80005072: 0c f4        	<unknown>
80005074: 61 07        	<unknown>
80005076: 14 61        	<unknown>
80005078: 0f 7b e0 83  	<unknown>
8000507c: 83 e6 a7 90  	<unknown>
80005080: 23 50 62 70  	<unknown>
80005084: 3b 0a 3e 14  	<unknown>
80005088: 52 c4        	<unknown>
8000508a: 1f 2b 40 d6  	<unknown>
8000508e: e4 87        	<unknown>
80005090: 23 49 60 36  	<unknown>
80005094: 71 c4        	<unknown>
80005096: 2e b0        	<unknown>
80005098: 02 c8        	<unknown>
8000509a: 07 e0 fa c5  	<unknown>
8000509e: 28 66        	<unknown>
800050a0: 0b 07 53 82  	<unknown>
800050a4: 0f 9d 6c 96  	<unknown>
800050a8: d5 bb        	<unknown>
800050aa: e4 73        	<unknown>
800050ac: 69 8b        	<unknown>
800050ae: 6e b0        	<unknown>
800050b0: 43 98 ce c3  	fmadd.d	fa6, ft9, ft8, fs8, rtz
800050b4: 2c 3b        	<unknown>
800050b6: 8b 9f e4 e6  	<unknown>
800050ba: fb b3 5c b3  	<unknown>
800050be: 23 fb b3 36  	<unknown>
800050c2: f4 99        	<unknown>
800050c4: 7d 43        	<unknown>
800050c6: a1 b3        	<unknown>
800050c8: cc 47        	<unknown>
800050ca: 78 d6        	<unknown>
800050cc: aa 00        	<unknown>
800050ce: ec 32        	<unknown>
800050d0: 17 62 17 90  	auipc	tp, 590198
800050d4: 04 13        	<unknown>
800050d6: 94 67        	<unknown>
800050d8: 81 f5        	<unknown>
800050da: 8c 34        	<unknown>
800050dc: 1f de 0f 9f  	<unknown>
800050e0: d5 15        	<unknown>
800050e2: 6a d8        	<unknown>
800050e4: 95 db        	<unknown>
800050e6: 9c 8c        	<unknown>
800050e8: ff ad 66 5a  	<unknown>
800050ec: 1a c1        	<unknown>
800050ee: 28 ef        	<unknown>
800050f0: 83 5c 8d 82  	lhu	s9, -2008(s10)
800050f4: 57 64 cf 39  	<unknown>
800050f8: 6f ae 5a 0e  	jal	t3, 0x800af9dc <_edram+0xaa6d4>
800050fc: 45 ae        	<unknown>
800050fe: cd fb        	<unknown>
80005100: 35 2d        	<unknown>
80005102: bb eb 3b b8  	<unknown>
80005106: 9e d3        	<unknown>
80005108: 29 19        	<unknown>
8000510a: 6b f7 ff 0d  	<unknown>
8000510e: b8 24        	<unknown>
80005110: b9 1e        	<unknown>
80005112: ed 63        	<unknown>
80005114: 0a 33        	<unknown>
80005116: 0e 52        	<unknown>
80005118: 9f fb 61 8a  	<unknown>
8000511c: 89 8e        	<unknown>
8000511e: 90 27        	<unknown>
80005120: 51 81        	<unknown>
80005122: 9c 54        	<unknown>
80005124: 4e 33        	<unknown>
80005126: 9a b1        	<unknown>
80005128: 8c 08        	<unknown>
8000512a: 73 23 d5 69  	csrrs	t1, 1693, a0
8000512e: d9 b9        	<unknown>
80005130: b6 73        	<unknown>
80005132: 03 f7 7d 97  	<unknown>
80005136: 21 1d        	<unknown>
80005138: ca e6        	<unknown>
8000513a: 08 d9        	<unknown>
8000513c: 0f c4 78 73  	<unknown>
80005140: 17 58 a3 54  	auipc	a6, 346677
80005144: 1d 17        	<unknown>
80005146: eb e9 b9 94  	<unknown>
8000514a: d1 c4        	<unknown>
8000514c: 02 d6        	<unknown>
8000514e: 59 24        	<unknown>
80005150: 06 72        	<unknown>
80005152: 9b b2 6a 39  	<unknown>
80005156: 84 84        	<unknown>
80005158: 11 36        	<unknown>
8000515a: 48 18        	<unknown>
8000515c: 67 ba cd fb  	<unknown>
80005160: de 4e        	<unknown>
80005162: 72 16        	<unknown>
80005164: d7 ab 4c 95  	<unknown>
80005168: b5 8b        	<unknown>
8000516a: 50 4d        	<unknown>
8000516c: 8d f8        	<unknown>
8000516e: 21 34        	<unknown>
80005170: d1 12        	<unknown>
80005172: 1e 3b        	<unknown>
80005174: bb 12 b0 be  	<unknown>
80005178: bc 09        	<unknown>
8000517a: b1 82        	<unknown>
8000517c: 4c ea        	<unknown>
8000517e: f0 dd        	<unknown>
80005180: 1d d5        	<unknown>
80005182: 5b 06 22 36  	<unknown>
80005186: 5b 8d 57 b0  	<unknown>
8000518a: 12 f2        	<unknown>
8000518c: d8 d4        	<unknown>
8000518e: ff 0b dd 75  	<unknown>
80005192: df 87 bf 09  	<unknown>
80005196: a5 ee        	<unknown>
80005198: 79 58        	<unknown>
8000519a: f1 95        	<unknown>
8000519c: 73 1d 53 54  	csrrw	s10, 1349, t1
800051a0: 2a 24        	<unknown>
800051a2: 3c e0        	<unknown>
800051a4: 37 82 3e f5  	lui	tp, 1004520
800051a8: f8 93        	<unknown>
800051aa: ca 0f        	<unknown>
800051ac: 72 5e        	<unknown>
800051ae: 76 c5        	<unknown>
800051b0: ed 52        	<unknown>
800051b2: 15 17        	<unknown>
800051b4: ec cb        	<unknown>
800051b6: 9d b9        	<unknown>
800051b8: 7d f5        	<unknown>
800051ba: 6c 45        	<unknown>
800051bc: d0 7a        	<unknown>
800051be: ec b2        	<unknown>
800051c0: f7 09 cf 0f  	<unknown>
800051c4: 35 5e        	<unknown>
800051c6: e9 58        	<unknown>
800051c8: 78 3c        	<unknown>
800051ca: 28 20        	<unknown>
800051cc: 31 f4        	<unknown>
800051ce: 43 fe 5f ef  	<unknown>
800051d2: 5b d0 5e 07  	<unknown>
800051d6: e7 18 2b 9f  	<unknown>
800051da: 32 2d        	<unknown>
800051dc: f0 f7        	<unknown>
800051de: 14 62        	<unknown>
800051e0: 92 96        	<unknown>
800051e2: 1c 9d        	<unknown>
800051e4: a6 eb        	<unknown>
800051e6: ee 98        	<unknown>
800051e8: b7 52 e4 39  	lui	t0, 237125
800051ec: 03 ee fc 03  	<unknown>
800051f0: 65 f4        	<unknown>
800051f2: 1e e3        	<unknown>
800051f4: 3f 92 2f 2c  	<unknown>
800051f8: 74 12        	<unknown>
800051fa: 29 a2        	<unknown>
800051fc: ad 19        	<unknown>
800051fe: 72 c4        	<unknown>
80005200: 4c c5        	<unknown>
80005202: ab c8 ac 63  	<unknown>
80005206: 37 ea 69 78  	lui	s4, 493214
8000520a: c6 d5        	<unknown>
8000520c: 76 a0        	<unknown>
8000520e: d0 17        	<unknown>
80005210: c8 41        	<unknown>
80005212: 4e 31        	<unknown>
80005214: 42 b0        	<unknown>
80005216: a3 fd f9 9f  	<unknown>
8000521a: 5d f6        	<unknown>
8000521c: a6 70        	<unknown>
8000521e: 8b 68 ff 64  	<unknown>
80005222: ee 07        	<unknown>
80005224: e9 39        	<unknown>
80005226: 0f c7 93 09  	<unknown>
8000522a: 97 75 62 19  	auipc	a1, 103975
8000522e: a4 65        	<unknown>
80005230: 63 dd 36 f0  	bge	a3, gp, 0x8000494a <C_golden+0x67a>
80005234: 36 60        	<unknown>
80005236: 11 be        	<unknown>
80005238: dc bf        	<unknown>
8000523a: 24 53        	<unknown>
8000523c: b0 14        	<unknown>
8000523e: c9 3f        	<unknown>
80005240: d3 d1 79 ea  	<unknown>
80005244: 38 94        	<unknown>
80005246: 43 31 bc bc  	fmadd.h	ft2, fs8, fa1, fs7, rup
8000524a: e1 9b        	<unknown>
8000524c: 39 aa        	<unknown>
8000524e: 28 26        	<unknown>
80005250: c3 cd e8 28  	fmadd.s	fs11, fa7, fa4, ft5, rmm
80005254: 58 f9        	<unknown>
80005256: f6 3d        	<unknown>
80005258: 2e 91        	<unknown>
8000525a: 14 0c        	<unknown>
8000525c: 7d 14        	<unknown>
8000525e: fd 07        	<unknown>
80005260: 00 eb        	<unknown>
80005262: 84 82        	<unknown>
80005264: 40 03        	<unknown>
80005266: e7 62 54 b5  	<unknown>
8000526a: 67 e6 14 49  	<unknown>
8000526e: a5 2d        	<unknown>
80005270: f3 f0 7a 5b  	csrrci	ra, 1463, 21
80005274: 7a ae        	<unknown>
80005276: 4a b8        	<unknown>
80005278: 84 e3        	<unknown>
8000527a: c5 d9        	<unknown>
8000527c: 83 fd 66 a6  	<unknown>
80005280: 20 5a        	<unknown>
80005282: 86 c5        	<unknown>
80005284: fe 0e        	<unknown>
80005286: 51 1f        	<unknown>
80005288: d5 30        	<unknown>
8000528a: 90 e1        	<unknown>
8000528c: 45 6d        	<unknown>
8000528e: 45 e1        	<unknown>
80005290: 7e f1        	<unknown>
80005292: 89 14        	<unknown>
80005294: 23 0b da 67  	sb	t4, 1654(s4)
80005298: ad e7        	<unknown>
8000529a: 6d 06        	<unknown>
8000529c: 16 6b        	<unknown>
8000529e: 5f 4a 5f bf  	<unknown>
800052a2: e9 e1        	<unknown>
800052a4: 6a 58        	<unknown>
800052a6: 89 14        	<unknown>
800052a8: 83 3b b8 2c  	<unknown>
800052ac: 93 90 f6 c6  	<unknown>
800052b0: 7b f5 ac 20  	<unknown>
800052b4: 10 45        	<unknown>
800052b6: 83 13 71 22  	lh	t2, 551(sp)
800052ba: 00 97        	<unknown>
800052bc: b8 e3        	<unknown>
800052be: c5 a8        	<unknown>
800052c0: 77 4a 13 57  	<unknown>
800052c4: 0e 2f        	<unknown>
800052c6: 46 14        	<unknown>
800052c8: c0 c9        	<unknown>
800052ca: d4 84        	<unknown>
800052cc: 81 95        	<unknown>
800052ce: ef           	<unknown>
800052cf: b8           	<unknown>

Disassembly of section .sbss:

800052d0 <eu_p_global>:
...

800052d4 <_snrt_mutex>:
...

800052d8 <_snrt_barrier>:
...

800052e0 <_reduction_result>:
...

800052e4 <tempStride2_in>:
...

800052e8 <tempStride3_in>:
...

800052ec <tempStride4_in>:
...

800052f0 <tempStride2_out>:
...

800052f4 <delta_local_in>:
...

800052f8 <opcode>:
...

Disassembly of section .bss:

800052fc <l3_allocator>:
...

Disassembly of section .comment:

00000000 <$d.54>:
       0: 00 55        	<unknown>
       2: 62 75        	<unknown>
       4: 6e 74        	<unknown>
       6: 75 20        	<unknown>
       8: 63 6c 61 6e  	bltu	sp, t1, 0x700 <$d.54+0x700>
       c: 67 20 76 65  	<unknown>
      10: 72 73        	<unknown>
      12: 69 6f        	<unknown>
      14: 6e 20        	<unknown>
      16: 31 38        	<unknown>
      18: 2e 31        	<unknown>
      1a: 2e 33        	<unknown>
      1c: 20 28        	<unknown>
      1e: 31 75        	<unknown>
      20: 62 75        	<unknown>
      22: 6e 74        	<unknown>
      24: 75 31        	<unknown>
      26: 29 00        	<unknown>
      28: 55 62        	<unknown>
      2a: 75 6e        	<unknown>
      2c: 74 75        	<unknown>
      2e: 20 63        	<unknown>
      30: 6c 61        	<unknown>
      32: 6e 67        	<unknown>
      34: 20 76        	<unknown>
      36: 65 72        	<unknown>
      38: 73 69 6f 6e  	csrrsi	s2, 1766, 30
      3c: 20 31        	<unknown>
      3e: 37 2e 30 2e  	lui	t3, 189186
      42: 36 20        	<unknown>
      44: 28 39        	<unknown>
      46: 75 62        	<unknown>
      48: 75 6e        	<unknown>
      4a: 74 75        	<unknown>
      4c: 31 29        	<unknown>
      4e: 00 4c        	<unknown>
      50: 69 6e        	<unknown>
      52: 6b 65 72 3a  	<unknown>
      56: 20 55        	<unknown>
      58: 62 75        	<unknown>
      5a: 6e 74        	<unknown>
      5c: 75 20        	<unknown>
      5e: 4c 4c        	<unknown>
      60: 44 20        	<unknown>
      62: 31 37        	<unknown>
      64: 2e 30        	<unknown>
      66: 2e 36        	<unknown>
      68: 00           	<unknown>

Disassembly of section .riscv.attributes:

00000000 <.riscv.attributes>:
       0: 41 49        	<unknown>
       2: 00 00        	<unknown>
       4: 00 72        	<unknown>
       6: 69 73        	<unknown>
       8: 63 76 00 01  	bgeu	zero, a6, 0x14 <$d.54+0x14>
       c: 3f 00 00 00  	<unknown>
      10: 04 10        	<unknown>
      12: 05 72        	<unknown>
      14: 76 33        	<unknown>
      16: 32 69        	<unknown>
      18: 32 70        	<unknown>
      1a: 31 5f        	<unknown>
      1c: 6d 32        	<unknown>
      1e: 70 30        	<unknown>
      20: 5f 61 32 70  	<unknown>
      24: 31 5f        	<unknown>
      26: 66 32        	<unknown>
      28: 70 32        	<unknown>
      2a: 5f 64 32 70  	<unknown>
      2e: 32 5f        	<unknown>
      30: 7a 69        	<unknown>
      32: 63 73 72 32  	bgeu	tp, t2, 0x358 <$d.54+0x358>
      36: 70 30        	<unknown>
      38: 5f 7a 66 68  	<unknown>
      3c: 31 70        	<unknown>
      3e: 30 5f        	<unknown>
      40: 7a 66        	<unknown>
      42: 68 6d        	<unknown>
      44: 69 6e        	<unknown>
      46: 31 70        	<unknown>
      48: 30 00        	<unknown>

Disassembly of section .symtab:

00000000 <.symtab>:
		...
      10: 01 00        	<unknown>
		...
      1a: 00 00        	<unknown>
      1c: 04 00        	<unknown>
      1e: f1 ff        	<unknown>
      20: 1c 00        	<unknown>
      22: 00 00        	<unknown>
      24: d0 01        	<unknown>
      26: 00 80        	<unknown>
      28: 00 00        	<unknown>
      2a: 00 00        	<unknown>
      2c: 00 00        	<unknown>
      2e: 01 00        	<unknown>
      30: 21 00        	<unknown>
      32: 00 00        	<unknown>
      34: 1c 03        	<unknown>
      36: 00 80        	<unknown>
      38: 00 00        	<unknown>
      3a: 00 00        	<unknown>
      3c: 00 00        	<unknown>
      3e: 01 00        	<unknown>
      40: 26 00        	<unknown>
      42: 00 00        	<unknown>
      44: 20 03        	<unknown>
      46: 00 80        	<unknown>
      48: 00 00        	<unknown>
      4a: 00 00        	<unknown>
      4c: 00 00        	<unknown>
      4e: 01 00        	<unknown>
      50: 2b 00 00 00  	<unknown>
      54: 28 03        	<unknown>
      56: 00 80        	<unknown>
      58: 00 00        	<unknown>
      5a: 00 00        	<unknown>
      5c: 00 00        	<unknown>
      5e: 01 00        	<unknown>
      60: 30 00        	<unknown>
      62: 00 00        	<unknown>
      64: 2c 03        	<unknown>
      66: 00 80        	<unknown>
      68: 00 00        	<unknown>
      6a: 00 00        	<unknown>
      6c: 00 00        	<unknown>
      6e: 01 00        	<unknown>
      70: 35 00        	<unknown>
      72: 00 00        	<unknown>
      74: 30 03        	<unknown>
      76: 00 80        	<unknown>
      78: 00 00        	<unknown>
      7a: 00 00        	<unknown>
      7c: 00 00        	<unknown>
      7e: 01 00        	<unknown>
      80: 3a 00        	<unknown>
      82: 00 00        	<unknown>
      84: 34 03        	<unknown>
      86: 00 80        	<unknown>
      88: 00 00        	<unknown>
      8a: 00 00        	<unknown>
      8c: 00 00        	<unknown>
      8e: 01 00        	<unknown>
      90: 3f 00 00 00  	<unknown>
      94: 40 03        	<unknown>
      96: 00 80        	<unknown>
      98: 00 00        	<unknown>
      9a: 00 00        	<unknown>
      9c: 00 00        	<unknown>
      9e: 01 00        	<unknown>
      a0: 44 00        	<unknown>
      a2: 00 00        	<unknown>
      a4: 44 03        	<unknown>
      a6: 00 80        	<unknown>
      a8: 00 00        	<unknown>
      aa: 00 00        	<unknown>
      ac: 00 00        	<unknown>
      ae: 01 00        	<unknown>
      b0: 49 00        	<unknown>
      b2: 00 00        	<unknown>
      b4: 48 03        	<unknown>
      b6: 00 80        	<unknown>
      b8: 00 00        	<unknown>
      ba: 00 00        	<unknown>
      bc: 00 00        	<unknown>
      be: 01 00        	<unknown>
      c0: 4e 00        	<unknown>
      c2: 00 00        	<unknown>
      c4: 4c 03        	<unknown>
      c6: 00 80        	<unknown>
      c8: 00 00        	<unknown>
      ca: 00 00        	<unknown>
      cc: 00 00        	<unknown>
      ce: 01 00        	<unknown>
      d0: 54 00        	<unknown>
      d2: 00 00        	<unknown>
      d4: 50 03        	<unknown>
      d6: 00 80        	<unknown>
      d8: 00 00        	<unknown>
      da: 00 00        	<unknown>
      dc: 00 00        	<unknown>
      de: 01 00        	<unknown>
      e0: 5a 00        	<unknown>
      e2: 00 00        	<unknown>
      e4: 54 03        	<unknown>
      e6: 00 80        	<unknown>
      e8: 00 00        	<unknown>
      ea: 00 00        	<unknown>
      ec: 00 00        	<unknown>
      ee: 01 00        	<unknown>
      f0: 60 00        	<unknown>
      f2: 00 00        	<unknown>
      f4: 60 03        	<unknown>
      f6: 00 80        	<unknown>
      f8: 00 00        	<unknown>
      fa: 00 00        	<unknown>
      fc: 00 00        	<unknown>
      fe: 01 00        	<unknown>
     100: 66 00        	<unknown>
     102: 00 00        	<unknown>
     104: 64 03        	<unknown>
     106: 00 80        	<unknown>
     108: 00 00        	<unknown>
     10a: 00 00        	<unknown>
     10c: 00 00        	<unknown>
     10e: 01 00        	<unknown>
     110: 6c 00        	<unknown>
     112: 00 00        	<unknown>
     114: 6c 03        	<unknown>
     116: 00 80        	<unknown>
     118: 00 00        	<unknown>
     11a: 00 00        	<unknown>
     11c: 00 00        	<unknown>
     11e: 01 00        	<unknown>
     120: 72 00        	<unknown>
     122: 00 00        	<unknown>
     124: 70 03        	<unknown>
     126: 00 80        	<unknown>
     128: 00 00        	<unknown>
     12a: 00 00        	<unknown>
     12c: 00 00        	<unknown>
     12e: 01 00        	<unknown>
     130: 78 00        	<unknown>
     132: 00 00        	<unknown>
     134: 74 03        	<unknown>
     136: 00 80        	<unknown>
     138: 00 00        	<unknown>
     13a: 00 00        	<unknown>
     13c: 00 00        	<unknown>
     13e: 01 00        	<unknown>
     140: 7e 00        	<unknown>
     142: 00 00        	<unknown>
     144: 78 03        	<unknown>
     146: 00 80        	<unknown>
     148: 00 00        	<unknown>
     14a: 00 00        	<unknown>
     14c: 00 00        	<unknown>
     14e: 01 00        	<unknown>
     150: 84 00        	<unknown>
     152: 00 00        	<unknown>
     154: 84 03        	<unknown>
     156: 00 80        	<unknown>
     158: 00 00        	<unknown>
     15a: 00 00        	<unknown>
     15c: 00 00        	<unknown>
     15e: 01 00        	<unknown>
     160: 8a 00        	<unknown>
     162: 00 00        	<unknown>
     164: 88 03        	<unknown>
     166: 00 80        	<unknown>
     168: 00 00        	<unknown>
     16a: 00 00        	<unknown>
     16c: 00 00        	<unknown>
     16e: 01 00        	<unknown>
     170: 90 00        	<unknown>
     172: 00 00        	<unknown>
     174: 90 03        	<unknown>
     176: 00 80        	<unknown>
     178: 00 00        	<unknown>
     17a: 00 00        	<unknown>
     17c: 00 00        	<unknown>
     17e: 01 00        	<unknown>
     180: 96 00        	<unknown>
     182: 00 00        	<unknown>
     184: 94 03        	<unknown>
     186: 00 80        	<unknown>
     188: 00 00        	<unknown>
     18a: 00 00        	<unknown>
     18c: 00 00        	<unknown>
     18e: 01 00        	<unknown>
     190: 9c 00        	<unknown>
     192: 00 00        	<unknown>
     194: 98 03        	<unknown>
     196: 00 80        	<unknown>
     198: 00 00        	<unknown>
     19a: 00 00        	<unknown>
     19c: 00 00        	<unknown>
     19e: 01 00        	<unknown>
     1a0: a2 00        	<unknown>
     1a2: 00 00        	<unknown>
     1a4: 9c 03        	<unknown>
     1a6: 00 80        	<unknown>
     1a8: 00 00        	<unknown>
     1aa: 00 00        	<unknown>
     1ac: 00 00        	<unknown>
     1ae: 01 00        	<unknown>
     1b0: a8 00        	<unknown>
     1b2: 00 00        	<unknown>
     1b4: a8 03        	<unknown>
     1b6: 00 80        	<unknown>
     1b8: 00 00        	<unknown>
     1ba: 00 00        	<unknown>
     1bc: 00 00        	<unknown>
     1be: 01 00        	<unknown>
     1c0: ae 00        	<unknown>
     1c2: 00 00        	<unknown>
     1c4: ac 03        	<unknown>
     1c6: 00 80        	<unknown>
     1c8: 00 00        	<unknown>
     1ca: 00 00        	<unknown>
     1cc: 00 00        	<unknown>
     1ce: 01 00        	<unknown>
     1d0: b4 00        	<unknown>
     1d2: 00 00        	<unknown>
     1d4: b4 03        	<unknown>
     1d6: 00 80        	<unknown>
     1d8: 00 00        	<unknown>
     1da: 00 00        	<unknown>
     1dc: 00 00        	<unknown>
     1de: 01 00        	<unknown>
     1e0: ba 00        	<unknown>
     1e2: 00 00        	<unknown>
     1e4: b8 03        	<unknown>
     1e6: 00 80        	<unknown>
     1e8: 00 00        	<unknown>
     1ea: 00 00        	<unknown>
     1ec: 00 00        	<unknown>
     1ee: 01 00        	<unknown>
     1f0: c0 00        	<unknown>
     1f2: 00 00        	<unknown>
     1f4: bc 03        	<unknown>
     1f6: 00 80        	<unknown>
     1f8: 00 00        	<unknown>
     1fa: 00 00        	<unknown>
     1fc: 00 00        	<unknown>
     1fe: 01 00        	<unknown>
     200: c6 00        	<unknown>
     202: 00 00        	<unknown>
     204: c0 03        	<unknown>
     206: 00 80        	<unknown>
     208: 00 00        	<unknown>
     20a: 00 00        	<unknown>
     20c: 00 00        	<unknown>
     20e: 01 00        	<unknown>
     210: cc 00        	<unknown>
     212: 00 00        	<unknown>
     214: cc 03        	<unknown>
     216: 00 80        	<unknown>
     218: 00 00        	<unknown>
     21a: 00 00        	<unknown>
     21c: 00 00        	<unknown>
     21e: 01 00        	<unknown>
     220: d2 00        	<unknown>
     222: 00 00        	<unknown>
     224: d0 03        	<unknown>
     226: 00 80        	<unknown>
     228: 00 00        	<unknown>
     22a: 00 00        	<unknown>
     22c: 00 00        	<unknown>
     22e: 01 00        	<unknown>
     230: d8 00        	<unknown>
     232: 00 00        	<unknown>
     234: d8 03        	<unknown>
     236: 00 80        	<unknown>
     238: 00 00        	<unknown>
     23a: 00 00        	<unknown>
     23c: 00 00        	<unknown>
     23e: 01 00        	<unknown>
     240: de 00        	<unknown>
     242: 00 00        	<unknown>
     244: dc 03        	<unknown>
     246: 00 80        	<unknown>
     248: 00 00        	<unknown>
     24a: 00 00        	<unknown>
     24c: 00 00        	<unknown>
     24e: 01 00        	<unknown>
     250: e4 00        	<unknown>
     252: 00 00        	<unknown>
     254: e0 03        	<unknown>
     256: 00 80        	<unknown>
     258: 00 00        	<unknown>
     25a: 00 00        	<unknown>
     25c: 00 00        	<unknown>
     25e: 01 00        	<unknown>
     260: ea 00        	<unknown>
     262: 00 00        	<unknown>
     264: e4 03        	<unknown>
     266: 00 80        	<unknown>
     268: 00 00        	<unknown>
     26a: 00 00        	<unknown>
     26c: 00 00        	<unknown>
     26e: 01 00        	<unknown>
     270: f0 00        	<unknown>
     272: 00 00        	<unknown>
     274: f0 03        	<unknown>
     276: 00 80        	<unknown>
     278: 00 00        	<unknown>
     27a: 00 00        	<unknown>
     27c: 00 00        	<unknown>
     27e: 01 00        	<unknown>
     280: f6 00        	<unknown>
     282: 00 00        	<unknown>
     284: f4 03        	<unknown>
     286: 00 80        	<unknown>
     288: 00 00        	<unknown>
     28a: 00 00        	<unknown>
     28c: 00 00        	<unknown>
     28e: 01 00        	<unknown>
     290: fc 00        	<unknown>
     292: 00 00        	<unknown>
     294: fc 03        	<unknown>
     296: 00 80        	<unknown>
     298: 00 00        	<unknown>
     29a: 00 00        	<unknown>
     29c: 00 00        	<unknown>
     29e: 01 00        	<unknown>
     2a0: 02 01        	<unknown>
     2a2: 00 00        	<unknown>
     2a4: 00 04        	<unknown>
     2a6: 00 80        	<unknown>
     2a8: 00 00        	<unknown>
     2aa: 00 00        	<unknown>
     2ac: 00 00        	<unknown>
     2ae: 01 00        	<unknown>
     2b0: 08 01        	<unknown>
     2b2: 00 00        	<unknown>
     2b4: 04 04        	<unknown>
     2b6: 00 80        	<unknown>
     2b8: 00 00        	<unknown>
     2ba: 00 00        	<unknown>
     2bc: 00 00        	<unknown>
     2be: 01 00        	<unknown>
     2c0: 0e 01        	<unknown>
     2c2: 00 00        	<unknown>
     2c4: 08 04        	<unknown>
     2c6: 00 80        	<unknown>
     2c8: 00 00        	<unknown>
     2ca: 00 00        	<unknown>
     2cc: 00 00        	<unknown>
     2ce: 01 00        	<unknown>
     2d0: 14 01        	<unknown>
     2d2: 00 00        	<unknown>
     2d4: 14 04        	<unknown>
     2d6: 00 80        	<unknown>
     2d8: 00 00        	<unknown>
     2da: 00 00        	<unknown>
     2dc: 00 00        	<unknown>
     2de: 01 00        	<unknown>
     2e0: 1a 01        	<unknown>
     2e2: 00 00        	<unknown>
     2e4: 18 04        	<unknown>
     2e6: 00 80        	<unknown>
     2e8: 00 00        	<unknown>
     2ea: 00 00        	<unknown>
     2ec: 00 00        	<unknown>
     2ee: 01 00        	<unknown>
     2f0: 20 01        	<unknown>
     2f2: 00 00        	<unknown>
     2f4: 1c 04        	<unknown>
     2f6: 00 80        	<unknown>
     2f8: 00 00        	<unknown>
     2fa: 00 00        	<unknown>
     2fc: 00 00        	<unknown>
     2fe: 01 00        	<unknown>
     300: 26 01        	<unknown>
     302: 00 00        	<unknown>
     304: 20 04        	<unknown>
     306: 00 80        	<unknown>
     308: 00 00        	<unknown>
     30a: 00 00        	<unknown>
     30c: 00 00        	<unknown>
     30e: 01 00        	<unknown>
     310: 2c 01        	<unknown>
     312: 00 00        	<unknown>
     314: 24 04        	<unknown>
     316: 00 80        	<unknown>
     318: 00 00        	<unknown>
     31a: 00 00        	<unknown>
     31c: 00 00        	<unknown>
     31e: 01 00        	<unknown>
     320: 32 01        	<unknown>
     322: 00 00        	<unknown>
     324: 28 04        	<unknown>
     326: 00 80        	<unknown>
     328: 00 00        	<unknown>
     32a: 00 00        	<unknown>
     32c: 00 00        	<unknown>
     32e: 01 00        	<unknown>
     330: 38 01        	<unknown>
     332: 00 00        	<unknown>
     334: 78 07        	<unknown>
     336: 00 80        	<unknown>
     338: 00 00        	<unknown>
     33a: 00 00        	<unknown>
     33c: 00 00        	<unknown>
     33e: 01 00        	<unknown>
     340: 3e 01        	<unknown>
     342: 00 00        	<unknown>
     344: 7c 07        	<unknown>
     346: 00 80        	<unknown>
     348: 00 00        	<unknown>
     34a: 00 00        	<unknown>
     34c: 00 00        	<unknown>
     34e: 01 00        	<unknown>
     350: 44 01        	<unknown>
     352: 00 00        	<unknown>
     354: 80 07        	<unknown>
     356: 00 80        	<unknown>
     358: 00 00        	<unknown>
     35a: 00 00        	<unknown>
     35c: 00 00        	<unknown>
     35e: 01 00        	<unknown>
     360: 4a 01        	<unknown>
     362: 00 00        	<unknown>
     364: 88 07        	<unknown>
     366: 00 80        	<unknown>
     368: 00 00        	<unknown>
     36a: 00 00        	<unknown>
     36c: 00 00        	<unknown>
     36e: 01 00        	<unknown>
     370: 50 01        	<unknown>
     372: 00 00        	<unknown>
     374: eb 30 00 80  	<unknown>
     378: 00 00        	<unknown>
     37a: 00 00        	<unknown>
     37c: 00 00        	<unknown>
     37e: 02 00        	<unknown>
     380: 56 01        	<unknown>
		...
     38e: 0e 00        	<unknown>
     390: 5c 01        	<unknown>
		...
     39e: f1 ff        	<unknown>
     3a0: 62 01        	<unknown>
		...
     3aa: 00 00        	<unknown>
     3ac: 04 00        	<unknown>
     3ae: f1 ff        	<unknown>
     3b0: 69 01        	<unknown>
     3b2: 00 00        	<unknown>
     3b4: 98 18        	<unknown>
     3b6: 00 80        	<unknown>
     3b8: a0 00        	<unknown>
     3ba: 00 00        	<unknown>
     3bc: 02 00        	<unknown>
     3be: 01 00        	<unknown>
     3c0: 73 01 00 00  	<unknown>
     3c4: 88 10        	<unknown>
     3c6: 00 80        	<unknown>
     3c8: 10 08        	<unknown>
     3ca: 00 00        	<unknown>
     3cc: 02 00        	<unknown>
     3ce: 01 00        	<unknown>
     3d0: 7e 01        	<unknown>
     3d2: 00 00        	<unknown>
     3d4: 38 19        	<unknown>
     3d6: 00 80        	<unknown>
     3d8: 04 00        	<unknown>
     3da: 00 00        	<unknown>
     3dc: 02 00        	<unknown>
     3de: 01 00        	<unknown>
     3e0: 88 01        	<unknown>
     3e2: 00 00        	<unknown>
     3e4: d4 1c        	<unknown>
     3e6: 00 80        	<unknown>
     3e8: 6c 06        	<unknown>
     3ea: 00 00        	<unknown>
     3ec: 02 00        	<unknown>
     3ee: 01 00        	<unknown>
     3f0: 8e 01        	<unknown>
     3f2: 00 00        	<unknown>
     3f4: 40 23        	<unknown>
     3f6: 00 80        	<unknown>
     3f8: 5c 04        	<unknown>
     3fa: 00 00        	<unknown>
     3fc: 02 00        	<unknown>
     3fe: 01 00        	<unknown>
     400: 94 01        	<unknown>
     402: 00 00        	<unknown>
     404: 3c 19        	<unknown>
     406: 00 80        	<unknown>
     408: 98 03        	<unknown>
     40a: 00 00        	<unknown>
     40c: 02 00        	<unknown>
     40e: 01 00        	<unknown>
     410: 9f 01 00 00  	<unknown>
     414: 48 30        	<unknown>
     416: 00 80        	<unknown>
     418: 50 00        	<unknown>
     41a: 00 00        	<unknown>
     41c: 01 00        	<unknown>
     41e: 02 00        	<unknown>
     420: ab 01 00 00  	<unknown>
     424: 8c 28        	<unknown>
     426: 00 80        	<unknown>
     428: 10 00        	<unknown>
     42a: 00 00        	<unknown>
     42c: 02 00        	<unknown>
     42e: 01 00        	<unknown>
     430: b7 01 00 00  	lui	gp, 0
     434: 98 29        	<unknown>
     436: 00 80        	<unknown>
     438: 14 00        	<unknown>
     43a: 00 00        	<unknown>
     43c: 02 00        	<unknown>
     43e: 01 00        	<unknown>
     440: c0 01        	<unknown>
     442: 00 00        	<unknown>
     444: 00 00        	<unknown>
     446: 00 80        	<unknown>
     448: 00 00        	<unknown>
     44a: 00 00        	<unknown>
     44c: 00 00        	<unknown>
     44e: 01 00        	<unknown>
     450: dd 01        	<unknown>
     452: 00 00        	<unknown>
     454: 6c 00        	<unknown>
     456: 00 80        	<unknown>
     458: 00 00        	<unknown>
     45a: 00 00        	<unknown>
     45c: 00 00        	<unknown>
     45e: 01 00        	<unknown>
     460: f9 01        	<unknown>
     462: 00 00        	<unknown>
     464: f8 00        	<unknown>
     466: 00 80        	<unknown>
     468: 00 00        	<unknown>
     46a: 00 00        	<unknown>
     46c: 00 00        	<unknown>
     46e: 01 00        	<unknown>
     470: 17 02 00 00  	auipc	tp, 0
     474: 00 01        	<unknown>
     476: 00 80        	<unknown>
     478: 00 00        	<unknown>
     47a: 00 00        	<unknown>
     47c: 00 00        	<unknown>
     47e: 01 00        	<unknown>
     480: 30 02        	<unknown>
     482: 00 00        	<unknown>
     484: 30 01        	<unknown>
     486: 00 80        	<unknown>
     488: 00 00        	<unknown>
     48a: 00 00        	<unknown>
     48c: 00 00        	<unknown>
     48e: 01 00        	<unknown>
     490: 43 02 00 00  	fmadd.s	ft4, ft0, ft0, ft0, rne
     494: 60 01        	<unknown>
     496: 00 80        	<unknown>
     498: 00 00        	<unknown>
     49a: 00 00        	<unknown>
     49c: 00 00        	<unknown>
     49e: 01 00        	<unknown>
     4a0: 58 02        	<unknown>
     4a2: 00 00        	<unknown>
     4a4: 88 01        	<unknown>
     4a6: 00 80        	<unknown>
     4a8: 00 00        	<unknown>
     4aa: 00 00        	<unknown>
     4ac: 00 00        	<unknown>
     4ae: 01 00        	<unknown>
     4b0: 6b 02 00 00  	<unknown>
     4b4: c4 01        	<unknown>
     4b6: 00 80        	<unknown>
     4b8: 00 00        	<unknown>
     4ba: 00 00        	<unknown>
     4bc: 00 00        	<unknown>
     4be: 01 00        	<unknown>
     4c0: 7a 02        	<unknown>
     4c2: 00 00        	<unknown>
     4c4: c8 01        	<unknown>
     4c6: 00 80        	<unknown>
     4c8: 00 00        	<unknown>
     4ca: 00 00        	<unknown>
     4cc: 00 00        	<unknown>
     4ce: 01 00        	<unknown>
     4d0: 88 02        	<unknown>
		...
     4da: 00 00        	<unknown>
     4dc: 04 00        	<unknown>
     4de: f1 ff        	<unknown>
     4e0: 9f 02 00 00  	<unknown>
     4e4: b0 2c        	<unknown>
     4e6: 00 80        	<unknown>
     4e8: 00 00        	<unknown>
     4ea: 00 00        	<unknown>
     4ec: 00 00        	<unknown>
     4ee: 01 00        	<unknown>
     4f0: a4 02        	<unknown>
     4f2: 00 00        	<unknown>
     4f4: 90 32        	<unknown>
     4f6: 00 80        	<unknown>
     4f8: 00 00        	<unknown>
     4fa: 00 00        	<unknown>
     4fc: 00 00        	<unknown>
     4fe: 09 00        	<unknown>
     500: a9 02        	<unknown>
     502: 00 00        	<unknown>
     504: e4 52        	<unknown>
     506: 00 80        	<unknown>
     508: 00 00        	<unknown>
     50a: 00 00        	<unknown>
     50c: 00 00        	<unknown>
     50e: 0b 00 ae 02  	<unknown>
     512: 00 00        	<unknown>
     514: d0 32        	<unknown>
     516: 00 80        	<unknown>
     518: 00 00        	<unknown>
     51a: 00 00        	<unknown>
     51c: 00 00        	<unknown>
     51e: 0a 00        	<unknown>
     520: b3 02 00 00  	add	t0, zero, zero
     524: 48 31        	<unknown>
     526: 00 80        	<unknown>
     528: 00 00        	<unknown>
     52a: 00 00        	<unknown>
     52c: 00 00        	<unknown>
     52e: 02 00        	<unknown>
     530: b8 02        	<unknown>
		...
     53e: 0e 00        	<unknown>
     540: bd 02        	<unknown>
		...
     54e: f1 ff        	<unknown>
     550: c2 02        	<unknown>
     552: 00 00        	<unknown>
     554: d0 01        	<unknown>
     556: 00 80        	<unknown>
     558: bc 00        	<unknown>
     55a: 00 00        	<unknown>
     55c: 12 00        	<unknown>
     55e: 01 00        	<unknown>
     560: da 02        	<unknown>
     562: 00 00        	<unknown>
     564: 00 00        	<unknown>
     566: 00 00        	<unknown>
     568: 04 00        	<unknown>
     56a: 00 00        	<unknown>
     56c: 16 00        	<unknown>
     56e: 05 00        	<unknown>
     570: e3 02 00 00  	beqz	zero, 0xd74 <.symtab+0xd74>
     574: 8c 02        	<unknown>
     576: 00 80        	<unknown>
     578: 08 00        	<unknown>
     57a: 00 00        	<unknown>
     57c: 12 00        	<unknown>
     57e: 01 00        	<unknown>
     580: f2 02        	<unknown>
     582: 00 00        	<unknown>
     584: 94 02        	<unknown>
     586: 00 80        	<unknown>
     588: 08 00        	<unknown>
     58a: 00 00        	<unknown>
     58c: 12 00        	<unknown>
     58e: 01 00        	<unknown>
     590: 00 03        	<unknown>
     592: 00 00        	<unknown>
     594: 9c 02        	<unknown>
     596: 00 80        	<unknown>
     598: 18 00        	<unknown>
     59a: 00 00        	<unknown>
     59c: 12 00        	<unknown>
     59e: 01 00        	<unknown>
     5a0: 14 03        	<unknown>
     5a2: 00 00        	<unknown>
     5a4: b4 02        	<unknown>
     5a6: 00 80        	<unknown>
     5a8: 08 00        	<unknown>
     5aa: 00 00        	<unknown>
     5ac: 12 00        	<unknown>
     5ae: 01 00        	<unknown>
     5b0: 2a 03        	<unknown>
     5b2: 00 00        	<unknown>
     5b4: bc 02        	<unknown>
     5b6: 00 80        	<unknown>
     5b8: 08 00        	<unknown>
     5ba: 00 00        	<unknown>
     5bc: 12 00        	<unknown>
     5be: 01 00        	<unknown>
     5c0: 3f 03 00 00  	<unknown>
     5c4: c4 02        	<unknown>
     5c6: 00 80        	<unknown>
     5c8: 08 00        	<unknown>
     5ca: 00 00        	<unknown>
     5cc: 12 00        	<unknown>
     5ce: 01 00        	<unknown>
     5d0: 61 03        	<unknown>
     5d2: 00 00        	<unknown>
     5d4: cc 02        	<unknown>
     5d6: 00 80        	<unknown>
     5d8: 94 01        	<unknown>
     5da: 00 00        	<unknown>
     5dc: 12 00        	<unknown>
     5de: 01 00        	<unknown>
     5e0: 80 03        	<unknown>
     5e2: 00 00        	<unknown>
     5e4: 60 04        	<unknown>
     5e6: 00 80        	<unknown>
     5e8: 08 03        	<unknown>
     5ea: 00 00        	<unknown>
     5ec: 12 00        	<unknown>
     5ee: 01 00        	<unknown>
     5f0: 9d 03        	<unknown>
     5f2: 00 00        	<unknown>
     5f4: 30 10        	<unknown>
     5f6: 00 80        	<unknown>
     5f8: 58 00        	<unknown>
     5fa: 00 00        	<unknown>
     5fc: 12 00        	<unknown>
     5fe: 01 00        	<unknown>
     600: a5 03        	<unknown>
     602: 00 00        	<unknown>
     604: 68 07        	<unknown>
     606: 00 80        	<unknown>
     608: 24 00        	<unknown>
     60a: 00 00        	<unknown>
     60c: 12 00        	<unknown>
     60e: 01 00        	<unknown>
     610: bb 03 00 00  	<unknown>
     614: 8c 07        	<unknown>
     616: 00 80        	<unknown>
     618: b4 00        	<unknown>
     61a: 00 00        	<unknown>
     61c: 12 00        	<unknown>
     61e: 01 00        	<unknown>
     620: d1 03        	<unknown>
     622: 00 00        	<unknown>
     624: 00 00        	<unknown>
     626: 00 80        	<unknown>
     628: 00 00        	<unknown>
     62a: 00 00        	<unknown>
     62c: 10 00        	<unknown>
     62e: 01 00        	<unknown>
     630: d8 03        	<unknown>
     632: 00 00        	<unknown>
     634: 80 31        	<unknown>
     636: 00 80        	<unknown>
     638: 00 00        	<unknown>
     63a: 00 00        	<unknown>
     63c: 10 00        	<unknown>
     63e: 03 00 df 03  	lb	zero, 61(t5)
     642: 00 00        	<unknown>
     644: c0 31        	<unknown>
     646: 00 80        	<unknown>
     648: 00 00        	<unknown>
     64a: 00 00        	<unknown>
     64c: 10 00        	<unknown>
     64e: 03 00 e8 03  	lb	zero, 62(a6)
     652: 00 00        	<unknown>
     654: 40 08        	<unknown>
     656: 00 80        	<unknown>
     658: 0c 00        	<unknown>
     65a: 00 00        	<unknown>
     65c: 12 00        	<unknown>
     65e: 01 00        	<unknown>
     660: f5 03        	<unknown>
     662: 00 00        	<unknown>
     664: 4c 08        	<unknown>
     666: 00 80        	<unknown>
     668: 0c 00        	<unknown>
     66a: 00 00        	<unknown>
     66c: 12 00        	<unknown>
     66e: 01 00        	<unknown>
     670: 02 04        	<unknown>
     672: 00 00        	<unknown>
     674: fc 52        	<unknown>
     676: 00 80        	<unknown>
     678: 0c 00        	<unknown>
     67a: 00 00        	<unknown>
     67c: 11 00        	<unknown>
     67e: 0c 00        	<unknown>
     680: 0f 04 00 00  	<unknown>
     684: 58 08        	<unknown>
     686: 00 80        	<unknown>
     688: 20 00        	<unknown>
     68a: 00 00        	<unknown>
     68c: 12 00        	<unknown>
     68e: 01 00        	<unknown>
     690: 1c 04        	<unknown>
     692: 00 00        	<unknown>
     694: 78 08        	<unknown>
     696: 00 80        	<unknown>
     698: 18 00        	<unknown>
     69a: 00 00        	<unknown>
     69c: 12 00        	<unknown>
     69e: 01 00        	<unknown>
     6a0: 29 04        	<unknown>
     6a2: 00 00        	<unknown>
     6a4: 90 08        	<unknown>
     6a6: 00 80        	<unknown>
     6a8: 0c 00        	<unknown>
     6aa: 00 00        	<unknown>
     6ac: 12 00        	<unknown>
     6ae: 01 00        	<unknown>
     6b0: 3d 04        	<unknown>
     6b2: 00 00        	<unknown>
     6b4: 9c 08        	<unknown>
     6b6: 00 80        	<unknown>
     6b8: 54 00        	<unknown>
     6ba: 00 00        	<unknown>
     6bc: 12 00        	<unknown>
     6be: 01 00        	<unknown>
     6c0: 4d 04        	<unknown>
     6c2: 00 00        	<unknown>
     6c4: 08 53        	<unknown>
     6c6: 00 80        	<unknown>
     6c8: 00 00        	<unknown>
     6ca: 00 00        	<unknown>
     6cc: 10 00        	<unknown>
     6ce: 0d 00        	<unknown>
     6d0: 54 04        	<unknown>
     6d2: 00 00        	<unknown>
     6d4: f0 08        	<unknown>
     6d6: 00 80        	<unknown>
     6d8: 0c 00        	<unknown>
     6da: 00 00        	<unknown>
     6dc: 12 00        	<unknown>
     6de: 01 00        	<unknown>
     6e0: 69 04        	<unknown>
     6e2: 00 00        	<unknown>
     6e4: fc 08        	<unknown>
     6e6: 00 80        	<unknown>
     6e8: 0c 00        	<unknown>
     6ea: 00 00        	<unknown>
     6ec: 12 00        	<unknown>
     6ee: 01 00        	<unknown>
     6f0: 7e 04        	<unknown>
     6f2: 00 00        	<unknown>
     6f4: 08 09        	<unknown>
     6f6: 00 80        	<unknown>
     6f8: 24 00        	<unknown>
     6fa: 00 00        	<unknown>
     6fc: 12 00        	<unknown>
     6fe: 01 00        	<unknown>
     700: 90 04        	<unknown>
     702: 00 00        	<unknown>
     704: 2c 09        	<unknown>
     706: 00 80        	<unknown>
     708: 18 00        	<unknown>
     70a: 00 00        	<unknown>
     70c: 12 00        	<unknown>
     70e: 01 00        	<unknown>
     710: a2 04        	<unknown>
     712: 00 00        	<unknown>
     714: 44 09        	<unknown>
     716: 00 80        	<unknown>
     718: 1c 00        	<unknown>
     71a: 00 00        	<unknown>
     71c: 12 00        	<unknown>
     71e: 01 00        	<unknown>
     720: bc 04        	<unknown>
     722: 00 00        	<unknown>
     724: 60 09        	<unknown>
     726: 00 80        	<unknown>
     728: 2c 00        	<unknown>
     72a: 00 00        	<unknown>
     72c: 12 00        	<unknown>
     72e: 01 00        	<unknown>
     730: ce 04        	<unknown>
     732: 00 00        	<unknown>
     734: 8c 09        	<unknown>
     736: 00 80        	<unknown>
     738: 24 00        	<unknown>
     73a: 00 00        	<unknown>
     73c: 12 00        	<unknown>
     73e: 01 00        	<unknown>
     740: e8 04        	<unknown>
     742: 00 00        	<unknown>
     744: b0 09        	<unknown>
     746: 00 80        	<unknown>
     748: 40 00        	<unknown>
     74a: 00 00        	<unknown>
     74c: 12 00        	<unknown>
     74e: 01 00        	<unknown>
     750: fa 04        	<unknown>
     752: 00 00        	<unknown>
     754: f0 09        	<unknown>
     756: 00 80        	<unknown>
     758: 10 00        	<unknown>
     75a: 00 00        	<unknown>
     75c: 12 00        	<unknown>
     75e: 01 00        	<unknown>
     760: 08 05        	<unknown>
     762: 00 00        	<unknown>
     764: 00 0a        	<unknown>
     766: 00 80        	<unknown>
     768: 0c 00        	<unknown>
     76a: 00 00        	<unknown>
     76c: 12 00        	<unknown>
     76e: 01 00        	<unknown>
     770: 1a 05        	<unknown>
     772: 00 00        	<unknown>
     774: 0c 0a        	<unknown>
     776: 00 80        	<unknown>
     778: d8 00        	<unknown>
     77a: 00 00        	<unknown>
     77c: 12 00        	<unknown>
     77e: 01 00        	<unknown>
     780: 22 05        	<unknown>
     782: 00 00        	<unknown>
     784: d0 52        	<unknown>
     786: 00 80        	<unknown>
     788: 04 00        	<unknown>
     78a: 00 00        	<unknown>
     78c: 11 00        	<unknown>
     78e: 0b 00 2e 05  	<unknown>
     792: 00 00        	<unknown>
     794: 04 00        	<unknown>
     796: 00 00        	<unknown>
     798: 04 00        	<unknown>
     79a: 00 00        	<unknown>
     79c: 16 00        	<unknown>
     79e: 05 00        	<unknown>
     7a0: 33 05 00 00  	add	a0, zero, zero
     7a4: e4 0a        	<unknown>
     7a6: 00 80        	<unknown>
     7a8: 14 01        	<unknown>
     7aa: 00 00        	<unknown>
     7ac: 12 00        	<unknown>
     7ae: 01 00        	<unknown>
     7b0: 3b 05 00 00  	<unknown>
     7b4: f8 0b        	<unknown>
     7b6: 00 80        	<unknown>
     7b8: 0c 00        	<unknown>
     7ba: 00 00        	<unknown>
     7bc: 12 00        	<unknown>
     7be: 01 00        	<unknown>
     7c0: 52 05        	<unknown>
     7c2: 00 00        	<unknown>
     7c4: 04 0c        	<unknown>
     7c6: 00 80        	<unknown>
     7c8: 0c 00        	<unknown>
     7ca: 00 00        	<unknown>
     7cc: 12 00        	<unknown>
     7ce: 01 00        	<unknown>
     7d0: 68 05        	<unknown>
     7d2: 00 00        	<unknown>
     7d4: 10 0c        	<unknown>
     7d6: 00 80        	<unknown>
     7d8: 04 00        	<unknown>
     7da: 00 00        	<unknown>
     7dc: 12 00        	<unknown>
     7de: 01 00        	<unknown>
     7e0: 78 05        	<unknown>
     7e2: 00 00        	<unknown>
     7e4: 14 0c        	<unknown>
     7e6: 00 80        	<unknown>
     7e8: dc 00        	<unknown>
     7ea: 00 00        	<unknown>
     7ec: 12 00        	<unknown>
     7ee: 01 00        	<unknown>
     7f0: 86 05        	<unknown>
     7f2: 00 00        	<unknown>
     7f4: f0 0c        	<unknown>
     7f6: 00 80        	<unknown>
     7f8: 34 00        	<unknown>
     7fa: 00 00        	<unknown>
     7fc: 12 00        	<unknown>
     7fe: 01 00        	<unknown>
     800: 97 05 00 00  	auipc	a1, 0
     804: 24 0d        	<unknown>
     806: 00 80        	<unknown>
     808: b8 00        	<unknown>
     80a: 00 00        	<unknown>
     80c: 12 00        	<unknown>
     80e: 01 00        	<unknown>
     810: a4 05        	<unknown>
     812: 00 00        	<unknown>
     814: dc 0d        	<unknown>
     816: 00 80        	<unknown>
     818: 18 00        	<unknown>
     81a: 00 00        	<unknown>
     81c: 12 00        	<unknown>
     81e: 01 00        	<unknown>
     820: b2 05        	<unknown>
     822: 00 00        	<unknown>
     824: f4 0d        	<unknown>
     826: 00 80        	<unknown>
     828: 10 00        	<unknown>
     82a: 00 00        	<unknown>
     82c: 12 00        	<unknown>
     82e: 01 00        	<unknown>
     830: c3 05 00 00  	fmadd.s	fa1, ft0, ft0, ft0, rne
     834: 04 0e        	<unknown>
     836: 00 80        	<unknown>
     838: 0c 00        	<unknown>
     83a: 00 00        	<unknown>
     83c: 12 00        	<unknown>
     83e: 01 00        	<unknown>
     840: ce 05        	<unknown>
     842: 00 00        	<unknown>
     844: d4 52        	<unknown>
     846: 00 80        	<unknown>
     848: 04 00        	<unknown>
     84a: 00 00        	<unknown>
     84c: 11 00        	<unknown>
     84e: 0b 00 da 05  	<unknown>
     852: 00 00        	<unknown>
     854: 10 0e        	<unknown>
     856: 00 80        	<unknown>
     858: 10 00        	<unknown>
     85a: 00 00        	<unknown>
     85c: 12 00        	<unknown>
     85e: 01 00        	<unknown>
     860: ed 05        	<unknown>
     862: 00 00        	<unknown>
     864: 20 0e        	<unknown>
     866: 00 80        	<unknown>
     868: 18 00        	<unknown>
     86a: 00 00        	<unknown>
     86c: 12 00        	<unknown>
     86e: 01 00        	<unknown>
     870: 05 06        	<unknown>
     872: 00 00        	<unknown>
     874: 38 0e        	<unknown>
     876: 00 80        	<unknown>
     878: 08 00        	<unknown>
     87a: 00 00        	<unknown>
     87c: 12 00        	<unknown>
     87e: 01 00        	<unknown>
     880: 18 06        	<unknown>
     882: 00 00        	<unknown>
     884: 40 0e        	<unknown>
     886: 00 80        	<unknown>
     888: 08 00        	<unknown>
     88a: 00 00        	<unknown>
     88c: 12 00        	<unknown>
     88e: 01 00        	<unknown>
     890: 30 06        	<unknown>
     892: 00 00        	<unknown>
     894: 48 0e        	<unknown>
     896: 00 80        	<unknown>
     898: 58 00        	<unknown>
     89a: 00 00        	<unknown>
     89c: 12 00        	<unknown>
     89e: 01 00        	<unknown>
     8a0: 44 06        	<unknown>
     8a2: 00 00        	<unknown>
     8a4: d8 52        	<unknown>
     8a6: 00 80        	<unknown>
     8a8: 08 00        	<unknown>
     8aa: 00 00        	<unknown>
     8ac: 11 00        	<unknown>
     8ae: 0b 00 52 06  	<unknown>
     8b2: 00 00        	<unknown>
     8b4: a0 0e        	<unknown>
     8b6: 00 80        	<unknown>
     8b8: 30 00        	<unknown>
     8ba: 00 00        	<unknown>
     8bc: 12 00        	<unknown>
     8be: 01 00        	<unknown>
     8c0: 67 06 00 00  	jalr	a2, zero
     8c4: d0 0e        	<unknown>
     8c6: 00 80        	<unknown>
     8c8: 48 00        	<unknown>
     8ca: 00 00        	<unknown>
     8cc: 12 00        	<unknown>
     8ce: 01 00        	<unknown>
     8d0: 81 06        	<unknown>
     8d2: 00 00        	<unknown>
     8d4: 18 0f        	<unknown>
     8d6: 00 80        	<unknown>
     8d8: 6c 00        	<unknown>
     8da: 00 00        	<unknown>
     8dc: 12 00        	<unknown>
     8de: 01 00        	<unknown>
     8e0: a2 06        	<unknown>
     8e2: 00 00        	<unknown>
     8e4: e0 52        	<unknown>
     8e6: 00 80        	<unknown>
     8e8: 04 00        	<unknown>
     8ea: 00 00        	<unknown>
     8ec: 11 00        	<unknown>
     8ee: 0b 00 b4 06  	<unknown>
     8f2: 00 00        	<unknown>
     8f4: 84 0f        	<unknown>
     8f6: 00 80        	<unknown>
     8f8: 08 00        	<unknown>
     8fa: 00 00        	<unknown>
     8fc: 12 00        	<unknown>
     8fe: 01 00        	<unknown>
     900: c0 06        	<unknown>
     902: 00 00        	<unknown>
     904: 8c 0f        	<unknown>
     906: 00 80        	<unknown>
     908: 08 00        	<unknown>
     90a: 00 00        	<unknown>
     90c: 12 00        	<unknown>
     90e: 01 00        	<unknown>
     910: dd 06        	<unknown>
     912: 00 00        	<unknown>
     914: 94 0f        	<unknown>
     916: 00 80        	<unknown>
     918: 08 00        	<unknown>
     91a: 00 00        	<unknown>
     91c: 12 00        	<unknown>
     91e: 01 00        	<unknown>
     920: f2 06        	<unknown>
     922: 00 00        	<unknown>
     924: 9c 0f        	<unknown>
     926: 00 80        	<unknown>
     928: 0c 00        	<unknown>
     92a: 00 00        	<unknown>
     92c: 12 00        	<unknown>
     92e: 01 00        	<unknown>
     930: 07 07 00 00  	<unknown>
     934: a8 0f        	<unknown>
     936: 00 80        	<unknown>
     938: 10 00        	<unknown>
     93a: 00 00        	<unknown>
     93c: 12 00        	<unknown>
     93e: 01 00        	<unknown>
     940: 18 07        	<unknown>
     942: 00 00        	<unknown>
     944: b8 0f        	<unknown>
     946: 00 80        	<unknown>
     948: 08 00        	<unknown>
     94a: 00 00        	<unknown>
     94c: 12 00        	<unknown>
     94e: 01 00        	<unknown>
     950: 29 07        	<unknown>
     952: 00 00        	<unknown>
     954: c0 0f        	<unknown>
     956: 00 80        	<unknown>
     958: 10 00        	<unknown>
     95a: 00 00        	<unknown>
     95c: 12 00        	<unknown>
     95e: 01 00        	<unknown>
     960: 3f 07 00 00  	<unknown>
     964: d0 0f        	<unknown>
     966: 00 80        	<unknown>
     968: 0c 00        	<unknown>
     96a: 00 00        	<unknown>
     96c: 12 00        	<unknown>
     96e: 01 00        	<unknown>
     970: 55 07        	<unknown>
     972: 00 00        	<unknown>
     974: dc 0f        	<unknown>
     976: 00 80        	<unknown>
     978: 10 00        	<unknown>
     97a: 00 00        	<unknown>
     97c: 12 00        	<unknown>
     97e: 01 00        	<unknown>
     980: 73 07 00 00  	<unknown>
     984: ec 0f        	<unknown>
     986: 00 80        	<unknown>
     988: 1c 00        	<unknown>
     98a: 00 00        	<unknown>
     98c: 12 00        	<unknown>
     98e: 01 00        	<unknown>
     990: 88 07        	<unknown>
     992: 00 00        	<unknown>
     994: 08 10        	<unknown>
     996: 00 80        	<unknown>
     998: 20 00        	<unknown>
     99a: 00 00        	<unknown>
     99c: 12 00        	<unknown>
     99e: 01 00        	<unknown>
     9a0: 98 07        	<unknown>
     9a2: 00 00        	<unknown>
     9a4: 28 10        	<unknown>
     9a6: 00 80        	<unknown>
     9a8: 08 00        	<unknown>
     9aa: 00 00        	<unknown>
     9ac: 12 00        	<unknown>
     9ae: 01 00        	<unknown>
     9b0: b1 07        	<unknown>
     9b2: 00 00        	<unknown>
     9b4: 9c 27        	<unknown>
     9b6: 00 80        	<unknown>
     9b8: 9c 00        	<unknown>
     9ba: 00 00        	<unknown>
     9bc: 12 00        	<unknown>
     9be: 01 00        	<unknown>
     9c0: be 07        	<unknown>
     9c2: 00 00        	<unknown>
     9c4: 38 28        	<unknown>
     9c6: 00 80        	<unknown>
     9c8: 54 00        	<unknown>
     9ca: 00 00        	<unknown>
     9cc: 12 00        	<unknown>
     9ce: 01 00        	<unknown>
     9d0: c7 07 00 00  	fmsub.s	fa5, ft0, ft0, ft0, rne
     9d4: 9c 28        	<unknown>
     9d6: 00 80        	<unknown>
     9d8: 50 00        	<unknown>
     9da: 00 00        	<unknown>
     9dc: 12 00        	<unknown>
     9de: 01 00        	<unknown>
     9e0: d1 07        	<unknown>
     9e2: 00 00        	<unknown>
     9e4: ec 28        	<unknown>
     9e6: 00 80        	<unknown>
     9e8: 30 00        	<unknown>
     9ea: 00 00        	<unknown>
     9ec: 12 00        	<unknown>
     9ee: 01 00        	<unknown>
     9f0: da 07        	<unknown>
     9f2: 00 00        	<unknown>
     9f4: 1c 29        	<unknown>
     9f6: 00 80        	<unknown>
     9f8: 24 00        	<unknown>
     9fa: 00 00        	<unknown>
     9fc: 12 00        	<unknown>
     9fe: 01 00        	<unknown>
     a00: e5 07        	<unknown>
     a02: 00 00        	<unknown>
     a04: 40 29        	<unknown>
     a06: 00 80        	<unknown>
     a08: 58 00        	<unknown>
     a0a: 00 00        	<unknown>
     a0c: 12 00        	<unknown>
     a0e: 01 00        	<unknown>
     a10: ef 07 00 00  	jal	a5, 0xa10 <.symtab+0xa10>
     a14: ac 29        	<unknown>
     a16: 00 80        	<unknown>
     a18: 04 03        	<unknown>
     a1a: 00 00        	<unknown>
     a1c: 12 00        	<unknown>
     a1e: 01 00        	<unknown>
     a20: f9 07        	<unknown>
     a22: 00 00        	<unknown>
     a24: c8 31        	<unknown>
     a26: 00 80        	<unknown>
     a28: 00 00        	<unknown>
     a2a: 00 00        	<unknown>
     a2c: 10 00        	<unknown>
     a2e: 04 00        	<unknown>
     a30: 07 08 00 00  	<unknown>
     a34: c8 31        	<unknown>
     a36: 00 80        	<unknown>
     a38: 00 00        	<unknown>
     a3a: 00 00        	<unknown>
     a3c: 10 00        	<unknown>
     a3e: 04 00        	<unknown>
     a40: 13 08 00 00  	li	a6, 0
     a44: d0 52        	<unknown>
     a46: 00 80        	<unknown>
     a48: 00 00        	<unknown>
     a4a: 00 00        	<unknown>
     a4c: 10 00        	<unknown>
     a4e: 0a 00        	<unknown>
     a50: 1f 08 00 00  	<unknown>
     a54: 08 53        	<unknown>
     a56: 00 80        	<unknown>
     a58: 00 00        	<unknown>
     a5a: 00 00        	<unknown>
     a5c: 10 00        	<unknown>
     a5e: 0c 00        	<unknown>
     a60: 29 08        	<unknown>
     a62: 00 00        	<unknown>
     a64: d0 31        	<unknown>
     a66: 00 80        	<unknown>
     a68: 00 00        	<unknown>
     a6a: 00 00        	<unknown>
     a6c: 10 00        	<unknown>
     a6e: 07 00 37 08  	<unknown>
     a72: 00 00        	<unknown>
     a74: d0 31        	<unknown>
     a76: 00 80        	<unknown>
     a78: 00 00        	<unknown>
     a7a: 00 00        	<unknown>
     a7c: 10 00        	<unknown>
     a7e: 07 00 43 08  	<unknown>
     a82: 00 00        	<unknown>
     a84: e0 31        	<unknown>
     a86: 00 80        	<unknown>
     a88: 00 00        	<unknown>
     a8a: 00 00        	<unknown>
     a8c: 10 00        	<unknown>
     a8e: 08 00        	<unknown>
     a90: 4e 08        	<unknown>
     a92: 00 00        	<unknown>
     a94: d0 31        	<unknown>
     a96: 00 80        	<unknown>
     a98: 00 00        	<unknown>
     a9a: 00 00        	<unknown>
     a9c: 10 00        	<unknown>
     a9e: 08 00        	<unknown>
     aa0: 5b 08 00 00  	<unknown>
     aa4: b0 2c        	<unknown>
     aa6: 00 80        	<unknown>
     aa8: d4 01        	<unknown>
     aaa: 00 00        	<unknown>
     aac: 12 00        	<unknown>
     aae: 01 00        	<unknown>
     ab0: 60 08        	<unknown>
     ab2: 00 00        	<unknown>
     ab4: c8 31        	<unknown>
     ab6: 00 80        	<unknown>
     ab8: 00 00        	<unknown>
     aba: 00 00        	<unknown>
     abc: 10 00        	<unknown>
     abe: 05 00        	<unknown>
     ac0: 6d 08        	<unknown>
     ac2: 00 00        	<unknown>
     ac4: d0 31        	<unknown>
     ac6: 00 80        	<unknown>
     ac8: 00 00        	<unknown>
     aca: 00 00        	<unknown>
     acc: 10 00        	<unknown>
     ace: 05 00        	<unknown>
     ad0: 78 08        	<unknown>
     ad2: 00 00        	<unknown>
     ad4: d0 31        	<unknown>
     ad6: 00 80        	<unknown>
     ad8: 10 00        	<unknown>
     ada: 00 00        	<unknown>
     adc: 11 00        	<unknown>
     ade: 08 00        	<unknown>
     ae0: 7d 08        	<unknown>
     ae2: 00 00        	<unknown>
     ae4: d0 39        	<unknown>
     ae6: 00 80        	<unknown>
     ae8: 00 00        	<unknown>
     aea: 00 00        	<unknown>
     aec: 10 00        	<unknown>
     aee: 09 00        	<unknown>
     af0: 8f 08 00 00  	<unknown>
     af4: c4 32        	<unknown>
     af6: 00 80        	<unknown>
     af8: 04 00        	<unknown>
     afa: 00 00        	<unknown>
     afc: 11 00        	<unknown>
     afe: 09 00        	<unknown>
     b00: 9f 08 00 00  	<unknown>
     b04: f4 52        	<unknown>
     b06: 00 80        	<unknown>
     b08: 04 00        	<unknown>
     b0a: 00 00        	<unknown>
     b0c: 11 00        	<unknown>
     b0e: 0b 00 ae 08  	<unknown>
     b12: 00 00        	<unknown>
     b14: 98 32        	<unknown>
     b16: 00 80        	<unknown>
     b18: 04 00        	<unknown>
     b1a: 00 00        	<unknown>
     b1c: 11 00        	<unknown>
     b1e: 09 00        	<unknown>
     b20: bd 08        	<unknown>
     b22: 00 00        	<unknown>
     b24: d0 32        	<unknown>
     b26: 00 80        	<unknown>
     b28: 00 10        	<unknown>
     b2a: 00 00        	<unknown>
     b2c: 11 00        	<unknown>
     b2e: 0a 00        	<unknown>
     b30: c4 08        	<unknown>
     b32: 00 00        	<unknown>
     b34: 90 32        	<unknown>
     b36: 00 80        	<unknown>
     b38: 01 00        	<unknown>
     b3a: 00 00        	<unknown>
     b3c: 11 00        	<unknown>
     b3e: 09 00        	<unknown>
     b40: d1 08        	<unknown>
     b42: 00 00        	<unknown>
     b44: 91 32        	<unknown>
     b46: 00 80        	<unknown>
     b48: 01 00        	<unknown>
     b4a: 00 00        	<unknown>
     b4c: 11 00        	<unknown>
     b4e: 09 00        	<unknown>
     b50: de 08        	<unknown>
     b52: 00 00        	<unknown>
     b54: 92 32        	<unknown>
     b56: 00 80        	<unknown>
     b58: 01 00        	<unknown>
     b5a: 00 00        	<unknown>
     b5c: 11 00        	<unknown>
     b5e: 09 00        	<unknown>
     b60: eb 08 00 00  	<unknown>
     b64: 93 32 00 80  	sltiu	t0, zero, -2048
     b68: 01 00        	<unknown>
     b6a: 00 00        	<unknown>
     b6c: 11 00        	<unknown>
     b6e: 09 00        	<unknown>
     b70: f8 08        	<unknown>
     b72: 00 00        	<unknown>
     b74: 94 32        	<unknown>
     b76: 00 80        	<unknown>
     b78: 01 00        	<unknown>
     b7a: 00 00        	<unknown>
     b7c: 11 00        	<unknown>
     b7e: 09 00        	<unknown>
     b80: 05 09        	<unknown>
     b82: 00 00        	<unknown>
     b84: ac 32        	<unknown>
     b86: 00 80        	<unknown>
     b88: 04 00        	<unknown>
     b8a: 00 00        	<unknown>
     b8c: 11 00        	<unknown>
     b8e: 09 00        	<unknown>
     b90: 14 09        	<unknown>
     b92: 00 00        	<unknown>
     b94: b0 32        	<unknown>
     b96: 00 80        	<unknown>
     b98: 04 00        	<unknown>
     b9a: 00 00        	<unknown>
     b9c: 11 00        	<unknown>
     b9e: 09 00        	<unknown>
     ba0: 23 09 00 00  	sb	zero, 18(zero)
     ba4: e4 52        	<unknown>
     ba6: 00 80        	<unknown>
     ba8: 04 00        	<unknown>
     baa: 00 00        	<unknown>
     bac: 11 00        	<unknown>
     bae: 0b 00 32 09  	<unknown>
     bb2: 00 00        	<unknown>
     bb4: e8 52        	<unknown>
     bb6: 00 80        	<unknown>
     bb8: 04 00        	<unknown>
     bba: 00 00        	<unknown>
     bbc: 11 00        	<unknown>
     bbe: 0b 00 41 09  	<unknown>
     bc2: 00 00        	<unknown>
     bc4: ec 52        	<unknown>
     bc6: 00 80        	<unknown>
     bc8: 04 00        	<unknown>
     bca: 00 00        	<unknown>
     bcc: 11 00        	<unknown>
     bce: 0b 00 50 09  	<unknown>
     bd2: 00 00        	<unknown>
     bd4: b4 32        	<unknown>
     bd6: 00 80        	<unknown>
     bd8: 04 00        	<unknown>
     bda: 00 00        	<unknown>
     bdc: 11 00        	<unknown>
     bde: 09 00        	<unknown>
     be0: 62 09        	<unknown>
     be2: 00 00        	<unknown>
     be4: 95 32        	<unknown>
     be6: 00 80        	<unknown>
     be8: 01 00        	<unknown>
     bea: 00 00        	<unknown>
     bec: 11 00        	<unknown>
     bee: 09 00        	<unknown>
     bf0: 70 09        	<unknown>
     bf2: 00 00        	<unknown>
     bf4: 96 32        	<unknown>
     bf6: 00 80        	<unknown>
     bf8: 01 00        	<unknown>
     bfa: 00 00        	<unknown>
     bfc: 11 00        	<unknown>
     bfe: 09 00        	<unknown>
     c00: 7e 09        	<unknown>
     c02: 00 00        	<unknown>
     c04: 97 32 00 80  	auipc	t0, 524291
     c08: 01 00        	<unknown>
     c0a: 00 00        	<unknown>
     c0c: 11 00        	<unknown>
     c0e: 09 00        	<unknown>
     c10: 8c 09        	<unknown>
     c12: 00 00        	<unknown>
     c14: b8 32        	<unknown>
     c16: 00 80        	<unknown>
     c18: 04 00        	<unknown>
     c1a: 00 00        	<unknown>
     c1c: 11 00        	<unknown>
     c1e: 09 00        	<unknown>
     c20: 9c 09        	<unknown>
     c22: 00 00        	<unknown>
     c24: bc 32        	<unknown>
     c26: 00 80        	<unknown>
     c28: 04 00        	<unknown>
     c2a: 00 00        	<unknown>
     c2c: 11 00        	<unknown>
     c2e: 09 00        	<unknown>
     c30: ac 09        	<unknown>
     c32: 00 00        	<unknown>
     c34: f0 52        	<unknown>
     c36: 00 80        	<unknown>
     c38: 04 00        	<unknown>
     c3a: 00 00        	<unknown>
     c3c: 11 00        	<unknown>
     c3e: 0b 00 bc 09  	<unknown>
     c42: 00 00        	<unknown>
     c44: c0 32        	<unknown>
     c46: 00 80        	<unknown>
     c48: 04 00        	<unknown>
     c4a: 00 00        	<unknown>
     c4c: 11 00        	<unknown>
     c4e: 09 00        	<unknown>
     c50: cf 09 00 00  	fnmadd.s	fs3, ft0, ft0, ft0, rne
     c54: c8 32        	<unknown>
     c56: 00 80        	<unknown>
     c58: 04 00        	<unknown>
     c5a: 00 00        	<unknown>
     c5c: 11 00        	<unknown>
     c5e: 09 00        	<unknown>
     c60: d8 09        	<unknown>
     c62: 00 00        	<unknown>
     c64: cc 32        	<unknown>
     c66: 00 80        	<unknown>
     c68: 04 00        	<unknown>
     c6a: 00 00        	<unknown>
     c6c: 11 00        	<unknown>
     c6e: 09 00        	<unknown>
     c70: e2 09        	<unknown>
     c72: 00 00        	<unknown>
     c74: f8 52        	<unknown>
     c76: 00 80        	<unknown>
     c78: 04 00        	<unknown>
     c7a: 00 00        	<unknown>
     c7c: 11 00        	<unknown>
     c7e: 0b 00 e9 09  	<unknown>
     c82: 00 00        	<unknown>
     c84: 9c 32        	<unknown>
     c86: 00 80        	<unknown>
     c88: 04 00        	<unknown>
     c8a: 00 00        	<unknown>
     c8c: 11 00        	<unknown>
     c8e: 09 00        	<unknown>
     c90: f9 09        	<unknown>
     c92: 00 00        	<unknown>
     c94: d0 42        	<unknown>
     c96: 00 80        	<unknown>
     c98: 00 10        	<unknown>
     c9a: 00 00        	<unknown>
     c9c: 11 00        	<unknown>
     c9e: 0a 00        	<unknown>
     ca0: 02 0a        	<unknown>
     ca2: 00 00        	<unknown>
     ca4: a0 32        	<unknown>
     ca6: 00 80        	<unknown>
     ca8: 04 00        	<unknown>
     caa: 00 00        	<unknown>
     cac: 11 00        	<unknown>
     cae: 09 00        	<unknown>
     cb0: 14 0a        	<unknown>
     cb2: 00 00        	<unknown>
     cb4: a4 32        	<unknown>
     cb6: 00 80        	<unknown>
     cb8: 04 00        	<unknown>
     cba: 00 00        	<unknown>
     cbc: 11 00        	<unknown>
     cbe: 09 00        	<unknown>
     cc0: 26 0a        	<unknown>
     cc2: 00 00        	<unknown>
     cc4: a8 32        	<unknown>
     cc6: 00 80        	<unknown>
     cc8: 04 00        	<unknown>
     cca: 00 00        	<unknown>
     ccc: 11 00        	<unknown>
     cce: 09 00        	<unknown>
     cd0: 3b 0a 00 00  	<unknown>
     cd4: 84 2e        	<unknown>
     cd6: 00 80        	<unknown>
     cd8: 00 00        	<unknown>
     cda: 00 00        	<unknown>
     cdc: 10 00        	<unknown>
     cde: 01 00        	<unknown>
     ce0: 42 0a        	<unknown>
     ce2: 00 00        	<unknown>
     ce4: d0 31        	<unknown>
     ce6: 00 80        	<unknown>
     ce8: 00 00        	<unknown>
     cea: 00 00        	<unknown>
     cec: 10 00        	<unknown>
     cee: 06 00        	<unknown>
     cf0: 4e 0a        	<unknown>
     cf2: 00 00        	<unknown>
     cf4: d0 32        	<unknown>
     cf6: 00 80        	<unknown>
     cf8: 00 00        	<unknown>
     cfa: 00 00        	<unknown>
     cfc: 10 00        	<unknown>
     cfe: f1 ff        	<unknown>
     d00: 56 0a        	<unknown>
     d02: 00 00        	<unknown>
     d04: e0 31        	<unknown>
     d06: 00 80        	<unknown>
     d08: 00 00        	<unknown>
     d0a: 00 00        	<unknown>
     d0c: 10 00        	<unknown>
     d0e: 09 00        	<unknown>
     d10: 66 0a        	<unknown>
     d12: 00 00        	<unknown>
     d14: d0 32        	<unknown>
     d16: 00 80        	<unknown>
     d18: 00 00        	<unknown>
     d1a: 00 00        	<unknown>
     d1c: 10 00        	<unknown>
     d1e: 0a 00        	<unknown>
     d20: 75 0a        	<unknown>
     d22: 00 00        	<unknown>
     d24: d0 52        	<unknown>
     d26: 00 80        	<unknown>
     d28: 00 00        	<unknown>
     d2a: 00 00        	<unknown>
     d2c: 10 00        	<unknown>
     d2e: 0a 00        	<unknown>
     d30: 7c 0a        	<unknown>
     d32: 00 00        	<unknown>
     d34: 08 53        	<unknown>
     d36: 00 80        	<unknown>
     d38: 00 00        	<unknown>
     d3a: 00 00        	<unknown>
     d3c: 10 00        	<unknown>
     d3e: 0c 00        	<unknown>
     d40: 88 0a        	<unknown>
     d42: 00 00        	<unknown>
     d44: 08 53        	<unknown>
     d46: 00 80        	<unknown>
     d48: 00 00        	<unknown>
     d4a: 00 00        	<unknown>
     d4c: 10 00        	<unknown>
     d4e: 0c 00        	<unknown>

Disassembly of section .shstrtab:

00000000 <.shstrtab>:
       0: 00 2e        	<unknown>
       2: 74 65        	<unknown>
       4: 78 74        	<unknown>
       6: 00 2e        	<unknown>
       8: 72 6f        	<unknown>
       a: 64 61        	<unknown>
       c: 74 61        	<unknown>
       e: 00 2e        	<unknown>
      10: 68 74        	<unknown>
      12: 69 66        	<unknown>
      14: 00 2e        	<unknown>
      16: 74 64        	<unknown>
      18: 61 74        	<unknown>
      1a: 61 00        	<unknown>
      1c: 2e 74        	<unknown>
      1e: 62 73        	<unknown>
      20: 73 00 2e 74  	<unknown>
      24: 62 73        	<unknown>
      26: 73 65 6e 64  	csrrsi	a0, hviprio1, 28
      2a: 00 2e        	<unknown>
      2c: 63 64 61 74  	bltu	sp, t1, 0x774 <.symtab+0x774>
      30: 61 00        	<unknown>
      32: 2e 63        	<unknown>
      34: 62 73        	<unknown>
      36: 73 00 2e 73  	<unknown>
      3a: 64 61        	<unknown>
      3c: 74 61        	<unknown>
      3e: 00 2e        	<unknown>
      40: 64 61        	<unknown>
      42: 74 61        	<unknown>
      44: 00 2e        	<unknown>
      46: 73 62 73 73  	csrrsi	tp, mhpmevent23h, 6
      4a: 00 2e        	<unknown>
      4c: 62 73        	<unknown>
      4e: 73 00 2e 64  	<unknown>
      52: 72 61        	<unknown>
      54: 6d 00        	<unknown>
      56: 2e 63        	<unknown>
      58: 6f 6d 6d 65  	jal	s10, 0xd66ae <.symtab+0xd66ae>
      5c: 6e 74        	<unknown>
      5e: 00 2e        	<unknown>
      60: 72 69        	<unknown>
      62: 73 63 76 2e  	csrrsi	t1, 743, 12
      66: 61 74        	<unknown>
      68: 74 72        	<unknown>
      6a: 69 62        	<unknown>
      6c: 75 74        	<unknown>
      6e: 65 73        	<unknown>
      70: 00 2e        	<unknown>
      72: 73 79 6d 74  	csrrci	s2, 1862, 26
      76: 61 62        	<unknown>
      78: 00 2e        	<unknown>
      7a: 73 68 73 74  	csrrsi	a6, mseccfg, 6
      7e: 72 74        	<unknown>
      80: 61 62        	<unknown>
      82: 00 2e        	<unknown>
      84: 73 74 72 74  	csrrci	s0, mseccfg, 4
      88: 61 62        	<unknown>
      8a: 00           	<unknown>

Disassembly of section .strtab:

00000000 <.strtab>:
       0: 00 73        	<unknown>
       2: 6e 61        	<unknown>
       4: 78 2d        	<unknown>
       6: 64 61        	<unknown>
       8: 74 61        	<unknown>
       a: 2d 72        	<unknown>
       c: 65 73        	<unknown>
       e: 68 75        	<unknown>
      10: 66 66        	<unknown>
      12: 6c 65        	<unknown>
      14: 72 2d        	<unknown>
      16: 6c 69        	<unknown>
      18: 62 2e        	<unknown>
      1a: 63 00 24 78  	beq	s0, sp, 0x79a <.symtab+0x79a>
      1e: 2e 30        	<unknown>
      20: 00 24        	<unknown>
      22: 64 2e        	<unknown>
      24: 31 00        	<unknown>
      26: 24 78        	<unknown>
      28: 2e 32        	<unknown>
      2a: 00 24        	<unknown>
      2c: 64 2e        	<unknown>
      2e: 33 00 24 78  	<unknown>
      32: 2e 34        	<unknown>
      34: 00 24        	<unknown>
      36: 64 2e        	<unknown>
      38: 35 00        	<unknown>
      3a: 24 78        	<unknown>
      3c: 2e 36        	<unknown>
      3e: 00 24        	<unknown>
      40: 64 2e        	<unknown>
      42: 37 00 24 78  	lui	zero, 492096
      46: 2e 38        	<unknown>
      48: 00 24        	<unknown>
      4a: 64 2e        	<unknown>
      4c: 39 00        	<unknown>
      4e: 24 78        	<unknown>
      50: 2e 31        	<unknown>
      52: 30 00        	<unknown>
      54: 24 64        	<unknown>
      56: 2e 31        	<unknown>
      58: 31 00        	<unknown>
      5a: 24 78        	<unknown>
      5c: 2e 31        	<unknown>
      5e: 32 00        	<unknown>
      60: 24 64        	<unknown>
      62: 2e 31        	<unknown>
      64: 33 00 24 78  	<unknown>
      68: 2e 31        	<unknown>
      6a: 34 00        	<unknown>
      6c: 24 64        	<unknown>
      6e: 2e 31        	<unknown>
      70: 35 00        	<unknown>
      72: 24 78        	<unknown>
      74: 2e 31        	<unknown>
      76: 36 00        	<unknown>
      78: 24 64        	<unknown>
      7a: 2e 31        	<unknown>
      7c: 37 00 24 78  	lui	zero, 492096
      80: 2e 31        	<unknown>
      82: 38 00        	<unknown>
      84: 24 64        	<unknown>
      86: 2e 31        	<unknown>
      88: 39 00        	<unknown>
      8a: 24 78        	<unknown>
      8c: 2e 32        	<unknown>
      8e: 30 00        	<unknown>
      90: 24 64        	<unknown>
      92: 2e 32        	<unknown>
      94: 31 00        	<unknown>
      96: 24 78        	<unknown>
      98: 2e 32        	<unknown>
      9a: 32 00        	<unknown>
      9c: 24 64        	<unknown>
      9e: 2e 32        	<unknown>
      a0: 33 00 24 78  	<unknown>
      a4: 2e 32        	<unknown>
      a6: 34 00        	<unknown>
      a8: 24 64        	<unknown>
      aa: 2e 32        	<unknown>
      ac: 35 00        	<unknown>
      ae: 24 78        	<unknown>
      b0: 2e 32        	<unknown>
      b2: 36 00        	<unknown>
      b4: 24 64        	<unknown>
      b6: 2e 32        	<unknown>
      b8: 37 00 24 78  	lui	zero, 492096
      bc: 2e 32        	<unknown>
      be: 38 00        	<unknown>
      c0: 24 64        	<unknown>
      c2: 2e 32        	<unknown>
      c4: 39 00        	<unknown>
      c6: 24 78        	<unknown>
      c8: 2e 33        	<unknown>
      ca: 30 00        	<unknown>
      cc: 24 64        	<unknown>
      ce: 2e 33        	<unknown>
      d0: 31 00        	<unknown>
      d2: 24 78        	<unknown>
      d4: 2e 33        	<unknown>
      d6: 32 00        	<unknown>
      d8: 24 64        	<unknown>
      da: 2e 33        	<unknown>
      dc: 33 00 24 78  	<unknown>
      e0: 2e 33        	<unknown>
      e2: 34 00        	<unknown>
      e4: 24 64        	<unknown>
      e6: 2e 33        	<unknown>
      e8: 35 00        	<unknown>
      ea: 24 78        	<unknown>
      ec: 2e 33        	<unknown>
      ee: 36 00        	<unknown>
      f0: 24 64        	<unknown>
      f2: 2e 33        	<unknown>
      f4: 37 00 24 78  	lui	zero, 492096
      f8: 2e 33        	<unknown>
      fa: 38 00        	<unknown>
      fc: 24 64        	<unknown>
      fe: 2e 33        	<unknown>
     100: 39 00        	<unknown>
     102: 24 78        	<unknown>
     104: 2e 34        	<unknown>
     106: 30 00        	<unknown>
     108: 24 64        	<unknown>
     10a: 2e 34        	<unknown>
     10c: 31 00        	<unknown>
     10e: 24 78        	<unknown>
     110: 2e 34        	<unknown>
     112: 32 00        	<unknown>
     114: 24 64        	<unknown>
     116: 2e 34        	<unknown>
     118: 33 00 24 78  	<unknown>
     11c: 2e 34        	<unknown>
     11e: 34 00        	<unknown>
     120: 24 64        	<unknown>
     122: 2e 34        	<unknown>
     124: 35 00        	<unknown>
     126: 24 78        	<unknown>
     128: 2e 34        	<unknown>
     12a: 36 00        	<unknown>
     12c: 24 64        	<unknown>
     12e: 2e 34        	<unknown>
     130: 37 00 24 78  	lui	zero, 492096
     134: 2e 34        	<unknown>
     136: 38 00        	<unknown>
     138: 24 64        	<unknown>
     13a: 2e 34        	<unknown>
     13c: 39 00        	<unknown>
     13e: 24 78        	<unknown>
     140: 2e 35        	<unknown>
     142: 30 00        	<unknown>
     144: 24 64        	<unknown>
     146: 2e 35        	<unknown>
     148: 31 00        	<unknown>
     14a: 24 78        	<unknown>
     14c: 2e 35        	<unknown>
     14e: 32 00        	<unknown>
     150: 24 64        	<unknown>
     152: 2e 35        	<unknown>
     154: 33 00 24 64  	<unknown>
     158: 2e 35        	<unknown>
     15a: 34 00        	<unknown>
     15c: 24 64        	<unknown>
     15e: 2e 35        	<unknown>
     160: 35 00        	<unknown>
     162: 73 6e 72 74  	csrrsi	t3, mseccfg, 4
     166: 2e 63        	<unknown>
     168: 00 5f        	<unknown>
     16a: 6f 75 74 5f  	jal	a0, 0x47f60 <.symtab+0x47f60>
     16e: 63 68 61 72  	bltu	sp, t1, 0x89e <.symtab+0x89e>
     172: 00 5f        	<unknown>
     174: 76 73        	<unknown>
     176: 6e 70        	<unknown>
     178: 72 69        	<unknown>
     17a: 6e 74        	<unknown>
     17c: 66 00        	<unknown>
     17e: 5f 6f 75 74  	<unknown>
     182: 5f 6e 75 6c  	<unknown>
     186: 6c 00        	<unknown>
     188: 5f 66 74 6f  	<unknown>
     18c: 61 00        	<unknown>
     18e: 5f 65 74 6f  	<unknown>
     192: 61 00        	<unknown>
     194: 5f 6e 74 6f  	<unknown>
     198: 61 5f        	<unknown>
     19a: 6c 6f        	<unknown>
     19c: 6e 67        	<unknown>
     19e: 00 5f        	<unknown>
     1a0: 66 74        	<unknown>
     1a2: 6f 61 2e 70  	jal	sp, 0xe68a4 <.symtab+0xe68a4>
     1a6: 6f 77 31 30  	jal	a4, 0x17ca8 <.symtab+0x17ca8>
     1aa: 00 5f        	<unknown>
     1ac: 6f 75 74 5f  	jal	a0, 0x47fa2 <.symtab+0x47fa2>
     1b0: 62 75        	<unknown>
     1b2: 66 66        	<unknown>
     1b4: 65 72        	<unknown>
     1b6: 00 5f        	<unknown>
     1b8: 6f 75 74 5f  	jal	a0, 0x47fae <.symtab+0x47fae>
     1bc: 66 63        	<unknown>
     1be: 74 00        	<unknown>
     1c0: 73 6e 72 74  	csrrsi	t3, mseccfg, 4
     1c4: 2e 63        	<unknown>
     1c6: 72 74        	<unknown>
     1c8: 30 2e        	<unknown>
     1ca: 69 6e        	<unknown>
     1cc: 69 74        	<unknown>
     1ce: 5f 69 6e 74  	<unknown>
     1d2: 5f 72 65 67  	<unknown>
     1d6: 69 73        	<unknown>
     1d8: 74 65        	<unknown>
     1da: 72 73        	<unknown>
     1dc: 00 73        	<unknown>
     1de: 6e 72        	<unknown>
     1e0: 74 2e        	<unknown>
     1e2: 63 72 74 30  	bgeu	s0, t2, 0x4e6 <.symtab+0x4e6>
     1e6: 2e 69        	<unknown>
     1e8: 6e 69        	<unknown>
     1ea: 74 5f        	<unknown>
     1ec: 66 70        	<unknown>
     1ee: 5f 72 65 67  	<unknown>
     1f2: 69 73        	<unknown>
     1f4: 74 65        	<unknown>
     1f6: 72 73        	<unknown>
     1f8: 00 73        	<unknown>
     1fa: 6e 72        	<unknown>
     1fc: 74 2e        	<unknown>
     1fe: 63 72 74 30  	bgeu	s0, t2, 0x502 <.symtab+0x502>
     202: 2e 69        	<unknown>
     204: 6e 69        	<unknown>
     206: 74 5f        	<unknown>
     208: 67 6c 6f 62  	<unknown>
     20c: 61 6c        	<unknown>
     20e: 5f 70 6f 69  	<unknown>
     212: 6e 74        	<unknown>
     214: 65 72        	<unknown>
     216: 00 73        	<unknown>
     218: 6e 72        	<unknown>
     21a: 74 2e        	<unknown>
     21c: 63 72 74 30  	bgeu	s0, t2, 0x520 <.symtab+0x520>
     220: 2e 69        	<unknown>
     222: 6e 69        	<unknown>
     224: 74 5f        	<unknown>
     226: 63 6f 72 65  	bltu	tp, s7, 0x884 <.symtab+0x884>
     22a: 5f 69 6e 66  	<unknown>
     22e: 6f 00 73 6e  	j	0x31114 <.symtab+0x31114>
     232: 72 74        	<unknown>
     234: 2e 63        	<unknown>
     236: 72 74        	<unknown>
     238: 30 2e        	<unknown>
     23a: 69 6e        	<unknown>
     23c: 69 74        	<unknown>
     23e: 5f 63 6c 73  	<unknown>
     242: 00 73        	<unknown>
     244: 6e 72        	<unknown>
     246: 74 2e        	<unknown>
     248: 63 72 74 30  	bgeu	s0, t2, 0x54c <.symtab+0x54c>
     24c: 2e 69        	<unknown>
     24e: 6e 69        	<unknown>
     250: 74 5f        	<unknown>
     252: 73 74 61 63  	csrrci	s0, 1590, 2
     256: 6b 00 73 6e  	<unknown>
     25a: 72 74        	<unknown>
     25c: 2e 63        	<unknown>
     25e: 72 74        	<unknown>
     260: 30 2e        	<unknown>
     262: 69 6e        	<unknown>
     264: 69 74        	<unknown>
     266: 5f 74 6c 73  	<unknown>
     26a: 00 73        	<unknown>
     26c: 6e 72        	<unknown>
     26e: 74 2e        	<unknown>
     270: 63 72 74 30  	bgeu	s0, t2, 0x574 <.symtab+0x574>
     274: 2e 6d        	<unknown>
     276: 61 69        	<unknown>
     278: 6e 00        	<unknown>
     27a: 73 6e 72 74  	csrrsi	t3, mseccfg, 4
     27e: 2e 63        	<unknown>
     280: 72 74        	<unknown>
     282: 30 2e        	<unknown>
     284: 65 6e        	<unknown>
     286: 64 00        	<unknown>
     288: 73 6e 61 78  	csrrsi	t3, 1926, 2
     28c: 2d 64        	<unknown>
     28e: 61 74        	<unknown>
     290: 61 2d        	<unknown>
     292: 72 65        	<unknown>
     294: 73 68 75 66  	csrrsi	a6, 1639, 10
     298: 66 6c        	<unknown>
     29a: 65 72        	<unknown>
     29c: 2e 63        	<unknown>
     29e: 00 24        	<unknown>
     2a0: 78 2e        	<unknown>
     2a2: 30 00        	<unknown>
     2a4: 24 64        	<unknown>
     2a6: 2e 31        	<unknown>
     2a8: 00 24        	<unknown>
     2aa: 64 2e        	<unknown>
     2ac: 32 00        	<unknown>
     2ae: 24 64        	<unknown>
     2b0: 2e 33        	<unknown>
     2b2: 00 24        	<unknown>
     2b4: 64 2e        	<unknown>
     2b6: 34 00        	<unknown>
     2b8: 24 64        	<unknown>
     2ba: 2e 35        	<unknown>
     2bc: 00 24        	<unknown>
     2be: 64 2e        	<unknown>
     2c0: 36 00        	<unknown>
     2c2: 73 65 74 5f  	csrrsi	a0, 1527, 8
     2c6: 64 61        	<unknown>
     2c8: 74 61        	<unknown>
     2ca: 5f 72 65 73  	<unknown>
     2ce: 68 75        	<unknown>
     2d0: 66 66        	<unknown>
     2d2: 6c 65        	<unknown>
     2d4: 72 5f        	<unknown>
     2d6: 63 73 72 00  	bgeu	tp, t2, 0x2dc <.symtab+0x2dc>
     2da: 5f 63 6c 73  	<unknown>
     2de: 5f 70 74 72  	<unknown>
     2e2: 00 73        	<unknown>
     2e4: 74 61        	<unknown>
     2e6: 72 74        	<unknown>
     2e8: 5f 73 74 72  	<unknown>
     2ec: 65 61        	<unknown>
     2ee: 6d 65        	<unknown>
     2f0: 72 00        	<unknown>
     2f2: 77 61 69 74  	<unknown>
     2f6: 5f 73 74 72  	<unknown>
     2fa: 65 61        	<unknown>
     2fc: 6d 65        	<unknown>
     2fe: 72 00        	<unknown>
     300: 73 65 74 5f  	csrrsi	a0, 1527, 8
     304: 64 61        	<unknown>
     306: 74 61        	<unknown>
     308: 5f 72 65 73  	<unknown>
     30c: 68 75        	<unknown>
     30e: 66 66        	<unknown>
     310: 6c 65        	<unknown>
     312: 72 00        	<unknown>
     314: 73 74 61 72  	csrrci	s0, mhpmevent6h, 2
     318: 74 5f        	<unknown>
     31a: 64 61        	<unknown>
     31c: 74 61        	<unknown>
     31e: 5f 72 65 73  	<unknown>
     322: 68 75        	<unknown>
     324: 66 66        	<unknown>
     326: 6c 65        	<unknown>
     328: 72 00        	<unknown>
     32a: 77 61 69 74  	<unknown>
     32e: 5f 64 61 74  	<unknown>
     332: 61 5f        	<unknown>
     334: 72 65        	<unknown>
     336: 73 68 75 66  	csrrsi	a6, 1639, 10
     33a: 66 6c        	<unknown>
     33c: 65 72        	<unknown>
     33e: 00 72        	<unknown>
     340: 65 61        	<unknown>
     342: 64 5f        	<unknown>
     344: 64 61        	<unknown>
     346: 74 61        	<unknown>
     348: 5f 72 65 73  	<unknown>
     34c: 68 75        	<unknown>
     34e: 66 66        	<unknown>
     350: 6c 65        	<unknown>
     352: 72 5f        	<unknown>
     354: 70 65        	<unknown>
     356: 72 66        	<unknown>
     358: 5f 63 6f 75  	<unknown>
     35c: 6e 74        	<unknown>
     35e: 65 72        	<unknown>
     360: 00 6c        	<unknown>
     362: 6f 61 64 5f  	jal	sp, 0x46958 <.symtab+0x46958>
     366: 64 61        	<unknown>
     368: 74 61        	<unknown>
     36a: 5f 72 65 73  	<unknown>
     36e: 68 75        	<unknown>
     370: 66 66        	<unknown>
     372: 6c 65        	<unknown>
     374: 72 5f        	<unknown>
     376: 74 65        	<unknown>
     378: 73 74 5f 64  	csrrci	s0, hvip, 30
     37c: 61 74        	<unknown>
     37e: 61 00        	<unknown>
     380: 63 68 65 63  	bltu	a0, s6, 0x9b0 <.symtab+0x9b0>
     384: 6b 5f 64 61  	<unknown>
     388: 74 61        	<unknown>
     38a: 5f 72 65 73  	<unknown>
     38e: 68 75        	<unknown>
     390: 66 66        	<unknown>
     392: 6c 65        	<unknown>
     394: 72 5f        	<unknown>
     396: 72 65        	<unknown>
     398: 73 75 6c 74  	csrrci	a0, 1862, 24
     39c: 00 70        	<unknown>
     39e: 72 69        	<unknown>
     3a0: 6e 74        	<unknown>
     3a2: 66 5f        	<unknown>
     3a4: 00 6c        	<unknown>
     3a6: 6f 61 64 5f  	jal	sp, 0x4699c <.symtab+0x4699c>
     3aa: 61 5f        	<unknown>
     3ac: 63 68 72 75  	bltu	tp, s7, 0xafc <.symtab+0xafc>
     3b0: 6e 6b        	<unknown>
     3b2: 5f 6f 66 5f  	<unknown>
     3b6: 64 61        	<unknown>
     3b8: 74 61        	<unknown>
     3ba: 00 74        	<unknown>
     3bc: 65 73        	<unknown>
     3be: 74 5f        	<unknown>
     3c0: 61 5f        	<unknown>
     3c2: 63 68 72 75  	bltu	tp, s7, 0xb12 <.symtab+0xb12>
     3c6: 6e 6b        	<unknown>
     3c8: 5f 6f 66 5f  	<unknown>
     3cc: 64 61        	<unknown>
     3ce: 74 61        	<unknown>
     3d0: 00 5f        	<unknown>
     3d2: 73 74 61 72  	csrrci	s0, mhpmevent6h, 2
     3d6: 74 00        	<unknown>
     3d8: 74 6f        	<unknown>
     3da: 68 6f        	<unknown>
     3dc: 73 74 00 66  	csrrci	s0, 1632, 0
     3e0: 72 6f        	<unknown>
     3e2: 6d 68        	<unknown>
     3e4: 6f 73 74 00  	jal	t1, 0x47bea <.symtab+0x47bea>
     3e8: 73 6e 72 74  	csrrsi	t3, mseccfg, 4
     3ec: 5f 6c 31 5f  	<unknown>
     3f0: 6e 65        	<unknown>
     3f2: 78 74        	<unknown>
     3f4: 00 73        	<unknown>
     3f6: 6e 72        	<unknown>
     3f8: 74 5f        	<unknown>
     3fa: 6c 33        	<unknown>
     3fc: 5f 6e 65 78  	<unknown>
     400: 74 00        	<unknown>
     402: 6c 33        	<unknown>
     404: 5f 61 6c 6c  	<unknown>
     408: 6f 63 61 74  	jal	t1, 0x16b4e <.symtab+0x16b4e>
     40c: 6f 72 00 73  	jal	tp, 0x7b3c <.symtab+0x7b3c>
     410: 6e 72        	<unknown>
     412: 74 5f        	<unknown>
     414: 6c 31        	<unknown>
     416: 61 6c        	<unknown>
     418: 6c 6f        	<unknown>
     41a: 63 00 73 6e  	beq	t1, t2, 0xafa <.symtab+0xafa>
     41e: 72 74        	<unknown>
     420: 5f 6c 33 61  	<unknown>
     424: 6c 6c        	<unknown>
     426: 6f 63 00 73  	jal	t1, 0x6b56 <.symtab+0x6b56>
     42a: 6e 72        	<unknown>
     42c: 74 5f        	<unknown>
     42e: 6c 31        	<unknown>
     430: 5f 75 70 64  	<unknown>
     434: 61 74        	<unknown>
     436: 65 5f        	<unknown>
     438: 6e 65        	<unknown>
     43a: 78 74        	<unknown>
     43c: 00 73        	<unknown>
     43e: 6e 72        	<unknown>
     440: 74 5f        	<unknown>
     442: 61 6c        	<unknown>
     444: 6c 6f        	<unknown>
     446: 63 5f 69 6e  	bge	s2, t1, 0xb44 <.symtab+0xb44>
     44a: 69 74        	<unknown>
     44c: 00 5f        	<unknown>
     44e: 65 64        	<unknown>
     450: 72 61        	<unknown>
     452: 6d 00        	<unknown>
     454: 73 6e 72 74  	csrrsi	t3, mseccfg, 4
     458: 5f 69 6e 74  	<unknown>
     45c: 5f 63 6c 75  	<unknown>
     460: 73 74 65 72  	csrrci	s0, mhpmevent6h, 10
     464: 5f 73 65 74  	<unknown>
     468: 00 73        	<unknown>
     46a: 6e 72        	<unknown>
     46c: 74 5f        	<unknown>
     46e: 69 6e        	<unknown>
     470: 74 5f        	<unknown>
     472: 63 6c 75 73  	bltu	a0, s7, 0xbaa <.symtab+0xbaa>
     476: 74 65        	<unknown>
     478: 72 5f        	<unknown>
     47a: 63 6c 72 00  	bltu	tp, t2, 0x492 <.symtab+0x492>
     47e: 73 6e 72 74  	csrrsi	t3, mseccfg, 4
     482: 5f 69 6e 74  	<unknown>
     486: 5f 63 6c 72  	<unknown>
     48a: 5f 6d 63 69  	<unknown>
     48e: 70 00        	<unknown>
     490: 73 6e 72 74  	csrrsi	t3, mseccfg, 4
     494: 5f 69 6e 74  	<unknown>
     498: 5f 73 65 74  	<unknown>
     49c: 5f 6d 63 69  	<unknown>
     4a0: 70 00        	<unknown>
     4a2: 73 6e 72 74  	csrrsi	t3, mseccfg, 4
     4a6: 5f 64 6d 61  	<unknown>
     4aa: 5f 73 74 61  	<unknown>
     4ae: 72 74        	<unknown>
     4b0: 5f 31 64 5f  	<unknown>
     4b4: 77 69 64 65  	<unknown>
     4b8: 70 74        	<unknown>
     4ba: 72 00        	<unknown>
     4bc: 73 6e 72 74  	csrrsi	t3, mseccfg, 4
     4c0: 5f 64 6d 61  	<unknown>
     4c4: 5f 73 74 61  	<unknown>
     4c8: 72 74        	<unknown>
     4ca: 5f 31 64 00  	<unknown>
     4ce: 73 6e 72 74  	csrrsi	t3, mseccfg, 4
     4d2: 5f 64 6d 61  	<unknown>
     4d6: 5f 73 74 61  	<unknown>
     4da: 72 74        	<unknown>
     4dc: 5f 32 64 5f  	<unknown>
     4e0: 77 69 64 65  	<unknown>
     4e4: 70 74        	<unknown>
     4e6: 72 00        	<unknown>
     4e8: 73 6e 72 74  	csrrsi	t3, mseccfg, 4
     4ec: 5f 64 6d 61  	<unknown>
     4f0: 5f 73 74 61  	<unknown>
     4f4: 72 74        	<unknown>
     4f6: 5f 32 64 00  	<unknown>
     4fa: 73 6e 72 74  	csrrsi	t3, mseccfg, 4
     4fe: 5f 64 6d 61  	<unknown>
     502: 5f 77 61 69  	<unknown>
     506: 74 00        	<unknown>
     508: 73 6e 72 74  	csrrsi	t3, mseccfg, 4
     50c: 5f 64 6d 61  	<unknown>
     510: 5f 77 61 69  	<unknown>
     514: 74 5f        	<unknown>
     516: 61 6c        	<unknown>
     518: 6c 00        	<unknown>
     51a: 65 75        	<unknown>
     51c: 5f 69 6e 69  	<unknown>
     520: 74 00        	<unknown>
     522: 65 75        	<unknown>
     524: 5f 70 5f 67  	<unknown>
     528: 6c 6f        	<unknown>
     52a: 62 61        	<unknown>
     52c: 6c 00        	<unknown>
     52e: 65 75        	<unknown>
     530: 5f 70 00 65  	<unknown>
     534: 75 5f        	<unknown>
     536: 65 78        	<unknown>
     538: 69 74        	<unknown>
     53a: 00 65        	<unknown>
     53c: 75 5f        	<unknown>
     53e: 67 65 74 5f  	<unknown>
     542: 77 6f 72 6b  	<unknown>
     546: 65 72        	<unknown>
     548: 73 5f 69 6e  	csrrwi	t5, 1766, 18
     54c: 5f 6c 6f 6f  	<unknown>
     550: 70 00        	<unknown>
     552: 65 75        	<unknown>
     554: 5f 67 65 74  	<unknown>
     558: 5f 77 6f 72  	<unknown>
     55c: 6b 65 72 73  	<unknown>
     560: 5f 69 6e 5f  	<unknown>
     564: 77 66 69 00  	<unknown>
     568: 65 75        	<unknown>
     56a: 5f 70 72 69  	<unknown>
     56e: 6e 74        	<unknown>
     570: 5f 73 74 61  	<unknown>
     574: 74 75        	<unknown>
     576: 73 00 65 75  	<unknown>
     57a: 5f 65 76 65  	<unknown>
     57e: 6e 74        	<unknown>
     580: 5f 6c 6f 6f  	<unknown>
     584: 70 00        	<unknown>
     586: 65 75        	<unknown>
     588: 5f 64 69 73  	<unknown>
     58c: 70 61        	<unknown>
     58e: 74 63        	<unknown>
     590: 68 5f        	<unknown>
     592: 70 75        	<unknown>
     594: 73 68 00 65  	csrrsi	a6, 1616, 0
     598: 75 5f        	<unknown>
     59a: 72 75        	<unknown>
     59c: 6e 5f        	<unknown>
     59e: 65 6d        	<unknown>
     5a0: 70 74        	<unknown>
     5a2: 79 00        	<unknown>
     5a4: 65 75        	<unknown>
     5a6: 5f 6d 75 74  	<unknown>
     5aa: 65 78        	<unknown>
     5ac: 5f 6c 6f 63  	<unknown>
     5b0: 6b 00 65 75  	<unknown>
     5b4: 5f 6d 75 74  	<unknown>
     5b8: 65 78        	<unknown>
     5ba: 5f 72 65 6c  	<unknown>
     5be: 65 61        	<unknown>
     5c0: 73 65 00 73  	csrrsi	a0, mhpmevent16h, 0
     5c4: 6e 72        	<unknown>
     5c6: 74 5f        	<unknown>
     5c8: 6d 75        	<unknown>
     5ca: 74 65        	<unknown>
     5cc: 78 00        	<unknown>
     5ce: 5f 73 6e 72  	<unknown>
     5d2: 74 5f        	<unknown>
     5d4: 6d 75        	<unknown>
     5d6: 74 65        	<unknown>
     5d8: 78 00        	<unknown>
     5da: 73 6e 72 74  	csrrsi	t3, mseccfg, 4
     5de: 5f 6d 75 74  	<unknown>
     5e2: 65 78        	<unknown>
     5e4: 5f 61 63 71  	<unknown>
     5e8: 75 69        	<unknown>
     5ea: 72 65        	<unknown>
     5ec: 00 73        	<unknown>
     5ee: 6e 72        	<unknown>
     5f0: 74 5f        	<unknown>
     5f2: 6d 75        	<unknown>
     5f4: 74 65        	<unknown>
     5f6: 78 5f        	<unknown>
     5f8: 74 74        	<unknown>
     5fa: 61 73        	<unknown>
     5fc: 5f 61 63 71  	<unknown>
     600: 75 69        	<unknown>
     602: 72 65        	<unknown>
     604: 00 73        	<unknown>
     606: 6e 72        	<unknown>
     608: 74 5f        	<unknown>
     60a: 6d 75        	<unknown>
     60c: 74 65        	<unknown>
     60e: 78 5f        	<unknown>
     610: 72 65        	<unknown>
     612: 6c 65        	<unknown>
     614: 61 73        	<unknown>
     616: 65 00        	<unknown>
     618: 73 6e 72 74  	csrrsi	t3, mseccfg, 4
     61c: 5f 63 6c 75  	<unknown>
     620: 73 74 65 72  	csrrci	s0, mhpmevent6h, 10
     624: 5f 68 77 5f  	<unknown>
     628: 62 61        	<unknown>
     62a: 72 72        	<unknown>
     62c: 69 65        	<unknown>
     62e: 72 00        	<unknown>
     630: 73 6e 72 74  	csrrsi	t3, mseccfg, 4
     634: 5f 67 6c 6f  	<unknown>
     638: 62 61        	<unknown>
     63a: 6c 5f        	<unknown>
     63c: 62 61        	<unknown>
     63e: 72 72        	<unknown>
     640: 69 65        	<unknown>
     642: 72 00        	<unknown>
     644: 5f 73 6e 72  	<unknown>
     648: 74 5f        	<unknown>
     64a: 62 61        	<unknown>
     64c: 72 72        	<unknown>
     64e: 69 65        	<unknown>
     650: 72 00        	<unknown>
     652: 73 6e 72 74  	csrrsi	t3, mseccfg, 4
     656: 5f 70 61 72  	<unknown>
     65a: 74 69        	<unknown>
     65c: 61 6c        	<unknown>
     65e: 5f 62 61 72  	<unknown>
     662: 72 69        	<unknown>
     664: 65 72        	<unknown>
     666: 00 73        	<unknown>
     668: 6e 72        	<unknown>
     66a: 74 5f        	<unknown>
     66c: 67 6c 6f 62  	<unknown>
     670: 61 6c        	<unknown>
     672: 5f 72 65 64  	<unknown>
     676: 75 63        	<unknown>
     678: 74 69        	<unknown>
     67a: 6f 6e 5f 64  	jal	t3, 0xf74be <.symtab+0xf74be>
     67e: 6d 61        	<unknown>
     680: 00 73        	<unknown>
     682: 6e 72        	<unknown>
     684: 74 5f        	<unknown>
     686: 67 6c 6f 62  	<unknown>
     68a: 61 6c        	<unknown>
     68c: 5f 61 6c 6c  	<unknown>
     690: 5f 74 6f 5f  	<unknown>
     694: 61 6c        	<unknown>
     696: 6c 5f        	<unknown>
     698: 72 65        	<unknown>
     69a: 64 75        	<unknown>
     69c: 63 74 69 6f  	bgeu	s2, s6, 0xd84 <.symtab+0xd84>
     6a0: 6e 00        	<unknown>
     6a2: 5f 72 65 64  	<unknown>
     6a6: 75 63        	<unknown>
     6a8: 74 69        	<unknown>
     6aa: 6f 6e 5f 72  	jal	t3, 0xf75ce <.symtab+0xf75ce>
     6ae: 65 73        	<unknown>
     6b0: 75 6c        	<unknown>
     6b2: 74 00        	<unknown>
     6b4: 73 6e 72 74  	csrrsi	t3, mseccfg, 4
     6b8: 5f 68 61 72  	<unknown>
     6bc: 74 69        	<unknown>
     6be: 64 00        	<unknown>
     6c0: 73 6e 72 74  	csrrsi	t3, mseccfg, 4
     6c4: 5f 67 6c 6f  	<unknown>
     6c8: 62 61        	<unknown>
     6ca: 6c 5f        	<unknown>
     6cc: 63 6f 72 65  	bltu	tp, s7, 0xd2a <.symtab+0xd2a>
     6d0: 5f 62 61 73  	<unknown>
     6d4: 65 5f        	<unknown>
     6d6: 68 61        	<unknown>
     6d8: 72 74        	<unknown>
     6da: 69 64        	<unknown>
     6dc: 00 73        	<unknown>
     6de: 6e 72        	<unknown>
     6e0: 74 5f        	<unknown>
     6e2: 67 6c 6f 62  	<unknown>
     6e6: 61 6c        	<unknown>
     6e8: 5f 63 6f 72  	<unknown>
     6ec: 65 5f        	<unknown>
     6ee: 69 64        	<unknown>
     6f0: 78 00        	<unknown>
     6f2: 73 6e 72 74  	csrrsi	t3, mseccfg, 4
     6f6: 5f 67 6c 6f  	<unknown>
     6fa: 62 61        	<unknown>
     6fc: 6c 5f        	<unknown>
     6fe: 63 6f 72 65  	bltu	tp, s7, 0xd5c <.symtab+0xd5c>
     702: 5f 6e 75 6d  	<unknown>
     706: 00 73        	<unknown>
     708: 6e 72        	<unknown>
     70a: 74 5f        	<unknown>
     70c: 63 6c 75 73  	bltu	a0, s7, 0xe44 <.symtab+0xe44>
     710: 74 65        	<unknown>
     712: 72 5f        	<unknown>
     714: 69 64        	<unknown>
     716: 78 00        	<unknown>
     718: 73 6e 72 74  	csrrsi	t3, mseccfg, 4
     71c: 5f 63 6c 75  	<unknown>
     720: 73 74 65 72  	csrrci	s0, mhpmevent6h, 10
     724: 5f 6e 75 6d  	<unknown>
     728: 00 73        	<unknown>
     72a: 6e 72        	<unknown>
     72c: 74 5f        	<unknown>
     72e: 63 6c 75 73  	bltu	a0, s7, 0xe66 <.symtab+0xe66>
     732: 74 65        	<unknown>
     734: 72 5f        	<unknown>
     736: 63 6f 72 65  	bltu	tp, s7, 0xd94 <.symtab+0xd94>
     73a: 5f 69 64 78  	<unknown>
     73e: 00 73        	<unknown>
     740: 6e 72        	<unknown>
     742: 74 5f        	<unknown>
     744: 63 6c 75 73  	bltu	a0, s7, 0xe7c <.symtab+0xe7c>
     748: 74 65        	<unknown>
     74a: 72 5f        	<unknown>
     74c: 63 6f 72 65  	bltu	tp, s7, 0xdaa <.symtab+0xdaa>
     750: 5f 6e 75 6d  	<unknown>
     754: 00 73        	<unknown>
     756: 6e 72        	<unknown>
     758: 74 5f        	<unknown>
     75a: 63 6c 75 73  	bltu	a0, s7, 0xe92 <.symtab+0xe92>
     75e: 74 65        	<unknown>
     760: 72 5f        	<unknown>
     762: 63 6f 6d 70  	bltu	s10, t1, 0xe80 <.symtab+0xe80>
     766: 75 74        	<unknown>
     768: 65 5f        	<unknown>
     76a: 63 6f 72 65  	bltu	tp, s7, 0xdc8 <.symtab+0xdc8>
     76e: 5f 6e 75 6d  	<unknown>
     772: 00 73        	<unknown>
     774: 6e 72        	<unknown>
     776: 74 5f        	<unknown>
     778: 69 73        	<unknown>
     77a: 5f 63 6f 6d  	<unknown>
     77e: 70 75        	<unknown>
     780: 74 65        	<unknown>
     782: 5f 63 6f 72  	<unknown>
     786: 65 00        	<unknown>
     788: 73 6e 72 74  	csrrsi	t3, mseccfg, 4
     78c: 5f 69 73 5f  	<unknown>
     790: 64 6d        	<unknown>
     792: 5f 63 6f 72  	<unknown>
     796: 65 00        	<unknown>
     798: 73 6e 72 74  	csrrsi	t3, mseccfg, 4
     79c: 5f 63 6c 75  	<unknown>
     7a0: 73 74 65 72  	csrrci	s0, mhpmevent6h, 10
     7a4: 5f 64 6d 5f  	<unknown>
     7a8: 63 6f 72 65  	bltu	tp, s7, 0xe06 <.symtab+0xe06>
     7ac: 5f 6e 75 6d  	<unknown>
     7b0: 00 73        	<unknown>
     7b2: 6e 72        	<unknown>
     7b4: 74 5f        	<unknown>
     7b6: 70 75        	<unknown>
     7b8: 74 63        	<unknown>
     7ba: 68 61        	<unknown>
     7bc: 72 00        	<unknown>
     7be: 73 70 72 69  	csrci	1687, 4
     7c2: 6e 74        	<unknown>
     7c4: 66 5f        	<unknown>
     7c6: 00 73        	<unknown>
     7c8: 6e 70        	<unknown>
     7ca: 72 69        	<unknown>
     7cc: 6e 74        	<unknown>
     7ce: 66 5f        	<unknown>
     7d0: 00 76        	<unknown>
     7d2: 70 72        	<unknown>
     7d4: 69 6e        	<unknown>
     7d6: 74 66        	<unknown>
     7d8: 5f 00 76 73  	<unknown>
     7dc: 6e 70        	<unknown>
     7de: 72 69        	<unknown>
     7e0: 6e 74        	<unknown>
     7e2: 66 5f        	<unknown>
     7e4: 00 66        	<unknown>
     7e6: 63 74 70 72  	bgeu	zero, t2, 0xf0e <.symtab+0xf0e>
     7ea: 69 6e        	<unknown>
     7ec: 74 66        	<unknown>
     7ee: 00 73        	<unknown>
     7f0: 6e 72        	<unknown>
     7f2: 74 5f        	<unknown>
     7f4: 6d 61        	<unknown>
     7f6: 69 6e        	<unknown>
     7f8: 00 5f        	<unknown>
     7fa: 5f 74 64 61  	<unknown>
     7fe: 74 61        	<unknown>
     800: 5f 73 74 61  	<unknown>
     804: 72 74        	<unknown>
     806: 00 5f        	<unknown>
     808: 5f 74 64 61  	<unknown>
     80c: 74 61        	<unknown>
     80e: 5f 65 6e 64  	<unknown>
     812: 00 5f        	<unknown>
     814: 5f 62 73 73  	<unknown>
     818: 5f 73 74 61  	<unknown>
     81c: 72 74        	<unknown>
     81e: 00 5f        	<unknown>
     820: 5f 62 73 73  	<unknown>
     824: 5f 65 6e 64  	<unknown>
     828: 00 5f        	<unknown>
     82a: 5f 63 64 61  	<unknown>
     82e: 74 61        	<unknown>
     830: 5f 73 74 61  	<unknown>
     834: 72 74        	<unknown>
     836: 00 5f        	<unknown>
     838: 5f 63 64 61  	<unknown>
     83c: 74 61        	<unknown>
     83e: 5f 65 6e 64  	<unknown>
     842: 00 5f        	<unknown>
     844: 5f 63 62 73  	<unknown>
     848: 73 5f 65 6e  	csrrwi	t5, 1766, 10
     84c: 64 00        	<unknown>
     84e: 5f 5f 63 62  	<unknown>
     852: 73 73 5f 73  	csrrci	t1, mhpmevent21h, 30
     856: 74 61        	<unknown>
     858: 72 74        	<unknown>
     85a: 00 6d        	<unknown>
     85c: 61 69        	<unknown>
     85e: 6e 00        	<unknown>
     860: 5f 5f 74 62  	<unknown>
     864: 73 73 5f 73  	csrrci	t1, mhpmevent21h, 30
     868: 74 61        	<unknown>
     86a: 72 74        	<unknown>
     86c: 00 5f        	<unknown>
     86e: 5f 74 62 73  	<unknown>
     872: 73 5f 65 6e  	csrrwi	t5, 1766, 10
     876: 64 00        	<unknown>
     878: 5f 63 6c 73  	<unknown>
     87c: 00 5f        	<unknown>
     87e: 5f 67 6c 6f  	<unknown>
     882: 62 61        	<unknown>
     884: 6c 5f        	<unknown>
     886: 70 6f        	<unknown>
     888: 69 6e        	<unknown>
     88a: 74 65        	<unknown>
     88c: 72 24        	<unknown>
     88e: 00 64        	<unknown>
     890: 65 6c        	<unknown>
     892: 74 61        	<unknown>
     894: 5f 6c 6f 63  	<unknown>
     898: 61 6c        	<unknown>
     89a: 5f 6f 75 74  	<unknown>
     89e: 00 64        	<unknown>
     8a0: 65 6c        	<unknown>
     8a2: 74 61        	<unknown>
     8a4: 5f 6c 6f 63  	<unknown>
     8a8: 61 6c        	<unknown>
     8aa: 5f 69 6e 00  	<unknown>
     8ae: 69 6e        	<unknown>
     8b0: 70 75        	<unknown>
     8b2: 74 5f        	<unknown>
     8b4: 64 61        	<unknown>
     8b6: 74 61        	<unknown>
     8b8: 5f 6c 65 6e  	<unknown>
     8bc: 00 44        	<unknown>
     8be: 61 74        	<unknown>
     8c0: 61 49        	<unknown>
     8c2: 6e 00        	<unknown>
     8c4: 74 65        	<unknown>
     8c6: 6d 70        	<unknown>
     8c8: 4c 6f        	<unknown>
     8ca: 6f 70 30 5f  	j	0x86bc <.symtab+0x86bc>
     8ce: 69 6e        	<unknown>
     8d0: 00 74        	<unknown>
     8d2: 65 6d        	<unknown>
     8d4: 70 4c        	<unknown>
     8d6: 6f 6f 70 31  	jal	t5, 0x73ec <.symtab+0x73ec>
     8da: 5f 69 6e 00  	<unknown>
     8de: 74 65        	<unknown>
     8e0: 6d 70        	<unknown>
     8e2: 4c 6f        	<unknown>
     8e4: 6f 70 32 5f  	j	0x286d6 <.symtab+0x286d6>
     8e8: 69 6e        	<unknown>
     8ea: 00 74        	<unknown>
     8ec: 65 6d        	<unknown>
     8ee: 70 4c        	<unknown>
     8f0: 6f 6f 70 33  	jal	t5, 0x7426 <.symtab+0x7426>
     8f4: 5f 69 6e 00  	<unknown>
     8f8: 74 65        	<unknown>
     8fa: 6d 70        	<unknown>
     8fc: 4c 6f        	<unknown>
     8fe: 6f 70 34 5f  	j	0x486f0 <.symtab+0x486f0>
     902: 69 6e        	<unknown>
     904: 00 74        	<unknown>
     906: 65 6d        	<unknown>
     908: 70 53        	<unknown>
     90a: 74 72        	<unknown>
     90c: 69 64        	<unknown>
     90e: 65 30        	<unknown>
     910: 5f 69 6e 00  	<unknown>
     914: 74 65        	<unknown>
     916: 6d 70        	<unknown>
     918: 53 74 72 69  	<unknown>
     91c: 64 65        	<unknown>
     91e: 31 5f        	<unknown>
     920: 69 6e        	<unknown>
     922: 00 74        	<unknown>
     924: 65 6d        	<unknown>
     926: 70 53        	<unknown>
     928: 74 72        	<unknown>
     92a: 69 64        	<unknown>
     92c: 65 32        	<unknown>
     92e: 5f 69 6e 00  	<unknown>
     932: 74 65        	<unknown>
     934: 6d 70        	<unknown>
     936: 53 74 72 69  	<unknown>
     93a: 64 65        	<unknown>
     93c: 33 5f 69 6e  	<unknown>
     940: 00 74        	<unknown>
     942: 65 6d        	<unknown>
     944: 70 53        	<unknown>
     946: 74 72        	<unknown>
     948: 69 64        	<unknown>
     94a: 65 34        	<unknown>
     94c: 5f 69 6e 00  	<unknown>
     950: 73 70 61 74  	csrci	1862, 2
     954: 69 61        	<unknown>
     956: 6c 53        	<unknown>
     958: 74 72        	<unknown>
     95a: 69 64        	<unknown>
     95c: 65 31        	<unknown>
     95e: 5f 69 6e 00  	<unknown>
     962: 74 65        	<unknown>
     964: 6d 70        	<unknown>
     966: 4c 6f        	<unknown>
     968: 6f 70 30 5f  	j	0x875a <.symtab+0x875a>
     96c: 6f 75 74 00  	jal	a0, 0x48172 <.symtab+0x48172>
     970: 74 65        	<unknown>
     972: 6d 70        	<unknown>
     974: 4c 6f        	<unknown>
     976: 6f 70 31 5f  	j	0x18768 <.symtab+0x18768>
     97a: 6f 75 74 00  	jal	a0, 0x48180 <.symtab+0x48180>
     97e: 74 65        	<unknown>
     980: 6d 70        	<unknown>
     982: 4c 6f        	<unknown>
     984: 6f 70 32 5f  	j	0x28776 <.symtab+0x28776>
     988: 6f 75 74 00  	jal	a0, 0x4818e <.symtab+0x4818e>
     98c: 74 65        	<unknown>
     98e: 6d 70        	<unknown>
     990: 53 74 72 69  	<unknown>
     994: 64 65        	<unknown>
     996: 30 5f        	<unknown>
     998: 6f 75 74 00  	jal	a0, 0x4819e <.symtab+0x4819e>
     99c: 74 65        	<unknown>
     99e: 6d 70        	<unknown>
     9a0: 53 74 72 69  	<unknown>
     9a4: 64 65        	<unknown>
     9a6: 31 5f        	<unknown>
     9a8: 6f 75 74 00  	jal	a0, 0x481ae <.symtab+0x481ae>
     9ac: 74 65        	<unknown>
     9ae: 6d 70        	<unknown>
     9b0: 53 74 72 69  	<unknown>
     9b4: 64 65        	<unknown>
     9b6: 32 5f        	<unknown>
     9b8: 6f 75 74 00  	jal	a0, 0x481be <.symtab+0x481be>
     9bc: 73 70 61 74  	csrci	1862, 2
     9c0: 69 61        	<unknown>
     9c2: 6c 53        	<unknown>
     9c4: 74 72        	<unknown>
     9c6: 69 64        	<unknown>
     9c8: 65 31        	<unknown>
     9ca: 5f 6f 75 74  	<unknown>
     9ce: 00 54        	<unknown>
     9d0: 6c 6f        	<unknown>
     9d2: 6f 70 4c 65  	j	0xc8026 <.symtab+0xc8026>
     9d6: 6e 00        	<unknown>
     9d8: 72 65        	<unknown>
     9da: 64 75        	<unknown>
     9dc: 63 65 4c 65  	bltu	s8, s4, 0x1026 <.symtab+0x1026>
     9e0: 6e 00        	<unknown>
     9e2: 6f 70 63 6f  	j	0x380d8 <.symtab+0x380d8>
     9e6: 64 65        	<unknown>
     9e8: 00 6f        	<unknown>
     9ea: 75 74        	<unknown>
     9ec: 70 75        	<unknown>
     9ee: 74 5f        	<unknown>
     9f0: 64 61        	<unknown>
     9f2: 74 61        	<unknown>
     9f4: 5f 6c 65 6e  	<unknown>
     9f8: 00 43        	<unknown>
     9fa: 5f 67 6f 6c  	<unknown>
     9fe: 64 65        	<unknown>
     a00: 6e 00        	<unknown>
     a02: 44 4d        	<unknown>
     a04: 41 74        	<unknown>
     a06: 65 6d        	<unknown>
     a08: 70 53        	<unknown>
     a0a: 74 72        	<unknown>
     a0c: 69 64        	<unknown>
     a0e: 65 30        	<unknown>
     a10: 5f 69 6e 00  	<unknown>
     a14: 44 4d        	<unknown>
     a16: 41 74        	<unknown>
     a18: 65 6d        	<unknown>
     a1a: 70 53        	<unknown>
     a1c: 74 72        	<unknown>
     a1e: 69 64        	<unknown>
     a20: 65 31        	<unknown>
     a22: 5f 69 6e 00  	<unknown>
     a26: 44 4d        	<unknown>
     a28: 41 73        	<unknown>
     a2a: 70 61        	<unknown>
     a2c: 74 69        	<unknown>
     a2e: 61 6c        	<unknown>
     a30: 53 74 72 69  	<unknown>
     a34: 64 65        	<unknown>
     a36: 31 5f        	<unknown>
     a38: 69 6e        	<unknown>
     a3a: 00 5f        	<unknown>
     a3c: 65 74        	<unknown>
     a3e: 65 78        	<unknown>
     a40: 74 00        	<unknown>
     a42: 5f 5f 74 62  	<unknown>
     a46: 73 73 5f 65  	csrrci	t1, hviph, 30
     a4a: 6e 64        	<unknown>
     a4c: 32 00        	<unknown>
     a4e: 5f 73 69 64  	<unknown>
     a52: 61 74        	<unknown>
     a54: 61 00        	<unknown>
     a56: 5f 5f 53 44  	<unknown>
     a5a: 41 54        	<unknown>
     a5c: 41 5f        	<unknown>
     a5e: 42 45        	<unknown>
     a60: 47 49 4e 5f  	<unknown>
     a64: 5f 00 5f 5f  	<unknown>
     a68: 44 41        	<unknown>
     a6a: 54 41        	<unknown>
     a6c: 5f 42 45 47  	<unknown>
     a70: 49 4e        	<unknown>
     a72: 5f 5f 00 5f  	<unknown>
     a76: 65 64        	<unknown>
     a78: 61 74        	<unknown>
     a7a: 61 00        	<unknown>
     a7c: 5f 5f 42 53  	<unknown>
     a80: 53 5f 45 4e  	<unknown>
     a84: 44 5f        	<unknown>
     a86: 5f 00 5f 65  	<unknown>
     a8a: 6e 64        	<unknown>
     a8c: 00           	<unknown>
