
/workspaces/snax_cluster/target/snitch_cluster/sw/apps/snax-dream/build/snax-dream.elf:	file format elf32-littleriscv

Disassembly of section .text:

80000000 <snrt.crt0.init_int_registers>:
80000000: 93 02 00 00  	li	t0, 0
80000004: 13 03 00 00  	li	t1, 0
80000008: 93 03 00 00  	li	t2, 0
8000000c: 13 0e 00 00  	li	t3, 0
80000010: 93 0e 00 00  	li	t4, 0
80000014: 13 0f 00 00  	li	t5, 0
80000018: 93 0f 00 00  	li	t6, 0
8000001c: 13 05 00 00  	li	a0, 0
80000020: 93 05 00 00  	li	a1, 0
80000024: 13 06 00 00  	li	a2, 0
80000028: 93 06 00 00  	li	a3, 0
8000002c: 13 07 00 00  	li	a4, 0
80000030: 93 07 00 00  	li	a5, 0
80000034: 13 08 00 00  	li	a6, 0
80000038: 93 08 00 00  	li	a7, 0
8000003c: 13 04 00 00  	li	s0, 0
80000040: 93 04 00 00  	li	s1, 0
80000044: 13 09 00 00  	li	s2, 0
80000048: 93 09 00 00  	li	s3, 0
8000004c: 13 0a 00 00  	li	s4, 0
80000050: 93 0a 00 00  	li	s5, 0
80000054: 13 0b 00 00  	li	s6, 0
80000058: 93 0b 00 00  	li	s7, 0
8000005c: 13 0c 00 00  	li	s8, 0
80000060: 93 0c 00 00  	li	s9, 0
80000064: 13 0d 00 00  	li	s10, 0
80000068: 93 0d 00 00  	li	s11, 0

8000006c <snrt.crt0.init_fp_registers>:
8000006c: f3 22 10 30  	csrr	t0, misa
80000070: 93 f2 82 02  	andi	t0, t0, 40
80000074: 63 82 02 08  	beqz	t0, 0x800000f8 <snrt.crt0.init_global_pointer>
80000078: 53 00 00 d2  	fcvt.d.w	ft0, zero
8000007c: d3 00 00 d2  	fcvt.d.w	ft1, zero
80000080: 53 01 00 d2  	fcvt.d.w	ft2, zero
80000084: d3 01 00 d2  	fcvt.d.w	ft3, zero
80000088: 53 02 00 d2  	fcvt.d.w	ft4, zero
8000008c: d3 02 00 d2  	fcvt.d.w	ft5, zero
80000090: 53 03 00 d2  	fcvt.d.w	ft6, zero
80000094: d3 03 00 d2  	fcvt.d.w	ft7, zero
80000098: 53 04 00 d2  	fcvt.d.w	fs0, zero
8000009c: d3 04 00 d2  	fcvt.d.w	fs1, zero
800000a0: 53 05 00 d2  	fcvt.d.w	fa0, zero
800000a4: d3 05 00 d2  	fcvt.d.w	fa1, zero
800000a8: 53 06 00 d2  	fcvt.d.w	fa2, zero
800000ac: d3 06 00 d2  	fcvt.d.w	fa3, zero
800000b0: 53 07 00 d2  	fcvt.d.w	fa4, zero
800000b4: d3 07 00 d2  	fcvt.d.w	fa5, zero
800000b8: 53 08 00 d2  	fcvt.d.w	fa6, zero
800000bc: d3 08 00 d2  	fcvt.d.w	fa7, zero
800000c0: 53 09 00 d2  	fcvt.d.w	fs2, zero
800000c4: d3 09 00 d2  	fcvt.d.w	fs3, zero
800000c8: 53 0a 00 d2  	fcvt.d.w	fs4, zero
800000cc: d3 0a 00 d2  	fcvt.d.w	fs5, zero
800000d0: 53 0b 00 d2  	fcvt.d.w	fs6, zero
800000d4: d3 0b 00 d2  	fcvt.d.w	fs7, zero
800000d8: 53 0c 00 d2  	fcvt.d.w	fs8, zero
800000dc: d3 0c 00 d2  	fcvt.d.w	fs9, zero
800000e0: 53 0d 00 d2  	fcvt.d.w	fs10, zero
800000e4: d3 0d 00 d2  	fcvt.d.w	fs11, zero
800000e8: 53 0e 00 d2  	fcvt.d.w	ft8, zero
800000ec: d3 0e 00 d2  	fcvt.d.w	ft9, zero
800000f0: 53 0f 00 d2  	fcvt.d.w	ft10, zero
800000f4: d3 0f 00 d2  	fcvt.d.w	ft11, zero

800000f8 <snrt.crt0.init_global_pointer>:
800000f8: 97 31 00 00  	auipc	gp, 3
800000fc: 93 81 81 41  	addi	gp, gp, 1048

80000100 <snrt.crt0.init_core_info>:
80000100: 73 25 40 f1  	csrr	a0, mhartid
80000104: 93 02 00 00  	li	t0, 0
80000108: 33 05 55 40  	sub	a0, a0, t0
8000010c: 93 05 20 00  	li	a1, 2
80000110: b3 42 b5 02  	div	t0, a0, a1
80000114: 33 75 b5 02  	remu	a0, a0, a1
80000118: 37 06 00 10  	lui	a2, 65536
8000011c: 13 03 00 00  	li	t1, 0
80000120: b3 02 53 02  	mul	t0, t1, t0
80000124: 33 06 56 00  	add	a2, a2, t0
80000128: b7 02 02 00  	lui	t0, 32
8000012c: 33 06 56 00  	add	a2, a2, t0

80000130 <snrt.crt0.init_cls>:
80000130: 97 32 00 00  	auipc	t0, 3
80000134: 93 82 02 be  	addi	t0, t0, -1056
80000138: 17 33 00 00  	auipc	t1, 3
8000013c: 13 03 83 bd  	addi	t1, t1, -1064
80000140: b3 82 62 40  	sub	t0, t0, t1
80000144: 33 06 56 40  	sub	a2, a2, t0
80000148: 97 32 00 00  	auipc	t0, 3
8000014c: 93 82 82 bd  	addi	t0, t0, -1064
80000150: 17 33 00 00  	auipc	t1, 3
80000154: 13 03 03 bc  	addi	t1, t1, -1088
80000158: b3 82 62 40  	sub	t0, t0, t1
8000015c: 33 06 56 40  	sub	a2, a2, t0

80000160 <snrt.crt0.init_stack>:
80000160: 13 06 86 ff  	addi	a2, a2, -8
80000164: 23 20 06 00  	sw	zero, 0(a2)
80000168: 93 12 a5 00  	slli	t0, a0, 10
8000016c: 33 01 56 40  	sub	sp, a2, t0
80000170: 33 93 75 00  	sll	t1, a1, t2
80000174: 33 06 66 40  	sub	a2, a2, t1
80000178: 93 12 35 00  	slli	t0, a0, 3
8000017c: 13 93 35 00  	slli	t1, a1, 3
80000180: 33 01 51 40  	sub	sp, sp, t0
80000184: 33 06 66 40  	sub	a2, a2, t1

80000188 <snrt.crt0.init_tls>:
80000188: 97 32 00 00  	auipc	t0, 3
8000018c: 93 82 02 b8  	addi	t0, t0, -1152
80000190: 17 33 00 00  	auipc	t1, 3
80000194: 13 03 83 b7  	addi	t1, t1, -1160
80000198: b3 82 62 40  	sub	t0, t0, t1
8000019c: 33 01 51 40  	sub	sp, sp, t0
800001a0: 97 32 00 00  	auipc	t0, 3
800001a4: 93 82 02 b7  	addi	t0, t0, -1168
800001a8: 17 33 00 00  	auipc	t1, 3
800001ac: 13 03 03 b6  	addi	t1, t1, -1184
800001b0: b3 82 62 40  	sub	t0, t0, t1
800001b4: 33 01 51 40  	sub	sp, sp, t0
800001b8: 13 71 81 ff  	andi	sp, sp, -8
800001bc: 13 02 01 00  	mv	tp, sp
800001c0: 13 71 81 ff  	andi	sp, sp, -8

800001c4 <snrt.crt0.main>:
800001c4: ef 20 00 4e  	jal	0x800026a4 <snrt_main>

800001c8 <snrt.crt0.end>:
800001c8: 73 00 50 10  	wfi
800001cc: 6f f0 df ff  	j	0x800001c8 <snrt.crt0.end>

800001d0 <main>:
800001d0: 13 01 01 fe  	addi	sp, sp, -32
800001d4: 23 2e 11 00  	sw	ra, 28(sp)
800001d8: 23 2c 81 00  	sw	s0, 24(sp)
800001dc: 23 2a 91 00  	sw	s1, 20(sp)
800001e0: 23 28 21 01  	sw	s2, 16(sp)
800001e4: 23 26 31 01  	sw	s3, 12(sp)
800001e8: 17 35 00 00  	auipc	a0, 3
800001ec: 13 05 05 9d  	addi	a0, a0, -1584
800001f0: ef 00 90 33  	jal	0x80000d28 <printf_>
800001f4: 03 25 02 00  	lw	a0, 0(tp)
800001f8: 03 24 c5 00  	lw	s0, 12(a0)
800001fc: 73 25 30 bc  	csrr	a0, 3011
80000200: 93 15 05 01  	slli	a1, a0, 16
80000204: 93 d5 05 01  	srli	a1, a1, 16
80000208: 13 55 05 01  	srli	a0, a0, 16
8000020c: 13 06 f5 ff  	addi	a2, a0, -1
80000210: 17 35 00 00  	auipc	a0, 3
80000214: 63 fa c5 10  	bgeu	a1, a2, 0x80000328 <main+0x158>
80000218: 03 25 05 b2  	lw	a0, -1248(a0)
8000021c: 73 20 20 7c  	csrr	zero, 1986
80000220: f3 25 00 b0  	csrr	a1, mcycle
80000224: 97 35 00 00  	auipc	a1, 3
80000228: 93 85 45 b1  	addi	a1, a1, -1260
8000022c: 03 a6 45 00  	lw	a2, 4(a1)
80000230: 83 a6 05 00  	lw	a3, 0(a1)
80000234: 13 07 00 00  	li	a4, 0
80000238: 13 15 35 00  	slli	a0, a0, 3
8000023c: 33 09 a4 00  	add	s2, s0, a0
80000240: 73 90 06 3c  	csrw	pmpaddr16, a3
80000244: 13 05 00 04  	li	a0, 64
80000248: 73 10 15 3c  	csrw	pmpaddr17, a0
8000024c: 73 10 25 3c  	csrw	pmpaddr18, a0
80000250: 73 50 34 3c  	csrwi	pmpaddr19, 8
80000254: 73 50 44 3c  	csrwi	pmpaddr20, 8
80000258: 73 10 54 3c  	csrw	pmpaddr21, s0
8000025c: 73 10 69 3c  	csrw	pmpaddr22, s2
80000260: 17 35 00 00  	auipc	a0, 3
80000264: 13 05 05 ac  	addi	a0, a0, -1344
80000268: 03 26 05 00  	lw	a2, 0(a0)
8000026c: 03 25 45 00  	lw	a0, 4(a0)
80000270: 93 56 e6 01  	srli	a3, a2, 30
80000274: 13 15 25 00  	slli	a0, a0, 2
80000278: 17 37 00 00  	auipc	a4, 3
8000027c: 13 07 07 ab  	addi	a4, a4, -1360
80000280: 83 27 07 00  	lw	a5, 0(a4)
80000284: 03 27 47 00  	lw	a4, 4(a4)
80000288: 33 65 d5 00  	or	a0, a0, a3
8000028c: 13 16 26 00  	slli	a2, a2, 2
80000290: 33 66 f6 00  	or	a2, a2, a5
80000294: 33 65 e5 00  	or	a0, a0, a4
80000298: 73 10 a6 3c  	csrw	pmpaddr26, a2
8000029c: 03 a5 45 00  	lw	a0, 4(a1)
800002a0: 83 a5 05 00  	lw	a1, 0(a1)
800002a4: 73 90 b5 3c  	csrw	pmpaddr27, a1
800002a8: 73 d0 70 3c  	csrwi	pmpaddr23, 1
800002ac: 73 d0 c0 3c  	csrwi	pmpaddr28, 1
800002b0: f3 25 c0 3c  	csrr	a1, pmpaddr28
800002b4: 17 35 00 00  	auipc	a0, 3
800002b8: 13 05 e5 9c  	addi	a0, a0, -1586
800002bc: ef 00 d0 26  	jal	0x80000d28 <printf_>
800002c0: 73 25 00 b0  	csrr	a0, mcycle
800002c4: 73 25 e0 3c  	csrr	a0, pmpaddr30
800002c8: 63 10 05 02  	bnez	a0, 0x800002e8 <main+0x118>
800002cc: 17 35 00 00  	auipc	a0, 3
800002d0: 93 04 f5 96  	addi	s1, a0, -1681
800002d4: f3 25 d0 3c  	csrr	a1, pmpaddr29
800002d8: 13 85 04 00  	mv	a0, s1
800002dc: ef 00 d0 24  	jal	0x80000d28 <printf_>
800002e0: 73 25 e0 3c  	csrr	a0, pmpaddr30
800002e4: e3 08 05 fe  	beqz	a0, 0x800002d4 <main+0x104>
800002e8: f3 25 60 3c  	csrr	a1, pmpaddr22
800002ec: 17 35 00 00  	auipc	a0, 3
800002f0: 13 05 d5 8e  	addi	a0, a0, -1811
800002f4: ef 00 50 23  	jal	0x80000d28 <printf_>
800002f8: 17 35 00 00  	auipc	a0, 3
800002fc: 93 09 85 b3  	addi	s3, a0, -1224
80000300: 03 a6 09 00  	lw	a2, 0(s3)
80000304: 83 a6 49 00  	lw	a3, 4(s3)
80000308: 03 25 49 00  	lw	a0, 4(s2)
8000030c: 83 25 09 00  	lw	a1, 0(s2)
80000310: 33 c5 a6 00  	xor	a0, a3, a0
80000314: b3 45 b6 00  	xor	a1, a2, a1
80000318: 33 e5 a5 00  	or	a0, a1, a0
8000031c: 63 16 05 04  	bnez	a0, 0x80000368 <$x.4+0x10>
80000320: 93 04 00 00  	li	s1, 0
80000324: 6f 00 40 05  	j	0x80000378 <$x.4+0x20>
80000328: f3 25 00 b0  	csrr	a1, mcycle
8000032c: 03 27 05 b2  	lw	a4, -1248(a0)
80000330: 13 17 37 00  	slli	a4, a4, 3
80000334: 63 02 07 02  	beqz	a4, 0x80000358 <$x.4>
80000338: 17 35 00 00  	auipc	a0, 3
8000033c: 13 06 85 ab  	addi	a2, a0, -1352
80000340: 93 06 00 00  	li	a3, 0

80000344 <$d.1>:
80000344: 2b 00 d6 00  	<unknown>

80000348 <$x.2>:
80000348: 93 05 00 00  	li	a1, 0
8000034c: 13 05 04 00  	mv	a0, s0

80000350 <$d.3>:
80000350: 2b 00 b5 02  	<unknown>
80000354: 2b 05 07 04  	<unknown>

80000358 <$x.4>:
80000358: 73 25 00 b0  	csrr	a0, mcycle
8000035c: 73 20 20 7c  	csrr	zero, 1986
80000360: 93 04 00 00  	li	s1, 0
80000364: 6f 00 40 1b  	j	0x80000518 <$x.4+0x1c0>
80000368: 17 35 00 00  	auipc	a0, 3
8000036c: 13 05 55 90  	addi	a0, a0, -1787
80000370: ef 00 90 1b  	jal	0x80000d28 <printf_>
80000374: 93 04 10 00  	li	s1, 1
80000378: 03 a6 89 00  	lw	a2, 8(s3)
8000037c: 83 a6 c9 00  	lw	a3, 12(s3)
80000380: 03 25 c9 00  	lw	a0, 12(s2)
80000384: 83 25 89 00  	lw	a1, 8(s2)
80000388: 33 c5 a6 00  	xor	a0, a3, a0
8000038c: b3 45 b6 00  	xor	a1, a2, a1
80000390: 33 e5 a5 00  	or	a0, a1, a0
80000394: 63 0a 05 00  	beqz	a0, 0x800003a8 <$x.4+0x50>
80000398: 17 35 00 00  	auipc	a0, 3
8000039c: 13 05 55 8d  	addi	a0, a0, -1835
800003a0: ef 00 90 18  	jal	0x80000d28 <printf_>
800003a4: 93 84 14 00  	addi	s1, s1, 1
800003a8: 03 a6 09 01  	lw	a2, 16(s3)
800003ac: 83 a6 49 01  	lw	a3, 20(s3)
800003b0: 03 25 49 01  	lw	a0, 20(s2)
800003b4: 83 25 09 01  	lw	a1, 16(s2)
800003b8: 33 c5 a6 00  	xor	a0, a3, a0
800003bc: b3 45 b6 00  	xor	a1, a2, a1
800003c0: 33 e5 a5 00  	or	a0, a1, a0
800003c4: 63 0a 05 00  	beqz	a0, 0x800003d8 <$x.4+0x80>
800003c8: 17 35 00 00  	auipc	a0, 3
800003cc: 13 05 55 8a  	addi	a0, a0, -1883
800003d0: ef 00 90 15  	jal	0x80000d28 <printf_>
800003d4: 93 84 14 00  	addi	s1, s1, 1
800003d8: 03 a6 89 01  	lw	a2, 24(s3)
800003dc: 83 a6 c9 01  	lw	a3, 28(s3)
800003e0: 03 25 c9 01  	lw	a0, 28(s2)
800003e4: 83 25 89 01  	lw	a1, 24(s2)
800003e8: 33 c5 a6 00  	xor	a0, a3, a0
800003ec: b3 45 b6 00  	xor	a1, a2, a1
800003f0: 33 e5 a5 00  	or	a0, a1, a0
800003f4: 63 0a 05 00  	beqz	a0, 0x80000408 <$x.4+0xb0>
800003f8: 17 35 00 00  	auipc	a0, 3
800003fc: 13 05 55 87  	addi	a0, a0, -1931
80000400: ef 00 90 12  	jal	0x80000d28 <printf_>
80000404: 93 84 14 00  	addi	s1, s1, 1
80000408: 03 a6 09 02  	lw	a2, 32(s3)
8000040c: 83 a6 49 02  	lw	a3, 36(s3)
80000410: 03 25 49 02  	lw	a0, 36(s2)
80000414: 83 25 09 02  	lw	a1, 32(s2)
80000418: 33 c5 a6 00  	xor	a0, a3, a0
8000041c: b3 45 b6 00  	xor	a1, a2, a1
80000420: 33 e5 a5 00  	or	a0, a1, a0
80000424: 63 0a 05 00  	beqz	a0, 0x80000438 <$x.4+0xe0>
80000428: 17 35 00 00  	auipc	a0, 3
8000042c: 13 05 55 84  	addi	a0, a0, -1979
80000430: ef 00 90 0f  	jal	0x80000d28 <printf_>
80000434: 93 84 14 00  	addi	s1, s1, 1
80000438: 03 a6 89 02  	lw	a2, 40(s3)
8000043c: 83 a6 c9 02  	lw	a3, 44(s3)
80000440: 03 25 c9 02  	lw	a0, 44(s2)
80000444: 83 25 89 02  	lw	a1, 40(s2)
80000448: 33 c5 a6 00  	xor	a0, a3, a0
8000044c: b3 45 b6 00  	xor	a1, a2, a1
80000450: 33 e5 a5 00  	or	a0, a1, a0
80000454: 63 0a 05 00  	beqz	a0, 0x80000468 <$x.4+0x110>
80000458: 17 35 00 00  	auipc	a0, 3
8000045c: 13 05 55 81  	addi	a0, a0, -2027
80000460: ef 00 90 0c  	jal	0x80000d28 <printf_>
80000464: 93 84 14 00  	addi	s1, s1, 1
80000468: 03 a6 09 03  	lw	a2, 48(s3)
8000046c: 83 a6 49 03  	lw	a3, 52(s3)
80000470: 03 25 49 03  	lw	a0, 52(s2)
80000474: 83 25 09 03  	lw	a1, 48(s2)
80000478: 33 c5 a6 00  	xor	a0, a3, a0
8000047c: b3 45 b6 00  	xor	a1, a2, a1
80000480: 33 e5 a5 00  	or	a0, a1, a0
80000484: 63 0a 05 00  	beqz	a0, 0x80000498 <$x.4+0x140>
80000488: 17 25 00 00  	auipc	a0, 2
8000048c: 13 05 55 7e  	addi	a0, a0, 2021
80000490: ef 00 90 09  	jal	0x80000d28 <printf_>
80000494: 93 84 14 00  	addi	s1, s1, 1
80000498: 03 a6 89 03  	lw	a2, 56(s3)
8000049c: 83 a6 c9 03  	lw	a3, 60(s3)
800004a0: 03 25 c9 03  	lw	a0, 60(s2)
800004a4: 83 25 89 03  	lw	a1, 56(s2)
800004a8: 33 c5 a6 00  	xor	a0, a3, a0
800004ac: b3 45 b6 00  	xor	a1, a2, a1
800004b0: 33 e5 a5 00  	or	a0, a1, a0
800004b4: 63 0a 05 00  	beqz	a0, 0x800004c8 <$x.4+0x170>
800004b8: 17 25 00 00  	auipc	a0, 2
800004bc: 13 05 55 7b  	addi	a0, a0, 1973
800004c0: ef 00 90 06  	jal	0x80000d28 <printf_>
800004c4: 93 84 14 00  	addi	s1, s1, 1
800004c8: 73 29 e0 3c  	csrr	s2, pmpaddr30
800004cc: 83 a5 09 00  	lw	a1, 0(s3)
800004d0: 17 25 00 00  	auipc	a0, 2
800004d4: 13 05 c5 6f  	addi	a0, a0, 1788
800004d8: ef 00 10 05  	jal	0x80000d28 <printf_>
800004dc: 83 25 04 00  	lw	a1, 0(s0)
800004e0: 17 25 00 00  	auipc	a0, 2
800004e4: 13 05 25 73  	addi	a0, a0, 1842
800004e8: ef 00 10 04  	jal	0x80000d28 <printf_>
800004ec: 17 25 00 00  	auipc	a0, 2
800004f0: 13 05 b5 73  	addi	a0, a0, 1851
800004f4: ef 00 50 03  	jal	0x80000d28 <printf_>
800004f8: 17 25 00 00  	auipc	a0, 2
800004fc: 13 05 c5 75  	addi	a0, a0, 1884
80000500: 93 05 09 00  	mv	a1, s2
80000504: ef 00 50 02  	jal	0x80000d28 <printf_>
80000508: 17 25 00 00  	auipc	a0, 2
8000050c: 13 05 f5 6e  	addi	a0, a0, 1775
80000510: 93 85 04 00  	mv	a1, s1
80000514: ef 00 50 01  	jal	0x80000d28 <printf_>
80000518: 13 85 04 00  	mv	a0, s1
8000051c: 83 20 c1 01  	lw	ra, 28(sp)
80000520: 03 24 81 01  	lw	s0, 24(sp)
80000524: 83 24 41 01  	lw	s1, 20(sp)
80000528: 03 29 01 01  	lw	s2, 16(sp)
8000052c: 83 29 c1 00  	lw	s3, 12(sp)
80000530: 13 01 01 02  	addi	sp, sp, 32
80000534: 67 80 00 00  	ret

80000538 <snrt_l1_next>:
80000538: 03 25 02 00  	lw	a0, 0(tp)
8000053c: 03 25 c5 00  	lw	a0, 12(a0)
80000540: 67 80 00 00  	ret

80000544 <snrt_l3_next>:
80000544: 17 35 00 00  	auipc	a0, 3
80000548: 03 25 85 94  	lw	a0, -1720(a0)
8000054c: 67 80 00 00  	ret

80000550 <snrt_l1alloc>:
80000550: 03 26 02 00  	lw	a2, 0(tp)
80000554: 83 25 c6 00  	lw	a1, 12(a2)
80000558: 13 05 75 00  	addi	a0, a0, 7
8000055c: 13 75 85 ff  	andi	a0, a0, -8
80000560: 33 85 a5 00  	add	a0, a1, a0
80000564: 23 26 a6 00  	sw	a0, 12(a2)
80000568: 13 85 05 00  	mv	a0, a1
8000056c: 67 80 00 00  	ret

80000570 <snrt_l3alloc>:
80000570: 17 36 00 00  	auipc	a2, 3
80000574: 83 25 c6 91  	lw	a1, -1764(a2)
80000578: 33 85 a5 00  	add	a0, a1, a0
8000057c: 23 2e a6 90  	sw	a0, -1764(a2)
80000580: 13 85 05 00  	mv	a0, a1
80000584: 67 80 00 00  	ret

80000588 <snrt_l1_update_next>:
80000588: 83 25 02 00  	lw	a1, 0(tp)
8000058c: 23 a6 a5 00  	sw	a0, 12(a1)
80000590: 67 80 00 00  	ret

80000594 <snrt_alloc_init>:
80000594: 73 25 30 bc  	csrr	a0, 3011
80000598: 93 15 05 01  	slli	a1, a0, 16
8000059c: 93 d5 05 01  	srli	a1, a1, 16
800005a0: 13 55 05 01  	srli	a0, a0, 16
800005a4: 13 05 f5 ff  	addi	a0, a0, -1
800005a8: 63 ee a5 02  	bltu	a1, a0, 0x800005e4 <snrt_alloc_init+0x50>
800005ac: 03 25 02 00  	lw	a0, 0(tp)
800005b0: b7 05 00 10  	lui	a1, 65536
800005b4: 23 22 b5 00  	sw	a1, 4(a0)
800005b8: 37 06 02 00  	lui	a2, 32
800005bc: 23 24 c5 00  	sw	a2, 8(a0)
800005c0: 23 26 b5 00  	sw	a1, 12(a0)
800005c4: 17 35 00 00  	auipc	a0, 3
800005c8: 13 05 35 8d  	addi	a0, a0, -1837
800005cc: 13 75 85 ff  	andi	a0, a0, -8
800005d0: 97 35 00 00  	auipc	a1, 3
800005d4: 93 85 45 8b  	addi	a1, a1, -1868
800005d8: 23 a0 a5 00  	sw	a0, 0(a1)
800005dc: 23 a2 05 00  	sw	zero, 4(a1)
800005e0: 23 a4 a5 00  	sw	a0, 8(a1)
800005e4: 67 80 00 00  	ret

800005e8 <snrt_int_cluster_set>:
800005e8: b7 05 02 10  	lui	a1, 65568
800005ec: 23 a0 a5 18  	sw	a0, 384(a1)
800005f0: 67 80 00 00  	ret

800005f4 <snrt_int_cluster_clr>:
800005f4: b7 05 02 10  	lui	a1, 65568
800005f8: 23 a4 a5 18  	sw	a0, 392(a1)
800005fc: 67 80 00 00  	ret

80000600 <snrt_int_clr_mcip>:
80000600: 73 25 30 bc  	csrr	a0, 3011
80000604: 93 05 10 00  	li	a1, 1
80000608: 33 95 a5 00  	sll	a0, a1, a0
8000060c: b7 05 02 10  	lui	a1, 65568
80000610: 23 a4 a5 18  	sw	a0, 392(a1)
80000614: 73 25 40 34  	csrr	a0, mip
80000618: 13 15 c5 00  	slli	a0, a0, 12
8000061c: e3 4c 05 fe  	bltz	a0, 0x80000614 <snrt_int_clr_mcip+0x14>
80000620: 67 80 00 00  	ret

80000624 <snrt_int_set_mcip>:
80000624: 73 25 30 bc  	csrr	a0, 3011
80000628: 93 05 10 00  	li	a1, 1
8000062c: 33 95 a5 00  	sll	a0, a1, a0
80000630: b7 05 02 10  	lui	a1, 65568
80000634: 23 a0 a5 18  	sw	a0, 384(a1)
80000638: 67 80 00 00  	ret

8000063c <snrt_dma_start_1d_wideptr>:
8000063c: 63 0a 07 00  	beqz	a4, 0x80000650 <snrt_dma_start_1d_wideptr+0x14>
80000640: 2b 00 d6 00  	<unknown>
80000644: 2b 00 b5 02  	<unknown>
80000648: 2b 05 07 04  	<unknown>
8000064c: 67 80 00 00  	ret
80000650: 13 05 f0 ff  	li	a0, -1
80000654: 67 80 00 00  	ret

80000658 <snrt_dma_start_1d>:
80000658: 63 02 06 02  	beqz	a2, 0x8000067c <snrt_dma_start_1d+0x24>
8000065c: 13 07 06 00  	mv	a4, a2
80000660: 93 06 00 00  	li	a3, 0
80000664: 13 86 05 00  	mv	a2, a1
80000668: 2b 00 d6 00  	<unknown>
8000066c: 93 05 00 00  	li	a1, 0
80000670: 2b 00 b5 02  	<unknown>
80000674: 2b 05 07 04  	<unknown>
80000678: 67 80 00 00  	ret
8000067c: 13 05 f0 ff  	li	a0, -1
80000680: 67 80 00 00  	ret

80000684 <snrt_dma_start_2d_wideptr>:
80000684: 63 0e 07 00  	beqz	a4, 0x800006a0 <snrt_dma_start_2d_wideptr+0x1c>
80000688: 2b 00 d6 00  	<unknown>
8000068c: 2b 00 b5 02  	<unknown>
80000690: 2b 00 f8 0c  	<unknown>
80000694: 2b 80 08 0e  	<unknown>
80000698: 2b 05 27 04  	<unknown>
8000069c: 67 80 00 00  	ret
800006a0: 13 05 f0 ff  	li	a0, -1
800006a4: 67 80 00 00  	ret

800006a8 <snrt_dma_start_2d>:
800006a8: 63 0c 06 02  	beqz	a2, 0x800006e0 <snrt_dma_start_2d+0x38>
800006ac: 93 88 07 00  	mv	a7, a5
800006b0: 13 08 07 00  	mv	a6, a4
800006b4: 93 87 06 00  	mv	a5, a3
800006b8: 13 07 06 00  	mv	a4, a2
800006bc: 93 06 00 00  	li	a3, 0
800006c0: 13 86 05 00  	mv	a2, a1
800006c4: 2b 00 d6 00  	<unknown>
800006c8: 93 05 00 00  	li	a1, 0
800006cc: 2b 00 b5 02  	<unknown>
800006d0: 2b 00 f8 0c  	<unknown>
800006d4: 2b 80 08 0e  	<unknown>
800006d8: 2b 05 27 04  	<unknown>
800006dc: 67 80 00 00  	ret
800006e0: 13 05 f0 ff  	li	a0, -1
800006e4: 67 80 00 00  	ret

800006e8 <snrt_dma_wait>:
800006e8: ab 02 00 08  	<unknown>
800006ec: b3 82 a2 40  	sub	t0, t0, a0
800006f0: e3 5c 50 fe  	blez	t0, 0x800006e8 <snrt_dma_wait>
800006f4: 67 80 00 00  	ret

800006f8 <snrt_dma_wait_all>:
800006f8: ab 02 20 08  	<unknown>
800006fc: e3 9e 02 fe  	bnez	t0, 0x800006f8 <snrt_dma_wait_all>
80000700: 67 80 00 00  	ret

80000704 <eu_init>:
80000704: 73 25 30 bc  	csrr	a0, 3011
80000708: 13 15 05 01  	slli	a0, a0, 16
8000070c: 63 0e 05 00  	beqz	a0, 0x80000728 <eu_init+0x24>
80000710: 17 25 00 00  	auipc	a0, 2
80000714: 83 25 05 76  	lw	a1, 1888(a0)
80000718: e3 8e 05 fe  	beqz	a1, 0x80000714 <eu_init+0x10>
8000071c: 03 25 05 76  	lw	a0, 1888(a0)
80000720: 23 22 a2 00  	sw	a0, 4(tp)
80000724: 67 80 00 00  	ret
80000728: 03 25 02 00  	lw	a0, 0(tp)
8000072c: 83 25 c5 00  	lw	a1, 12(a0)
80000730: 13 86 85 02  	addi	a2, a1, 40
80000734: 23 26 c5 00  	sw	a2, 12(a0)
80000738: 23 22 b2 00  	sw	a1, 4(tp)
8000073c: 23 80 05 00  	sb	zero, 0(a1)
80000740: a3 80 05 00  	sb	zero, 1(a1)
80000744: 23 81 05 00  	sb	zero, 2(a1)
80000748: a3 81 05 00  	sb	zero, 3(a1)
8000074c: 23 82 05 00  	sb	zero, 4(a1)
80000750: a3 82 05 00  	sb	zero, 5(a1)
80000754: 23 83 05 00  	sb	zero, 6(a1)
80000758: a3 83 05 00  	sb	zero, 7(a1)
8000075c: 23 84 05 00  	sb	zero, 8(a1)
80000760: a3 84 05 00  	sb	zero, 9(a1)
80000764: 23 85 05 00  	sb	zero, 10(a1)
80000768: a3 85 05 00  	sb	zero, 11(a1)
8000076c: 23 86 05 00  	sb	zero, 12(a1)
80000770: a3 86 05 00  	sb	zero, 13(a1)
80000774: 23 87 05 00  	sb	zero, 14(a1)
80000778: a3 87 05 00  	sb	zero, 15(a1)
8000077c: 23 88 05 00  	sb	zero, 16(a1)
80000780: a3 88 05 00  	sb	zero, 17(a1)
80000784: 23 89 05 00  	sb	zero, 18(a1)
80000788: a3 89 05 00  	sb	zero, 19(a1)
8000078c: 23 8a 05 00  	sb	zero, 20(a1)
80000790: a3 8a 05 00  	sb	zero, 21(a1)
80000794: 23 8b 05 00  	sb	zero, 22(a1)
80000798: a3 8b 05 00  	sb	zero, 23(a1)
8000079c: 23 8c 05 00  	sb	zero, 24(a1)
800007a0: a3 8c 05 00  	sb	zero, 25(a1)
800007a4: 23 8d 05 00  	sb	zero, 26(a1)
800007a8: a3 8d 05 00  	sb	zero, 27(a1)
800007ac: 23 8e 05 00  	sb	zero, 28(a1)
800007b0: a3 8e 05 00  	sb	zero, 29(a1)
800007b4: 23 8f 05 00  	sb	zero, 30(a1)
800007b8: a3 8f 05 00  	sb	zero, 31(a1)
800007bc: 23 80 05 02  	sb	zero, 32(a1)
800007c0: a3 80 05 02  	sb	zero, 33(a1)
800007c4: 23 81 05 02  	sb	zero, 34(a1)
800007c8: a3 81 05 02  	sb	zero, 35(a1)
800007cc: 03 25 42 00  	lw	a0, 4(tp)
800007d0: 97 25 00 00  	auipc	a1, 2
800007d4: 23 a0 a5 6a  	sw	a0, 1696(a1)
800007d8: 67 80 00 00  	ret

800007dc <eu_exit>:
800007dc: 13 01 01 ff  	addi	sp, sp, -16
800007e0: 23 26 11 00  	sw	ra, 12(sp)
800007e4: 23 24 81 00  	sw	s0, 8(sp)
800007e8: 23 22 91 00  	sw	s1, 4(sp)
800007ec: 23 20 21 01  	sw	s2, 0(sp)
800007f0: 83 25 42 00  	lw	a1, 4(tp)
800007f4: 83 a6 c5 01  	lw	a3, 28(a1)
800007f8: 37 04 00 80  	lui	s0, 524288
800007fc: 13 04 e4 ff  	addi	s0, s0, -2
80000800: 63 9a 06 08  	bnez	a3, 0x80000894 <eu_exit+0xb8>
80000804: 83 a4 c5 01  	lw	s1, 28(a1)
80000808: 63 86 04 08  	beqz	s1, 0x80000894 <eu_exit+0xb8>
8000080c: 93 06 10 00  	li	a3, 1
80000810: 23 a0 05 02  	sw	zero, 32(a1)
80000814: 63 9c d4 00  	bne	s1, a3, 0x8000082c <eu_exit+0x50>
80000818: 83 a6 c5 01  	lw	a3, 28(a1)
8000081c: 63 64 d5 04  	bltu	a0, a3, 0x80000864 <eu_exit+0x88>
80000820: 13 05 10 00  	li	a0, 1
80000824: 63 90 a4 06  	bne	s1, a0, 0x80000884 <eu_exit+0xa8>
80000828: 6f 00 80 06  	j	0x80000890 <eu_exit+0xb4>
8000082c: 83 a6 05 00  	lw	a3, 0(a1)
80000830: 03 a7 c5 00  	lw	a4, 12(a1)
80000834: e3 1e d7 fe  	bne	a4, a3, 0x80000830 <eu_exit+0x54>
80000838: f3 26 30 bc  	csrr	a3, 3011
8000083c: 93 d6 06 01  	srli	a3, a3, 16
80000840: 93 86 f6 ff  	addi	a3, a3, -1
80000844: 13 07 f0 ff  	li	a4, -1
80000848: b3 16 d7 00  	sll	a3, a4, a3
8000084c: 93 c6 f6 ff  	not	a3, a3
80000850: b3 f6 86 00  	and	a3, a3, s0
80000854: 37 07 02 10  	lui	a4, 65568
80000858: 23 20 d7 18  	sw	a3, 384(a4)
8000085c: 83 a6 c5 01  	lw	a3, 28(a1)
80000860: e3 70 d5 fc  	bgeu	a0, a3, 0x80000820 <eu_exit+0x44>
80000864: 83 a6 05 01  	lw	a3, 16(a1)
80000868: 03 a5 45 01  	lw	a0, 20(a1)
8000086c: 83 a5 85 01  	lw	a1, 24(a1)
80000870: 13 09 42 00  	addi	s2, tp, 4
80000874: e7 80 06 00  	jalr	a3
80000878: 83 25 09 00  	lw	a1, 0(s2)
8000087c: 13 05 10 00  	li	a0, 1
80000880: 63 88 a4 00  	beq	s1, a0, 0x80000890 <eu_exit+0xb4>
80000884: 03 a5 05 00  	lw	a0, 0(a1)
80000888: 03 a6 05 02  	lw	a2, 32(a1)
8000088c: e3 1e a6 fe  	bne	a2, a0, 0x80000888 <eu_exit+0xac>
80000890: 23 ae 05 00  	sw	zero, 28(a1)
80000894: 03 a5 05 00  	lw	a0, 0(a1)
80000898: 03 a6 c5 00  	lw	a2, 12(a1)
8000089c: e3 1e a6 fe  	bne	a2, a0, 0x80000898 <eu_exit+0xbc>
800008a0: 13 05 10 00  	li	a0, 1
800008a4: 23 a2 a5 00  	sw	a0, 4(a1)
800008a8: 03 a5 05 00  	lw	a0, 0(a1)
800008ac: 03 a6 c5 00  	lw	a2, 12(a1)
800008b0: e3 1e a6 fe  	bne	a2, a0, 0x800008ac <eu_exit+0xd0>
800008b4: 73 25 30 bc  	csrr	a0, 3011
800008b8: 13 55 05 01  	srli	a0, a0, 16
800008bc: 13 05 f5 ff  	addi	a0, a0, -1
800008c0: 93 05 f0 ff  	li	a1, -1
800008c4: 33 95 a5 00  	sll	a0, a1, a0
800008c8: 13 45 f5 ff  	not	a0, a0
800008cc: 33 75 85 00  	and	a0, a0, s0
800008d0: b7 05 02 10  	lui	a1, 65568
800008d4: 23 a0 a5 18  	sw	a0, 384(a1)
800008d8: 83 20 c1 00  	lw	ra, 12(sp)
800008dc: 03 24 81 00  	lw	s0, 8(sp)
800008e0: 83 24 41 00  	lw	s1, 4(sp)
800008e4: 03 29 01 00  	lw	s2, 0(sp)
800008e8: 13 01 01 01  	addi	sp, sp, 16
800008ec: 67 80 00 00  	ret

800008f0 <eu_get_workers_in_loop>:
800008f0: 03 25 42 00  	lw	a0, 4(tp)
800008f4: 03 25 05 00  	lw	a0, 0(a0)
800008f8: 67 80 00 00  	ret

800008fc <eu_get_workers_in_wfi>:
800008fc: 03 25 42 00  	lw	a0, 4(tp)
80000900: 03 25 c5 00  	lw	a0, 12(a0)
80000904: 67 80 00 00  	ret

80000908 <eu_print_status>:
80000908: 67 80 00 00  	ret

8000090c <eu_event_loop>:
8000090c: 13 01 01 fe  	addi	sp, sp, -32
80000910: 23 2e 11 00  	sw	ra, 28(sp)
80000914: 23 2c 81 00  	sw	s0, 24(sp)
80000918: 23 2a 91 00  	sw	s1, 20(sp)
8000091c: 23 28 21 01  	sw	s2, 16(sp)
80000920: 23 26 31 01  	sw	s3, 12(sp)
80000924: 23 24 41 01  	sw	s4, 8(sp)
80000928: 23 22 51 01  	sw	s5, 4(sp)
8000092c: 83 25 42 00  	lw	a1, 4(tp)
80000930: 93 04 10 00  	li	s1, 1
80000934: af a5 95 00  	amoadd.w	a1, s1, (a1)
80000938: b7 05 08 00  	lui	a1, 128
8000093c: f3 a5 45 30  	csrrs	a1, mie, a1
80000940: 83 25 42 00  	lw	a1, 4(tp)
80000944: 83 a6 45 00  	lw	a3, 4(a1)
80000948: 63 88 06 02  	beqz	a3, 0x80000978 <eu_event_loop+0x6c>
8000094c: 37 05 08 00  	lui	a0, 128
80000950: 73 25 45 30  	csrrs	a0, mie, a0
80000954: 83 20 c1 01  	lw	ra, 28(sp)
80000958: 03 24 81 01  	lw	s0, 24(sp)
8000095c: 83 24 41 01  	lw	s1, 20(sp)
80000960: 03 29 01 01  	lw	s2, 16(sp)
80000964: 83 29 c1 00  	lw	s3, 12(sp)
80000968: 03 2a 81 00  	lw	s4, 8(sp)
8000096c: 83 2a 41 00  	lw	s5, 4(sp)
80000970: 13 01 01 02  	addi	sp, sp, 32
80000974: 67 80 00 00  	ret
80000978: 13 04 05 00  	mv	s0, a0
8000097c: 13 09 42 00  	addi	s2, tp, 4
80000980: b3 99 a4 00  	sll	s3, s1, a0
80000984: 37 0a 02 10  	lui	s4, 65568
80000988: 93 0a f0 ff  	li	s5, -1
8000098c: 6f 00 80 03  	j	0x800009c4 <eu_event_loop+0xb8>
80000990: 13 85 05 02  	addi	a0, a1, 32
80000994: 2f 25 95 00  	amoadd.w	a0, s1, (a0)
80000998: 03 25 09 00  	lw	a0, 0(s2)
8000099c: 13 05 c5 00  	addi	a0, a0, 12
800009a0: 2f 25 95 00  	amoadd.w	a0, s1, (a0)
800009a4: 73 00 50 10  	wfi
800009a8: 23 24 3a 19  	sw	s3, 392(s4)
800009ac: 03 25 09 00  	lw	a0, 0(s2)
800009b0: 13 05 c5 00  	addi	a0, a0, 12
800009b4: 2f 25 55 01  	amoadd.w	a0, s5, (a0)
800009b8: 83 25 09 00  	lw	a1, 0(s2)
800009bc: 03 a5 45 00  	lw	a0, 4(a1)
800009c0: e3 16 05 f8  	bnez	a0, 0x8000094c <eu_event_loop+0x40>
800009c4: 03 a5 c5 01  	lw	a0, 28(a1)
800009c8: e3 74 a4 fc  	bgeu	s0, a0, 0x80000990 <eu_event_loop+0x84>
800009cc: 03 a5 c5 01  	lw	a0, 28(a1)
800009d0: 03 a6 05 01  	lw	a2, 16(a1)
800009d4: 03 a5 45 01  	lw	a0, 20(a1)
800009d8: 83 a5 85 01  	lw	a1, 24(a1)
800009dc: e7 00 06 00  	jalr	a2
800009e0: 83 25 09 00  	lw	a1, 0(s2)
800009e4: 6f f0 df fa  	j	0x80000990 <eu_event_loop+0x84>

800009e8 <eu_dispatch_push>:
800009e8: 03 27 42 00  	lw	a4, 4(tp)
800009ec: 03 28 07 00  	lw	a6, 0(a4)
800009f0: 93 07 42 00  	addi	a5, tp, 4
800009f4: 83 28 c7 00  	lw	a7, 12(a4)
800009f8: e3 9e 08 ff  	bne	a7, a6, 0x800009f4 <eu_dispatch_push+0xc>
800009fc: 23 28 a7 00  	sw	a0, 16(a4)
80000a00: 03 a5 07 00  	lw	a0, 0(a5)
80000a04: 23 2a c5 00  	sw	a2, 20(a0)
80000a08: 03 a5 07 00  	lw	a0, 0(a5)
80000a0c: 23 2c b5 00  	sw	a1, 24(a0)
80000a10: 23 2e d5 00  	sw	a3, 28(a0)
80000a14: 13 05 00 00  	li	a0, 0
80000a18: 67 80 00 00  	ret

80000a1c <eu_run_empty>:
80000a1c: 13 01 01 ff  	addi	sp, sp, -16
80000a20: 23 26 11 00  	sw	ra, 12(sp)
80000a24: 23 24 81 00  	sw	s0, 8(sp)
80000a28: 23 22 91 00  	sw	s1, 4(sp)
80000a2c: 83 25 42 00  	lw	a1, 4(tp)
80000a30: 03 a4 c5 01  	lw	s0, 28(a1)
80000a34: 63 06 04 08  	beqz	s0, 0x80000ac0 <eu_run_empty+0xa4>
80000a38: 93 06 10 00  	li	a3, 1
80000a3c: 23 a0 05 02  	sw	zero, 32(a1)
80000a40: 63 1c d4 00  	bne	s0, a3, 0x80000a58 <eu_run_empty+0x3c>
80000a44: 83 a6 c5 01  	lw	a3, 28(a1)
80000a48: 63 64 d5 04  	bltu	a0, a3, 0x80000a90 <eu_run_empty+0x74>
80000a4c: 13 05 10 00  	li	a0, 1
80000a50: 63 10 a4 06  	bne	s0, a0, 0x80000ab0 <eu_run_empty+0x94>
80000a54: 6f 00 80 06  	j	0x80000abc <eu_run_empty+0xa0>
80000a58: 83 a6 05 00  	lw	a3, 0(a1)
80000a5c: 03 a7 c5 00  	lw	a4, 12(a1)
80000a60: e3 1e d7 fe  	bne	a4, a3, 0x80000a5c <eu_run_empty+0x40>
80000a64: f3 26 30 bc  	csrr	a3, 3011
80000a68: 93 d6 06 01  	srli	a3, a3, 16
80000a6c: 93 86 f6 ff  	addi	a3, a3, -1
80000a70: 13 07 f0 ff  	li	a4, -1
80000a74: b3 16 d7 00  	sll	a3, a4, a3
80000a78: 93 c6 f6 ff  	not	a3, a3
80000a7c: 93 f6 e6 ff  	andi	a3, a3, -2
80000a80: 37 07 02 10  	lui	a4, 65568
80000a84: 23 20 d7 18  	sw	a3, 384(a4)
80000a88: 83 a6 c5 01  	lw	a3, 28(a1)
80000a8c: e3 70 d5 fc  	bgeu	a0, a3, 0x80000a4c <eu_run_empty+0x30>
80000a90: 83 a6 05 01  	lw	a3, 16(a1)
80000a94: 03 a5 45 01  	lw	a0, 20(a1)
80000a98: 83 a5 85 01  	lw	a1, 24(a1)
80000a9c: 93 04 42 00  	addi	s1, tp, 4
80000aa0: e7 80 06 00  	jalr	a3
80000aa4: 83 a5 04 00  	lw	a1, 0(s1)
80000aa8: 13 05 10 00  	li	a0, 1
80000aac: 63 08 a4 00  	beq	s0, a0, 0x80000abc <eu_run_empty+0xa0>
80000ab0: 03 a5 05 00  	lw	a0, 0(a1)
80000ab4: 03 a6 05 02  	lw	a2, 32(a1)
80000ab8: e3 1e a6 fe  	bne	a2, a0, 0x80000ab4 <eu_run_empty+0x98>
80000abc: 23 ae 05 00  	sw	zero, 28(a1)
80000ac0: 83 20 c1 00  	lw	ra, 12(sp)
80000ac4: 03 24 81 00  	lw	s0, 8(sp)
80000ac8: 83 24 41 00  	lw	s1, 4(sp)
80000acc: 13 01 01 01  	addi	sp, sp, 16
80000ad0: 67 80 00 00  	ret

80000ad4 <eu_mutex_lock>:
80000ad4: 03 25 42 00  	lw	a0, 4(tp)
80000ad8: 13 05 85 00  	addi	a0, a0, 8
80000adc: 93 02 10 00  	li	t0, 1
80000ae0: af 22 55 0c  	amoswap.w.aq	t0, t0, (a0)
80000ae4: e3 9e 02 fe  	bnez	t0, 0x80000ae0 <eu_mutex_lock+0xc>
80000ae8: 67 80 00 00  	ret

80000aec <eu_mutex_release>:
80000aec: 03 25 42 00  	lw	a0, 4(tp)
80000af0: 13 05 85 00  	addi	a0, a0, 8
80000af4: 2f 20 05 0a  	amoswap.w.rl	zero, zero, (a0)
80000af8: 67 80 00 00  	ret

80000afc <snrt_mutex>:
80000afc: 17 25 00 00  	auipc	a0, 2
80000b00: 13 05 85 37  	addi	a0, a0, 888
80000b04: 67 80 00 00  	ret

80000b08 <snrt_mutex_acquire>:
80000b08: 93 02 10 00  	li	t0, 1
80000b0c: af 22 55 0c  	amoswap.w.aq	t0, t0, (a0)
80000b10: e3 9e 02 fe  	bnez	t0, 0x80000b0c <snrt_mutex_acquire+0x4>
80000b14: 67 80 00 00  	ret

80000b18 <snrt_mutex_ttas_acquire>:
80000b18: 83 22 05 00  	lw	t0, 0(a0)
80000b1c: e3 9e 02 fe  	bnez	t0, 0x80000b18 <snrt_mutex_ttas_acquire>
80000b20: 93 02 10 00  	li	t0, 1
80000b24: af 22 55 0c  	amoswap.w.aq	t0, t0, (a0)
80000b28: e3 9e 02 fe  	bnez	t0, 0x80000b24 <snrt_mutex_ttas_acquire+0xc>
80000b2c: 67 80 00 00  	ret

80000b30 <snrt_mutex_release>:
80000b30: 2f 20 05 0a  	amoswap.w.rl	zero, zero, (a0)
80000b34: 67 80 00 00  	ret

80000b38 <snrt_cluster_hw_barrier>:
80000b38: 73 20 20 7c  	csrr	zero, 1986
80000b3c: 67 80 00 00  	ret

80000b40 <snrt_global_barrier>:
80000b40: 73 20 20 7c  	csrr	zero, 1986
80000b44: 73 25 30 bc  	csrr	a0, 3011
80000b48: 93 15 05 01  	slli	a1, a0, 16
80000b4c: 93 d5 05 01  	srli	a1, a1, 16
80000b50: 13 55 05 01  	srli	a0, a0, 16
80000b54: 13 05 f5 ff  	addi	a0, a0, -1
80000b58: 63 e2 a5 02  	bltu	a1, a0, 0x80000b7c <snrt_global_barrier+0x3c>
80000b5c: 17 25 00 00  	auipc	a0, 2
80000b60: 13 05 c5 31  	addi	a0, a0, 796
80000b64: 83 25 45 00  	lw	a1, 4(a0)
80000b68: 13 06 10 00  	li	a2, 1
80000b6c: af 26 c5 00  	amoadd.w	a3, a2, (a0)
80000b70: 63 8a 06 00  	beqz	a3, 0x80000b84 <snrt_global_barrier+0x44>
80000b74: 03 26 45 00  	lw	a2, 4(a0)
80000b78: e3 8e c5 fe  	beq	a1, a2, 0x80000b74 <snrt_global_barrier+0x34>
80000b7c: 73 20 20 7c  	csrr	zero, 1986
80000b80: 67 80 00 00  	ret
80000b84: 23 20 05 00  	sw	zero, 0(a0)
80000b88: 13 05 45 00  	addi	a0, a0, 4
80000b8c: 2f 25 c5 00  	amoadd.w	a0, a2, (a0)
80000b90: 73 20 20 7c  	csrr	zero, 1986
80000b94: 67 80 00 00  	ret

80000b98 <snrt_partial_barrier>:
80000b98: 03 26 45 00  	lw	a2, 4(a0)
80000b9c: 93 06 10 00  	li	a3, 1
80000ba0: 2f 27 d5 00  	amoadd.w	a4, a3, (a0)
80000ba4: 13 07 17 00  	addi	a4, a4, 1
80000ba8: 63 1a b7 00  	bne	a4, a1, 0x80000bbc <snrt_partial_barrier+0x24>
80000bac: 23 20 05 00  	sw	zero, 0(a0)
80000bb0: 13 05 45 00  	addi	a0, a0, 4
80000bb4: 2f 25 d5 00  	amoadd.w	a0, a3, (a0)
80000bb8: 67 80 00 00  	ret
80000bbc: 83 25 45 00  	lw	a1, 4(a0)
80000bc0: e3 0e b6 fe  	beq	a2, a1, 0x80000bbc <snrt_partial_barrier+0x24>
80000bc4: 67 80 00 00  	ret

80000bc8 <snrt_global_reduction_dma>:
80000bc8: f3 26 30 bc  	csrr	a3, 3011
80000bcc: 13 97 06 01  	slli	a4, a3, 16
80000bd0: 13 57 07 01  	srli	a4, a4, 16
80000bd4: 93 d6 06 01  	srli	a3, a3, 16
80000bd8: 93 86 f6 ff  	addi	a3, a3, -1
80000bdc: 63 66 d7 02  	bltu	a4, a3, 0x80000c08 <snrt_global_reduction_dma+0x40>
80000be0: 13 17 36 00  	slli	a4, a2, 3
80000be4: 63 0e 07 00  	beqz	a4, 0x80000c00 <snrt_global_reduction_dma+0x38>
80000be8: 93 06 00 00  	li	a3, 0
80000bec: 13 86 05 00  	mv	a2, a1
80000bf0: 2b 00 d6 00  	<unknown>
80000bf4: 93 05 00 00  	li	a1, 0
80000bf8: 2b 00 b5 02  	<unknown>
80000bfc: 2b 05 07 04  	<unknown>
80000c00: ab 02 20 08  	<unknown>
80000c04: e3 9e 02 fe  	bnez	t0, 0x80000c00 <snrt_global_reduction_dma+0x38>
80000c08: 73 20 20 7c  	csrr	zero, 1986
80000c0c: 67 80 00 00  	ret

80000c10 <snrt_global_all_to_all_reduction>:
80000c10: 97 25 00 00  	auipc	a1, 2
80000c14: 93 85 05 27  	addi	a1, a1, 624
80000c18: 2f a5 a5 00  	amoadd.w	a0, a0, (a1)
80000c1c: 73 20 20 7c  	csrr	zero, 1986
80000c20: 73 25 30 bc  	csrr	a0, 3011
80000c24: 13 16 05 01  	slli	a2, a0, 16
80000c28: 13 56 06 01  	srli	a2, a2, 16
80000c2c: 13 55 05 01  	srli	a0, a0, 16
80000c30: 13 05 f5 ff  	addi	a0, a0, -1
80000c34: 63 62 a6 02  	bltu	a2, a0, 0x80000c58 <snrt_global_all_to_all_reduction+0x48>
80000c38: 17 25 00 00  	auipc	a0, 2
80000c3c: 13 05 05 24  	addi	a0, a0, 576
80000c40: 03 26 45 00  	lw	a2, 4(a0)
80000c44: 93 06 10 00  	li	a3, 1
80000c48: 2f 27 d5 00  	amoadd.w	a4, a3, (a0)
80000c4c: 63 0c 07 00  	beqz	a4, 0x80000c64 <snrt_global_all_to_all_reduction+0x54>
80000c50: 83 26 45 00  	lw	a3, 4(a0)
80000c54: e3 0e d6 fe  	beq	a2, a3, 0x80000c50 <snrt_global_all_to_all_reduction+0x40>
80000c58: 73 20 20 7c  	csrr	zero, 1986
80000c5c: 03 a5 05 00  	lw	a0, 0(a1)
80000c60: 67 80 00 00  	ret
80000c64: 23 20 05 00  	sw	zero, 0(a0)
80000c68: 13 05 45 00  	addi	a0, a0, 4
80000c6c: 2f 25 d5 00  	amoadd.w	a0, a3, (a0)
80000c70: 73 20 20 7c  	csrr	zero, 1986
80000c74: 03 a5 05 00  	lw	a0, 0(a1)
80000c78: 67 80 00 00  	ret

80000c7c <snrt_hartid>:
80000c7c: 73 25 40 f1  	csrr	a0, mhartid
80000c80: 67 80 00 00  	ret

80000c84 <snrt_global_core_base_hartid>:
80000c84: 13 05 00 00  	li	a0, 0
80000c88: 67 80 00 00  	ret

80000c8c <snrt_global_core_idx>:
80000c8c: 73 25 40 f1  	csrr	a0, mhartid
80000c90: 67 80 00 00  	ret

80000c94 <snrt_global_core_num>:
80000c94: 73 25 30 bc  	csrr	a0, 3011
80000c98: 13 55 05 01  	srli	a0, a0, 16
80000c9c: 67 80 00 00  	ret

80000ca0 <snrt_cluster_idx>:
80000ca0: 73 25 10 bc  	csrr	a0, 3009
80000ca4: 13 15 85 00  	slli	a0, a0, 8
80000ca8: 13 55 a5 01  	srli	a0, a0, 26
80000cac: 67 80 00 00  	ret

80000cb0 <snrt_cluster_num>:
80000cb0: 13 05 10 00  	li	a0, 1
80000cb4: 67 80 00 00  	ret

80000cb8 <snrt_cluster_core_idx>:
80000cb8: 73 25 30 bc  	csrr	a0, 3011
80000cbc: 13 15 05 01  	slli	a0, a0, 16
80000cc0: 13 55 05 01  	srli	a0, a0, 16
80000cc4: 67 80 00 00  	ret

80000cc8 <snrt_cluster_core_num>:
80000cc8: 73 25 30 bc  	csrr	a0, 3011
80000ccc: 13 55 05 01  	srli	a0, a0, 16
80000cd0: 67 80 00 00  	ret

80000cd4 <snrt_cluster_compute_core_num>:
80000cd4: 73 25 30 bc  	csrr	a0, 3011
80000cd8: 13 55 05 01  	srli	a0, a0, 16
80000cdc: 13 05 f5 ff  	addi	a0, a0, -1
80000ce0: 67 80 00 00  	ret

80000ce4 <snrt_is_compute_core>:
80000ce4: 73 25 30 bc  	csrr	a0, 3011
80000ce8: 93 15 05 01  	slli	a1, a0, 16
80000cec: 93 d5 05 01  	srli	a1, a1, 16
80000cf0: 13 55 05 01  	srli	a0, a0, 16
80000cf4: 13 05 f5 ff  	addi	a0, a0, -1
80000cf8: 33 b5 a5 00  	sltu	a0, a1, a0
80000cfc: 67 80 00 00  	ret

80000d00 <snrt_is_dm_core>:
80000d00: 73 25 30 bc  	csrr	a0, 3011
80000d04: 93 15 05 01  	slli	a1, a0, 16
80000d08: 93 d5 05 01  	srli	a1, a1, 16
80000d0c: 13 55 05 01  	srli	a0, a0, 16
80000d10: 13 05 f5 ff  	addi	a0, a0, -1
80000d14: 33 b5 a5 00  	sltu	a0, a1, a0
80000d18: 13 45 15 00  	xori	a0, a0, 1
80000d1c: 67 80 00 00  	ret

80000d20 <snrt_cluster_dm_core_num>:
80000d20: 13 05 10 00  	li	a0, 1
80000d24: 67 80 00 00  	ret

80000d28 <printf_>:
80000d28: 13 01 01 fd  	addi	sp, sp, -48
80000d2c: 23 26 11 00  	sw	ra, 12(sp)
80000d30: 93 02 05 00  	mv	t0, a0
80000d34: 23 26 11 03  	sw	a7, 44(sp)
80000d38: 23 24 01 03  	sw	a6, 40(sp)
80000d3c: 23 22 f1 02  	sw	a5, 36(sp)
80000d40: 23 20 e1 02  	sw	a4, 32(sp)
80000d44: 23 2e d1 00  	sw	a3, 28(sp)
80000d48: 23 2c c1 00  	sw	a2, 24(sp)
80000d4c: 23 2a b1 00  	sw	a1, 20(sp)
80000d50: 13 05 41 01  	addi	a0, sp, 20
80000d54: 23 24 a1 00  	sw	a0, 8(sp)
80000d58: 17 15 00 00  	auipc	a0, 1
80000d5c: 13 05 85 83  	addi	a0, a0, -1992
80000d60: 93 05 71 00  	addi	a1, sp, 7
80000d64: 13 06 f0 ff  	li	a2, -1
80000d68: 13 07 41 01  	addi	a4, sp, 20
80000d6c: 93 86 02 00  	mv	a3, t0
80000d70: ef 00 00 01  	jal	0x80000d80 <_vsnprintf>
80000d74: 83 20 c1 00  	lw	ra, 12(sp)
80000d78: 13 01 01 03  	addi	sp, sp, 48
80000d7c: 67 80 00 00  	ret

80000d80 <_vsnprintf>:
80000d80: 13 01 01 fb  	addi	sp, sp, -80
80000d84: 23 26 11 04  	sw	ra, 76(sp)
80000d88: 23 24 81 04  	sw	s0, 72(sp)
80000d8c: 23 22 91 04  	sw	s1, 68(sp)
80000d90: 23 20 21 05  	sw	s2, 64(sp)
80000d94: 23 2e 31 03  	sw	s3, 60(sp)
80000d98: 23 2c 41 03  	sw	s4, 56(sp)
80000d9c: 23 2a 51 03  	sw	s5, 52(sp)
80000da0: 23 28 61 03  	sw	s6, 48(sp)
80000da4: 23 26 71 03  	sw	s7, 44(sp)
80000da8: 23 24 81 03  	sw	s8, 40(sp)
80000dac: 23 22 91 03  	sw	s9, 36(sp)
80000db0: 23 20 a1 03  	sw	s10, 32(sp)
80000db4: 23 2e b1 01  	sw	s11, 28(sp)
80000db8: 23 2c e1 00  	sw	a4, 24(sp)
80000dbc: 93 8a 06 00  	mv	s5, a3
80000dc0: 13 04 06 00  	mv	s0, a2
80000dc4: 93 84 05 00  	mv	s1, a1
80000dc8: 63 86 05 00  	beqz	a1, 0x80000dd4 <_vsnprintf+0x54>
80000dcc: 13 09 05 00  	mv	s2, a0
80000dd0: 6f 00 c0 00  	j	0x80000ddc <_vsnprintf+0x5c>
80000dd4: 17 15 00 00  	auipc	a0, 1
80000dd8: 13 09 c5 85  	addi	s2, a0, -1956
80000ddc: 13 0a 00 00  	li	s4, 0
80000de0: 93 0b 50 02  	li	s7, 37
80000de4: 13 0c 00 01  	li	s8, 16
80000de8: 93 0c 90 00  	li	s9, 9
80000dec: 13 0d a0 00  	li	s10, 10
80000df0: 13 05 10 00  	li	a0, 1
80000df4: 13 15 b5 00  	slli	a0, a0, 11
80000df8: 23 2a a1 00  	sw	a0, 20(sp)
80000dfc: 13 8b 2a 00  	addi	s6, s5, 2
80000e00: 03 c5 0a 00  	lbu	a0, 0(s5)
80000e04: 63 08 05 72  	beqz	a0, 0x80001534 <_vsnprintf+0x7b4>
80000e08: 63 08 75 03  	beq	a0, s7, 0x80000e38 <_vsnprintf+0xb8>
80000e0c: 93 09 1a 00  	addi	s3, s4, 1
80000e10: 93 85 04 00  	mv	a1, s1
80000e14: 13 06 0a 00  	mv	a2, s4
80000e18: 93 06 04 00  	mv	a3, s0
80000e1c: e7 00 09 00  	jalr	s2
80000e20: 93 8a 1a 00  	addi	s5, s5, 1
80000e24: 13 0b 1b 00  	addi	s6, s6, 1
80000e28: 13 8a 09 00  	mv	s4, s3
80000e2c: 03 c5 0a 00  	lbu	a0, 0(s5)
80000e30: e3 1c 05 fc  	bnez	a0, 0x80000e08 <_vsnprintf+0x88>
80000e34: 6f 00 00 70  	j	0x80001534 <_vsnprintf+0x7b4>
80000e38: 13 0e 00 00  	li	t3, 0
80000e3c: 6f 00 00 01  	j	0x80000e4c <_vsnprintf+0xcc>
80000e40: 93 05 00 01  	li	a1, 16
80000e44: 33 6e be 00  	or	t3, t3, a1
80000e48: 13 0b 1b 00  	addi	s6, s6, 1
80000e4c: 03 45 fb ff  	lbu	a0, -1(s6)
80000e50: 93 05 05 fe  	addi	a1, a0, -32
80000e54: 63 6c bc 02  	bltu	s8, a1, 0x80000e8c <_vsnprintf+0x10c>
80000e58: 93 95 25 00  	slli	a1, a1, 2
80000e5c: 17 26 00 00  	auipc	a2, 2
80000e60: 13 06 c6 b4  	addi	a2, a2, -1204
80000e64: b3 85 c5 00  	add	a1, a1, a2
80000e68: 03 a6 05 00  	lw	a2, 0(a1)
80000e6c: 93 05 10 00  	li	a1, 1
80000e70: 67 00 06 00  	jr	a2
80000e74: 93 05 80 00  	li	a1, 8
80000e78: 6f f0 df fc  	j	0x80000e44 <_vsnprintf+0xc4>
80000e7c: 93 05 40 00  	li	a1, 4
80000e80: 6f f0 5f fc  	j	0x80000e44 <_vsnprintf+0xc4>
80000e84: 93 05 20 00  	li	a1, 2
80000e88: 6f f0 df fb  	j	0x80000e44 <_vsnprintf+0xc4>
80000e8c: 93 05 05 fd  	addi	a1, a0, -48
80000e90: 93 f5 f5 0f  	andi	a1, a1, 255
80000e94: 93 0d fb ff  	addi	s11, s6, -1
80000e98: 63 ec bc 06  	bltu	s9, a1, 0x80000f10 <_vsnprintf+0x190>
80000e9c: 93 0a 00 00  	li	s5, 0
80000ea0: 93 75 f5 0f  	andi	a1, a0, 255
80000ea4: 03 c5 1d 00  	lbu	a0, 1(s11)
80000ea8: 33 86 aa 03  	mul	a2, s5, s10
80000eac: 93 8d 1d 00  	addi	s11, s11, 1
80000eb0: b3 05 b6 00  	add	a1, a2, a1
80000eb4: 13 06 05 fd  	addi	a2, a0, -48
80000eb8: 13 76 f6 0f  	andi	a2, a2, 255
80000ebc: 93 8a 05 fd  	addi	s5, a1, -48
80000ec0: e3 60 a6 ff  	bltu	a2, s10, 0x80000ea0 <_vsnprintf+0x120>
80000ec4: 93 05 e0 02  	li	a1, 46
80000ec8: 63 14 b5 0c  	bne	a0, a1, 0x80000f90 <_vsnprintf+0x210>
80000ecc: 03 c5 1d 00  	lbu	a0, 1(s11)
80000ed0: 13 6e 0e 40  	ori	t3, t3, 1024
80000ed4: 93 05 05 fd  	addi	a1, a0, -48
80000ed8: 13 f6 f5 0f  	andi	a2, a1, 255
80000edc: 93 85 1d 00  	addi	a1, s11, 1
80000ee0: 63 ea cc 06  	bltu	s9, a2, 0x80000f54 <_vsnprintf+0x1d4>
80000ee4: 13 0b 00 00  	li	s6, 0
80000ee8: 13 76 f5 0f  	andi	a2, a0, 255
80000eec: 03 c5 15 00  	lbu	a0, 1(a1)
80000ef0: b3 06 ab 03  	mul	a3, s6, s10
80000ef4: 93 85 15 00  	addi	a1, a1, 1
80000ef8: 33 86 c6 00  	add	a2, a3, a2
80000efc: 93 06 05 fd  	addi	a3, a0, -48
80000f00: 93 f6 f6 0f  	andi	a3, a3, 255
80000f04: 13 0b 06 fd  	addi	s6, a2, -48
80000f08: e3 e0 a6 ff  	bltu	a3, s10, 0x80000ee8 <_vsnprintf+0x168>
80000f0c: 6f 00 00 09  	j	0x80000f9c <_vsnprintf+0x21c>
80000f10: 93 05 a0 02  	li	a1, 42
80000f14: 63 18 b5 06  	bne	a0, a1, 0x80000f84 <_vsnprintf+0x204>
80000f18: 03 26 81 01  	lw	a2, 24(sp)
80000f1c: 83 25 06 00  	lw	a1, 0(a2)
80000f20: 13 06 46 00  	addi	a2, a2, 4
80000f24: 13 d5 f5 41  	srai	a0, a1, 31
80000f28: b3 c6 a5 00  	xor	a3, a1, a0
80000f2c: b3 8a a6 40  	sub	s5, a3, a0
80000f30: 03 45 0b 00  	lbu	a0, 0(s6)
80000f34: 93 d5 e5 01  	srli	a1, a1, 30
80000f38: 93 f5 25 00  	andi	a1, a1, 2
80000f3c: 33 6e be 00  	or	t3, t3, a1
80000f40: 93 0d 0b 00  	mv	s11, s6
80000f44: 23 2c c1 00  	sw	a2, 24(sp)
80000f48: 93 05 e0 02  	li	a1, 46
80000f4c: 63 12 b5 04  	bne	a0, a1, 0x80000f90 <_vsnprintf+0x210>
80000f50: 6f f0 df f7  	j	0x80000ecc <_vsnprintf+0x14c>
80000f54: 13 06 a0 02  	li	a2, 42
80000f58: 63 10 c5 04  	bne	a0, a2, 0x80000f98 <_vsnprintf+0x218>
80000f5c: 03 26 81 01  	lw	a2, 24(sp)
80000f60: 83 25 06 00  	lw	a1, 0(a2)
80000f64: 13 06 46 00  	addi	a2, a2, 4
80000f68: b3 26 b0 00  	sgtz	a3, a1
80000f6c: 03 c5 2d 00  	lbu	a0, 2(s11)
80000f70: b3 06 d0 40  	neg	a3, a3
80000f74: 93 8d 2d 00  	addi	s11, s11, 2
80000f78: 33 fb b6 00  	and	s6, a3, a1
80000f7c: 23 2c c1 00  	sw	a2, 24(sp)
80000f80: 6f 00 00 02  	j	0x80000fa0 <_vsnprintf+0x220>
80000f84: 93 0a 00 00  	li	s5, 0
80000f88: 93 05 e0 02  	li	a1, 46
80000f8c: e3 00 b5 f4  	beq	a0, a1, 0x80000ecc <_vsnprintf+0x14c>
80000f90: 13 0b 00 00  	li	s6, 0
80000f94: 6f 00 c0 00  	j	0x80000fa0 <_vsnprintf+0x220>
80000f98: 13 0b 00 00  	li	s6, 0
80000f9c: 93 8d 05 00  	mv	s11, a1
80000fa0: 93 05 85 f9  	addi	a1, a0, -104
80000fa4: 13 16 f5 01  	slli	a2, a0, 31
80000fa8: 93 d5 15 00  	srli	a1, a1, 1
80000fac: b3 65 b6 00  	or	a1, a2, a1
80000fb0: 63 e2 bc 06  	bltu	s9, a1, 0x80001014 <_vsnprintf+0x294>
80000fb4: 93 95 25 00  	slli	a1, a1, 2
80000fb8: 17 26 00 00  	auipc	a2, 2
80000fbc: 13 06 46 a3  	addi	a2, a2, -1484
80000fc0: b3 85 c5 00  	add	a1, a1, a2
80000fc4: 83 a6 05 00  	lw	a3, 0(a1)
80000fc8: 93 05 10 00  	li	a1, 1
80000fcc: 13 06 00 10  	li	a2, 256
80000fd0: 67 80 06 00  	jr	a3
80000fd4: 03 c5 1d 00  	lbu	a0, 1(s11)
80000fd8: 93 05 80 06  	li	a1, 104
80000fdc: 63 10 b5 14  	bne	a0, a1, 0x8000111c <_vsnprintf+0x39c>
80000fe0: 93 05 20 00  	li	a1, 2
80000fe4: 13 06 00 0c  	li	a2, 192
80000fe8: 6f 00 00 02  	j	0x80001008 <_vsnprintf+0x288>
80000fec: 13 06 00 20  	li	a2, 512
80000ff0: 6f 00 80 01  	j	0x80001008 <_vsnprintf+0x288>
80000ff4: 03 c5 1d 00  	lbu	a0, 1(s11)
80000ff8: 93 05 c0 06  	li	a1, 108
80000ffc: 63 16 b5 12  	bne	a0, a1, 0x80001128 <_vsnprintf+0x3a8>
80001000: 93 05 20 00  	li	a1, 2
80001004: 13 06 00 30  	li	a2, 768
80001008: b3 8d bd 00  	add	s11, s11, a1
8000100c: 03 c5 0d 00  	lbu	a0, 0(s11)
80001010: 33 6e ce 00  	or	t3, t3, a2
80001014: 93 05 b5 fd  	addi	a1, a0, -37
80001018: 13 06 30 05  	li	a2, 83
8000101c: 63 62 b6 12  	bltu	a2, a1, 0x80001140 <_vsnprintf+0x3c0>
80001020: 93 95 25 00  	slli	a1, a1, 2
80001024: 17 26 00 00  	auipc	a2, 2
80001028: 13 06 06 9f  	addi	a2, a2, -1552
8000102c: b3 85 c5 00  	add	a1, a1, a2
80001030: 03 a6 05 00  	lw	a2, 0(a1)
80001034: 93 05 80 00  	li	a1, 8
80001038: 13 08 00 01  	li	a6, 16
8000103c: 67 00 06 00  	jr	a2
80001040: 13 7e fe fe  	andi	t3, t3, -17
80001044: 13 08 a0 00  	li	a6, 10
80001048: 93 05 85 fa  	addi	a1, a0, -88
8000104c: 93 b5 15 00  	seqz	a1, a1
80001050: 93 95 55 00  	slli	a1, a1, 5
80001054: 33 6e be 00  	or	t3, t3, a1
80001058: 93 05 40 06  	li	a1, 100
8000105c: 63 04 b5 10  	beq	a0, a1, 0x80001164 <_vsnprintf+0x3e4>
80001060: 93 05 08 00  	mv	a1, a6
80001064: 13 06 90 06  	li	a2, 105
80001068: 63 0e c5 0e  	beq	a0, a2, 0x80001164 <_vsnprintf+0x3e4>
8000106c: 6f 00 00 0f  	j	0x8000115c <_vsnprintf+0x3dc>
80001070: 13 05 a5 fb  	addi	a0, a0, -70
80001074: 13 35 15 00  	seqz	a0, a0
80001078: 83 25 81 01  	lw	a1, 24(sp)
8000107c: 93 85 75 00  	addi	a1, a1, 7
80001080: 93 f5 85 ff  	andi	a1, a1, -8
80001084: 07 b5 05 00  	fld	fa0, 0(a1)
80001088: 13 15 55 00  	slli	a0, a0, 5
8000108c: 33 68 ae 00  	or	a6, t3, a0
80001090: 93 85 85 00  	addi	a1, a1, 8
80001094: 23 2c b1 00  	sw	a1, 24(sp)
80001098: 13 05 09 00  	mv	a0, s2
8000109c: 93 85 04 00  	mv	a1, s1
800010a0: 13 06 0a 00  	mv	a2, s4
800010a4: 93 06 04 00  	mv	a3, s0
800010a8: 13 07 0b 00  	mv	a4, s6
800010ac: 93 87 0a 00  	mv	a5, s5
800010b0: ef 00 d0 11  	jal	0x800019cc <_ftoa>
800010b4: 13 0a 05 00  	mv	s4, a0
800010b8: 93 8a 1d 00  	addi	s5, s11, 1
800010bc: 6f f0 1f d4  	j	0x80000dfc <_vsnprintf+0x7c>
800010c0: 83 25 41 01  	lw	a1, 20(sp)
800010c4: 33 6e be 00  	or	t3, t3, a1
800010c8: 13 65 25 00  	ori	a0, a0, 2
800010cc: 93 05 70 04  	li	a1, 71
800010d0: 63 14 b5 00  	bne	a0, a1, 0x800010d8 <_vsnprintf+0x358>
800010d4: 13 6e 0e 02  	ori	t3, t3, 32
800010d8: 03 25 81 01  	lw	a0, 24(sp)
800010dc: 13 05 75 00  	addi	a0, a0, 7
800010e0: 13 75 85 ff  	andi	a0, a0, -8
800010e4: 07 35 05 00  	fld	fa0, 0(a0)
800010e8: 13 05 85 00  	addi	a0, a0, 8
800010ec: 23 2c a1 00  	sw	a0, 24(sp)
800010f0: 13 05 09 00  	mv	a0, s2
800010f4: 93 85 04 00  	mv	a1, s1
800010f8: 13 06 0a 00  	mv	a2, s4
800010fc: 93 06 04 00  	mv	a3, s0
80001100: 13 07 0b 00  	mv	a4, s6
80001104: 93 87 0a 00  	mv	a5, s5
80001108: 13 08 0e 00  	mv	a6, t3
8000110c: ef 00 d0 72  	jal	0x80002038 <_etoa>
80001110: 13 0a 05 00  	mv	s4, a0
80001114: 93 8a 1d 00  	addi	s5, s11, 1
80001118: 6f f0 5f ce  	j	0x80000dfc <_vsnprintf+0x7c>
8000111c: 13 6e 0e 08  	ori	t3, t3, 128
80001120: 93 8d 1d 00  	addi	s11, s11, 1
80001124: 6f f0 1f ef  	j	0x80001014 <_vsnprintf+0x294>
80001128: 13 6e 0e 10  	ori	t3, t3, 256
8000112c: 93 8d 1d 00  	addi	s11, s11, 1
80001130: 6f f0 5f ee  	j	0x80001014 <_vsnprintf+0x294>
80001134: 93 09 1a 00  	addi	s3, s4, 1
80001138: 13 05 50 02  	li	a0, 37
8000113c: 6f 00 80 00  	j	0x80001144 <_vsnprintf+0x3c4>
80001140: 93 09 1a 00  	addi	s3, s4, 1
80001144: 93 85 04 00  	mv	a1, s1
80001148: 13 06 0a 00  	mv	a2, s4
8000114c: 93 06 04 00  	mv	a3, s0
80001150: e7 00 09 00  	jalr	s2
80001154: 6f 00 40 3c  	j	0x80001518 <_vsnprintf+0x798>
80001158: 93 05 20 00  	li	a1, 2
8000115c: 13 7e 3e ff  	andi	t3, t3, -13
80001160: 13 88 05 00  	mv	a6, a1
80001164: 93 75 0e 40  	andi	a1, t3, 1024
80001168: 63 84 05 00  	beqz	a1, 0x80001170 <_vsnprintf+0x3f0>
8000116c: 13 7e ee ff  	andi	t3, t3, -2
80001170: 93 05 90 06  	li	a1, 105
80001174: 63 06 b5 00  	beq	a0, a1, 0x80001180 <_vsnprintf+0x400>
80001178: 93 05 40 06  	li	a1, 100
8000117c: 63 1e b5 02  	bne	a0, a1, 0x800011b8 <_vsnprintf+0x438>
80001180: 13 75 0e 20  	andi	a0, t3, 512
80001184: 63 1c 05 38  	bnez	a0, 0x8000151c <_vsnprintf+0x79c>
80001188: 13 75 0e 10  	andi	a0, t3, 256
8000118c: 63 12 05 06  	bnez	a0, 0x800011f0 <_vsnprintf+0x470>
80001190: 13 75 0e 04  	andi	a0, t3, 64
80001194: 63 16 05 22  	bnez	a0, 0x800013c0 <_vsnprintf+0x640>
80001198: 03 25 81 01  	lw	a0, 24(sp)
8000119c: 83 27 05 00  	lw	a5, 0(a0)
800011a0: 13 75 0e 08  	andi	a0, t3, 128
800011a4: 63 06 05 00  	beqz	a0, 0x800011b0 <_vsnprintf+0x430>
800011a8: 93 97 07 01  	slli	a5, a5, 16
800011ac: 93 d7 07 41  	srai	a5, a5, 16
800011b0: 03 25 81 01  	lw	a0, 24(sp)
800011b4: 6f 00 40 21  	j	0x800013c8 <_vsnprintf+0x648>
800011b8: 13 75 0e 20  	andi	a0, t3, 512
800011bc: 63 10 05 36  	bnez	a0, 0x8000151c <_vsnprintf+0x79c>
800011c0: 13 75 0e 10  	andi	a0, t3, 256
800011c4: 63 18 05 22  	bnez	a0, 0x800013f4 <_vsnprintf+0x674>
800011c8: 13 75 0e 04  	andi	a0, t3, 64
800011cc: 63 1a 05 26  	bnez	a0, 0x80001440 <_vsnprintf+0x6c0>
800011d0: 03 25 81 01  	lw	a0, 24(sp)
800011d4: 03 27 05 00  	lw	a4, 0(a0)
800011d8: 13 75 0e 08  	andi	a0, t3, 128
800011dc: 63 06 05 00  	beqz	a0, 0x800011e8 <_vsnprintf+0x468>
800011e0: 13 17 07 01  	slli	a4, a4, 16
800011e4: 13 57 07 01  	srli	a4, a4, 16
800011e8: 03 25 81 01  	lw	a0, 24(sp)
800011ec: 6f 00 c0 25  	j	0x80001448 <_vsnprintf+0x6c8>
800011f0: 83 29 81 01  	lw	s3, 24(sp)
800011f4: 83 a7 09 00  	lw	a5, 0(s3)
800011f8: 93 89 49 00  	addi	s3, s3, 4
800011fc: 13 d5 f7 41  	srai	a0, a5, 31
80001200: 33 c7 a7 00  	xor	a4, a5, a0
80001204: 33 07 a7 40  	sub	a4, a4, a0
80001208: 93 d7 f7 01  	srli	a5, a5, 31
8000120c: 13 05 09 00  	mv	a0, s2
80001210: 93 85 04 00  	mv	a1, s1
80001214: 13 06 0a 00  	mv	a2, s4
80001218: 93 06 04 00  	mv	a3, s0
8000121c: 6f 00 80 1f  	j	0x80001414 <_vsnprintf+0x694>
80001220: 93 79 2e 00  	andi	s3, t3, 2
80001224: 13 0b 10 00  	li	s6, 1
80001228: 63 9a 09 02  	bnez	s3, 0x8000125c <_vsnprintf+0x4dc>
8000122c: 13 0b 20 00  	li	s6, 2
80001230: 63 e6 6a 03  	bltu	s5, s6, 0x8000125c <_vsnprintf+0x4dc>
80001234: 13 8b 1a 00  	addi	s6, s5, 1
80001238: 93 8c fa ff  	addi	s9, s5, -1
8000123c: 13 06 0a 00  	mv	a2, s4
80001240: 13 0a 1a 00  	addi	s4, s4, 1
80001244: 13 05 00 02  	li	a0, 32
80001248: 93 85 04 00  	mv	a1, s1
8000124c: 93 06 04 00  	mv	a3, s0
80001250: e7 00 09 00  	jalr	s2
80001254: 93 8c fc ff  	addi	s9, s9, -1
80001258: e3 92 0c fe  	bnez	s9, 0x8000123c <_vsnprintf+0x4bc>
8000125c: 03 25 81 01  	lw	a0, 24(sp)
80001260: 13 06 0a 00  	mv	a2, s4
80001264: 93 05 05 00  	mv	a1, a0
80001268: 03 45 05 00  	lbu	a0, 0(a0)
8000126c: b3 3c 30 01  	snez	s9, s3
80001270: 93 89 45 00  	addi	s3, a1, 4
80001274: 13 0a 1a 00  	addi	s4, s4, 1
80001278: 93 85 04 00  	mv	a1, s1
8000127c: 93 06 04 00  	mv	a3, s0
80001280: e7 00 09 00  	jalr	s2
80001284: 33 35 5b 01  	sltu	a0, s6, s5
80001288: 33 f5 ac 00  	and	a0, s9, a0
8000128c: 63 02 05 1a  	beqz	a0, 0x80001430 <_vsnprintf+0x6b0>
80001290: b3 8a 6a 41  	sub	s5, s5, s6
80001294: 93 0c 90 00  	li	s9, 9
80001298: 13 06 0a 00  	mv	a2, s4
8000129c: 13 0a 1a 00  	addi	s4, s4, 1
800012a0: 13 05 00 02  	li	a0, 32
800012a4: 93 85 04 00  	mv	a1, s1
800012a8: 93 06 04 00  	mv	a3, s0
800012ac: e7 00 09 00  	jalr	s2
800012b0: 93 8a fa ff  	addi	s5, s5, -1
800012b4: e3 92 0a fe  	bnez	s5, 0x80001298 <_vsnprintf+0x518>
800012b8: 23 2c 31 01  	sw	s3, 24(sp)
800012bc: 93 8a 1d 00  	addi	s5, s11, 1
800012c0: 6f f0 df b3  	j	0x80000dfc <_vsnprintf+0x7c>
800012c4: 83 29 81 01  	lw	s3, 24(sp)
800012c8: 03 a7 09 00  	lw	a4, 0(s3)
800012cc: 13 6e 1e 02  	ori	t3, t3, 33
800012d0: 93 89 49 00  	addi	s3, s3, 4
800012d4: 13 08 00 01  	li	a6, 16
800012d8: 93 03 80 00  	li	t2, 8
800012dc: 13 05 09 00  	mv	a0, s2
800012e0: 93 85 04 00  	mv	a1, s1
800012e4: 13 06 0a 00  	mv	a2, s4
800012e8: 93 06 04 00  	mv	a3, s0
800012ec: 93 07 00 00  	li	a5, 0
800012f0: 93 08 0b 00  	mv	a7, s6
800012f4: 6f 00 80 12  	j	0x8000141c <_vsnprintf+0x69c>
800012f8: 03 25 81 01  	lw	a0, 24(sp)
800012fc: 83 2c 05 00  	lw	s9, 0(a0)
80001300: 03 c5 0c 00  	lbu	a0, 0(s9)
80001304: 13 86 0c 00  	mv	a2, s9
80001308: 63 0c 05 02  	beqz	a0, 0x80001340 <_vsnprintf+0x5c0>
8000130c: b3 35 60 01  	snez	a1, s6
80001310: 93 85 f5 ff  	addi	a1, a1, -1
80001314: b3 e5 65 01  	or	a1, a1, s6
80001318: 93 85 f5 ff  	addi	a1, a1, -1
8000131c: 93 86 0c 00  	mv	a3, s9
80001320: 03 c7 16 00  	lbu	a4, 1(a3)
80001324: 13 86 16 00  	addi	a2, a3, 1
80001328: 93 36 17 00  	seqz	a3, a4
8000132c: 13 b7 15 00  	seqz	a4, a1
80001330: 33 e7 e6 00  	or	a4, a3, a4
80001334: 93 85 f5 ff  	addi	a1, a1, -1
80001338: 93 06 06 00  	mv	a3, a2
8000133c: e3 02 07 fe  	beqz	a4, 0x80001320 <_vsnprintf+0x5a0>
80001340: b3 05 96 41  	sub	a1, a2, s9
80001344: 13 86 05 00  	mv	a2, a1
80001348: 63 e2 65 03  	bltu	a1, s6, 0x8000136c <_vsnprintf+0x5ec>
8000134c: 13 06 0b 00  	mv	a2, s6
80001350: 93 76 0e 40  	andi	a3, t3, 1024
80001354: 23 28 d1 00  	sw	a3, 16(sp)
80001358: 63 90 06 02  	bnez	a3, 0x80001378 <_vsnprintf+0x5f8>
8000135c: 13 76 2e 00  	andi	a2, t3, 2
80001360: 23 26 c1 00  	sw	a2, 12(sp)
80001364: 63 02 06 02  	beqz	a2, 0x80001388 <_vsnprintf+0x608>
80001368: 6f 00 80 11  	j	0x80001480 <_vsnprintf+0x700>
8000136c: 93 76 0e 40  	andi	a3, t3, 1024
80001370: 23 28 d1 00  	sw	a3, 16(sp)
80001374: e3 84 06 fe  	beqz	a3, 0x8000135c <_vsnprintf+0x5dc>
80001378: 93 05 06 00  	mv	a1, a2
8000137c: 13 76 2e 00  	andi	a2, t3, 2
80001380: 23 26 c1 00  	sw	a2, 12(sp)
80001384: 63 1e 06 0e  	bnez	a2, 0x80001480 <_vsnprintf+0x700>
80001388: 63 fa 55 0f  	bgeu	a1, s5, 0x8000147c <_vsnprintf+0x6fc>
8000138c: 13 85 1a 00  	addi	a0, s5, 1
80001390: 23 24 a1 00  	sw	a0, 8(sp)
80001394: b3 89 ba 40  	sub	s3, s5, a1
80001398: 13 06 0a 00  	mv	a2, s4
8000139c: 13 0a 1a 00  	addi	s4, s4, 1
800013a0: 13 05 00 02  	li	a0, 32
800013a4: 93 85 04 00  	mv	a1, s1
800013a8: 93 06 04 00  	mv	a3, s0
800013ac: e7 00 09 00  	jalr	s2
800013b0: 93 89 f9 ff  	addi	s3, s3, -1
800013b4: e3 92 09 fe  	bnez	s3, 0x80001398 <_vsnprintf+0x618>
800013b8: 03 c5 0c 00  	lbu	a0, 0(s9)
800013bc: 6f 00 80 0c  	j	0x80001484 <_vsnprintf+0x704>
800013c0: 03 25 81 01  	lw	a0, 24(sp)
800013c4: 83 47 05 00  	lbu	a5, 0(a0)
800013c8: 13 05 45 00  	addi	a0, a0, 4
800013cc: 23 2c a1 00  	sw	a0, 24(sp)
800013d0: 13 d5 f7 41  	srai	a0, a5, 31
800013d4: 33 c7 a7 00  	xor	a4, a5, a0
800013d8: 33 07 a7 40  	sub	a4, a4, a0
800013dc: 93 d7 f7 01  	srli	a5, a5, 31
800013e0: 13 05 09 00  	mv	a0, s2
800013e4: 93 85 04 00  	mv	a1, s1
800013e8: 13 06 0a 00  	mv	a2, s4
800013ec: 93 06 04 00  	mv	a3, s0
800013f0: 6f 00 40 07  	j	0x80001464 <_vsnprintf+0x6e4>
800013f4: 83 29 81 01  	lw	s3, 24(sp)
800013f8: 03 a7 09 00  	lw	a4, 0(s3)
800013fc: 93 89 49 00  	addi	s3, s3, 4
80001400: 13 05 09 00  	mv	a0, s2
80001404: 93 85 04 00  	mv	a1, s1
80001408: 13 06 0a 00  	mv	a2, s4
8000140c: 93 06 04 00  	mv	a3, s0
80001410: 93 07 00 00  	li	a5, 0
80001414: 93 08 0b 00  	mv	a7, s6
80001418: 93 83 0a 00  	mv	t2, s5
8000141c: ef 00 80 21  	jal	0x80001634 <_ntoa_long>
80001420: 13 0a 05 00  	mv	s4, a0
80001424: 23 2c 31 01  	sw	s3, 24(sp)
80001428: 93 8a 1d 00  	addi	s5, s11, 1
8000142c: 6f f0 1f 9d  	j	0x80000dfc <_vsnprintf+0x7c>
80001430: 23 2c 31 01  	sw	s3, 24(sp)
80001434: 93 0c 90 00  	li	s9, 9
80001438: 93 8a 1d 00  	addi	s5, s11, 1
8000143c: 6f f0 1f 9c  	j	0x80000dfc <_vsnprintf+0x7c>
80001440: 03 25 81 01  	lw	a0, 24(sp)
80001444: 03 47 05 00  	lbu	a4, 0(a0)
80001448: 13 05 45 00  	addi	a0, a0, 4
8000144c: 23 2c a1 00  	sw	a0, 24(sp)
80001450: 13 05 09 00  	mv	a0, s2
80001454: 93 85 04 00  	mv	a1, s1
80001458: 13 06 0a 00  	mv	a2, s4
8000145c: 93 06 04 00  	mv	a3, s0
80001460: 93 07 00 00  	li	a5, 0
80001464: 93 08 0b 00  	mv	a7, s6
80001468: 93 83 0a 00  	mv	t2, s5
8000146c: ef 00 80 1c  	jal	0x80001634 <_ntoa_long>
80001470: 13 0a 05 00  	mv	s4, a0
80001474: 93 8a 1d 00  	addi	s5, s11, 1
80001478: 6f f0 5f 98  	j	0x80000dfc <_vsnprintf+0x7c>
8000147c: 93 85 15 00  	addi	a1, a1, 1
80001480: 23 24 b1 00  	sw	a1, 8(sp)
80001484: 63 02 05 04  	beqz	a0, 0x800014c8 <_vsnprintf+0x748>
80001488: 93 8c 1c 00  	addi	s9, s9, 1
8000148c: 6f 00 00 03  	j	0x800014bc <_vsnprintf+0x73c>
80001490: 13 0b fb ff  	addi	s6, s6, -1
80001494: 93 09 1a 00  	addi	s3, s4, 1
80001498: 13 75 f5 0f  	andi	a0, a0, 255
8000149c: 93 85 04 00  	mv	a1, s1
800014a0: 13 06 0a 00  	mv	a2, s4
800014a4: 93 06 04 00  	mv	a3, s0
800014a8: e7 00 09 00  	jalr	s2
800014ac: 03 c5 0c 00  	lbu	a0, 0(s9)
800014b0: 93 8c 1c 00  	addi	s9, s9, 1
800014b4: 13 8a 09 00  	mv	s4, s3
800014b8: 63 0a 05 00  	beqz	a0, 0x800014cc <_vsnprintf+0x74c>
800014bc: 83 25 01 01  	lw	a1, 16(sp)
800014c0: e3 8a 05 fc  	beqz	a1, 0x80001494 <_vsnprintf+0x714>
800014c4: e3 16 0b fc  	bnez	s6, 0x80001490 <_vsnprintf+0x710>
800014c8: 93 09 0a 00  	mv	s3, s4
800014cc: 03 25 c1 00  	lw	a0, 12(sp)
800014d0: 33 35 a0 00  	snez	a0, a0
800014d4: 03 26 81 00  	lw	a2, 8(sp)
800014d8: b3 35 56 01  	sltu	a1, a2, s5
800014dc: 33 75 b5 00  	and	a0, a0, a1
800014e0: 83 25 81 01  	lw	a1, 24(sp)
800014e4: 93 85 45 00  	addi	a1, a1, 4
800014e8: 23 2c b1 00  	sw	a1, 24(sp)
800014ec: 63 0c 05 02  	beqz	a0, 0x80001524 <_vsnprintf+0x7a4>
800014f0: 33 8a ca 40  	sub	s4, s5, a2
800014f4: 93 0c 90 00  	li	s9, 9
800014f8: 13 86 09 00  	mv	a2, s3
800014fc: 93 89 19 00  	addi	s3, s3, 1
80001500: 13 05 00 02  	li	a0, 32
80001504: 93 85 04 00  	mv	a1, s1
80001508: 93 06 04 00  	mv	a3, s0
8000150c: e7 00 09 00  	jalr	s2
80001510: 13 0a fa ff  	addi	s4, s4, -1
80001514: e3 12 0a fe  	bnez	s4, 0x800014f8 <_vsnprintf+0x778>
80001518: 13 8a 09 00  	mv	s4, s3
8000151c: 93 8a 1d 00  	addi	s5, s11, 1
80001520: 6f f0 df 8d  	j	0x80000dfc <_vsnprintf+0x7c>
80001524: 13 8a 09 00  	mv	s4, s3
80001528: 93 0c 90 00  	li	s9, 9
8000152c: 93 8a 1d 00  	addi	s5, s11, 1
80001530: 6f f0 df 8c  	j	0x80000dfc <_vsnprintf+0x7c>
80001534: 13 06 0a 00  	mv	a2, s4
80001538: 63 64 8a 00  	bltu	s4, s0, 0x80001540 <_vsnprintf+0x7c0>
8000153c: 13 06 f4 ff  	addi	a2, s0, -1
80001540: 13 05 00 00  	li	a0, 0
80001544: 93 85 04 00  	mv	a1, s1
80001548: 93 06 04 00  	mv	a3, s0
8000154c: e7 00 09 00  	jalr	s2
80001550: 13 05 0a 00  	mv	a0, s4
80001554: 83 20 c1 04  	lw	ra, 76(sp)
80001558: 03 24 81 04  	lw	s0, 72(sp)
8000155c: 83 24 41 04  	lw	s1, 68(sp)
80001560: 03 29 01 04  	lw	s2, 64(sp)
80001564: 83 29 c1 03  	lw	s3, 60(sp)
80001568: 03 2a 81 03  	lw	s4, 56(sp)
8000156c: 83 2a 41 03  	lw	s5, 52(sp)
80001570: 03 2b 01 03  	lw	s6, 48(sp)
80001574: 83 2b c1 02  	lw	s7, 44(sp)
80001578: 03 2c 81 02  	lw	s8, 40(sp)
8000157c: 83 2c 41 02  	lw	s9, 36(sp)
80001580: 03 2d 01 02  	lw	s10, 32(sp)
80001584: 83 2d c1 01  	lw	s11, 28(sp)
80001588: 13 01 01 05  	addi	sp, sp, 80
8000158c: 67 80 00 00  	ret

80001590 <_out_char>:
80001590: 63 0e 05 08  	beqz	a0, 0x8000162c <_out_char+0x9c>
80001594: f3 25 40 f1  	csrr	a1, mhartid
80001598: 13 06 80 44  	li	a2, 1096
8000159c: b3 85 c5 02  	mul	a1, a1, a2
800015a0: 17 26 00 00  	auipc	a2, 2
800015a4: 13 06 06 8f  	addi	a2, a2, -1808
800015a8: b3 05 b6 00  	add	a1, a2, a1
800015ac: 03 a6 05 00  	lw	a2, 0(a1)
800015b0: 93 06 16 00  	addi	a3, a2, 1
800015b4: 23 a0 d5 00  	sw	a3, 0(a1)
800015b8: 33 86 c5 00  	add	a2, a1, a2
800015bc: 23 04 a6 04  	sb	a0, 72(a2)
800015c0: 03 a6 05 00  	lw	a2, 0(a1)
800015c4: 13 06 46 c0  	addi	a2, a2, -1020
800015c8: 33 36 c0 00  	snez	a2, a2
800015cc: 13 05 65 ff  	addi	a0, a0, -10
800015d0: 33 35 a0 00  	snez	a0, a0
800015d4: 33 75 c5 00  	and	a0, a0, a2
800015d8: 63 1a 05 04  	bnez	a0, 0x8000162c <_out_char+0x9c>
800015dc: 13 85 85 04  	addi	a0, a1, 72
800015e0: 23 a6 05 00  	sw	zero, 12(a1)
800015e4: 13 06 00 04  	li	a2, 64
800015e8: 23 a4 c5 00  	sw	a2, 8(a1)
800015ec: 23 aa 05 00  	sw	zero, 20(a1)
800015f0: 13 06 10 00  	li	a2, 1
800015f4: 23 a8 c5 00  	sw	a2, 16(a1)
800015f8: 23 ae 05 00  	sw	zero, 28(a1)
800015fc: 23 ac a5 00  	sw	a0, 24(a1)
80001600: 03 a5 05 00  	lw	a0, 0(a1)
80001604: 13 86 85 00  	addi	a2, a1, 8
80001608: 23 a2 05 02  	sw	zero, 36(a1)
8000160c: 23 a0 a5 02  	sw	a0, 32(a1)
80001610: 17 15 00 00  	auipc	a0, 1
80001614: 23 28 c5 6a  	sw	a2, 1712(a0)
80001618: 17 15 00 00  	auipc	a0, 1
8000161c: 03 26 85 6e  	lw	a2, 1768(a0)
80001620: e3 0e 06 fe  	beqz	a2, 0x8000161c <_out_char+0x8c>
80001624: 23 24 05 6e  	sw	zero, 1768(a0)
80001628: 23 a0 05 00  	sw	zero, 0(a1)
8000162c: 67 80 00 00  	ret

80001630 <_out_null>:
80001630: 67 80 00 00  	ret

80001634 <_ntoa_long>:
80001634: 13 01 01 fb  	addi	sp, sp, -80
80001638: 23 26 11 04  	sw	ra, 76(sp)
8000163c: 23 24 81 04  	sw	s0, 72(sp)
80001640: 23 22 91 04  	sw	s1, 68(sp)
80001644: 23 20 21 05  	sw	s2, 64(sp)
80001648: 23 2e 31 03  	sw	s3, 60(sp)
8000164c: 23 2c 41 03  	sw	s4, 56(sp)
80001650: 23 2a 51 03  	sw	s5, 52(sp)
80001654: 23 28 61 03  	sw	s6, 48(sp)
80001658: 23 26 71 03  	sw	s7, 44(sp)
8000165c: 23 24 81 03  	sw	s8, 40(sp)
80001660: 23 22 91 03  	sw	s9, 36(sp)
80001664: 23 20 a1 03  	sw	s10, 32(sp)
80001668: 13 84 03 00  	mv	s0, t2
8000166c: 93 84 06 00  	mv	s1, a3
80001670: 13 0a 06 00  	mv	s4, a2
80001674: 13 89 05 00  	mv	s2, a1
80001678: 93 09 05 00  	mv	s3, a0
8000167c: 93 35 17 00  	seqz	a1, a4
80001680: 63 14 07 00  	bnez	a4, 0x80001688 <_ntoa_long+0x54>
80001684: 13 7e fe fe  	andi	t3, t3, -17
80001688: 13 75 0e 40  	andi	a0, t3, 1024
8000168c: 13 56 a5 00  	srli	a2, a0, 10
80001690: b3 f5 c5 00  	and	a1, a1, a2
80001694: 63 96 05 06  	bnez	a1, 0x80001700 <_ntoa_long+0xcc>
80001698: 93 06 00 00  	li	a3, 0
8000169c: 93 75 0e 02  	andi	a1, t3, 32
800016a0: 93 c5 15 06  	xori	a1, a1, 97
800016a4: 93 85 65 0f  	addi	a1, a1, 246
800016a8: 13 06 a0 00  	li	a2, 10
800016ac: 93 02 01 00  	mv	t0, sp
800016b0: 6f 00 00 03  	j	0x800016e0 <_ntoa_long+0xac>
800016b4: b3 83 d3 01  	add	t2, t2, t4
800016b8: 13 8c 16 00  	addi	s8, a3, 1
800016bc: b3 8e d2 00  	add	t4, t0, a3
800016c0: 33 37 07 01  	sltu	a4, a4, a6
800016c4: 13 47 f7 ff  	not	a4, a4
800016c8: 93 b6 f6 01  	sltiu	a3, a3, 31
800016cc: 33 7f d7 00  	and	t5, a4, a3
800016d0: 23 80 7e 00  	sb	t2, 0(t4)
800016d4: 93 06 0c 00  	mv	a3, s8
800016d8: 13 07 03 00  	mv	a4, t1
800016dc: 63 04 0f 02  	beqz	t5, 0x80001704 <_ntoa_long+0xd0>
800016e0: 33 53 07 03  	divu	t1, a4, a6
800016e4: b3 03 03 03  	mul	t2, t1, a6
800016e8: b3 03 77 40  	sub	t2, a4, t2
800016ec: 13 ff e3 0f  	andi	t5, t2, 254
800016f0: 93 8e 05 00  	mv	t4, a1
800016f4: e3 70 cf fc  	bgeu	t5, a2, 0x800016b4 <_ntoa_long+0x80>
800016f8: 93 0e 00 03  	li	t4, 48
800016fc: 6f f0 9f fb  	j	0x800016b4 <_ntoa_long+0x80>
80001700: 13 0c 00 00  	li	s8, 0
80001704: 93 7b 2e 00  	andi	s7, t3, 2
80001708: 63 94 0b 04  	bnez	s7, 0x80001750 <_ntoa_long+0x11c>
8000170c: 63 0e 04 00  	beqz	s0, 0x80001728 <_ntoa_long+0xf4>
80001710: 93 75 1e 00  	andi	a1, t3, 1
80001714: 63 8a 05 00  	beqz	a1, 0x80001728 <_ntoa_long+0xf4>
80001718: 93 75 ce 00  	andi	a1, t3, 12
8000171c: b3 35 b0 00  	snez	a1, a1
80001720: b3 e5 f5 00  	or	a1, a1, a5
80001724: 33 04 b4 40  	sub	s0, s0, a1
80001728: 13 06 00 02  	li	a2, 32
8000172c: 93 85 08 00  	mv	a1, a7
80001730: 63 fa c8 02  	bgeu	a7, a2, 0x80001764 <_ntoa_long+0x130>
80001734: 63 6c bc 02  	bltu	s8, a1, 0x8000176c <_ntoa_long+0x138>
80001738: 13 06 00 02  	li	a2, 32
8000173c: 93 05 04 00  	mv	a1, s0
80001740: 63 7e c4 04  	bgeu	s0, a2, 0x8000179c <_ntoa_long+0x168>
80001744: 33 36 bc 00  	sltu	a2, s8, a1
80001748: 33 76 ce 00  	and	a2, t3, a2
8000174c: 63 10 06 06  	bnez	a2, 0x800017ac <_ntoa_long+0x178>
80001750: 93 75 0e 01  	andi	a1, t3, 16
80001754: 63 92 05 08  	bnez	a1, 0x800017d8 <_ntoa_long+0x1a4>
80001758: 13 05 f0 01  	li	a0, 31
8000175c: 63 72 85 15  	bgeu	a0, s8, 0x800018a0 <_ntoa_long+0x26c>
80001760: 6f 00 00 17  	j	0x800018d0 <_ntoa_long+0x29c>
80001764: 93 05 00 02  	li	a1, 32
80001768: e3 78 bc fc  	bgeu	s8, a1, 0x80001738 <_ntoa_long+0x104>
8000176c: 13 06 01 00  	mv	a2, sp
80001770: 33 06 86 01  	add	a2, a2, s8
80001774: b3 86 85 41  	sub	a3, a1, s8
80001778: 13 07 00 03  	li	a4, 48
8000177c: 23 00 e6 00  	sb	a4, 0(a2)
80001780: 93 86 f6 ff  	addi	a3, a3, -1
80001784: 13 06 16 00  	addi	a2, a2, 1
80001788: e3 9a 06 fe  	bnez	a3, 0x8000177c <_ntoa_long+0x148>
8000178c: 13 8c 05 00  	mv	s8, a1
80001790: 13 06 00 02  	li	a2, 32
80001794: 93 05 04 00  	mv	a1, s0
80001798: e3 66 c4 fa  	bltu	s0, a2, 0x80001744 <_ntoa_long+0x110>
8000179c: 93 05 00 02  	li	a1, 32
800017a0: 33 36 bc 00  	sltu	a2, s8, a1
800017a4: 33 76 ce 00  	and	a2, t3, a2
800017a8: e3 04 06 fa  	beqz	a2, 0x80001750 <_ntoa_long+0x11c>
800017ac: 13 06 01 00  	mv	a2, sp
800017b0: 33 06 86 01  	add	a2, a2, s8
800017b4: b3 86 85 41  	sub	a3, a1, s8
800017b8: 13 07 00 03  	li	a4, 48
800017bc: 23 00 e6 00  	sb	a4, 0(a2)
800017c0: 93 86 f6 ff  	addi	a3, a3, -1
800017c4: 13 06 16 00  	addi	a2, a2, 1
800017c8: e3 9a 06 fe  	bnez	a3, 0x800017bc <_ntoa_long+0x188>
800017cc: 13 8c 05 00  	mv	s8, a1
800017d0: 93 75 0e 01  	andi	a1, t3, 16
800017d4: e3 82 05 f8  	beqz	a1, 0x80001758 <_ntoa_long+0x124>
800017d8: 33 35 a0 00  	snez	a0, a0
800017dc: 93 35 1c 00  	seqz	a1, s8
800017e0: 33 65 b5 00  	or	a0, a0, a1
800017e4: 63 1e 05 02  	bnez	a0, 0x80001820 <_ntoa_long+0x1ec>
800017e8: 33 45 1c 01  	xor	a0, s8, a7
800017ec: 33 35 a0 00  	snez	a0, a0
800017f0: b3 45 8c 00  	xor	a1, s8, s0
800017f4: b3 35 b0 00  	snez	a1, a1
800017f8: 33 75 b5 00  	and	a0, a0, a1
800017fc: 63 12 05 02  	bnez	a0, 0x80001820 <_ntoa_long+0x1ec>
80001800: 13 05 fc ff  	addi	a0, s8, -1
80001804: b3 35 a0 00  	snez	a1, a0
80001808: 13 06 08 ff  	addi	a2, a6, -16
8000180c: 13 36 16 00  	seqz	a2, a2
80001810: b3 75 b6 00  	and	a1, a2, a1
80001814: 63 84 05 00  	beqz	a1, 0x8000181c <_ntoa_long+0x1e8>
80001818: 13 05 ec ff  	addi	a0, s8, -2
8000181c: 13 0c 05 00  	mv	s8, a0
80001820: 13 05 00 01  	li	a0, 16
80001824: 63 18 a8 02  	bne	a6, a0, 0x80001854 <_ntoa_long+0x220>
80001828: 93 75 0e 02  	andi	a1, t3, 32
8000182c: 13 b5 15 00  	seqz	a0, a1
80001830: 13 36 0c 02  	sltiu	a2, s8, 32
80001834: b3 76 c5 00  	and	a3, a0, a2
80001838: 13 05 80 07  	li	a0, 120
8000183c: 63 98 06 02  	bnez	a3, 0x8000186c <_ntoa_long+0x238>
80001840: 33 35 b0 00  	snez	a0, a1
80001844: 33 76 c5 00  	and	a2, a0, a2
80001848: 13 05 80 05  	li	a0, 88
8000184c: 63 10 06 02  	bnez	a2, 0x8000186c <_ntoa_long+0x238>
80001850: 6f 00 c0 02  	j	0x8000187c <_ntoa_long+0x248>
80001854: 13 08 e8 ff  	addi	a6, a6, -2
80001858: 13 35 18 00  	seqz	a0, a6
8000185c: 93 35 0c 02  	sltiu	a1, s8, 32
80001860: b3 75 b5 00  	and	a1, a0, a1
80001864: 13 05 20 06  	li	a0, 98
80001868: 63 8a 05 00  	beqz	a1, 0x8000187c <_ntoa_long+0x248>
8000186c: 93 05 01 00  	mv	a1, sp
80001870: b3 85 85 01  	add	a1, a1, s8
80001874: 13 0c 1c 00  	addi	s8, s8, 1
80001878: 23 80 a5 00  	sb	a0, 0(a1)
8000187c: 13 05 f0 01  	li	a0, 31
80001880: 63 68 85 05  	bltu	a0, s8, 0x800018d0 <_ntoa_long+0x29c>
80001884: 13 05 01 00  	mv	a0, sp
80001888: 33 05 85 01  	add	a0, a0, s8
8000188c: 13 0c 1c 00  	addi	s8, s8, 1
80001890: 93 05 00 03  	li	a1, 48
80001894: 23 00 b5 00  	sb	a1, 0(a0)
80001898: 13 05 f0 01  	li	a0, 31
8000189c: 63 6a 85 03  	bltu	a0, s8, 0x800018d0 <_ntoa_long+0x29c>
800018a0: 13 05 d0 02  	li	a0, 45
800018a4: 63 9e 07 00  	bnez	a5, 0x800018c0 <_ntoa_long+0x28c>
800018a8: 93 75 4e 00  	andi	a1, t3, 4
800018ac: 13 05 b0 02  	li	a0, 43
800018b0: 63 98 05 00  	bnez	a1, 0x800018c0 <_ntoa_long+0x28c>
800018b4: 93 75 8e 00  	andi	a1, t3, 8
800018b8: 13 05 00 02  	li	a0, 32
800018bc: 63 8a 05 00  	beqz	a1, 0x800018d0 <_ntoa_long+0x29c>
800018c0: 93 05 01 00  	mv	a1, sp
800018c4: b3 85 85 01  	add	a1, a1, s8
800018c8: 13 0c 1c 00  	addi	s8, s8, 1
800018cc: 23 80 a5 00  	sb	a0, 0(a1)
800018d0: 13 75 3e 00  	andi	a0, t3, 3
800018d4: 13 35 15 00  	seqz	a0, a0
800018d8: b3 35 8c 00  	sltu	a1, s8, s0
800018dc: 33 75 b5 00  	and	a0, a0, a1
800018e0: 93 0a 0a 00  	mv	s5, s4
800018e4: 63 06 05 02  	beqz	a0, 0x80001910 <_ntoa_long+0x2dc>
800018e8: 33 0b 84 41  	sub	s6, s0, s8
800018ec: 13 06 0a 00  	mv	a2, s4
800018f0: 93 0a 16 00  	addi	s5, a2, 1
800018f4: 13 05 00 02  	li	a0, 32
800018f8: 93 05 09 00  	mv	a1, s2
800018fc: 93 86 04 00  	mv	a3, s1
80001900: e7 80 09 00  	jalr	s3
80001904: 13 0b fb ff  	addi	s6, s6, -1
80001908: 13 86 0a 00  	mv	a2, s5
8000190c: e3 12 0b fe  	bnez	s6, 0x800018f0 <_ntoa_long+0x2bc>
80001910: 63 0c 0c 02  	beqz	s8, 0x80001948 <_ntoa_long+0x314>
80001914: 93 0c f1 ff  	addi	s9, sp, -1
80001918: 33 85 8c 01  	add	a0, s9, s8
8000191c: 03 45 05 00  	lbu	a0, 0(a0)
80001920: 13 0d fc ff  	addi	s10, s8, -1
80001924: 13 8b 1a 00  	addi	s6, s5, 1
80001928: 93 05 09 00  	mv	a1, s2
8000192c: 13 86 0a 00  	mv	a2, s5
80001930: 93 86 04 00  	mv	a3, s1
80001934: e7 80 09 00  	jalr	s3
80001938: 93 0a 0b 00  	mv	s5, s6
8000193c: 13 0c 0d 00  	mv	s8, s10
80001940: e3 1c 0d fc  	bnez	s10, 0x80001918 <_ntoa_long+0x2e4>
80001944: 6f 00 80 00  	j	0x8000194c <_ntoa_long+0x318>
80001948: 13 8b 0a 00  	mv	s6, s5
8000194c: 33 35 70 01  	snez	a0, s7
80001950: b3 05 4b 41  	sub	a1, s6, s4
80001954: b3 b5 85 00  	sltu	a1, a1, s0
80001958: 33 75 b5 00  	and	a0, a0, a1
8000195c: 63 08 05 02  	beqz	a0, 0x8000198c <_ntoa_long+0x358>
80001960: b3 0a 40 41  	neg	s5, s4
80001964: 13 0a 1b 00  	addi	s4, s6, 1
80001968: 13 05 00 02  	li	a0, 32
8000196c: 93 05 09 00  	mv	a1, s2
80001970: 13 06 0b 00  	mv	a2, s6
80001974: 93 86 04 00  	mv	a3, s1
80001978: e7 80 09 00  	jalr	s3
8000197c: 33 85 4a 01  	add	a0, s5, s4
80001980: 13 0b 0a 00  	mv	s6, s4
80001984: e3 60 85 fe  	bltu	a0, s0, 0x80001964 <_ntoa_long+0x330>
80001988: 6f 00 80 00  	j	0x80001990 <_ntoa_long+0x35c>
8000198c: 13 0a 0b 00  	mv	s4, s6
80001990: 13 05 0a 00  	mv	a0, s4
80001994: 83 20 c1 04  	lw	ra, 76(sp)
80001998: 03 24 81 04  	lw	s0, 72(sp)
8000199c: 83 24 41 04  	lw	s1, 68(sp)
800019a0: 03 29 01 04  	lw	s2, 64(sp)
800019a4: 83 29 c1 03  	lw	s3, 60(sp)
800019a8: 03 2a 81 03  	lw	s4, 56(sp)
800019ac: 83 2a 41 03  	lw	s5, 52(sp)
800019b0: 03 2b 01 03  	lw	s6, 48(sp)
800019b4: 83 2b c1 02  	lw	s7, 44(sp)
800019b8: 03 2c 81 02  	lw	s8, 40(sp)
800019bc: 83 2c 41 02  	lw	s9, 36(sp)
800019c0: 03 2d 01 02  	lw	s10, 32(sp)
800019c4: 13 01 01 05  	addi	sp, sp, 80
800019c8: 67 80 00 00  	ret

800019cc <_ftoa>:
800019cc: 13 01 01 fb  	addi	sp, sp, -80
800019d0: 23 26 11 04  	sw	ra, 76(sp)
800019d4: 23 24 81 04  	sw	s0, 72(sp)
800019d8: 23 22 91 04  	sw	s1, 68(sp)
800019dc: 23 20 21 05  	sw	s2, 64(sp)
800019e0: 23 2e 31 03  	sw	s3, 60(sp)
800019e4: 23 2c 41 03  	sw	s4, 56(sp)
800019e8: 23 2a 51 03  	sw	s5, 52(sp)
800019ec: 23 28 61 03  	sw	s6, 48(sp)
800019f0: 23 26 71 03  	sw	s7, 44(sp)
800019f4: 23 24 81 03  	sw	s8, 40(sp)
800019f8: 23 22 91 03  	sw	s9, 36(sp)
800019fc: 97 18 00 00  	auipc	a7, 1
80001a00: 87 b7 48 34  	fld	fa5, 836(a7)
80001a04: d3 88 a7 a2  	fle.d	a7, fa5, fa0
80001a08: 93 0a 08 00  	mv	s5, a6
80001a0c: 13 84 07 00  	mv	s0, a5
80001a10: 93 84 06 00  	mv	s1, a3
80001a14: 13 0a 06 00  	mv	s4, a2
80001a18: 13 89 05 00  	mv	s2, a1
80001a1c: 93 09 05 00  	mv	s3, a0
80001a20: 63 94 08 0e  	bnez	a7, 0x80001b08 <_ftoa+0x13c>
80001a24: 13 f5 3a 00  	andi	a0, s5, 3
80001a28: 33 35 a0 00  	snez	a0, a0
80001a2c: 93 35 54 00  	sltiu	a1, s0, 5
80001a30: 33 e5 a5 00  	or	a0, a1, a0
80001a34: 13 fb 2a 00  	andi	s6, s5, 2
80001a38: 93 0a 0a 00  	mv	s5, s4
80001a3c: 63 16 05 02  	bnez	a0, 0x80001a68 <_ftoa+0x9c>
80001a40: 93 0b c4 ff  	addi	s7, s0, -4
80001a44: 13 06 0a 00  	mv	a2, s4
80001a48: 93 0a 16 00  	addi	s5, a2, 1
80001a4c: 13 05 00 02  	li	a0, 32
80001a50: 93 05 09 00  	mv	a1, s2
80001a54: 93 86 04 00  	mv	a3, s1
80001a58: e7 80 09 00  	jalr	s3
80001a5c: 93 8b fb ff  	addi	s7, s7, -1
80001a60: 13 86 0a 00  	mv	a2, s5
80001a64: e3 92 0b fe  	bnez	s7, 0x80001a48 <_ftoa+0x7c>
80001a68: 33 3c 60 01  	snez	s8, s6
80001a6c: 13 8b 1a 00  	addi	s6, s5, 1
80001a70: 13 05 d0 02  	li	a0, 45
80001a74: 93 05 09 00  	mv	a1, s2
80001a78: 13 86 0a 00  	mv	a2, s5
80001a7c: 93 86 04 00  	mv	a3, s1
80001a80: e7 80 09 00  	jalr	s3
80001a84: 93 8b 2a 00  	addi	s7, s5, 2
80001a88: 13 05 90 06  	li	a0, 105
80001a8c: 93 05 09 00  	mv	a1, s2
80001a90: 13 06 0b 00  	mv	a2, s6
80001a94: 93 86 04 00  	mv	a3, s1
80001a98: e7 80 09 00  	jalr	s3
80001a9c: 13 8b 3a 00  	addi	s6, s5, 3
80001aa0: 13 05 e0 06  	li	a0, 110
80001aa4: 93 05 09 00  	mv	a1, s2
80001aa8: 13 86 0b 00  	mv	a2, s7
80001aac: 93 86 04 00  	mv	a3, s1
80001ab0: e7 80 09 00  	jalr	s3
80001ab4: 93 8a 4a 00  	addi	s5, s5, 4
80001ab8: 13 05 60 06  	li	a0, 102
80001abc: 93 05 09 00  	mv	a1, s2
80001ac0: 13 06 0b 00  	mv	a2, s6
80001ac4: 93 86 04 00  	mv	a3, s1
80001ac8: e7 80 09 00  	jalr	s3
80001acc: 33 85 4a 41  	sub	a0, s5, s4
80001ad0: 33 35 85 00  	sltu	a0, a0, s0
80001ad4: 33 75 ac 00  	and	a0, s8, a0
80001ad8: 63 0c 05 04  	beqz	a0, 0x80001b30 <_ftoa+0x164>
80001adc: 33 0b 40 41  	neg	s6, s4
80001ae0: 13 8a 1a 00  	addi	s4, s5, 1
80001ae4: 13 05 00 02  	li	a0, 32
80001ae8: 93 05 09 00  	mv	a1, s2
80001aec: 13 86 0a 00  	mv	a2, s5
80001af0: 93 86 04 00  	mv	a3, s1
80001af4: e7 80 09 00  	jalr	s3
80001af8: 33 05 4b 01  	add	a0, s6, s4
80001afc: 93 0a 0a 00  	mv	s5, s4
80001b00: e3 60 85 fe  	bltu	a0, s0, 0x80001ae0 <_ftoa+0x114>
80001b04: 6f 00 c0 4f  	j	0x80002000 <_ftoa+0x634>
80001b08: 17 15 00 00  	auipc	a0, 1
80001b0c: 87 37 05 24  	fld	fa5, 576(a0)
80001b10: 53 05 f5 a2  	fle.d	a0, fa0, fa5
80001b14: 63 12 05 02  	bnez	a0, 0x80001b38 <_ftoa+0x16c>
80001b18: 13 f5 4a 00  	andi	a0, s5, 4
80001b1c: 93 5b 25 00  	srli	s7, a0, 2
80001b20: 63 02 05 08  	beqz	a0, 0x80001ba4 <_ftoa+0x1d8>
80001b24: 17 15 00 00  	auipc	a0, 1
80001b28: 13 0c e5 0c  	addi	s8, a0, 206
80001b2c: 6f 00 00 08  	j	0x80001bac <_ftoa+0x1e0>
80001b30: 13 8a 0a 00  	mv	s4, s5
80001b34: 6f 00 c0 4c  	j	0x80002000 <_ftoa+0x634>
80001b38: 17 15 00 00  	auipc	a0, 1
80001b3c: 87 37 85 21  	fld	fa5, 536(a0)
80001b40: 17 15 00 00  	auipc	a0, 1
80001b44: 07 37 85 21  	fld	fa4, 536(a0)
80001b48: 53 95 a7 a2  	flt.d	a0, fa5, fa0
80001b4c: d3 15 e5 a2  	flt.d	a1, fa0, fa4
80001b50: 33 65 b5 00  	or	a0, a0, a1
80001b54: 63 06 05 10  	beqz	a0, 0x80001c60 <_ftoa+0x294>
80001b58: 13 85 09 00  	mv	a0, s3
80001b5c: 93 05 09 00  	mv	a1, s2
80001b60: 13 06 0a 00  	mv	a2, s4
80001b64: 93 86 04 00  	mv	a3, s1
80001b68: 93 07 04 00  	mv	a5, s0
80001b6c: 13 88 0a 00  	mv	a6, s5
80001b70: 83 20 c1 04  	lw	ra, 76(sp)
80001b74: 03 24 81 04  	lw	s0, 72(sp)
80001b78: 83 24 41 04  	lw	s1, 68(sp)
80001b7c: 03 29 01 04  	lw	s2, 64(sp)
80001b80: 83 29 c1 03  	lw	s3, 60(sp)
80001b84: 03 2a 81 03  	lw	s4, 56(sp)
80001b88: 83 2a 41 03  	lw	s5, 52(sp)
80001b8c: 03 2b 01 03  	lw	s6, 48(sp)
80001b90: 83 2b c1 02  	lw	s7, 44(sp)
80001b94: 03 2c 81 02  	lw	s8, 40(sp)
80001b98: 83 2c 41 02  	lw	s9, 36(sp)
80001b9c: 13 01 01 05  	addi	sp, sp, 80
80001ba0: 6f 00 80 49  	j	0x80002038 <_etoa>
80001ba4: 17 15 00 00  	auipc	a0, 1
80001ba8: 13 0c a5 06  	addi	s8, a0, 106
80001bac: 93 8b 3b 00  	addi	s7, s7, 3
80001bb0: 13 f5 3a 00  	andi	a0, s5, 3
80001bb4: 13 35 15 00  	seqz	a0, a0
80001bb8: b3 b5 8b 00  	sltu	a1, s7, s0
80001bbc: 33 75 b5 00  	and	a0, a0, a1
80001bc0: 13 0b 0a 00  	mv	s6, s4
80001bc4: 63 06 05 02  	beqz	a0, 0x80001bf0 <_ftoa+0x224>
80001bc8: b3 0c 74 41  	sub	s9, s0, s7
80001bcc: 13 06 0a 00  	mv	a2, s4
80001bd0: 13 0b 16 00  	addi	s6, a2, 1
80001bd4: 13 05 00 02  	li	a0, 32
80001bd8: 93 05 09 00  	mv	a1, s2
80001bdc: 93 86 04 00  	mv	a3, s1
80001be0: e7 80 09 00  	jalr	s3
80001be4: 93 8c fc ff  	addi	s9, s9, -1
80001be8: 13 06 0b 00  	mv	a2, s6
80001bec: e3 92 0c fe  	bnez	s9, 0x80001bd0 <_ftoa+0x204>
80001bf0: 93 fa 2a 00  	andi	s5, s5, 2
80001bf4: 13 0c fc ff  	addi	s8, s8, -1
80001bf8: 33 05 7c 01  	add	a0, s8, s7
80001bfc: 03 45 05 00  	lbu	a0, 0(a0)
80001c00: 13 06 0b 00  	mv	a2, s6
80001c04: 93 8c fb ff  	addi	s9, s7, -1
80001c08: 13 0b 1b 00  	addi	s6, s6, 1
80001c0c: 93 05 09 00  	mv	a1, s2
80001c10: 93 86 04 00  	mv	a3, s1
80001c14: e7 80 09 00  	jalr	s3
80001c18: 93 8b 0c 00  	mv	s7, s9
80001c1c: e3 9e 0c fc  	bnez	s9, 0x80001bf8 <_ftoa+0x22c>
80001c20: 33 35 50 01  	snez	a0, s5
80001c24: b3 05 4b 41  	sub	a1, s6, s4
80001c28: b3 b5 85 00  	sltu	a1, a1, s0
80001c2c: 33 75 b5 00  	and	a0, a0, a1
80001c30: 63 06 05 3c  	beqz	a0, 0x80001ffc <_ftoa+0x630>
80001c34: b3 0a 40 41  	neg	s5, s4
80001c38: 13 0a 1b 00  	addi	s4, s6, 1
80001c3c: 13 05 00 02  	li	a0, 32
80001c40: 93 05 09 00  	mv	a1, s2
80001c44: 13 06 0b 00  	mv	a2, s6
80001c48: 93 86 04 00  	mv	a3, s1
80001c4c: e7 80 09 00  	jalr	s3
80001c50: 33 85 4a 01  	add	a0, s5, s4
80001c54: 13 0b 0a 00  	mv	s6, s4
80001c58: e3 60 85 fe  	bltu	a0, s0, 0x80001c38 <_ftoa+0x26c>
80001c5c: 6f 00 40 3a  	j	0x80002000 <_ftoa+0x634>
80001c60: d3 07 00 d2  	fcvt.d.w	fa5, zero
80001c64: 53 15 f5 a2  	flt.d	a0, fa0, fa5
80001c68: 63 1c 05 00  	bnez	a0, 0x80001c80 <_ftoa+0x2b4>
80001c6c: d3 07 a5 22  	fmv.d	fa5, fa0
80001c70: 13 f5 0a 40  	andi	a0, s5, 1024
80001c74: 93 06 07 00  	mv	a3, a4
80001c78: 63 0c 05 00  	beqz	a0, 0x80001c90 <_ftoa+0x2c4>
80001c7c: 6f 00 80 01  	j	0x80001c94 <_ftoa+0x2c8>
80001c80: d3 17 a5 22  	fneg.d	fa5, fa0
80001c84: 13 f5 0a 40  	andi	a0, s5, 1024
80001c88: 93 06 07 00  	mv	a3, a4
80001c8c: 63 14 05 00  	bnez	a0, 0x80001c94 <_ftoa+0x2c8>
80001c90: 93 06 60 00  	li	a3, 6
80001c94: 13 05 a0 00  	li	a0, 10
80001c98: 63 e2 a6 04  	bltu	a3, a0, 0x80001cdc <_ftoa+0x310>
80001c9c: 13 85 66 ff  	addi	a0, a3, -10
80001ca0: 93 05 f0 01  	li	a1, 31
80001ca4: 63 64 b5 00  	bltu	a0, a1, 0x80001cac <_ftoa+0x2e0>
80001ca8: 13 05 f0 01  	li	a0, 31
80001cac: 93 05 00 00  	li	a1, 0
80001cb0: 13 05 15 00  	addi	a0, a0, 1
80001cb4: 13 06 41 00  	addi	a2, sp, 4
80001cb8: 93 06 00 03  	li	a3, 48
80001cbc: b3 07 b6 00  	add	a5, a2, a1
80001cc0: 93 85 15 00  	addi	a1, a1, 1
80001cc4: 23 80 d7 00  	sb	a3, 0(a5)
80001cc8: e3 1a b5 fe  	bne	a0, a1, 0x80001cbc <_ftoa+0x2f0>
80001ccc: 13 86 f5 ff  	addi	a2, a1, -1
80001cd0: 93 37 f6 01  	sltiu	a5, a2, 31
80001cd4: b3 06 b7 40  	sub	a3, a4, a1
80001cd8: 6f 00 c0 00  	j	0x80001ce4 <_ftoa+0x318>
80001cdc: 13 05 00 00  	li	a0, 0
80001ce0: 93 07 10 00  	li	a5, 1
80001ce4: 93 95 36 00  	slli	a1, a3, 3
80001ce8: 17 16 00 00  	auipc	a2, 1
80001cec: 13 06 06 e8  	addi	a2, a2, -384
80001cf0: b3 05 b6 00  	add	a1, a2, a1
80001cf4: 87 b6 05 00  	fld	fa3, 0(a1)
80001cf8: d3 95 07 c2  	fcvt.w.d	a1, fa5, rtz
80001cfc: 53 87 05 d2  	fcvt.d.w	fa4, a1
80001d00: 53 f7 e7 0a  	fsub.d	fa4, fa5, fa4
80001d04: 53 f6 e6 12  	fmul.d	fa2, fa3, fa4
80001d08: 17 16 00 00  	auipc	a2, 1
80001d0c: 07 37 86 05  	fld	fa4, 88(a2)
80001d10: 53 17 16 c2  	fcvt.wu.d	a4, fa2, rtz
80001d14: d3 05 17 d2  	fcvt.d.wu	fa1, a4
80001d18: 53 76 b6 0a  	fsub.d	fa2, fa2, fa1
80001d1c: 53 06 e6 a2  	fle.d	a2, fa2, fa4
80001d20: 63 10 06 02  	bnez	a2, 0x80001d40 <_ftoa+0x374>
80001d24: 13 07 17 00  	addi	a4, a4, 1
80001d28: 53 06 17 d2  	fcvt.d.wu	fa2, a4
80001d2c: 53 16 d6 a2  	flt.d	a2, fa2, fa3
80001d30: 63 14 06 02  	bnez	a2, 0x80001d58 <_ftoa+0x38c>
80001d34: 13 07 00 00  	li	a4, 0
80001d38: 93 85 15 00  	addi	a1, a1, 1
80001d3c: 6f 00 c0 01  	j	0x80001d58 <_ftoa+0x38c>
80001d40: 53 16 e6 a2  	flt.d	a2, fa2, fa4
80001d44: 63 1a 06 00  	bnez	a2, 0x80001d58 <_ftoa+0x38c>
80001d48: 13 36 17 00  	seqz	a2, a4
80001d4c: 33 66 e6 00  	or	a2, a2, a4
80001d50: 13 76 16 00  	andi	a2, a2, 1
80001d54: 33 07 e6 00  	add	a4, a2, a4
80001d58: 63 8e 06 06  	beqz	a3, 0x80001dd4 <_ftoa+0x408>
80001d5c: 13 06 00 02  	li	a2, 32
80001d60: 63 82 07 14  	beqz	a5, 0x80001ea4 <_ftoa+0x4d8>
80001d64: b3 06 d0 40  	neg	a3, a3
80001d68: b7 d7 cc cc  	lui	a5, 838861
80001d6c: 93 87 d7 cc  	addi	a5, a5, -819
80001d70: 13 08 a0 00  	li	a6, 10
80001d74: 93 08 41 00  	addi	a7, sp, 4
80001d78: b3 32 f7 02  	mulhu	t0, a4, a5
80001d7c: 93 d2 32 00  	srli	t0, t0, 3
80001d80: 33 83 02 03  	mul	t1, t0, a6
80001d84: 33 03 67 40  	sub	t1, a4, t1
80001d88: 13 63 03 03  	ori	t1, t1, 48
80001d8c: b3 83 a8 00  	add	t2, a7, a0
80001d90: 13 3e f5 01  	sltiu	t3, a0, 31
80001d94: 13 05 15 00  	addi	a0, a0, 1
80001d98: 23 80 63 00  	sb	t1, 0(t2)
80001d9c: 13 37 a7 00  	sltiu	a4, a4, 10
80001da0: 13 47 17 00  	xori	a4, a4, 1
80001da4: 33 73 ee 00  	and	t1, t3, a4
80001da8: 93 86 16 00  	addi	a3, a3, 1
80001dac: 13 87 02 00  	mv	a4, t0
80001db0: e3 14 03 fc  	bnez	t1, 0x80001d78 <_ftoa+0x3ac>
80001db4: 13 07 f5 ff  	addi	a4, a0, -1
80001db8: 13 37 f7 01  	sltiu	a4, a4, 31
80001dbc: 93 47 17 00  	xori	a5, a4, 1
80001dc0: 13 b7 16 00  	seqz	a4, a3
80001dc4: 33 e7 e7 00  	or	a4, a5, a4
80001dc8: 63 08 07 02  	beqz	a4, 0x80001df8 <_ftoa+0x42c>
80001dcc: 93 06 05 00  	mv	a3, a0
80001dd0: 6f 00 c0 05  	j	0x80001e2c <_ftoa+0x460>
80001dd4: d3 86 05 d2  	fcvt.d.w	fa3, a1
80001dd8: d3 f7 d7 0a  	fsub.d	fa5, fa5, fa3
80001ddc: 53 06 f7 a2  	fle.d	a2, fa4, fa5
80001de0: 33 76 b6 00  	and	a2, a2, a1
80001de4: b3 85 c5 00  	add	a1, a1, a2
80001de8: 93 06 f0 01  	li	a3, 31
80001dec: 13 06 00 02  	li	a2, 32
80001df0: 63 f0 a6 06  	bgeu	a3, a0, 0x80001e50 <_ftoa+0x484>
80001df4: 6f 00 00 0b  	j	0x80001ea4 <_ftoa+0x4d8>
80001df8: 13 c7 f6 ff  	not	a4, a3
80001dfc: 13 08 41 00  	addi	a6, sp, 4
80001e00: 93 08 00 03  	li	a7, 48
80001e04: 93 06 15 00  	addi	a3, a0, 1
80001e08: b3 07 a8 00  	add	a5, a6, a0
80001e0c: 23 80 17 01  	sb	a7, 0(a5)
80001e10: 13 35 f5 01  	sltiu	a0, a0, 31
80001e14: 93 47 15 00  	xori	a5, a0, 1
80001e18: 13 35 17 00  	seqz	a0, a4
80001e1c: b3 e2 a7 00  	or	t0, a5, a0
80001e20: 13 07 f7 ff  	addi	a4, a4, -1
80001e24: 13 85 06 00  	mv	a0, a3
80001e28: e3 8e 02 fc  	beqz	t0, 0x80001e04 <_ftoa+0x438>
80001e2c: 63 9c 07 06  	bnez	a5, 0x80001ea4 <_ftoa+0x4d8>
80001e30: 13 85 16 00  	addi	a0, a3, 1
80001e34: 13 06 41 00  	addi	a2, sp, 4
80001e38: 33 06 d6 00  	add	a2, a2, a3
80001e3c: 93 06 e0 02  	li	a3, 46
80001e40: 23 00 d6 00  	sb	a3, 0(a2)
80001e44: 93 06 f0 01  	li	a3, 31
80001e48: 13 06 00 02  	li	a2, 32
80001e4c: 63 ec a6 04  	bltu	a3, a0, 0x80001ea4 <_ftoa+0x4d8>
80001e50: 37 66 66 66  	lui	a2, 419430
80001e54: 93 06 76 66  	addi	a3, a2, 1639
80001e58: 13 07 a0 00  	li	a4, 10
80001e5c: 93 07 41 00  	addi	a5, sp, 4
80001e60: 33 96 d5 02  	mulh	a2, a1, a3
80001e64: 13 58 f6 01  	srli	a6, a2, 31
80001e68: 13 56 26 40  	srai	a2, a2, 2
80001e6c: 33 08 06 01  	add	a6, a2, a6
80001e70: 33 06 e8 02  	mul	a2, a6, a4
80001e74: 33 86 c5 40  	sub	a2, a1, a2
80001e78: 93 08 06 03  	addi	a7, a2, 48
80001e7c: 13 06 15 00  	addi	a2, a0, 1
80001e80: b3 82 a7 00  	add	t0, a5, a0
80001e84: 93 85 65 ff  	addi	a1, a1, -10
80001e88: 93 b5 d5 fe  	sltiu	a1, a1, -19
80001e8c: 13 35 f5 01  	sltiu	a0, a0, 31
80001e90: 33 73 b5 00  	and	t1, a0, a1
80001e94: 23 80 12 01  	sb	a7, 0(t0)
80001e98: 13 05 06 00  	mv	a0, a2
80001e9c: 93 05 08 00  	mv	a1, a6
80001ea0: e3 10 03 fc  	bnez	t1, 0x80001e60 <_ftoa+0x494>
80001ea4: 13 f5 3a 00  	andi	a0, s5, 3
80001ea8: 93 05 10 00  	li	a1, 1
80001eac: 63 1c b5 04  	bne	a0, a1, 0x80001f04 <_ftoa+0x538>
80001eb0: 63 0e 04 00  	beqz	s0, 0x80001ecc <_ftoa+0x500>
80001eb4: d3 07 00 d2  	fcvt.d.w	fa5, zero
80001eb8: d3 15 f5 a2  	flt.d	a1, fa0, fa5
80001ebc: 93 f6 ca 00  	andi	a3, s5, 12
80001ec0: b3 36 d0 00  	snez	a3, a3
80001ec4: b3 e5 d5 00  	or	a1, a1, a3
80001ec8: 33 04 b4 40  	sub	s0, s0, a1
80001ecc: 93 06 00 02  	li	a3, 32
80001ed0: 93 05 04 00  	mv	a1, s0
80001ed4: 63 64 d4 00  	bltu	s0, a3, 0x80001edc <_ftoa+0x510>
80001ed8: 93 05 00 02  	li	a1, 32
80001edc: 63 74 b6 02  	bgeu	a2, a1, 0x80001f04 <_ftoa+0x538>
80001ee0: 93 06 41 00  	addi	a3, sp, 4
80001ee4: b3 86 c6 00  	add	a3, a3, a2
80001ee8: 33 86 c5 40  	sub	a2, a1, a2
80001eec: 13 07 00 03  	li	a4, 48
80001ef0: 23 80 e6 00  	sb	a4, 0(a3)
80001ef4: 13 06 f6 ff  	addi	a2, a2, -1
80001ef8: 93 86 16 00  	addi	a3, a3, 1
80001efc: e3 1a 06 fe  	bnez	a2, 0x80001ef0 <_ftoa+0x524>
80001f00: 13 86 05 00  	mv	a2, a1
80001f04: 93 05 f0 01  	li	a1, 31
80001f08: 93 0b 00 02  	li	s7, 32
80001f0c: 63 e2 c5 04  	bltu	a1, a2, 0x80001f50 <_ftoa+0x584>
80001f10: d3 07 00 d2  	fcvt.d.w	fa5, zero
80001f14: d3 16 f5 a2  	flt.d	a3, fa0, fa5
80001f18: 93 05 d0 02  	li	a1, 45
80001f1c: 63 92 06 02  	bnez	a3, 0x80001f40 <_ftoa+0x574>
80001f20: 93 f6 4a 00  	andi	a3, s5, 4
80001f24: 93 05 b0 02  	li	a1, 43
80001f28: 63 9c 06 00  	bnez	a3, 0x80001f40 <_ftoa+0x574>
80001f2c: 93 f6 8a 00  	andi	a3, s5, 8
80001f30: 93 05 00 02  	li	a1, 32
80001f34: 63 96 06 00  	bnez	a3, 0x80001f40 <_ftoa+0x574>
80001f38: 93 0b 06 00  	mv	s7, a2
80001f3c: 6f 00 40 01  	j	0x80001f50 <_ftoa+0x584>
80001f40: 93 0b 16 00  	addi	s7, a2, 1
80001f44: 93 06 41 00  	addi	a3, sp, 4
80001f48: 33 86 c6 00  	add	a2, a3, a2
80001f4c: 23 00 b6 00  	sb	a1, 0(a2)
80001f50: 13 35 15 00  	seqz	a0, a0
80001f54: b3 b5 8b 00  	sltu	a1, s7, s0
80001f58: 33 75 b5 00  	and	a0, a0, a1
80001f5c: 13 0b 0a 00  	mv	s6, s4
80001f60: 63 06 05 02  	beqz	a0, 0x80001f8c <_ftoa+0x5c0>
80001f64: 33 0c 74 41  	sub	s8, s0, s7
80001f68: 13 06 0a 00  	mv	a2, s4
80001f6c: 13 0b 16 00  	addi	s6, a2, 1
80001f70: 13 05 00 02  	li	a0, 32
80001f74: 93 05 09 00  	mv	a1, s2
80001f78: 93 86 04 00  	mv	a3, s1
80001f7c: e7 80 09 00  	jalr	s3
80001f80: 13 0c fc ff  	addi	s8, s8, -1
80001f84: 13 06 0b 00  	mv	a2, s6
80001f88: e3 12 0c fe  	bnez	s8, 0x80001f6c <_ftoa+0x5a0>
80001f8c: 93 fa 2a 00  	andi	s5, s5, 2
80001f90: 13 0c 31 00  	addi	s8, sp, 3
80001f94: 33 05 7c 01  	add	a0, s8, s7
80001f98: 03 45 05 00  	lbu	a0, 0(a0)
80001f9c: 13 06 0b 00  	mv	a2, s6
80001fa0: 93 8c fb ff  	addi	s9, s7, -1
80001fa4: 13 0b 1b 00  	addi	s6, s6, 1
80001fa8: 93 05 09 00  	mv	a1, s2
80001fac: 93 86 04 00  	mv	a3, s1
80001fb0: e7 80 09 00  	jalr	s3
80001fb4: 93 8b 0c 00  	mv	s7, s9
80001fb8: e3 9e 0c fc  	bnez	s9, 0x80001f94 <_ftoa+0x5c8>
80001fbc: 33 35 50 01  	snez	a0, s5
80001fc0: b3 05 4b 41  	sub	a1, s6, s4
80001fc4: b3 b5 85 00  	sltu	a1, a1, s0
80001fc8: 33 75 b5 00  	and	a0, a0, a1
80001fcc: 63 08 05 02  	beqz	a0, 0x80001ffc <_ftoa+0x630>
80001fd0: b3 0a 40 41  	neg	s5, s4
80001fd4: 13 0a 1b 00  	addi	s4, s6, 1
80001fd8: 13 05 00 02  	li	a0, 32
80001fdc: 93 05 09 00  	mv	a1, s2
80001fe0: 13 06 0b 00  	mv	a2, s6
80001fe4: 93 86 04 00  	mv	a3, s1
80001fe8: e7 80 09 00  	jalr	s3
80001fec: 33 85 4a 01  	add	a0, s5, s4
80001ff0: 13 0b 0a 00  	mv	s6, s4
80001ff4: e3 60 85 fe  	bltu	a0, s0, 0x80001fd4 <_ftoa+0x608>
80001ff8: 6f 00 80 00  	j	0x80002000 <_ftoa+0x634>
80001ffc: 13 0a 0b 00  	mv	s4, s6
80002000: 13 05 0a 00  	mv	a0, s4
80002004: 83 20 c1 04  	lw	ra, 76(sp)
80002008: 03 24 81 04  	lw	s0, 72(sp)
8000200c: 83 24 41 04  	lw	s1, 68(sp)
80002010: 03 29 01 04  	lw	s2, 64(sp)
80002014: 83 29 c1 03  	lw	s3, 60(sp)
80002018: 03 2a 81 03  	lw	s4, 56(sp)
8000201c: 83 2a 41 03  	lw	s5, 52(sp)
80002020: 03 2b 01 03  	lw	s6, 48(sp)
80002024: 83 2b c1 02  	lw	s7, 44(sp)
80002028: 03 2c 81 02  	lw	s8, 40(sp)
8000202c: 83 2c 41 02  	lw	s9, 36(sp)
80002030: 13 01 01 05  	addi	sp, sp, 80
80002034: 67 80 00 00  	ret

80002038 <_etoa>:
80002038: 13 01 01 f9  	addi	sp, sp, -112
8000203c: 23 26 11 06  	sw	ra, 108(sp)
80002040: 23 24 81 06  	sw	s0, 104(sp)
80002044: 23 22 91 06  	sw	s1, 100(sp)
80002048: 23 20 21 07  	sw	s2, 96(sp)
8000204c: 23 2e 31 05  	sw	s3, 92(sp)
80002050: 23 2c 41 05  	sw	s4, 88(sp)
80002054: 23 2a 51 05  	sw	s5, 84(sp)
80002058: 23 28 61 05  	sw	s6, 80(sp)
8000205c: 23 26 71 05  	sw	s7, 76(sp)
80002060: 23 24 81 05  	sw	s8, 72(sp)
80002064: 23 22 91 05  	sw	s9, 68(sp)
80002068: 97 18 00 00  	auipc	a7, 1
8000206c: 87 b7 08 d0  	fld	fa5, -768(a7)
80002070: 97 18 00 00  	auipc	a7, 1
80002074: 07 b7 08 d0  	fld	fa4, -768(a7)
80002078: d3 98 a7 a2  	flt.d	a7, fa5, fa0
8000207c: d3 12 e5 a2  	flt.d	t0, fa0, fa4
80002080: b3 e8 58 00  	or	a7, a7, t0
80002084: 93 0a 08 00  	mv	s5, a6
80002088: 13 84 07 00  	mv	s0, a5
8000208c: 93 07 07 00  	mv	a5, a4
80002090: 93 84 06 00  	mv	s1, a3
80002094: 13 0a 06 00  	mv	s4, a2
80002098: 13 89 05 00  	mv	s2, a1
8000209c: 93 09 05 00  	mv	s3, a0
800020a0: 63 8a 08 04  	beqz	a7, 0x800020f4 <_etoa+0xbc>
800020a4: 13 85 09 00  	mv	a0, s3
800020a8: 93 05 09 00  	mv	a1, s2
800020ac: 13 06 0a 00  	mv	a2, s4
800020b0: 93 86 04 00  	mv	a3, s1
800020b4: 13 87 07 00  	mv	a4, a5
800020b8: 93 07 04 00  	mv	a5, s0
800020bc: 13 88 0a 00  	mv	a6, s5
800020c0: 83 20 c1 06  	lw	ra, 108(sp)
800020c4: 03 24 81 06  	lw	s0, 104(sp)
800020c8: 83 24 41 06  	lw	s1, 100(sp)
800020cc: 03 29 01 06  	lw	s2, 96(sp)
800020d0: 83 29 c1 05  	lw	s3, 92(sp)
800020d4: 03 2a 81 05  	lw	s4, 88(sp)
800020d8: 83 2a 41 05  	lw	s5, 84(sp)
800020dc: 03 2b 01 05  	lw	s6, 80(sp)
800020e0: 83 2b c1 04  	lw	s7, 76(sp)
800020e4: 03 2c 81 04  	lw	s8, 72(sp)
800020e8: 83 2c 41 04  	lw	s9, 68(sp)
800020ec: 13 01 01 07  	addi	sp, sp, 112
800020f0: 6f f0 df 8d  	j	0x800019cc <_ftoa>
800020f4: d3 07 00 d2  	fcvt.d.w	fa5, zero
800020f8: 53 15 f5 a2  	flt.d	a0, fa0, fa5
800020fc: 63 1c 05 00  	bnez	a0, 0x80002114 <_etoa+0xdc>
80002100: d3 07 a5 22  	fmv.d	fa5, fa0
80002104: 13 f5 0a 40  	andi	a0, s5, 1024
80002108: 13 87 07 00  	mv	a4, a5
8000210c: 63 0c 05 00  	beqz	a0, 0x80002124 <_etoa+0xec>
80002110: 6f 00 80 01  	j	0x80002128 <_etoa+0xf0>
80002114: d3 17 a5 22  	fneg.d	fa5, fa0
80002118: 13 f5 0a 40  	andi	a0, s5, 1024
8000211c: 13 87 07 00  	mv	a4, a5
80002120: 63 14 05 00  	bnez	a0, 0x80002128 <_etoa+0xf0>
80002124: 13 07 60 00  	li	a4, 6
80002128: 27 3c f1 00  	fsd	fa5, 24(sp)
8000212c: 83 25 c1 01  	lw	a1, 28(sp)
80002130: 03 26 81 01  	lw	a2, 24(sp)
80002134: 93 96 15 00  	slli	a3, a1, 1
80002138: 93 95 c5 00  	slli	a1, a1, 12
8000213c: 93 d5 c5 00  	srli	a1, a1, 12
80002140: 23 28 c1 00  	sw	a2, 16(sp)
80002144: 37 06 f0 3f  	lui	a2, 261888
80002148: b3 e5 c5 00  	or	a1, a1, a2
8000214c: 23 2a b1 00  	sw	a1, 20(sp)
80002150: 07 37 01 01  	fld	fa4, 16(sp)
80002154: 97 15 00 00  	auipc	a1, 1
80002158: 87 b6 45 c2  	fld	fa3, -988(a1)
8000215c: 97 15 00 00  	auipc	a1, 1
80002160: 07 b6 45 c2  	fld	fa2, -988(a1)
80002164: 93 d6 56 01  	srli	a3, a3, 21
80002168: 93 85 16 c0  	addi	a1, a3, -1023
8000216c: d3 85 05 d2  	fcvt.d.w	fa1, a1
80002170: 43 77 c7 6a  	fmadd.d	fa4, fa4, fa2, fa3
80002174: 97 15 00 00  	auipc	a1, 1
80002178: 87 b6 45 c1  	fld	fa3, -1004(a1)
8000217c: 97 15 00 00  	auipc	a1, 1
80002180: 07 b6 45 c1  	fld	fa2, -1004(a1)
80002184: 97 15 00 00  	auipc	a1, 1
80002188: 07 b0 45 c1  	fld	ft0, -1004(a1)
8000218c: 43 f7 d5 72  	fmadd.d	fa4, fa1, fa3, fa4
80002190: d3 15 07 c2  	fcvt.w.d	a1, fa4, rtz
80002194: 53 87 05 d2  	fcvt.d.w	fa4, a1
80002198: c3 76 07 62  	fmadd.d	fa3, fa4, ft0, fa2
8000219c: 17 16 00 00  	auipc	a2, 1
800021a0: 07 36 46 c0  	fld	fa2, -1020(a2)
800021a4: 17 16 00 00  	auipc	a2, 1
800021a8: 87 35 46 c0  	fld	fa1, -1020(a2)
800021ac: 53 96 06 c2  	fcvt.w.d	a2, fa3, rtz
800021b0: d3 06 06 d2  	fcvt.d.w	fa3, a2
800021b4: d3 f6 c6 12  	fmul.d	fa3, fa3, fa2
800021b8: 43 77 b7 6a  	fmadd.d	fa4, fa4, fa1, fa3
800021bc: d3 76 e7 12  	fmul.d	fa3, fa4, fa4
800021c0: 13 06 f6 3f  	addi	a2, a2, 1023
800021c4: 23 24 01 00  	sw	zero, 8(sp)
800021c8: 13 16 46 01  	slli	a2, a2, 20
800021cc: 23 26 c1 00  	sw	a2, 12(sp)
800021d0: 17 16 00 00  	auipc	a2, 1
800021d4: 07 36 86 be  	fld	fa2, -1048(a2)
800021d8: 17 16 00 00  	auipc	a2, 1
800021dc: 87 35 86 be  	fld	fa1, -1048(a2)
800021e0: 07 30 81 00  	fld	ft0, 8(sp)
800021e4: 17 16 00 00  	auipc	a2, 1
800021e8: 87 30 c6 bc  	fld	ft1, -1076(a2)
800021ec: 43 f6 b6 62  	fmadd.d	fa2, fa3, fa1, fa2
800021f0: 17 16 00 00  	auipc	a2, 1
800021f4: 87 35 86 bd  	fld	fa1, -1064(a2)
800021f8: d3 f0 e0 0a  	fsub.d	ft1, ft1, fa4
800021fc: 53 77 e7 02  	fadd.d	fa4, fa4, fa4
80002200: 53 f6 c6 1a  	fdiv.d	fa2, fa3, fa2
80002204: 53 76 b6 02  	fadd.d	fa2, fa2, fa1
80002208: d3 f6 c6 1a  	fdiv.d	fa3, fa3, fa2
8000220c: d3 f6 d0 02  	fadd.d	fa3, ft1, fa3
80002210: 53 77 d7 1a  	fdiv.d	fa4, fa4, fa3
80002214: 43 77 07 02  	fmadd.d	fa4, fa4, ft0, ft0
80002218: 53 96 e7 a2  	flt.d	a2, fa5, fa4
8000221c: 63 08 06 00  	beqz	a2, 0x8000222c <_etoa+0x1f4>
80002220: 97 16 00 00  	auipc	a3, 1
80002224: 87 b6 06 bb  	fld	fa3, -1104(a3)
80002228: 53 77 d7 12  	fmul.d	fa4, fa4, fa3
8000222c: b3 8b c5 40  	sub	s7, a1, a2
80002230: 93 85 3b 06  	addi	a1, s7, 99
80002234: 93 b5 75 0c  	sltiu	a1, a1, 199
80002238: 13 96 4a 01  	slli	a2, s5, 20
8000223c: 13 cc 55 00  	xori	s8, a1, 5
80002240: 63 5e 06 04  	bgez	a2, 0x8000229c <_etoa+0x264>
80002244: 97 15 00 00  	auipc	a1, 1
80002248: 87 b6 45 b9  	fld	fa3, -1132(a1)
8000224c: 97 15 00 00  	auipc	a1, 1
80002250: 07 b6 45 b9  	fld	fa2, -1132(a1)
80002254: d3 85 f6 a2  	fle.d	a1, fa3, fa5
80002258: 53 96 c7 a2  	flt.d	a2, fa5, fa2
8000225c: b3 f5 c5 00  	and	a1, a1, a2
80002260: 63 84 05 02  	beqz	a1, 0x80002288 <_etoa+0x250>
80002264: 13 0c 00 00  	li	s8, 0
80002268: 33 a5 eb 00  	slt	a0, s7, a4
8000226c: 93 c5 fb ff  	not	a1, s7
80002270: b3 05 b7 00  	add	a1, a4, a1
80002274: 33 07 a0 40  	neg	a4, a0
80002278: 33 77 b7 00  	and	a4, a4, a1
8000227c: 93 ea 0a 40  	ori	s5, s5, 1024
80002280: 93 0b 00 00  	li	s7, 0
80002284: 6f 00 80 01  	j	0x8000229c <_etoa+0x264>
80002288: 63 0a 07 00  	beqz	a4, 0x8000229c <_etoa+0x264>
8000228c: 63 16 05 00  	bnez	a0, 0x80002298 <_etoa+0x260>
80002290: 13 07 60 00  	li	a4, 6
80002294: 6f 00 80 00  	j	0x8000229c <_etoa+0x264>
80002298: 13 87 f7 ff  	addi	a4, a5, -1
8000229c: d3 06 00 d2  	fcvt.d.w	fa3, zero
800022a0: 53 15 d5 a2  	flt.d	a0, fa0, fa3
800022a4: b3 05 84 41  	sub	a1, s0, s8
800022a8: 33 36 b4 00  	sltu	a2, s0, a1
800022ac: 13 06 f6 ff  	addi	a2, a2, -1
800022b0: b3 75 b6 00  	and	a1, a2, a1
800022b4: 13 d6 1a 00  	srli	a2, s5, 1
800022b8: b3 36 80 01  	snez	a3, s8
800022bc: 33 76 d6 00  	and	a2, a2, a3
800022c0: 93 07 f6 ff  	addi	a5, a2, -1
800022c4: 63 96 0b 00  	bnez	s7, 0x800022d0 <_etoa+0x298>
800022c8: 17 16 00 00  	auipc	a2, 1
800022cc: 07 37 06 b2  	fld	fa4, -1248(a2)
800022d0: b3 f7 b7 00  	and	a5, a5, a1
800022d4: 53 f5 e7 1a  	fdiv.d	fa0, fa5, fa4
800022d8: 63 04 05 00  	beqz	a0, 0x800022e0 <_etoa+0x2a8>
800022dc: 53 15 a5 22  	fneg.d	fa0, fa0
800022e0: 37 f5 ff ff  	lui	a0, 1048575
800022e4: 13 05 f5 7f  	addi	a0, a0, 2047
800022e8: 33 f8 aa 00  	and	a6, s5, a0
800022ec: 13 85 09 00  	mv	a0, s3
800022f0: 93 05 09 00  	mv	a1, s2
800022f4: 13 06 0a 00  	mv	a2, s4
800022f8: 93 86 04 00  	mv	a3, s1
800022fc: ef f0 0f ed  	jal	0x800019cc <_ftoa>
80002300: 13 0b 05 00  	mv	s6, a0
80002304: 63 0c 0c 14  	beqz	s8, 0x8000245c <_etoa+0x424>
80002308: 93 fc 2a 00  	andi	s9, s5, 2
8000230c: 13 f5 0a 02  	andi	a0, s5, 32
80002310: 13 45 55 06  	xori	a0, a0, 101
80002314: 93 05 09 00  	mv	a1, s2
80002318: 13 06 0b 00  	mv	a2, s6
8000231c: 93 86 04 00  	mv	a3, s1
80002320: e7 80 09 00  	jalr	s3
80002324: 13 05 00 00  	li	a0, 0
80002328: 93 d5 fb 41  	srai	a1, s7, 31
8000232c: 33 c7 bb 00  	xor	a4, s7, a1
80002330: 33 07 b7 40  	sub	a4, a4, a1
80002334: 93 05 41 02  	addi	a1, sp, 36
80002338: 37 d6 cc cc  	lui	a2, 838861
8000233c: 13 06 d6 cc  	addi	a2, a2, -819
80002340: 93 06 a0 00  	li	a3, 10
80002344: b3 37 c7 02  	mulhu	a5, a4, a2
80002348: 93 d7 37 00  	srli	a5, a5, 3
8000234c: 33 88 d7 02  	mul	a6, a5, a3
80002350: 33 08 07 41  	sub	a6, a4, a6
80002354: 13 68 08 03  	ori	a6, a6, 48
80002358: 93 38 f5 01  	sltiu	a7, a0, 31
8000235c: 13 05 15 00  	addi	a0, a0, 1
80002360: 23 80 05 01  	sb	a6, 0(a1)
80002364: 13 37 a7 00  	sltiu	a4, a4, 10
80002368: 13 47 17 00  	xori	a4, a4, 1
8000236c: 33 f8 e8 00  	and	a6, a7, a4
80002370: 93 85 15 00  	addi	a1, a1, 1
80002374: 13 87 07 00  	mv	a4, a5
80002378: e3 16 08 fc  	bnez	a6, 0x80002344 <_etoa+0x30c>
8000237c: 13 0c ec ff  	addi	s8, s8, -2
80002380: 13 06 00 02  	li	a2, 32
80002384: 63 72 cc 0a  	bgeu	s8, a2, 0x80002428 <_etoa+0x3f0>
80002388: 63 64 85 0b  	bltu	a0, s8, 0x80002430 <_etoa+0x3f8>
8000238c: 93 05 f0 01  	li	a1, 31
80002390: 63 e0 a5 02  	bltu	a1, a0, 0x800023b0 <_etoa+0x378>
80002394: 93 d5 eb 01  	srli	a1, s7, 30
80002398: 93 f5 25 00  	andi	a1, a1, 2
8000239c: 93 85 b5 02  	addi	a1, a1, 43
800023a0: 13 06 41 02  	addi	a2, sp, 36
800023a4: 33 06 a6 00  	add	a2, a2, a0
800023a8: 13 05 15 00  	addi	a0, a0, 1
800023ac: 23 00 b6 00  	sb	a1, 0(a2)
800023b0: 93 0a 1b 00  	addi	s5, s6, 1
800023b4: 33 0b a0 40  	neg	s6, a0
800023b8: 93 05 41 02  	addi	a1, sp, 36
800023bc: 33 05 b5 00  	add	a0, a0, a1
800023c0: 93 0b f5 ff  	addi	s7, a0, -1
800023c4: 03 c5 0b 00  	lbu	a0, 0(s7)
800023c8: 13 86 0a 00  	mv	a2, s5
800023cc: 93 8a 1a 00  	addi	s5, s5, 1
800023d0: 93 05 09 00  	mv	a1, s2
800023d4: 93 86 04 00  	mv	a3, s1
800023d8: e7 80 09 00  	jalr	s3
800023dc: 13 0b 1b 00  	addi	s6, s6, 1
800023e0: 93 8b fb ff  	addi	s7, s7, -1
800023e4: e3 10 0b fe  	bnez	s6, 0x800023c4 <_etoa+0x38c>
800023e8: 33 35 90 01  	snez	a0, s9
800023ec: b3 85 4a 41  	sub	a1, s5, s4
800023f0: b3 b5 85 00  	sltu	a1, a1, s0
800023f4: 33 75 b5 00  	and	a0, a0, a1
800023f8: 63 00 05 06  	beqz	a0, 0x80002458 <_etoa+0x420>
800023fc: 33 0a 40 41  	neg	s4, s4
80002400: 13 8b 1a 00  	addi	s6, s5, 1
80002404: 13 05 00 02  	li	a0, 32
80002408: 93 05 09 00  	mv	a1, s2
8000240c: 13 86 0a 00  	mv	a2, s5
80002410: 93 86 04 00  	mv	a3, s1
80002414: e7 80 09 00  	jalr	s3
80002418: 33 05 6a 01  	add	a0, s4, s6
8000241c: 93 0a 0b 00  	mv	s5, s6
80002420: e3 60 85 fe  	bltu	a0, s0, 0x80002400 <_etoa+0x3c8>
80002424: 6f 00 80 03  	j	0x8000245c <_etoa+0x424>
80002428: 13 0c 00 02  	li	s8, 32
8000242c: e3 70 85 f7  	bgeu	a0, s8, 0x8000238c <_etoa+0x354>
80002430: 33 05 ac 40  	sub	a0, s8, a0
80002434: 13 06 00 03  	li	a2, 48
80002438: 23 80 c5 00  	sb	a2, 0(a1)
8000243c: 13 05 f5 ff  	addi	a0, a0, -1
80002440: 93 85 15 00  	addi	a1, a1, 1
80002444: e3 1a 05 fe  	bnez	a0, 0x80002438 <_etoa+0x400>
80002448: 13 05 0c 00  	mv	a0, s8
8000244c: 93 05 f0 01  	li	a1, 31
80002450: e3 f2 85 f5  	bgeu	a1, s8, 0x80002394 <_etoa+0x35c>
80002454: 6f f0 df f5  	j	0x800023b0 <_etoa+0x378>
80002458: 13 8b 0a 00  	mv	s6, s5
8000245c: 13 05 0b 00  	mv	a0, s6
80002460: 83 20 c1 06  	lw	ra, 108(sp)
80002464: 03 24 81 06  	lw	s0, 104(sp)
80002468: 83 24 41 06  	lw	s1, 100(sp)
8000246c: 03 29 01 06  	lw	s2, 96(sp)
80002470: 83 29 c1 05  	lw	s3, 92(sp)
80002474: 03 2a 81 05  	lw	s4, 88(sp)
80002478: 83 2a 41 05  	lw	s5, 84(sp)
8000247c: 03 2b 01 05  	lw	s6, 80(sp)
80002480: 83 2b c1 04  	lw	s7, 76(sp)
80002484: 03 2c 81 04  	lw	s8, 72(sp)
80002488: 83 2c 41 04  	lw	s9, 68(sp)
8000248c: 13 01 01 07  	addi	sp, sp, 112
80002490: 67 80 00 00  	ret

80002494 <snrt_putchar>:
80002494: f3 25 40 f1  	csrr	a1, mhartid
80002498: 13 06 80 44  	li	a2, 1096
8000249c: b3 85 c5 02  	mul	a1, a1, a2
800024a0: 17 16 00 00  	auipc	a2, 1
800024a4: 13 06 06 9f  	addi	a2, a2, -1552
800024a8: b3 05 b6 00  	add	a1, a2, a1
800024ac: 03 a6 05 00  	lw	a2, 0(a1)
800024b0: 93 06 16 00  	addi	a3, a2, 1
800024b4: 23 a0 d5 00  	sw	a3, 0(a1)
800024b8: 33 86 c5 00  	add	a2, a1, a2
800024bc: 23 04 a6 04  	sb	a0, 72(a2)
800024c0: 03 a6 05 00  	lw	a2, 0(a1)
800024c4: 13 06 46 c0  	addi	a2, a2, -1020
800024c8: 33 36 c0 00  	snez	a2, a2
800024cc: 13 05 65 ff  	addi	a0, a0, -10
800024d0: 33 35 a0 00  	snez	a0, a0
800024d4: 33 75 c5 00  	and	a0, a0, a2
800024d8: 63 1a 05 04  	bnez	a0, 0x8000252c <snrt_putchar+0x98>
800024dc: 13 85 85 04  	addi	a0, a1, 72
800024e0: 23 a6 05 00  	sw	zero, 12(a1)
800024e4: 13 06 00 04  	li	a2, 64
800024e8: 23 a4 c5 00  	sw	a2, 8(a1)
800024ec: 23 aa 05 00  	sw	zero, 20(a1)
800024f0: 13 06 10 00  	li	a2, 1
800024f4: 23 a8 c5 00  	sw	a2, 16(a1)
800024f8: 23 ae 05 00  	sw	zero, 28(a1)
800024fc: 23 ac a5 00  	sw	a0, 24(a1)
80002500: 03 a5 05 00  	lw	a0, 0(a1)
80002504: 13 86 85 00  	addi	a2, a1, 8
80002508: 23 a2 05 02  	sw	zero, 36(a1)
8000250c: 23 a0 a5 02  	sw	a0, 32(a1)
80002510: 17 05 00 00  	auipc	a0, 0
80002514: 23 28 c5 7a  	sw	a2, 1968(a0)
80002518: 17 05 00 00  	auipc	a0, 0
8000251c: 03 26 85 7e  	lw	a2, 2024(a0)
80002520: e3 0e 06 fe  	beqz	a2, 0x8000251c <snrt_putchar+0x88>
80002524: 23 24 05 7e  	sw	zero, 2024(a0)
80002528: 23 a0 05 00  	sw	zero, 0(a1)
8000252c: 67 80 00 00  	ret

80002530 <sprintf_>:
80002530: 13 01 01 fe  	addi	sp, sp, -32
80002534: 23 22 11 00  	sw	ra, 4(sp)
80002538: 93 82 05 00  	mv	t0, a1
8000253c: 93 05 05 00  	mv	a1, a0
80002540: 23 2e 11 01  	sw	a7, 28(sp)
80002544: 23 2c 01 01  	sw	a6, 24(sp)
80002548: 23 2a f1 00  	sw	a5, 20(sp)
8000254c: 23 28 e1 00  	sw	a4, 16(sp)
80002550: 23 26 d1 00  	sw	a3, 12(sp)
80002554: 23 24 c1 00  	sw	a2, 8(sp)
80002558: 13 05 81 00  	addi	a0, sp, 8
8000255c: 23 20 a1 00  	sw	a0, 0(sp)
80002560: 17 05 00 00  	auipc	a0, 0
80002564: 13 05 45 02  	addi	a0, a0, 36
80002568: 13 06 f0 ff  	li	a2, -1
8000256c: 13 07 81 00  	addi	a4, sp, 8
80002570: 93 86 02 00  	mv	a3, t0
80002574: ef e0 df 80  	jal	0x80000d80 <_vsnprintf>
80002578: 83 20 41 00  	lw	ra, 4(sp)
8000257c: 13 01 01 02  	addi	sp, sp, 32
80002580: 67 80 00 00  	ret

80002584 <_out_buffer>:
80002584: 63 76 d6 00  	bgeu	a2, a3, 0x80002590 <_out_buffer+0xc>
80002588: b3 85 c5 00  	add	a1, a1, a2
8000258c: 23 80 a5 00  	sb	a0, 0(a1)
80002590: 67 80 00 00  	ret

80002594 <snprintf_>:
80002594: 13 01 01 fe  	addi	sp, sp, -32
80002598: 23 22 11 00  	sw	ra, 4(sp)
8000259c: 93 02 06 00  	mv	t0, a2
800025a0: 13 86 05 00  	mv	a2, a1
800025a4: 93 05 05 00  	mv	a1, a0
800025a8: 23 2e 11 01  	sw	a7, 28(sp)
800025ac: 23 2c 01 01  	sw	a6, 24(sp)
800025b0: 23 2a f1 00  	sw	a5, 20(sp)
800025b4: 23 28 e1 00  	sw	a4, 16(sp)
800025b8: 23 26 d1 00  	sw	a3, 12(sp)
800025bc: 13 05 c1 00  	addi	a0, sp, 12
800025c0: 23 20 a1 00  	sw	a0, 0(sp)
800025c4: 17 05 00 00  	auipc	a0, 0
800025c8: 13 05 05 fc  	addi	a0, a0, -64
800025cc: 13 07 c1 00  	addi	a4, sp, 12
800025d0: 93 86 02 00  	mv	a3, t0
800025d4: ef e0 cf fa  	jal	0x80000d80 <_vsnprintf>
800025d8: 83 20 41 00  	lw	ra, 4(sp)
800025dc: 13 01 01 02  	addi	sp, sp, 32
800025e0: 67 80 00 00  	ret

800025e4 <vprintf_>:
800025e4: 13 01 01 ff  	addi	sp, sp, -16
800025e8: 23 26 11 00  	sw	ra, 12(sp)
800025ec: 13 87 05 00  	mv	a4, a1
800025f0: 93 06 05 00  	mv	a3, a0
800025f4: 17 f5 ff ff  	auipc	a0, 1048575
800025f8: 13 05 c5 f9  	addi	a0, a0, -100
800025fc: 93 05 b1 00  	addi	a1, sp, 11
80002600: 13 06 f0 ff  	li	a2, -1
80002604: ef e0 cf f7  	jal	0x80000d80 <_vsnprintf>
80002608: 83 20 c1 00  	lw	ra, 12(sp)
8000260c: 13 01 01 01  	addi	sp, sp, 16
80002610: 67 80 00 00  	ret

80002614 <vsnprintf_>:
80002614: 17 07 00 00  	auipc	a4, 0
80002618: 13 07 07 f7  	addi	a4, a4, -144
8000261c: 93 87 06 00  	mv	a5, a3
80002620: 93 06 06 00  	mv	a3, a2
80002624: 13 86 05 00  	mv	a2, a1
80002628: 93 05 05 00  	mv	a1, a0
8000262c: 13 05 07 00  	mv	a0, a4
80002630: 13 87 07 00  	mv	a4, a5
80002634: 6f e0 cf f4  	j	0x80000d80 <_vsnprintf>

80002638 <fctprintf>:
80002638: 13 01 01 fd  	addi	sp, sp, -48
8000263c: 23 2a 11 00  	sw	ra, 20(sp)
80002640: 93 02 06 00  	mv	t0, a2
80002644: 23 26 11 03  	sw	a7, 44(sp)
80002648: 23 24 01 03  	sw	a6, 40(sp)
8000264c: 23 22 f1 02  	sw	a5, 36(sp)
80002650: 23 20 e1 02  	sw	a4, 32(sp)
80002654: 23 2e d1 00  	sw	a3, 28(sp)
80002658: 13 06 c1 01  	addi	a2, sp, 28
8000265c: 23 28 c1 00  	sw	a2, 16(sp)
80002660: 23 24 a1 00  	sw	a0, 8(sp)
80002664: 23 26 b1 00  	sw	a1, 12(sp)
80002668: 17 05 00 00  	auipc	a0, 0
8000266c: 13 05 85 02  	addi	a0, a0, 40
80002670: 93 05 81 00  	addi	a1, sp, 8
80002674: 13 06 f0 ff  	li	a2, -1
80002678: 13 07 c1 01  	addi	a4, sp, 28
8000267c: 93 86 02 00  	mv	a3, t0
80002680: ef e0 0f f0  	jal	0x80000d80 <_vsnprintf>
80002684: 83 20 41 01  	lw	ra, 20(sp)
80002688: 13 01 01 03  	addi	sp, sp, 48
8000268c: 67 80 00 00  	ret

80002690 <_out_fct>:
80002690: 63 08 05 00  	beqz	a0, 0x800026a0 <_out_fct+0x10>
80002694: 03 a3 05 00  	lw	t1, 0(a1)
80002698: 83 a5 45 00  	lw	a1, 4(a1)
8000269c: 67 00 03 00  	jr	t1
800026a0: 67 80 00 00  	ret

800026a4 <snrt_main>:
800026a4: 13 01 01 ff  	addi	sp, sp, -16
800026a8: 23 26 11 00  	sw	ra, 12(sp)
800026ac: 23 24 81 00  	sw	s0, 8(sp)
800026b0: f3 22 30 bc  	csrr	t0, 3011
800026b4: 93 97 02 01  	slli	a5, t0, 16
800026b8: 93 d7 07 01  	srli	a5, a5, 16
800026bc: 93 d8 02 01  	srli	a7, t0, 16
800026c0: 13 88 f8 ff  	addi	a6, a7, -1
800026c4: 63 e2 07 0b  	bltu	a5, a6, 0x80002768 <snrt_main+0xc4>
800026c8: 13 05 02 00  	mv	a0, tp
800026cc: 23 22 a1 00  	sw	a0, 4(sp)
800026d0: 03 25 41 00  	lw	a0, 4(sp)
800026d4: 97 05 00 00  	auipc	a1, 0
800026d8: 13 86 45 63  	addi	a2, a1, 1588
800026dc: 97 05 00 00  	auipc	a1, 0
800026e0: 13 87 c5 62  	addi	a4, a1, 1580
800026e4: 33 07 c7 40  	sub	a4, a4, a2
800026e8: 63 0c 07 00  	beqz	a4, 0x80002700 <snrt_main+0x5c>
800026ec: 93 06 00 00  	li	a3, 0
800026f0: 2b 00 d6 00  	<unknown>
800026f4: 93 05 00 00  	li	a1, 0
800026f8: 2b 00 b5 02  	<unknown>
800026fc: 2b 05 07 04  	<unknown>
80002700: 13 d5 12 01  	srli	a0, t0, 17
80002704: 63 08 05 04  	beqz	a0, 0x80002754 <snrt_main+0xb0>
80002708: 93 05 20 00  	li	a1, 2
8000270c: 13 85 08 00  	mv	a0, a7
80002710: 63 e4 15 01  	bltu	a1, a7, 0x80002718 <snrt_main+0x74>
80002714: 13 05 20 00  	li	a0, 2
80002718: 13 03 80 40  	li	t1, 1032
8000271c: b3 03 65 02  	mul	t2, a0, t1
80002720: 93 06 00 00  	li	a3, 0
80002724: 93 05 00 00  	li	a1, 0
80002728: 6f 00 c0 00  	j	0x80002734 <snrt_main+0x90>
8000272c: 13 03 83 40  	addi	t1, t1, 1032
80002730: 63 82 63 02  	beq	t2, t1, 0x80002754 <snrt_main+0xb0>
80002734: 03 25 41 00  	lw	a0, 4(sp)
80002738: 03 26 41 00  	lw	a2, 4(sp)
8000273c: e3 08 07 fe  	beqz	a4, 0x8000272c <snrt_main+0x88>
80002740: 33 05 a3 00  	add	a0, t1, a0
80002744: 2b 00 d6 00  	<unknown>
80002748: 2b 00 b5 02  	<unknown>
8000274c: 2b 05 07 04  	<unknown>
80002750: 6f f0 df fd  	j	0x8000272c <snrt_main+0x88>
80002754: 03 25 41 00  	lw	a0, 4(sp)
80002758: 33 05 e5 00  	add	a0, a0, a4
8000275c: 93 d5 02 01  	srli	a1, t0, 16
80002760: 23 22 a1 00  	sw	a0, 4(sp)
80002764: 63 96 05 1a  	bnez	a1, 0x80002910 <snrt_main+0x26c>
80002768: b3 b5 07 01  	sltu	a1, a5, a6
8000276c: 73 20 20 7c  	csrr	zero, 1986
80002770: 73 25 10 bc  	csrr	a0, 3009
80002774: 37 06 fc 00  	lui	a2, 4032
80002778: 33 75 c5 00  	and	a0, a0, a2
8000277c: 33 36 a0 00  	snez	a2, a0
80002780: 17 05 00 00  	auipc	a0, 0
80002784: 13 05 05 6f  	addi	a0, a0, 1776
80002788: 97 06 00 00  	auipc	a3, 0
8000278c: 13 87 86 70  	addi	a4, a3, 1800
80002790: 33 07 a7 40  	sub	a4, a4, a0
80002794: 93 36 17 00  	seqz	a3, a4
80002798: 33 e6 c6 00  	or	a2, a3, a2
8000279c: b3 e5 c5 00  	or	a1, a1, a2
800027a0: 63 9c 05 00  	bnez	a1, 0x800027b8 <snrt_main+0x114>
800027a4: 37 06 03 10  	lui	a2, 65584
800027a8: 93 06 00 00  	li	a3, 0
800027ac: 2b 00 d6 00  	<unknown>
800027b0: 2b 00 b5 02  	<unknown>
800027b4: 2b 05 07 04  	<unknown>
800027b8: 17 05 00 00  	auipc	a0, 0
800027bc: 13 06 85 55  	addi	a2, a0, 1368
800027c0: 17 05 00 00  	auipc	a0, 0
800027c4: 13 07 05 55  	addi	a4, a0, 1360
800027c8: 33 07 c7 40  	sub	a4, a4, a2
800027cc: 17 05 00 00  	auipc	a0, 0
800027d0: 93 02 45 55  	addi	t0, a0, 1364
800027d4: 17 05 00 00  	auipc	a0, 0
800027d8: 13 03 c5 53  	addi	t1, a0, 1340
800027dc: 33 05 53 40  	sub	a0, t1, t0
800027e0: 33 05 e5 40  	sub	a0, a0, a4
800027e4: b7 05 02 10  	lui	a1, 65568
800027e8: b3 05 b5 00  	add	a1, a0, a1
800027ec: 23 20 b2 00  	sw	a1, 0(tp)
800027f0: 97 05 00 00  	auipc	a1, 0
800027f4: 13 84 05 69  	addi	s0, a1, 1680
800027f8: 63 f6 07 03  	bgeu	a5, a6, 0x80002824 <snrt_main+0x180>
800027fc: 73 20 20 7c  	csrr	zero, 1986
80002800: ef d0 1f 9d  	jal	0x800001d0 <main>
80002804: 73 20 20 7c  	csrr	zero, 1986
80002808: 2f 25 a4 00  	amoadd.w	a0, a0, (s0)
8000280c: 73 20 20 7c  	csrr	zero, 1986
80002810: 73 20 20 7c  	csrr	zero, 1986
80002814: 03 25 04 00  	lw	a0, 0(s0)
80002818: f3 25 40 f1  	csrr	a1, mhartid
8000281c: 63 92 05 0e  	bnez	a1, 0x80002900 <snrt_main+0x25c>
80002820: 6f 00 80 16  	j	0x80002988 <snrt_main+0x2e4>
80002824: 63 00 07 02  	beqz	a4, 0x80002844 <snrt_main+0x1a0>
80002828: b7 05 02 10  	lui	a1, 65568
8000282c: 33 05 b5 00  	add	a0, a0, a1
80002830: 93 06 00 00  	li	a3, 0
80002834: 2b 00 d6 00  	<unknown>
80002838: 93 05 00 00  	li	a1, 0
8000283c: 2b 00 b5 02  	<unknown>
80002840: 2b 05 07 04  	<unknown>
80002844: b3 87 62 40  	sub	a5, t0, t1
80002848: 13 08 02 00  	mv	a6, tp
8000284c: 63 88 07 02  	beqz	a5, 0x8000287c <snrt_main+0x1d8>
80002850: 37 06 03 10  	lui	a2, 65584
80002854: 33 05 f7 00  	add	a0, a4, a5
80002858: b7 05 02 10  	lui	a1, 65568
8000285c: b3 05 b7 00  	add	a1, a4, a1
80002860: 33 85 a5 40  	sub	a0, a1, a0
80002864: 93 06 00 00  	li	a3, 0
80002868: 2b 00 d6 00  	<unknown>
8000286c: 93 05 00 00  	li	a1, 0
80002870: 2b 00 b5 02  	<unknown>
80002874: 13 87 07 00  	mv	a4, a5
80002878: 2b 05 07 04  	<unknown>
8000287c: ab 02 20 08  	<unknown>
80002880: e3 9e 02 fe  	bnez	t0, 0x8000287c <snrt_main+0x1d8>
80002884: 03 25 08 00  	lw	a0, 0(a6)
80002888: b7 05 00 10  	lui	a1, 65536
8000288c: 23 22 b5 00  	sw	a1, 4(a0)
80002890: 37 06 02 00  	lui	a2, 32
80002894: 23 24 c5 00  	sw	a2, 8(a0)
80002898: 23 26 b5 00  	sw	a1, 12(a0)
8000289c: 17 05 00 00  	auipc	a0, 0
800028a0: 13 05 b5 5f  	addi	a0, a0, 1531
800028a4: 13 75 85 ff  	andi	a0, a0, -8
800028a8: 97 05 00 00  	auipc	a1, 0
800028ac: 93 85 c5 5d  	addi	a1, a1, 1500
800028b0: 23 a0 a5 00  	sw	a0, 0(a1)
800028b4: 23 a2 05 00  	sw	zero, 4(a1)
800028b8: 23 a4 a5 00  	sw	a0, 8(a1)
800028bc: 73 20 20 7c  	csrr	zero, 1986
800028c0: ef d0 1f 91  	jal	0x800001d0 <main>
800028c4: 73 20 20 7c  	csrr	zero, 1986
800028c8: 2f 25 a4 00  	amoadd.w	a0, a0, (s0)
800028cc: 73 20 20 7c  	csrr	zero, 1986
800028d0: 17 05 00 00  	auipc	a0, 0
800028d4: 13 05 85 5a  	addi	a0, a0, 1448
800028d8: 83 25 45 00  	lw	a1, 4(a0)
800028dc: 13 06 10 00  	li	a2, 1
800028e0: af 26 c5 00  	amoadd.w	a3, a2, (a0)
800028e4: 63 84 06 08  	beqz	a3, 0x8000296c <snrt_main+0x2c8>
800028e8: 03 26 45 00  	lw	a2, 4(a0)
800028ec: e3 8e c5 fe  	beq	a1, a2, 0x800028e8 <snrt_main+0x244>
800028f0: 73 20 20 7c  	csrr	zero, 1986
800028f4: 03 25 04 00  	lw	a0, 0(s0)
800028f8: f3 25 40 f1  	csrr	a1, mhartid
800028fc: 63 86 05 08  	beqz	a1, 0x80002988 <snrt_main+0x2e4>
80002900: 83 20 c1 00  	lw	ra, 12(sp)
80002904: 03 24 81 00  	lw	s0, 8(sp)
80002908: 13 01 01 01  	addi	sp, sp, 16
8000290c: 67 80 00 00  	ret
80002910: 93 02 00 00  	li	t0, 0
80002914: 13 b5 18 00  	seqz	a0, a7
80002918: 33 85 a8 00  	add	a0, a7, a0
8000291c: 93 05 80 40  	li	a1, 1032
80002920: b3 08 b5 02  	mul	a7, a0, a1
80002924: 17 05 00 00  	auipc	a0, 0
80002928: 13 05 45 3e  	addi	a0, a0, 996
8000292c: 97 05 00 00  	auipc	a1, 0
80002930: 13 87 45 3e  	addi	a4, a1, 996
80002934: 33 07 a7 40  	sub	a4, a4, a0
80002938: 37 06 03 10  	lui	a2, 65584
8000293c: 93 06 00 00  	li	a3, 0
80002940: 93 05 00 00  	li	a1, 0
80002944: 6f 00 c0 00  	j	0x80002950 <snrt_main+0x2ac>
80002948: 93 82 82 40  	addi	t0, t0, 1032
8000294c: e3 8e 58 e0  	beq	a7, t0, 0x80002768 <snrt_main+0xc4>
80002950: 03 25 41 00  	lw	a0, 4(sp)
80002954: e3 0a 07 fe  	beqz	a4, 0x80002948 <snrt_main+0x2a4>
80002958: 33 85 a2 00  	add	a0, t0, a0
8000295c: 2b 00 d6 00  	<unknown>
80002960: 2b 00 b5 02  	<unknown>
80002964: 2b 05 07 04  	<unknown>
80002968: 6f f0 1f fe  	j	0x80002948 <snrt_main+0x2a4>
8000296c: 23 20 05 00  	sw	zero, 0(a0)
80002970: 13 05 45 00  	addi	a0, a0, 4
80002974: 2f 25 c5 00  	amoadd.w	a0, a2, (a0)
80002978: 73 20 20 7c  	csrr	zero, 1986
8000297c: 03 25 04 00  	lw	a0, 0(s0)
80002980: f3 25 40 f1  	csrr	a1, mhartid
80002984: e3 9e 05 f6  	bnez	a1, 0x80002900 <snrt_main+0x25c>
80002988: 13 15 15 00  	slli	a0, a0, 1
8000298c: 13 05 15 00  	addi	a0, a0, 1
80002990: 97 05 00 00  	auipc	a1, 0
80002994: 23 a8 a5 32  	sw	a0, 816(a1)
80002998: 83 20 c1 00  	lw	ra, 12(sp)
8000299c: 03 24 81 00  	lw	s0, 8(sp)
800029a0: 13 01 01 01  	addi	sp, sp, 16
800029a4: 67 80 00 00  	ret

Disassembly of section .rodata:

800029a8 <.rodata>:
800029a8: 74 0e        	<unknown>
800029aa: 00 80        	<unknown>
800029ac: 8c 0e        	<unknown>
800029ae: 00 80        	<unknown>
800029b0: 8c 0e        	<unknown>
800029b2: 00 80        	<unknown>
800029b4: 40 0e        	<unknown>
800029b6: 00 80        	<unknown>
800029b8: 8c 0e        	<unknown>
800029ba: 00 80        	<unknown>
800029bc: 8c 0e        	<unknown>
800029be: 00 80        	<unknown>
800029c0: 8c 0e        	<unknown>
800029c2: 00 80        	<unknown>
800029c4: 8c 0e        	<unknown>
800029c6: 00 80        	<unknown>
800029c8: 8c 0e        	<unknown>
800029ca: 00 80        	<unknown>
800029cc: 8c 0e        	<unknown>
800029ce: 00 80        	<unknown>
800029d0: 8c 0e        	<unknown>
800029d2: 00 80        	<unknown>
800029d4: 7c 0e        	<unknown>
800029d6: 00 80        	<unknown>
800029d8: 8c 0e        	<unknown>
800029da: 00 80        	<unknown>
800029dc: 84 0e        	<unknown>
800029de: 00 80        	<unknown>
800029e0: 8c 0e        	<unknown>
800029e2: 00 80        	<unknown>
800029e4: 8c 0e        	<unknown>
800029e6: 00 80        	<unknown>
800029e8: 44 0e        	<unknown>
800029ea: 00 80        	<unknown>
800029ec: d4 0f        	<unknown>
800029ee: 00 80        	<unknown>
800029f0: ec 0f        	<unknown>
800029f2: 00 80        	<unknown>
800029f4: f4 0f        	<unknown>
800029f6: 00 80        	<unknown>
800029f8: 14 10        	<unknown>
800029fa: 00 80        	<unknown>
800029fc: 14 10        	<unknown>
800029fe: 00 80        	<unknown>
80002a00: 14 10        	<unknown>
80002a02: 00 80        	<unknown>
80002a04: 08 10        	<unknown>
80002a06: 00 80        	<unknown>
80002a08: 14 10        	<unknown>
80002a0a: 00 80        	<unknown>
80002a0c: 14 10        	<unknown>
80002a0e: 00 80        	<unknown>
80002a10: 08 10        	<unknown>
80002a12: 00 80        	<unknown>
80002a14: 34 11        	<unknown>
80002a16: 00 80        	<unknown>
80002a18: 40 11        	<unknown>
80002a1a: 00 80        	<unknown>
80002a1c: 40 11        	<unknown>
80002a1e: 00 80        	<unknown>
80002a20: 40 11        	<unknown>
80002a22: 00 80        	<unknown>
80002a24: 40 11        	<unknown>
80002a26: 00 80        	<unknown>
80002a28: 40 11        	<unknown>
80002a2a: 00 80        	<unknown>
80002a2c: 40 11        	<unknown>
80002a2e: 00 80        	<unknown>
80002a30: 40 11        	<unknown>
80002a32: 00 80        	<unknown>
80002a34: 40 11        	<unknown>
80002a36: 00 80        	<unknown>
80002a38: 40 11        	<unknown>
80002a3a: 00 80        	<unknown>
80002a3c: 40 11        	<unknown>
80002a3e: 00 80        	<unknown>
80002a40: 40 11        	<unknown>
80002a42: 00 80        	<unknown>
80002a44: 40 11        	<unknown>
80002a46: 00 80        	<unknown>
80002a48: 40 11        	<unknown>
80002a4a: 00 80        	<unknown>
80002a4c: 40 11        	<unknown>
80002a4e: 00 80        	<unknown>
80002a50: 40 11        	<unknown>
80002a52: 00 80        	<unknown>
80002a54: 40 11        	<unknown>
80002a56: 00 80        	<unknown>
80002a58: 40 11        	<unknown>
80002a5a: 00 80        	<unknown>
80002a5c: 40 11        	<unknown>
80002a5e: 00 80        	<unknown>
80002a60: 40 11        	<unknown>
80002a62: 00 80        	<unknown>
80002a64: 40 11        	<unknown>
80002a66: 00 80        	<unknown>
80002a68: 40 11        	<unknown>
80002a6a: 00 80        	<unknown>
80002a6c: 40 11        	<unknown>
80002a6e: 00 80        	<unknown>
80002a70: 40 11        	<unknown>
80002a72: 00 80        	<unknown>
80002a74: 40 11        	<unknown>
80002a76: 00 80        	<unknown>
80002a78: 40 11        	<unknown>
80002a7a: 00 80        	<unknown>
80002a7c: 40 11        	<unknown>
80002a7e: 00 80        	<unknown>
80002a80: 40 11        	<unknown>
80002a82: 00 80        	<unknown>
80002a84: 40 11        	<unknown>
80002a86: 00 80        	<unknown>
80002a88: 40 11        	<unknown>
80002a8a: 00 80        	<unknown>
80002a8c: 40 11        	<unknown>
80002a8e: 00 80        	<unknown>
80002a90: 40 11        	<unknown>
80002a92: 00 80        	<unknown>
80002a94: c8 10        	<unknown>
80002a96: 00 80        	<unknown>
80002a98: 70 10        	<unknown>
80002a9a: 00 80        	<unknown>
80002a9c: c0 10        	<unknown>
80002a9e: 00 80        	<unknown>
80002aa0: 40 11        	<unknown>
80002aa2: 00 80        	<unknown>
80002aa4: 40 11        	<unknown>
80002aa6: 00 80        	<unknown>
80002aa8: 40 11        	<unknown>
80002aaa: 00 80        	<unknown>
80002aac: 40 11        	<unknown>
80002aae: 00 80        	<unknown>
80002ab0: 40 11        	<unknown>
80002ab2: 00 80        	<unknown>
80002ab4: 40 11        	<unknown>
80002ab6: 00 80        	<unknown>
80002ab8: 40 11        	<unknown>
80002aba: 00 80        	<unknown>
80002abc: 40 11        	<unknown>
80002abe: 00 80        	<unknown>
80002ac0: 40 11        	<unknown>
80002ac2: 00 80        	<unknown>
80002ac4: 40 11        	<unknown>
80002ac6: 00 80        	<unknown>
80002ac8: 40 11        	<unknown>
80002aca: 00 80        	<unknown>
80002acc: 40 11        	<unknown>
80002ace: 00 80        	<unknown>
80002ad0: 40 11        	<unknown>
80002ad2: 00 80        	<unknown>
80002ad4: 40 11        	<unknown>
80002ad6: 00 80        	<unknown>
80002ad8: 40 11        	<unknown>
80002ada: 00 80        	<unknown>
80002adc: 40 11        	<unknown>
80002ade: 00 80        	<unknown>
80002ae0: 48 10        	<unknown>
80002ae2: 00 80        	<unknown>
80002ae4: 40 11        	<unknown>
80002ae6: 00 80        	<unknown>
80002ae8: 40 11        	<unknown>
80002aea: 00 80        	<unknown>
80002aec: 40 11        	<unknown>
80002aee: 00 80        	<unknown>
80002af0: 40 11        	<unknown>
80002af2: 00 80        	<unknown>
80002af4: 40 11        	<unknown>
80002af6: 00 80        	<unknown>
80002af8: 40 11        	<unknown>
80002afa: 00 80        	<unknown>
80002afc: 40 11        	<unknown>
80002afe: 00 80        	<unknown>
80002b00: 40 11        	<unknown>
80002b02: 00 80        	<unknown>
80002b04: 40 11        	<unknown>
80002b06: 00 80        	<unknown>
80002b08: 58 11        	<unknown>
80002b0a: 00 80        	<unknown>
80002b0c: 20 12        	<unknown>
80002b0e: 00 80        	<unknown>
80002b10: 40 10        	<unknown>
80002b12: 00 80        	<unknown>
80002b14: c8 10        	<unknown>
80002b16: 00 80        	<unknown>
80002b18: 70 10        	<unknown>
80002b1a: 00 80        	<unknown>
80002b1c: c0 10        	<unknown>
80002b1e: 00 80        	<unknown>
80002b20: 40 11        	<unknown>
80002b22: 00 80        	<unknown>
80002b24: 40 10        	<unknown>
80002b26: 00 80        	<unknown>
80002b28: 40 11        	<unknown>
80002b2a: 00 80        	<unknown>
80002b2c: 40 11        	<unknown>
80002b2e: 00 80        	<unknown>
80002b30: 40 11        	<unknown>
80002b32: 00 80        	<unknown>
80002b34: 40 11        	<unknown>
80002b36: 00 80        	<unknown>
80002b38: 40 11        	<unknown>
80002b3a: 00 80        	<unknown>
80002b3c: 5c 11        	<unknown>
80002b3e: 00 80        	<unknown>
80002b40: c4 12        	<unknown>
80002b42: 00 80        	<unknown>
80002b44: 40 11        	<unknown>
80002b46: 00 80        	<unknown>
80002b48: 40 11        	<unknown>
80002b4a: 00 80        	<unknown>
80002b4c: f8 12        	<unknown>
80002b4e: 00 80        	<unknown>
80002b50: 40 11        	<unknown>
80002b52: 00 80        	<unknown>
80002b54: 40 10        	<unknown>
80002b56: 00 80        	<unknown>
80002b58: 40 11        	<unknown>
80002b5a: 00 80        	<unknown>
80002b5c: 40 11        	<unknown>
80002b5e: 00 80        	<unknown>
80002b60: 48 10        	<unknown>
80002b62: 00 80        	<unknown>
80002b64: 00 00        	<unknown>
80002b66: 00 00        	<unknown>

80002b68 <_ftoa.pow10>:
80002b68: 00 00        	<unknown>
80002b6a: 00 00        	<unknown>
80002b6c: 00 00        	<unknown>
80002b6e: f0 3f        	<unknown>
80002b70: 00 00        	<unknown>
80002b72: 00 00        	<unknown>
80002b74: 00 00        	<unknown>
80002b76: 24 40        	<unknown>
80002b78: 00 00        	<unknown>
80002b7a: 00 00        	<unknown>
80002b7c: 00 00        	<unknown>
80002b7e: 59 40        	<unknown>
80002b80: 00 00        	<unknown>
80002b82: 00 00        	<unknown>
80002b84: 00 40        	<unknown>
80002b86: 8f 40 00 00  	<unknown>
80002b8a: 00 00        	<unknown>
80002b8c: 00 88        	<unknown>
80002b8e: c3 40 00 00  	fmadd.s	ft1, ft0, ft0, ft0, rmm
80002b92: 00 00        	<unknown>
80002b94: 00 6a        	<unknown>
80002b96: f8 40        	<unknown>
80002b98: 00 00        	<unknown>
80002b9a: 00 00        	<unknown>
80002b9c: 80 84        	<unknown>
80002b9e: 2e 41        	<unknown>
80002ba0: 00 00        	<unknown>
80002ba2: 00 00        	<unknown>
80002ba4: d0 12        	<unknown>
80002ba6: 63 41 00 00  	bltz	zero, 0x80002ba8 <_ftoa.pow10+0x40>
80002baa: 00 00        	<unknown>
80002bac: 84 d7        	<unknown>
80002bae: 97 41 00 00  	auipc	gp, 4
80002bb2: 00 00        	<unknown>
80002bb4: 65 cd        	<unknown>
80002bb6: cd 41        	<unknown>

80002bb8 <$d.7>:
80002bb8: 52 75        	<unknown>
80002bba: 6e 6e        	<unknown>
80002bbc: 69 6e        	<unknown>
80002bbe: 67 20 70 72  	<unknown>
80002bc2: 6f 67 72 61  	jal	a4, 0x800299d8 <_edram+0x26b48>
80002bc6: 6d 20        	<unknown>
80002bc8: 63 20 0a 00  	<unknown>
80002bcc: 4f 55 54 5b  	<unknown>
80002bd0: 30 5d        	<unknown>
80002bd2: 3a 20        	<unknown>
80002bd4: 25 64        	<unknown>
80002bd6: 20 0a        	<unknown>
80002bd8: 00 77        	<unknown>
80002bda: 72 69        	<unknown>
80002bdc: 74 65        	<unknown>
80002bde: 5f 63 73 72  	<unknown>
80002be2: 28 30        	<unknown>
80002be4: 78 33        	<unknown>
80002be6: 63 36 2c 20  	<unknown>
80002bea: 31 29        	<unknown>
80002bec: 20 25        	<unknown>
80002bee: 64 20        	<unknown>
80002bf0: 0a 00        	<unknown>
80002bf2: 66 6e        	<unknown>
80002bf4: 69 2b        	<unknown>
80002bf6: 00 4e        	<unknown>
80002bf8: 75 6d        	<unknown>
80002bfa: 62 65        	<unknown>
80002bfc: 72 20        	<unknown>
80002bfe: 6f 66 20 65  	jal	a2, 0x80009250 <_edram+0x63c0>
80002c02: 72 72        	<unknown>
80002c04: 6f 72 73 3a  	jal	tp, 0x8003a7aa <_edram+0x3791a>
80002c08: 20 25        	<unknown>
80002c0a: 64 20        	<unknown>
80002c0c: 0a 00        	<unknown>
80002c0e: 66 6e        	<unknown>
80002c10: 69 00        	<unknown>
80002c12: 2a 28        	<unknown>
80002c14: 6c 6f        	<unknown>
80002c16: 63 61 6c 5f  	bltu	s8, s6, 0x800031f8 <_edram+0x368>
80002c1a: 61 20        	<unknown>
80002c1c: 2b 20 30 29  	<unknown>
80002c20: 3a 20        	<unknown>
80002c22: 25 64        	<unknown>
80002c24: 20 0a        	<unknown>
80002c26: 00 41        	<unknown>
80002c28: 63 63 65 6c  	bltu	a0, t1, 0x800032ee <_edram+0x45e>
80002c2c: 65 72        	<unknown>
80002c2e: 61 74        	<unknown>
80002c30: 6f 72 20 44  	jal	tp, 0x8000a072 <_edram+0x71e2>
80002c34: 6f 6e 65 21  	jal	t3, 0x80058e4a <_edram+0x55fba>
80002c38: 20 0a        	<unknown>
80002c3a: 00 77        	<unknown>
80002c3c: 72 69        	<unknown>
80002c3e: 74 65        	<unknown>
80002c40: 5f 63 73 72  	<unknown>
80002c44: 28 30        	<unknown>
80002c46: 78 33        	<unknown>
80002c48: 63 64 2c 20  	bltu	s8, sp, 0x80002e50 <OUT+0x20>
80002c4c: 31 29        	<unknown>
80002c4e: 20 25        	<unknown>
80002c50: 64 20        	<unknown>
80002c52: 0a 00        	<unknown>
80002c54: 41 63        	<unknown>
80002c56: 63 65 6c 65  	bltu	s8, s6, 0x800032a0 <_edram+0x410>
80002c5a: 72 61        	<unknown>
80002c5c: 74 6f        	<unknown>
80002c5e: 72 20        	<unknown>
80002c60: 43 79 63 6c  	fmadd.h	fs2, ft6, ft6, fa3
80002c64: 65 73        	<unknown>
80002c66: 3a 20        	<unknown>
80002c68: 25 64        	<unknown>
80002c6a: 20 0a        	<unknown>
80002c6c: 00 2a        	<unknown>
80002c6e: 28 6c        	<unknown>
80002c70: 6f 63 61 6c  	jal	t1, 0x80019336 <_edram+0x164a6>
80002c74: 5f 6f 20 2b  	<unknown>
80002c78: 20 6a        	<unknown>
80002c7a: 29 3a        	<unknown>
80002c7c: 20 25        	<unknown>
80002c7e: 62 20        	<unknown>
80002c80: 0a 00        	<unknown>
80002c82: 77 72 69 74  	<unknown>
80002c86: 65 5f        	<unknown>
80002c88: 63 73 72 28  	bgeu	tp, t2, 0x80002f0e <_edram+0x7e>
80002c8c: 30 78        	<unknown>
80002c8e: 33 63 63 2c  	<unknown>
80002c92: 20 31        	<unknown>
80002c94: 29 20        	<unknown>
80002c96: 25 64        	<unknown>
80002c98: 20 0a        	<unknown>
80002c9a: 00 00        	<unknown>

Disassembly of section .htif:

80002cc0 <tohost>:
		...

80002d00 <fromhost>:
		...

Disassembly of section .tbss:

80002d08 <__tbss_start>:
...

Disassembly of section .cbss:

80002d10 <_cls>:
		...

Disassembly of section .sdata:

80002d20 <__SDATA_BEGIN__>:
80002d20: 04 00        	<unknown>
80002d22: 00 00        	<unknown>
80002d24: 00 00        	<unknown>
80002d26: 00 00        	<unknown>

80002d28 <MODE>:
80002d28: 03 00 00 00  	lb	zero, 0(zero)
80002d2c: 00 00        	<unknown>
80002d2e: 00 00        	<unknown>

80002d30 <DATA_LEN>:
80002d30: 08 00        	<unknown>
80002d32: 00 00        	<unknown>
80002d34: 00 00        	<unknown>
80002d36: 00 00        	<unknown>

80002d38 <LOOP_ITER>:
80002d38: 01 00        	<unknown>
80002d3a: 00 00        	<unknown>
80002d3c: 00 00        	<unknown>
80002d3e: 00 00        	<unknown>
80002d40: ff ff ff ff  	<unknown>
80002d44: ff ff ef ff  	<unknown>
80002d48: ff ff ff ff  	<unknown>
80002d4c: ff ff ef 7f  	<unknown>
80002d50: 00 00        	<unknown>
80002d52: 00 00        	<unknown>
80002d54: 65 cd        	<unknown>
80002d56: cd 41        	<unknown>
80002d58: 00 00        	<unknown>
80002d5a: 00 00        	<unknown>
80002d5c: 65 cd        	<unknown>
80002d5e: cd c1        	<unknown>
80002d60: 00 00        	<unknown>
80002d62: 00 00        	<unknown>
80002d64: 00 00        	<unknown>
80002d66: e0 3f        	<unknown>
80002d68: ff ff ff ff  	<unknown>
80002d6c: ff ff ef 7f  	<unknown>
80002d70: ff ff ff ff  	<unknown>
80002d74: ff ff ef ff  	<unknown>
80002d78: b8 80        	<unknown>
80002d7a: 76 cf        	<unknown>
80002d7c: 66 86        	<unknown>
80002d7e: d0 bf        	<unknown>
80002d80: 61 43        	<unknown>
80002d82: 6f 63 a7 87  	jal	t1, 0x7ff78dfc <$d.8+0x7ff78dfc>
80002d86: d2 3f        	<unknown>
80002d88: fb 79 9f 50  	<unknown>
80002d8c: 13 44 d3 3f  	xori	s0, t1, 1021
80002d90: 00 00        	<unknown>
80002d92: 00 00        	<unknown>
80002d94: 00 00        	<unknown>
80002d96: e0 3f        	<unknown>
80002d98: 71 a3        	<unknown>
80002d9a: 79 09        	<unknown>
80002d9c: 4f 93 0a 40  	fnmadd.s	ft6, fs5, ft0, fs0, rtz
80002da0: ef 39 fa fe  	jal	s3, 0x7ffa6d8e <$d.8+0x7ffa6d8e>
80002da4: 42 2e        	<unknown>
80002da6: e6 bf        	<unknown>
80002da8: 16 55        	<unknown>
80002daa: b5 bb        	<unknown>
80002dac: b1 6b        	<unknown>
80002dae: 02 40        	<unknown>
80002db0: 00 00        	<unknown>
80002db2: 00 00        	<unknown>
80002db4: 00 00        	<unknown>
80002db6: 00 40        	<unknown>
80002db8: 00 00        	<unknown>
80002dba: 00 00        	<unknown>
80002dbc: 00 00        	<unknown>
80002dbe: 24 40        	<unknown>
80002dc0: 92 24        	<unknown>
80002dc2: 49 92        	<unknown>
80002dc4: 24 49        	<unknown>
80002dc6: b2 3f        	<unknown>
80002dc8: 00 00        	<unknown>
80002dca: 00 00        	<unknown>
80002dcc: 00 00        	<unknown>
80002dce: 18 40        	<unknown>
80002dd0: 9a 99        	<unknown>
80002dd2: 99 99        	<unknown>
80002dd4: 99 99        	<unknown>
80002dd6: b9 3f        	<unknown>
80002dd8: 2d 43        	<unknown>
80002dda: 1c eb        	<unknown>
80002ddc: e2 36        	<unknown>
80002dde: 1a 3f        	<unknown>
80002de0: 00 00        	<unknown>
80002de2: 00 00        	<unknown>
80002de4: 80 84        	<unknown>
80002de6: 2e 41        	<unknown>
80002de8: 00 00        	<unknown>
80002dea: 00 00        	<unknown>
80002dec: 00 00        	<unknown>
80002dee: f0 3f        	<unknown>

Disassembly of section .data:

80002df0 <__DATA_BEGIN__>:
80002df0: c4 09        	<unknown>
80002df2: 00 00        	<unknown>
80002df4: 00 00        	<unknown>
80002df6: 00 00        	<unknown>
80002df8: 64 00        	<unknown>
80002dfa: 00 00        	<unknown>
80002dfc: 00 00        	<unknown>
80002dfe: 00 00        	<unknown>
80002e00: c4 09        	<unknown>
80002e02: 00 00        	<unknown>
80002e04: 00 00        	<unknown>
80002e06: 00 00        	<unknown>
80002e08: 64 00        	<unknown>
80002e0a: 00 00        	<unknown>
80002e0c: 00 00        	<unknown>
80002e0e: 00 00        	<unknown>
80002e10: c4 09        	<unknown>
80002e12: 00 00        	<unknown>
80002e14: 00 00        	<unknown>
80002e16: 00 00        	<unknown>
80002e18: 64 00        	<unknown>
80002e1a: 00 00        	<unknown>
80002e1c: 00 00        	<unknown>
80002e1e: 00 00        	<unknown>
80002e20: c4 09        	<unknown>
80002e22: 00 00        	<unknown>
80002e24: 00 00        	<unknown>
80002e26: 00 00        	<unknown>
80002e28: 64 00        	<unknown>
80002e2a: 00 00        	<unknown>
80002e2c: 00 00        	<unknown>
80002e2e: 00 00        	<unknown>

80002e30 <OUT>:
80002e30: ff ff ff ff  	<unknown>
80002e34: ff ff ff ff  	<unknown>
80002e38: ff ff ff ff  	<unknown>
80002e3c: ff ff ff ff  	<unknown>
80002e40: ff ff ff ff  	<unknown>
80002e44: ff ff ff ff  	<unknown>
80002e48: ff ff ff ff  	<unknown>
80002e4c: ff ff ff ff  	<unknown>
80002e50: ff ff ff ff  	<unknown>
80002e54: ff ff ff ff  	<unknown>
80002e58: ff ff ff ff  	<unknown>
80002e5c: ff ff ff ff  	<unknown>
80002e60: ff ff ff ff  	<unknown>
80002e64: ff ff ff ff  	<unknown>
80002e68: ff ff ff 7f  	<unknown>
80002e6c: 00 00        	<unknown>
80002e6e: 00 00        	<unknown>

Disassembly of section .sbss:

80002e70 <eu_p_global>:
...

80002e74 <_snrt_mutex>:
...

80002e78 <_snrt_barrier>:
...

80002e80 <_reduction_result>:
...

Disassembly of section .bss:

80002e84 <l3_allocator>:
...

Disassembly of section .comment:

00000000 <$d.8>:
       0: 00 55        	<unknown>
       2: 62 75        	<unknown>
       4: 6e 74        	<unknown>
       6: 75 20        	<unknown>
       8: 63 6c 61 6e  	bltu	sp, t1, 0x700 <$d.8+0x700>
       c: 67 20 76 65  	<unknown>
      10: 72 73        	<unknown>
      12: 69 6f        	<unknown>
      14: 6e 20        	<unknown>
      16: 31 38        	<unknown>
      18: 2e 31        	<unknown>
      1a: 2e 33        	<unknown>
      1c: 20 28        	<unknown>
      1e: 31 75        	<unknown>
      20: 62 75        	<unknown>
      22: 6e 74        	<unknown>
      24: 75 31        	<unknown>
      26: 29 00        	<unknown>
      28: 55 62        	<unknown>
      2a: 75 6e        	<unknown>
      2c: 74 75        	<unknown>
      2e: 20 63        	<unknown>
      30: 6c 61        	<unknown>
      32: 6e 67        	<unknown>
      34: 20 76        	<unknown>
      36: 65 72        	<unknown>
      38: 73 69 6f 6e  	csrrsi	s2, 1766, 30
      3c: 20 31        	<unknown>
      3e: 37 2e 30 2e  	lui	t3, 189186
      42: 36 20        	<unknown>
      44: 28 39        	<unknown>
      46: 75 62        	<unknown>
      48: 75 6e        	<unknown>
      4a: 74 75        	<unknown>
      4c: 31 29        	<unknown>
      4e: 00 4c        	<unknown>
      50: 69 6e        	<unknown>
      52: 6b 65 72 3a  	<unknown>
      56: 20 55        	<unknown>
      58: 62 75        	<unknown>
      5a: 6e 74        	<unknown>
      5c: 75 20        	<unknown>
      5e: 4c 4c        	<unknown>
      60: 44 20        	<unknown>
      62: 31 37        	<unknown>
      64: 2e 30        	<unknown>
      66: 2e 36        	<unknown>
      68: 00           	<unknown>

Disassembly of section .riscv.attributes:

00000000 <.riscv.attributes>:
       0: 41 49        	<unknown>
       2: 00 00        	<unknown>
       4: 00 72        	<unknown>
       6: 69 73        	<unknown>
       8: 63 76 00 01  	bgeu	zero, a6, 0x14 <$d.8+0x14>
       c: 3f 00 00 00  	<unknown>
      10: 04 10        	<unknown>
      12: 05 72        	<unknown>
      14: 76 33        	<unknown>
      16: 32 69        	<unknown>
      18: 32 70        	<unknown>
      1a: 31 5f        	<unknown>
      1c: 6d 32        	<unknown>
      1e: 70 30        	<unknown>
      20: 5f 61 32 70  	<unknown>
      24: 31 5f        	<unknown>
      26: 66 32        	<unknown>
      28: 70 32        	<unknown>
      2a: 5f 64 32 70  	<unknown>
      2e: 32 5f        	<unknown>
      30: 7a 69        	<unknown>
      32: 63 73 72 32  	bgeu	tp, t2, 0x358 <$d.8+0x358>
      36: 70 30        	<unknown>
      38: 5f 7a 66 68  	<unknown>
      3c: 31 70        	<unknown>
      3e: 30 5f        	<unknown>
      40: 7a 66        	<unknown>
      42: 68 6d        	<unknown>
      44: 69 6e        	<unknown>
      46: 31 70        	<unknown>
      48: 30 00        	<unknown>

Disassembly of section .symtab:

00000000 <.symtab>:
		...
      10: 01 00        	<unknown>
		...
      1a: 00 00        	<unknown>
      1c: 04 00        	<unknown>
      1e: f1 ff        	<unknown>
      20: 0e 00        	<unknown>
      22: 00 00        	<unknown>
      24: d0 01        	<unknown>
      26: 00 80        	<unknown>
      28: 00 00        	<unknown>
      2a: 00 00        	<unknown>
      2c: 00 00        	<unknown>
      2e: 01 00        	<unknown>
      30: 13 00 00 00  	nop
      34: 44 03        	<unknown>
      36: 00 80        	<unknown>
      38: 00 00        	<unknown>
      3a: 00 00        	<unknown>
      3c: 00 00        	<unknown>
      3e: 01 00        	<unknown>
      40: 18 00        	<unknown>
      42: 00 00        	<unknown>
      44: 48 03        	<unknown>
      46: 00 80        	<unknown>
      48: 00 00        	<unknown>
      4a: 00 00        	<unknown>
      4c: 00 00        	<unknown>
      4e: 01 00        	<unknown>
      50: 1d 00        	<unknown>
      52: 00 00        	<unknown>
      54: 50 03        	<unknown>
      56: 00 80        	<unknown>
      58: 00 00        	<unknown>
      5a: 00 00        	<unknown>
      5c: 00 00        	<unknown>
      5e: 01 00        	<unknown>
      60: 22 00        	<unknown>
      62: 00 00        	<unknown>
      64: 58 03        	<unknown>
      66: 00 80        	<unknown>
      68: 00 00        	<unknown>
      6a: 00 00        	<unknown>
      6c: 00 00        	<unknown>
      6e: 01 00        	<unknown>
      70: 27 00 00 00  	<unknown>
      74: 20 2d        	<unknown>
      76: 00 80        	<unknown>
      78: 00 00        	<unknown>
      7a: 00 00        	<unknown>
      7c: 00 00        	<unknown>
      7e: 09 00        	<unknown>
      80: 2c 00        	<unknown>
      82: 00 00        	<unknown>
      84: f0 2d        	<unknown>
      86: 00 80        	<unknown>
      88: 00 00        	<unknown>
      8a: 00 00        	<unknown>
      8c: 00 00        	<unknown>
      8e: 0a 00        	<unknown>
      90: 31 00        	<unknown>
      92: 00 00        	<unknown>
      94: b8 2b        	<unknown>
      96: 00 80        	<unknown>
      98: 00 00        	<unknown>
      9a: 00 00        	<unknown>
      9c: 00 00        	<unknown>
      9e: 02 00        	<unknown>
      a0: 36 00        	<unknown>
		...
      ae: 0e 00        	<unknown>
      b0: 3b 00 00 00  	<unknown>
		...
      bc: 00 00        	<unknown>
      be: f1 ff        	<unknown>
      c0: 40 00        	<unknown>
		...
      ca: 00 00        	<unknown>
      cc: 04 00        	<unknown>
      ce: f1 ff        	<unknown>
      d0: 47 00 00 00  	fmsub.s	ft0, ft0, ft0, ft0, rne
      d4: 90 15        	<unknown>
      d6: 00 80        	<unknown>
      d8: a0 00        	<unknown>
      da: 00 00        	<unknown>
      dc: 02 00        	<unknown>
      de: 01 00        	<unknown>
      e0: 51 00        	<unknown>
      e2: 00 00        	<unknown>
      e4: 80 0d        	<unknown>
      e6: 00 80        	<unknown>
      e8: 10 08        	<unknown>
      ea: 00 00        	<unknown>
      ec: 02 00        	<unknown>
      ee: 01 00        	<unknown>
      f0: 5c 00        	<unknown>
      f2: 00 00        	<unknown>
      f4: 30 16        	<unknown>
      f6: 00 80        	<unknown>
      f8: 04 00        	<unknown>
      fa: 00 00        	<unknown>
      fc: 02 00        	<unknown>
      fe: 01 00        	<unknown>
     100: 66 00        	<unknown>
     102: 00 00        	<unknown>
     104: cc 19        	<unknown>
     106: 00 80        	<unknown>
     108: 6c 06        	<unknown>
     10a: 00 00        	<unknown>
     10c: 02 00        	<unknown>
     10e: 01 00        	<unknown>
     110: 6c 00        	<unknown>
     112: 00 00        	<unknown>
     114: 38 20        	<unknown>
     116: 00 80        	<unknown>
     118: 5c 04        	<unknown>
     11a: 00 00        	<unknown>
     11c: 02 00        	<unknown>
     11e: 01 00        	<unknown>
     120: 72 00        	<unknown>
     122: 00 00        	<unknown>
     124: 34 16        	<unknown>
     126: 00 80        	<unknown>
     128: 98 03        	<unknown>
     12a: 00 00        	<unknown>
     12c: 02 00        	<unknown>
     12e: 01 00        	<unknown>
     130: 7d 00        	<unknown>
     132: 00 00        	<unknown>
     134: 68 2b        	<unknown>
     136: 00 80        	<unknown>
     138: 50 00        	<unknown>
     13a: 00 00        	<unknown>
     13c: 01 00        	<unknown>
     13e: 02 00        	<unknown>
     140: 89 00        	<unknown>
     142: 00 00        	<unknown>
     144: 84 25        	<unknown>
     146: 00 80        	<unknown>
     148: 10 00        	<unknown>
     14a: 00 00        	<unknown>
     14c: 02 00        	<unknown>
     14e: 01 00        	<unknown>
     150: 95 00        	<unknown>
     152: 00 00        	<unknown>
     154: 90 26        	<unknown>
     156: 00 80        	<unknown>
     158: 14 00        	<unknown>
     15a: 00 00        	<unknown>
     15c: 02 00        	<unknown>
     15e: 01 00        	<unknown>
     160: 9e 00        	<unknown>
     162: 00 00        	<unknown>
     164: 00 00        	<unknown>
     166: 00 80        	<unknown>
     168: 00 00        	<unknown>
     16a: 00 00        	<unknown>
     16c: 00 00        	<unknown>
     16e: 01 00        	<unknown>
     170: bb 00 00 00  	<unknown>
     174: 6c 00        	<unknown>
     176: 00 80        	<unknown>
     178: 00 00        	<unknown>
     17a: 00 00        	<unknown>
     17c: 00 00        	<unknown>
     17e: 01 00        	<unknown>
     180: d7 00 00 00  	<unknown>
     184: f8 00        	<unknown>
     186: 00 80        	<unknown>
     188: 00 00        	<unknown>
     18a: 00 00        	<unknown>
     18c: 00 00        	<unknown>
     18e: 01 00        	<unknown>
     190: f5 00        	<unknown>
     192: 00 00        	<unknown>
     194: 00 01        	<unknown>
     196: 00 80        	<unknown>
     198: 00 00        	<unknown>
     19a: 00 00        	<unknown>
     19c: 00 00        	<unknown>
     19e: 01 00        	<unknown>
     1a0: 0e 01        	<unknown>
     1a2: 00 00        	<unknown>
     1a4: 30 01        	<unknown>
     1a6: 00 80        	<unknown>
     1a8: 00 00        	<unknown>
     1aa: 00 00        	<unknown>
     1ac: 00 00        	<unknown>
     1ae: 01 00        	<unknown>
     1b0: 21 01        	<unknown>
     1b2: 00 00        	<unknown>
     1b4: 60 01        	<unknown>
     1b6: 00 80        	<unknown>
     1b8: 00 00        	<unknown>
     1ba: 00 00        	<unknown>
     1bc: 00 00        	<unknown>
     1be: 01 00        	<unknown>
     1c0: 36 01        	<unknown>
     1c2: 00 00        	<unknown>
     1c4: 88 01        	<unknown>
     1c6: 00 80        	<unknown>
     1c8: 00 00        	<unknown>
     1ca: 00 00        	<unknown>
     1cc: 00 00        	<unknown>
     1ce: 01 00        	<unknown>
     1d0: 49 01        	<unknown>
     1d2: 00 00        	<unknown>
     1d4: c4 01        	<unknown>
     1d6: 00 80        	<unknown>
     1d8: 00 00        	<unknown>
     1da: 00 00        	<unknown>
     1dc: 00 00        	<unknown>
     1de: 01 00        	<unknown>
     1e0: 58 01        	<unknown>
     1e2: 00 00        	<unknown>
     1e4: c8 01        	<unknown>
     1e6: 00 80        	<unknown>
     1e8: 00 00        	<unknown>
     1ea: 00 00        	<unknown>
     1ec: 00 00        	<unknown>
     1ee: 01 00        	<unknown>
     1f0: 66 01        	<unknown>
     1f2: 00 00        	<unknown>
     1f4: 00 00        	<unknown>
     1f6: 00 80        	<unknown>
     1f8: 00 00        	<unknown>
     1fa: 00 00        	<unknown>
     1fc: 10 00        	<unknown>
     1fe: 01 00        	<unknown>
     200: 6d 01        	<unknown>
     202: 00 00        	<unknown>
     204: c0 2c        	<unknown>
     206: 00 80        	<unknown>
     208: 00 00        	<unknown>
     20a: 00 00        	<unknown>
     20c: 10 00        	<unknown>
     20e: 03 00 74 01  	lb	zero, 23(s0)
     212: 00 00        	<unknown>
     214: 00 2d        	<unknown>
     216: 00 80        	<unknown>
     218: 00 00        	<unknown>
     21a: 00 00        	<unknown>
     21c: 10 00        	<unknown>
     21e: 03 00 7d 01  	lb	zero, 23(s10)
     222: 00 00        	<unknown>
     224: 38 05        	<unknown>
     226: 00 80        	<unknown>
     228: 0c 00        	<unknown>
     22a: 00 00        	<unknown>
     22c: 12 00        	<unknown>
     22e: 01 00        	<unknown>
     230: 8a 01        	<unknown>
     232: 00 00        	<unknown>
     234: 00 00        	<unknown>
     236: 00 00        	<unknown>
     238: 04 00        	<unknown>
     23a: 00 00        	<unknown>
     23c: 16 00        	<unknown>
     23e: 05 00        	<unknown>
     240: 93 01 00 00  	li	gp, 0
     244: 44 05        	<unknown>
     246: 00 80        	<unknown>
     248: 0c 00        	<unknown>
     24a: 00 00        	<unknown>
     24c: 12 00        	<unknown>
     24e: 01 00        	<unknown>
     250: a0 01        	<unknown>
     252: 00 00        	<unknown>
     254: 84 2e        	<unknown>
     256: 00 80        	<unknown>
     258: 0c 00        	<unknown>
     25a: 00 00        	<unknown>
     25c: 11 00        	<unknown>
     25e: 0c 00        	<unknown>
     260: ad 01        	<unknown>
     262: 00 00        	<unknown>
     264: 50 05        	<unknown>
     266: 00 80        	<unknown>
     268: 20 00        	<unknown>
     26a: 00 00        	<unknown>
     26c: 12 00        	<unknown>
     26e: 01 00        	<unknown>
     270: ba 01        	<unknown>
     272: 00 00        	<unknown>
     274: 70 05        	<unknown>
     276: 00 80        	<unknown>
     278: 18 00        	<unknown>
     27a: 00 00        	<unknown>
     27c: 12 00        	<unknown>
     27e: 01 00        	<unknown>
     280: c7 01 00 00  	fmsub.s	ft3, ft0, ft0, ft0, rne
     284: 88 05        	<unknown>
     286: 00 80        	<unknown>
     288: 0c 00        	<unknown>
     28a: 00 00        	<unknown>
     28c: 12 00        	<unknown>
     28e: 01 00        	<unknown>
     290: db 01 00 00  	<unknown>
     294: 94 05        	<unknown>
     296: 00 80        	<unknown>
     298: 54 00        	<unknown>
     29a: 00 00        	<unknown>
     29c: 12 00        	<unknown>
     29e: 01 00        	<unknown>
     2a0: eb 01 00 00  	<unknown>
     2a4: e8 05        	<unknown>
     2a6: 00 80        	<unknown>
     2a8: 0c 00        	<unknown>
     2aa: 00 00        	<unknown>
     2ac: 12 00        	<unknown>
     2ae: 01 00        	<unknown>
     2b0: 00 02        	<unknown>
     2b2: 00 00        	<unknown>
     2b4: f4 05        	<unknown>
     2b6: 00 80        	<unknown>
     2b8: 0c 00        	<unknown>
     2ba: 00 00        	<unknown>
     2bc: 12 00        	<unknown>
     2be: 01 00        	<unknown>
     2c0: 15 02        	<unknown>
     2c2: 00 00        	<unknown>
     2c4: 00 06        	<unknown>
     2c6: 00 80        	<unknown>
     2c8: 24 00        	<unknown>
     2ca: 00 00        	<unknown>
     2cc: 12 00        	<unknown>
     2ce: 01 00        	<unknown>
     2d0: 27 02 00 00  	<unknown>
     2d4: 24 06        	<unknown>
     2d6: 00 80        	<unknown>
     2d8: 18 00        	<unknown>
     2da: 00 00        	<unknown>
     2dc: 12 00        	<unknown>
     2de: 01 00        	<unknown>
     2e0: 39 02        	<unknown>
     2e2: 00 00        	<unknown>
     2e4: 3c 06        	<unknown>
     2e6: 00 80        	<unknown>
     2e8: 1c 00        	<unknown>
     2ea: 00 00        	<unknown>
     2ec: 12 00        	<unknown>
     2ee: 01 00        	<unknown>
     2f0: 53 02 00 00  	fadd.s	ft4, ft0, ft0, rne
     2f4: 58 06        	<unknown>
     2f6: 00 80        	<unknown>
     2f8: 2c 00        	<unknown>
     2fa: 00 00        	<unknown>
     2fc: 12 00        	<unknown>
     2fe: 01 00        	<unknown>
     300: 65 02        	<unknown>
     302: 00 00        	<unknown>
     304: 84 06        	<unknown>
     306: 00 80        	<unknown>
     308: 24 00        	<unknown>
     30a: 00 00        	<unknown>
     30c: 12 00        	<unknown>
     30e: 01 00        	<unknown>
     310: 7f 02 00 00  	<unknown>
     314: a8 06        	<unknown>
     316: 00 80        	<unknown>
     318: 40 00        	<unknown>
     31a: 00 00        	<unknown>
     31c: 12 00        	<unknown>
     31e: 01 00        	<unknown>
     320: 91 02        	<unknown>
     322: 00 00        	<unknown>
     324: e8 06        	<unknown>
     326: 00 80        	<unknown>
     328: 10 00        	<unknown>
     32a: 00 00        	<unknown>
     32c: 12 00        	<unknown>
     32e: 01 00        	<unknown>
     330: 9f 02 00 00  	<unknown>
     334: f8 06        	<unknown>
     336: 00 80        	<unknown>
     338: 0c 00        	<unknown>
     33a: 00 00        	<unknown>
     33c: 12 00        	<unknown>
     33e: 01 00        	<unknown>
     340: b1 02        	<unknown>
     342: 00 00        	<unknown>
     344: 04 07        	<unknown>
     346: 00 80        	<unknown>
     348: d8 00        	<unknown>
     34a: 00 00        	<unknown>
     34c: 12 00        	<unknown>
     34e: 01 00        	<unknown>
     350: b9 02        	<unknown>
     352: 00 00        	<unknown>
     354: 70 2e        	<unknown>
     356: 00 80        	<unknown>
     358: 04 00        	<unknown>
     35a: 00 00        	<unknown>
     35c: 11 00        	<unknown>
     35e: 0b 00 c5 02  	<unknown>
     362: 00 00        	<unknown>
     364: 04 00        	<unknown>
     366: 00 00        	<unknown>
     368: 04 00        	<unknown>
     36a: 00 00        	<unknown>
     36c: 16 00        	<unknown>
     36e: 05 00        	<unknown>
     370: ca 02        	<unknown>
     372: 00 00        	<unknown>
     374: dc 07        	<unknown>
     376: 00 80        	<unknown>
     378: 14 01        	<unknown>
     37a: 00 00        	<unknown>
     37c: 12 00        	<unknown>
     37e: 01 00        	<unknown>
     380: d2 02        	<unknown>
     382: 00 00        	<unknown>
     384: f0 08        	<unknown>
     386: 00 80        	<unknown>
     388: 0c 00        	<unknown>
     38a: 00 00        	<unknown>
     38c: 12 00        	<unknown>
     38e: 01 00        	<unknown>
     390: e9 02        	<unknown>
     392: 00 00        	<unknown>
     394: fc 08        	<unknown>
     396: 00 80        	<unknown>
     398: 0c 00        	<unknown>
     39a: 00 00        	<unknown>
     39c: 12 00        	<unknown>
     39e: 01 00        	<unknown>
     3a0: ff 02 00 00  	<unknown>
     3a4: 08 09        	<unknown>
     3a6: 00 80        	<unknown>
     3a8: 04 00        	<unknown>
     3aa: 00 00        	<unknown>
     3ac: 12 00        	<unknown>
     3ae: 01 00        	<unknown>
     3b0: 0f 03 00 00  	<unknown>
     3b4: 0c 09        	<unknown>
     3b6: 00 80        	<unknown>
     3b8: dc 00        	<unknown>
     3ba: 00 00        	<unknown>
     3bc: 12 00        	<unknown>
     3be: 01 00        	<unknown>
     3c0: 1d 03        	<unknown>
     3c2: 00 00        	<unknown>
     3c4: e8 09        	<unknown>
     3c6: 00 80        	<unknown>
     3c8: 34 00        	<unknown>
     3ca: 00 00        	<unknown>
     3cc: 12 00        	<unknown>
     3ce: 01 00        	<unknown>
     3d0: 2e 03        	<unknown>
     3d2: 00 00        	<unknown>
     3d4: 1c 0a        	<unknown>
     3d6: 00 80        	<unknown>
     3d8: b8 00        	<unknown>
     3da: 00 00        	<unknown>
     3dc: 12 00        	<unknown>
     3de: 01 00        	<unknown>
     3e0: 3b 03 00 00  	<unknown>
     3e4: d4 0a        	<unknown>
     3e6: 00 80        	<unknown>
     3e8: 18 00        	<unknown>
     3ea: 00 00        	<unknown>
     3ec: 12 00        	<unknown>
     3ee: 01 00        	<unknown>
     3f0: 49 03        	<unknown>
     3f2: 00 00        	<unknown>
     3f4: ec 0a        	<unknown>
     3f6: 00 80        	<unknown>
     3f8: 10 00        	<unknown>
     3fa: 00 00        	<unknown>
     3fc: 12 00        	<unknown>
     3fe: 01 00        	<unknown>
     400: 5a 03        	<unknown>
     402: 00 00        	<unknown>
     404: fc 0a        	<unknown>
     406: 00 80        	<unknown>
     408: 0c 00        	<unknown>
     40a: 00 00        	<unknown>
     40c: 12 00        	<unknown>
     40e: 01 00        	<unknown>
     410: 65 03        	<unknown>
     412: 00 00        	<unknown>
     414: 74 2e        	<unknown>
     416: 00 80        	<unknown>
     418: 04 00        	<unknown>
     41a: 00 00        	<unknown>
     41c: 11 00        	<unknown>
     41e: 0b 00 71 03  	<unknown>
     422: 00 00        	<unknown>
     424: 08 0b        	<unknown>
     426: 00 80        	<unknown>
     428: 10 00        	<unknown>
     42a: 00 00        	<unknown>
     42c: 12 00        	<unknown>
     42e: 01 00        	<unknown>
     430: 84 03        	<unknown>
     432: 00 00        	<unknown>
     434: 18 0b        	<unknown>
     436: 00 80        	<unknown>
     438: 18 00        	<unknown>
     43a: 00 00        	<unknown>
     43c: 12 00        	<unknown>
     43e: 01 00        	<unknown>
     440: 9c 03        	<unknown>
     442: 00 00        	<unknown>
     444: 30 0b        	<unknown>
     446: 00 80        	<unknown>
     448: 08 00        	<unknown>
     44a: 00 00        	<unknown>
     44c: 12 00        	<unknown>
     44e: 01 00        	<unknown>
     450: af 03 00 00  	<unknown>
     454: 38 0b        	<unknown>
     456: 00 80        	<unknown>
     458: 08 00        	<unknown>
     45a: 00 00        	<unknown>
     45c: 12 00        	<unknown>
     45e: 01 00        	<unknown>
     460: c7 03 00 00  	fmsub.s	ft7, ft0, ft0, ft0, rne
     464: 40 0b        	<unknown>
     466: 00 80        	<unknown>
     468: 58 00        	<unknown>
     46a: 00 00        	<unknown>
     46c: 12 00        	<unknown>
     46e: 01 00        	<unknown>
     470: db 03 00 00  	<unknown>
     474: 78 2e        	<unknown>
     476: 00 80        	<unknown>
     478: 08 00        	<unknown>
     47a: 00 00        	<unknown>
     47c: 11 00        	<unknown>
     47e: 0b 00 e9 03  	<unknown>
     482: 00 00        	<unknown>
     484: 98 0b        	<unknown>
     486: 00 80        	<unknown>
     488: 30 00        	<unknown>
     48a: 00 00        	<unknown>
     48c: 12 00        	<unknown>
     48e: 01 00        	<unknown>
     490: fe 03        	<unknown>
     492: 00 00        	<unknown>
     494: c8 0b        	<unknown>
     496: 00 80        	<unknown>
     498: 48 00        	<unknown>
     49a: 00 00        	<unknown>
     49c: 12 00        	<unknown>
     49e: 01 00        	<unknown>
     4a0: 18 04        	<unknown>
     4a2: 00 00        	<unknown>
     4a4: 10 0c        	<unknown>
     4a6: 00 80        	<unknown>
     4a8: 6c 00        	<unknown>
     4aa: 00 00        	<unknown>
     4ac: 12 00        	<unknown>
     4ae: 01 00        	<unknown>
     4b0: 39 04        	<unknown>
     4b2: 00 00        	<unknown>
     4b4: 80 2e        	<unknown>
     4b6: 00 80        	<unknown>
     4b8: 04 00        	<unknown>
     4ba: 00 00        	<unknown>
     4bc: 11 00        	<unknown>
     4be: 0b 00 4b 04  	<unknown>
     4c2: 00 00        	<unknown>
     4c4: 7c 0c        	<unknown>
     4c6: 00 80        	<unknown>
     4c8: 08 00        	<unknown>
     4ca: 00 00        	<unknown>
     4cc: 12 00        	<unknown>
     4ce: 01 00        	<unknown>
     4d0: 57 04 00 00  	<unknown>
     4d4: 84 0c        	<unknown>
     4d6: 00 80        	<unknown>
     4d8: 08 00        	<unknown>
     4da: 00 00        	<unknown>
     4dc: 12 00        	<unknown>
     4de: 01 00        	<unknown>
     4e0: 74 04        	<unknown>
     4e2: 00 00        	<unknown>
     4e4: 8c 0c        	<unknown>
     4e6: 00 80        	<unknown>
     4e8: 08 00        	<unknown>
     4ea: 00 00        	<unknown>
     4ec: 12 00        	<unknown>
     4ee: 01 00        	<unknown>
     4f0: 89 04        	<unknown>
     4f2: 00 00        	<unknown>
     4f4: 94 0c        	<unknown>
     4f6: 00 80        	<unknown>
     4f8: 0c 00        	<unknown>
     4fa: 00 00        	<unknown>
     4fc: 12 00        	<unknown>
     4fe: 01 00        	<unknown>
     500: 9e 04        	<unknown>
     502: 00 00        	<unknown>
     504: a0 0c        	<unknown>
     506: 00 80        	<unknown>
     508: 10 00        	<unknown>
     50a: 00 00        	<unknown>
     50c: 12 00        	<unknown>
     50e: 01 00        	<unknown>
     510: af 04 00 00  	<unknown>
     514: b0 0c        	<unknown>
     516: 00 80        	<unknown>
     518: 08 00        	<unknown>
     51a: 00 00        	<unknown>
     51c: 12 00        	<unknown>
     51e: 01 00        	<unknown>
     520: c0 04        	<unknown>
     522: 00 00        	<unknown>
     524: b8 0c        	<unknown>
     526: 00 80        	<unknown>
     528: 10 00        	<unknown>
     52a: 00 00        	<unknown>
     52c: 12 00        	<unknown>
     52e: 01 00        	<unknown>
     530: d6 04        	<unknown>
     532: 00 00        	<unknown>
     534: c8 0c        	<unknown>
     536: 00 80        	<unknown>
     538: 0c 00        	<unknown>
     53a: 00 00        	<unknown>
     53c: 12 00        	<unknown>
     53e: 01 00        	<unknown>
     540: ec 04        	<unknown>
     542: 00 00        	<unknown>
     544: d4 0c        	<unknown>
     546: 00 80        	<unknown>
     548: 10 00        	<unknown>
     54a: 00 00        	<unknown>
     54c: 12 00        	<unknown>
     54e: 01 00        	<unknown>
     550: 0a 05        	<unknown>
     552: 00 00        	<unknown>
     554: e4 0c        	<unknown>
     556: 00 80        	<unknown>
     558: 1c 00        	<unknown>
     55a: 00 00        	<unknown>
     55c: 12 00        	<unknown>
     55e: 01 00        	<unknown>
     560: 1f 05 00 00  	<unknown>
     564: 00 0d        	<unknown>
     566: 00 80        	<unknown>
     568: 20 00        	<unknown>
     56a: 00 00        	<unknown>
     56c: 12 00        	<unknown>
     56e: 01 00        	<unknown>
     570: 2f 05 00 00  	<unknown>
     574: 20 0d        	<unknown>
     576: 00 80        	<unknown>
     578: 08 00        	<unknown>
     57a: 00 00        	<unknown>
     57c: 12 00        	<unknown>
     57e: 01 00        	<unknown>
     580: 48 05        	<unknown>
     582: 00 00        	<unknown>
     584: 28 0d        	<unknown>
     586: 00 80        	<unknown>
     588: 58 00        	<unknown>
     58a: 00 00        	<unknown>
     58c: 12 00        	<unknown>
     58e: 01 00        	<unknown>
     590: 50 05        	<unknown>
     592: 00 00        	<unknown>
     594: 94 24        	<unknown>
     596: 00 80        	<unknown>
     598: 9c 00        	<unknown>
     59a: 00 00        	<unknown>
     59c: 12 00        	<unknown>
     59e: 01 00        	<unknown>
     5a0: 5d 05        	<unknown>
     5a2: 00 00        	<unknown>
     5a4: 30 25        	<unknown>
     5a6: 00 80        	<unknown>
     5a8: 54 00        	<unknown>
     5aa: 00 00        	<unknown>
     5ac: 12 00        	<unknown>
     5ae: 01 00        	<unknown>
     5b0: 66 05        	<unknown>
     5b2: 00 00        	<unknown>
     5b4: 94 25        	<unknown>
     5b6: 00 80        	<unknown>
     5b8: 50 00        	<unknown>
     5ba: 00 00        	<unknown>
     5bc: 12 00        	<unknown>
     5be: 01 00        	<unknown>
     5c0: 70 05        	<unknown>
     5c2: 00 00        	<unknown>
     5c4: e4 25        	<unknown>
     5c6: 00 80        	<unknown>
     5c8: 30 00        	<unknown>
     5ca: 00 00        	<unknown>
     5cc: 12 00        	<unknown>
     5ce: 01 00        	<unknown>
     5d0: 79 05        	<unknown>
     5d2: 00 00        	<unknown>
     5d4: 14 26        	<unknown>
     5d6: 00 80        	<unknown>
     5d8: 24 00        	<unknown>
     5da: 00 00        	<unknown>
     5dc: 12 00        	<unknown>
     5de: 01 00        	<unknown>
     5e0: 84 05        	<unknown>
     5e2: 00 00        	<unknown>
     5e4: 38 26        	<unknown>
     5e6: 00 80        	<unknown>
     5e8: 58 00        	<unknown>
     5ea: 00 00        	<unknown>
     5ec: 12 00        	<unknown>
     5ee: 01 00        	<unknown>
     5f0: 8e 05        	<unknown>
     5f2: 00 00        	<unknown>
     5f4: a4 26        	<unknown>
     5f6: 00 80        	<unknown>
     5f8: 04 03        	<unknown>
     5fa: 00 00        	<unknown>
     5fc: 12 00        	<unknown>
     5fe: 01 00        	<unknown>
     600: 98 05        	<unknown>
     602: 00 00        	<unknown>
     604: 10 2d        	<unknown>
     606: 00 80        	<unknown>
     608: 10 00        	<unknown>
     60a: 00 00        	<unknown>
     60c: 11 00        	<unknown>
     60e: 08 00        	<unknown>
     610: 9d 05        	<unknown>
     612: 00 00        	<unknown>
     614: d0 01        	<unknown>
     616: 00 80        	<unknown>
     618: 68 03        	<unknown>
     61a: 00 00        	<unknown>
     61c: 12 00        	<unknown>
     61e: 01 00        	<unknown>
     620: a2 05        	<unknown>
     622: 00 00        	<unknown>
     624: 30 2d        	<unknown>
     626: 00 80        	<unknown>
     628: 08 00        	<unknown>
     62a: 00 00        	<unknown>
     62c: 11 00        	<unknown>
     62e: 09 00        	<unknown>
     630: ab 05 00 00  	<unknown>
     634: 38 2d        	<unknown>
     636: 00 80        	<unknown>
     638: 08 00        	<unknown>
     63a: 00 00        	<unknown>
     63c: 11 00        	<unknown>
     63e: 09 00        	<unknown>
     640: b5 05        	<unknown>
     642: 00 00        	<unknown>
     644: 20 2d        	<unknown>
     646: 00 80        	<unknown>
     648: 08 00        	<unknown>
     64a: 00 00        	<unknown>
     64c: 11 00        	<unknown>
     64e: 09 00        	<unknown>
     650: bd 05        	<unknown>
     652: 00 00        	<unknown>
     654: 28 2d        	<unknown>
     656: 00 80        	<unknown>
     658: 08 00        	<unknown>
     65a: 00 00        	<unknown>
     65c: 11 00        	<unknown>
     65e: 09 00        	<unknown>
     660: c2 05        	<unknown>
     662: 00 00        	<unknown>
     664: 30 2e        	<unknown>
     666: 00 80        	<unknown>
     668: 40 00        	<unknown>
     66a: 00 00        	<unknown>
     66c: 11 00        	<unknown>
     66e: 0a 00        	<unknown>
     670: c6 05        	<unknown>
     672: 00 00        	<unknown>
     674: f0 2d        	<unknown>
     676: 00 80        	<unknown>
     678: 40 00        	<unknown>
     67a: 00 00        	<unknown>
     67c: 11 00        	<unknown>
     67e: 0a 00        	<unknown>
     680: c8 05        	<unknown>
     682: 00 00        	<unknown>
     684: 90 2e        	<unknown>
     686: 00 80        	<unknown>
     688: 00 00        	<unknown>
     68a: 00 00        	<unknown>
     68c: 10 00        	<unknown>
     68e: 0d 00        	<unknown>
     690: cf 05 00 00  	fnmadd.s	fa1, ft0, ft0, ft0, rne
     694: 08 2d        	<unknown>
     696: 00 80        	<unknown>
     698: 00 00        	<unknown>
     69a: 00 00        	<unknown>
     69c: 10 00        	<unknown>
     69e: 04 00        	<unknown>
     6a0: dd 05        	<unknown>
     6a2: 00 00        	<unknown>
     6a4: 08 2d        	<unknown>
     6a6: 00 80        	<unknown>
     6a8: 00 00        	<unknown>
     6aa: 00 00        	<unknown>
     6ac: 10 00        	<unknown>
     6ae: 04 00        	<unknown>
     6b0: e9 05        	<unknown>
     6b2: 00 00        	<unknown>
     6b4: 70 2e        	<unknown>
     6b6: 00 80        	<unknown>
     6b8: 00 00        	<unknown>
     6ba: 00 00        	<unknown>
     6bc: 10 00        	<unknown>
     6be: 0a 00        	<unknown>
     6c0: f5 05        	<unknown>
     6c2: 00 00        	<unknown>
     6c4: 90 2e        	<unknown>
     6c6: 00 80        	<unknown>
     6c8: 00 00        	<unknown>
     6ca: 00 00        	<unknown>
     6cc: 10 00        	<unknown>
     6ce: 0c 00        	<unknown>
     6d0: ff 05 00 00  	<unknown>
     6d4: 10 2d        	<unknown>
     6d6: 00 80        	<unknown>
     6d8: 00 00        	<unknown>
     6da: 00 00        	<unknown>
     6dc: 10 00        	<unknown>
     6de: 07 00 0d 06  	<unknown>
     6e2: 00 00        	<unknown>
     6e4: 10 2d        	<unknown>
     6e6: 00 80        	<unknown>
     6e8: 00 00        	<unknown>
     6ea: 00 00        	<unknown>
     6ec: 10 00        	<unknown>
     6ee: 07 00 19 06  	<unknown>
     6f2: 00 00        	<unknown>
     6f4: 20 2d        	<unknown>
     6f6: 00 80        	<unknown>
     6f8: 00 00        	<unknown>
     6fa: 00 00        	<unknown>
     6fc: 10 00        	<unknown>
     6fe: 08 00        	<unknown>
     700: 24 06        	<unknown>
     702: 00 00        	<unknown>
     704: 10 2d        	<unknown>
     706: 00 80        	<unknown>
     708: 00 00        	<unknown>
     70a: 00 00        	<unknown>
     70c: 10 00        	<unknown>
     70e: 08 00        	<unknown>
     710: 31 06        	<unknown>
     712: 00 00        	<unknown>
     714: 08 2d        	<unknown>
     716: 00 80        	<unknown>
     718: 00 00        	<unknown>
     71a: 00 00        	<unknown>
     71c: 10 00        	<unknown>
     71e: 05 00        	<unknown>
     720: 3e 06        	<unknown>
     722: 00 00        	<unknown>
     724: 10 2d        	<unknown>
     726: 00 80        	<unknown>
     728: 00 00        	<unknown>
     72a: 00 00        	<unknown>
     72c: 10 00        	<unknown>
     72e: 05 00        	<unknown>
     730: 49 06        	<unknown>
     732: 00 00        	<unknown>
     734: 10 35        	<unknown>
     736: 00 80        	<unknown>
     738: 00 00        	<unknown>
     73a: 00 00        	<unknown>
     73c: 10 00        	<unknown>
     73e: 09 00        	<unknown>
     740: 5b 06 00 00  	<unknown>
     744: a8 29        	<unknown>
     746: 00 80        	<unknown>
     748: 00 00        	<unknown>
     74a: 00 00        	<unknown>
     74c: 10 00        	<unknown>
     74e: 01 00        	<unknown>
     750: 62 06        	<unknown>
     752: 00 00        	<unknown>
     754: 10 2d        	<unknown>
     756: 00 80        	<unknown>
     758: 00 00        	<unknown>
     75a: 00 00        	<unknown>
     75c: 10 00        	<unknown>
     75e: 06 00        	<unknown>
     760: 6e 06        	<unknown>
     762: 00 00        	<unknown>
     764: f0 2d        	<unknown>
     766: 00 80        	<unknown>
     768: 00 00        	<unknown>
     76a: 00 00        	<unknown>
     76c: 10 00        	<unknown>
     76e: f1 ff        	<unknown>
     770: 76 06        	<unknown>
     772: 00 00        	<unknown>
     774: 20 2d        	<unknown>
     776: 00 80        	<unknown>
     778: 00 00        	<unknown>
     77a: 00 00        	<unknown>
     77c: 10 00        	<unknown>
     77e: 09 00        	<unknown>
     780: 86 06        	<unknown>
     782: 00 00        	<unknown>
     784: f0 2d        	<unknown>
     786: 00 80        	<unknown>
     788: 00 00        	<unknown>
     78a: 00 00        	<unknown>
     78c: 10 00        	<unknown>
     78e: 0a 00        	<unknown>
     790: 95 06        	<unknown>
     792: 00 00        	<unknown>
     794: 70 2e        	<unknown>
     796: 00 80        	<unknown>
     798: 00 00        	<unknown>
     79a: 00 00        	<unknown>
     79c: 10 00        	<unknown>
     79e: 0a 00        	<unknown>
     7a0: 9c 06        	<unknown>
     7a2: 00 00        	<unknown>
     7a4: 90 2e        	<unknown>
     7a6: 00 80        	<unknown>
     7a8: 00 00        	<unknown>
     7aa: 00 00        	<unknown>
     7ac: 10 00        	<unknown>
     7ae: 0c 00        	<unknown>
     7b0: a8 06        	<unknown>
     7b2: 00 00        	<unknown>
     7b4: 90 2e        	<unknown>
     7b6: 00 80        	<unknown>
     7b8: 00 00        	<unknown>
     7ba: 00 00        	<unknown>
     7bc: 10 00        	<unknown>
     7be: 0c 00        	<unknown>

Disassembly of section .shstrtab:

00000000 <.shstrtab>:
       0: 00 2e        	<unknown>
       2: 74 65        	<unknown>
       4: 78 74        	<unknown>
       6: 00 2e        	<unknown>
       8: 72 6f        	<unknown>
       a: 64 61        	<unknown>
       c: 74 61        	<unknown>
       e: 00 2e        	<unknown>
      10: 68 74        	<unknown>
      12: 69 66        	<unknown>
      14: 00 2e        	<unknown>
      16: 74 64        	<unknown>
      18: 61 74        	<unknown>
      1a: 61 00        	<unknown>
      1c: 2e 74        	<unknown>
      1e: 62 73        	<unknown>
      20: 73 00 2e 74  	<unknown>
      24: 62 73        	<unknown>
      26: 73 65 6e 64  	csrrsi	a0, hviprio1, 28
      2a: 00 2e        	<unknown>
      2c: 63 64 61 74  	bltu	sp, t1, 0x774 <.symtab+0x774>
      30: 61 00        	<unknown>
      32: 2e 63        	<unknown>
      34: 62 73        	<unknown>
      36: 73 00 2e 73  	<unknown>
      3a: 64 61        	<unknown>
      3c: 74 61        	<unknown>
      3e: 00 2e        	<unknown>
      40: 64 61        	<unknown>
      42: 74 61        	<unknown>
      44: 00 2e        	<unknown>
      46: 73 62 73 73  	csrrsi	tp, mhpmevent23h, 6
      4a: 00 2e        	<unknown>
      4c: 62 73        	<unknown>
      4e: 73 00 2e 64  	<unknown>
      52: 72 61        	<unknown>
      54: 6d 00        	<unknown>
      56: 2e 63        	<unknown>
      58: 6f 6d 6d 65  	jal	s10, 0xd66ae <.symtab+0xd66ae>
      5c: 6e 74        	<unknown>
      5e: 00 2e        	<unknown>
      60: 72 69        	<unknown>
      62: 73 63 76 2e  	csrrsi	t1, 743, 12
      66: 61 74        	<unknown>
      68: 74 72        	<unknown>
      6a: 69 62        	<unknown>
      6c: 75 74        	<unknown>
      6e: 65 73        	<unknown>
      70: 00 2e        	<unknown>
      72: 73 79 6d 74  	csrrci	s2, 1862, 26
      76: 61 62        	<unknown>
      78: 00 2e        	<unknown>
      7a: 73 68 73 74  	csrrsi	a6, mseccfg, 6
      7e: 72 74        	<unknown>
      80: 61 62        	<unknown>
      82: 00 2e        	<unknown>
      84: 73 74 72 74  	csrrci	s0, mseccfg, 4
      88: 61 62        	<unknown>
      8a: 00           	<unknown>

Disassembly of section .strtab:

00000000 <.strtab>:
       0: 00 73        	<unknown>
       2: 6e 61        	<unknown>
       4: 78 2d        	<unknown>
       6: 64 72        	<unknown>
       8: 65 61        	<unknown>
       a: 6d 2e        	<unknown>
       c: 63 00 24 78  	beq	s0, sp, 0x78c <.symtab+0x78c>
      10: 2e 30        	<unknown>
      12: 00 24        	<unknown>
      14: 64 2e        	<unknown>
      16: 31 00        	<unknown>
      18: 24 78        	<unknown>
      1a: 2e 32        	<unknown>
      1c: 00 24        	<unknown>
      1e: 64 2e        	<unknown>
      20: 33 00 24 78  	<unknown>
      24: 2e 34        	<unknown>
      26: 00 24        	<unknown>
      28: 64 2e        	<unknown>
      2a: 35 00        	<unknown>
      2c: 24 64        	<unknown>
      2e: 2e 36        	<unknown>
      30: 00 24        	<unknown>
      32: 64 2e        	<unknown>
      34: 37 00 24 64  	lui	zero, 410176
      38: 2e 38        	<unknown>
      3a: 00 24        	<unknown>
      3c: 64 2e        	<unknown>
      3e: 39 00        	<unknown>
      40: 73 6e 72 74  	csrrsi	t3, mseccfg, 4
      44: 2e 63        	<unknown>
      46: 00 5f        	<unknown>
      48: 6f 75 74 5f  	jal	a0, 0x47e3e <.symtab+0x47e3e>
      4c: 63 68 61 72  	bltu	sp, t1, 0x77c <.symtab+0x77c>
      50: 00 5f        	<unknown>
      52: 76 73        	<unknown>
      54: 6e 70        	<unknown>
      56: 72 69        	<unknown>
      58: 6e 74        	<unknown>
      5a: 66 00        	<unknown>
      5c: 5f 6f 75 74  	<unknown>
      60: 5f 6e 75 6c  	<unknown>
      64: 6c 00        	<unknown>
      66: 5f 66 74 6f  	<unknown>
      6a: 61 00        	<unknown>
      6c: 5f 65 74 6f  	<unknown>
      70: 61 00        	<unknown>
      72: 5f 6e 74 6f  	<unknown>
      76: 61 5f        	<unknown>
      78: 6c 6f        	<unknown>
      7a: 6e 67        	<unknown>
      7c: 00 5f        	<unknown>
      7e: 66 74        	<unknown>
      80: 6f 61 2e 70  	jal	sp, 0xe6782 <.symtab+0xe6782>
      84: 6f 77 31 30  	jal	a4, 0x17b86 <.symtab+0x17b86>
      88: 00 5f        	<unknown>
      8a: 6f 75 74 5f  	jal	a0, 0x47e80 <.symtab+0x47e80>
      8e: 62 75        	<unknown>
      90: 66 66        	<unknown>
      92: 65 72        	<unknown>
      94: 00 5f        	<unknown>
      96: 6f 75 74 5f  	jal	a0, 0x47e8c <.symtab+0x47e8c>
      9a: 66 63        	<unknown>
      9c: 74 00        	<unknown>
      9e: 73 6e 72 74  	csrrsi	t3, mseccfg, 4
      a2: 2e 63        	<unknown>
      a4: 72 74        	<unknown>
      a6: 30 2e        	<unknown>
      a8: 69 6e        	<unknown>
      aa: 69 74        	<unknown>
      ac: 5f 69 6e 74  	<unknown>
      b0: 5f 72 65 67  	<unknown>
      b4: 69 73        	<unknown>
      b6: 74 65        	<unknown>
      b8: 72 73        	<unknown>
      ba: 00 73        	<unknown>
      bc: 6e 72        	<unknown>
      be: 74 2e        	<unknown>
      c0: 63 72 74 30  	bgeu	s0, t2, 0x3c4 <.symtab+0x3c4>
      c4: 2e 69        	<unknown>
      c6: 6e 69        	<unknown>
      c8: 74 5f        	<unknown>
      ca: 66 70        	<unknown>
      cc: 5f 72 65 67  	<unknown>
      d0: 69 73        	<unknown>
      d2: 74 65        	<unknown>
      d4: 72 73        	<unknown>
      d6: 00 73        	<unknown>
      d8: 6e 72        	<unknown>
      da: 74 2e        	<unknown>
      dc: 63 72 74 30  	bgeu	s0, t2, 0x3e0 <.symtab+0x3e0>
      e0: 2e 69        	<unknown>
      e2: 6e 69        	<unknown>
      e4: 74 5f        	<unknown>
      e6: 67 6c 6f 62  	<unknown>
      ea: 61 6c        	<unknown>
      ec: 5f 70 6f 69  	<unknown>
      f0: 6e 74        	<unknown>
      f2: 65 72        	<unknown>
      f4: 00 73        	<unknown>
      f6: 6e 72        	<unknown>
      f8: 74 2e        	<unknown>
      fa: 63 72 74 30  	bgeu	s0, t2, 0x3fe <.symtab+0x3fe>
      fe: 2e 69        	<unknown>
     100: 6e 69        	<unknown>
     102: 74 5f        	<unknown>
     104: 63 6f 72 65  	bltu	tp, s7, 0x762 <.symtab+0x762>
     108: 5f 69 6e 66  	<unknown>
     10c: 6f 00 73 6e  	j	0x30ff2 <.symtab+0x30ff2>
     110: 72 74        	<unknown>
     112: 2e 63        	<unknown>
     114: 72 74        	<unknown>
     116: 30 2e        	<unknown>
     118: 69 6e        	<unknown>
     11a: 69 74        	<unknown>
     11c: 5f 63 6c 73  	<unknown>
     120: 00 73        	<unknown>
     122: 6e 72        	<unknown>
     124: 74 2e        	<unknown>
     126: 63 72 74 30  	bgeu	s0, t2, 0x42a <.symtab+0x42a>
     12a: 2e 69        	<unknown>
     12c: 6e 69        	<unknown>
     12e: 74 5f        	<unknown>
     130: 73 74 61 63  	csrrci	s0, 1590, 2
     134: 6b 00 73 6e  	<unknown>
     138: 72 74        	<unknown>
     13a: 2e 63        	<unknown>
     13c: 72 74        	<unknown>
     13e: 30 2e        	<unknown>
     140: 69 6e        	<unknown>
     142: 69 74        	<unknown>
     144: 5f 74 6c 73  	<unknown>
     148: 00 73        	<unknown>
     14a: 6e 72        	<unknown>
     14c: 74 2e        	<unknown>
     14e: 63 72 74 30  	bgeu	s0, t2, 0x452 <.symtab+0x452>
     152: 2e 6d        	<unknown>
     154: 61 69        	<unknown>
     156: 6e 00        	<unknown>
     158: 73 6e 72 74  	csrrsi	t3, mseccfg, 4
     15c: 2e 63        	<unknown>
     15e: 72 74        	<unknown>
     160: 30 2e        	<unknown>
     162: 65 6e        	<unknown>
     164: 64 00        	<unknown>
     166: 5f 73 74 61  	<unknown>
     16a: 72 74        	<unknown>
     16c: 00 74        	<unknown>
     16e: 6f 68 6f 73  	jal	a6, 0xf68a4 <.symtab+0xf68a4>
     172: 74 00        	<unknown>
     174: 66 72        	<unknown>
     176: 6f 6d 68 6f  	jal	s10, 0x8686c <.symtab+0x8686c>
     17a: 73 74 00 73  	csrrci	s0, mhpmevent16h, 0
     17e: 6e 72        	<unknown>
     180: 74 5f        	<unknown>
     182: 6c 31        	<unknown>
     184: 5f 6e 65 78  	<unknown>
     188: 74 00        	<unknown>
     18a: 5f 63 6c 73  	<unknown>
     18e: 5f 70 74 72  	<unknown>
     192: 00 73        	<unknown>
     194: 6e 72        	<unknown>
     196: 74 5f        	<unknown>
     198: 6c 33        	<unknown>
     19a: 5f 6e 65 78  	<unknown>
     19e: 74 00        	<unknown>
     1a0: 6c 33        	<unknown>
     1a2: 5f 61 6c 6c  	<unknown>
     1a6: 6f 63 61 74  	jal	t1, 0x168ec <.symtab+0x168ec>
     1aa: 6f 72 00 73  	jal	tp, 0x78da <.symtab+0x78da>
     1ae: 6e 72        	<unknown>
     1b0: 74 5f        	<unknown>
     1b2: 6c 31        	<unknown>
     1b4: 61 6c        	<unknown>
     1b6: 6c 6f        	<unknown>
     1b8: 63 00 73 6e  	beq	t1, t2, 0x898 <.symtab+0x898>
     1bc: 72 74        	<unknown>
     1be: 5f 6c 33 61  	<unknown>
     1c2: 6c 6c        	<unknown>
     1c4: 6f 63 00 73  	jal	t1, 0x68f4 <.symtab+0x68f4>
     1c8: 6e 72        	<unknown>
     1ca: 74 5f        	<unknown>
     1cc: 6c 31        	<unknown>
     1ce: 5f 75 70 64  	<unknown>
     1d2: 61 74        	<unknown>
     1d4: 65 5f        	<unknown>
     1d6: 6e 65        	<unknown>
     1d8: 78 74        	<unknown>
     1da: 00 73        	<unknown>
     1dc: 6e 72        	<unknown>
     1de: 74 5f        	<unknown>
     1e0: 61 6c        	<unknown>
     1e2: 6c 6f        	<unknown>
     1e4: 63 5f 69 6e  	bge	s2, t1, 0x8e2 <.symtab+0x8e2>
     1e8: 69 74        	<unknown>
     1ea: 00 73        	<unknown>
     1ec: 6e 72        	<unknown>
     1ee: 74 5f        	<unknown>
     1f0: 69 6e        	<unknown>
     1f2: 74 5f        	<unknown>
     1f4: 63 6c 75 73  	bltu	a0, s7, 0x92c <.symtab+0x92c>
     1f8: 74 65        	<unknown>
     1fa: 72 5f        	<unknown>
     1fc: 73 65 74 00  	csrrsi	a0, 7, 8
     200: 73 6e 72 74  	csrrsi	t3, mseccfg, 4
     204: 5f 69 6e 74  	<unknown>
     208: 5f 63 6c 75  	<unknown>
     20c: 73 74 65 72  	csrrci	s0, mhpmevent6h, 10
     210: 5f 63 6c 72  	<unknown>
     214: 00 73        	<unknown>
     216: 6e 72        	<unknown>
     218: 74 5f        	<unknown>
     21a: 69 6e        	<unknown>
     21c: 74 5f        	<unknown>
     21e: 63 6c 72 5f  	bltu	tp, s7, 0x816 <.symtab+0x816>
     222: 6d 63        	<unknown>
     224: 69 70        	<unknown>
     226: 00 73        	<unknown>
     228: 6e 72        	<unknown>
     22a: 74 5f        	<unknown>
     22c: 69 6e        	<unknown>
     22e: 74 5f        	<unknown>
     230: 73 65 74 5f  	csrrsi	a0, 1527, 8
     234: 6d 63        	<unknown>
     236: 69 70        	<unknown>
     238: 00 73        	<unknown>
     23a: 6e 72        	<unknown>
     23c: 74 5f        	<unknown>
     23e: 64 6d        	<unknown>
     240: 61 5f        	<unknown>
     242: 73 74 61 72  	csrrci	s0, mhpmevent6h, 2
     246: 74 5f        	<unknown>
     248: 31 64        	<unknown>
     24a: 5f 77 69 64  	<unknown>
     24e: 65 70        	<unknown>
     250: 74 72        	<unknown>
     252: 00 73        	<unknown>
     254: 6e 72        	<unknown>
     256: 74 5f        	<unknown>
     258: 64 6d        	<unknown>
     25a: 61 5f        	<unknown>
     25c: 73 74 61 72  	csrrci	s0, mhpmevent6h, 2
     260: 74 5f        	<unknown>
     262: 31 64        	<unknown>
     264: 00 73        	<unknown>
     266: 6e 72        	<unknown>
     268: 74 5f        	<unknown>
     26a: 64 6d        	<unknown>
     26c: 61 5f        	<unknown>
     26e: 73 74 61 72  	csrrci	s0, mhpmevent6h, 2
     272: 74 5f        	<unknown>
     274: 32 64        	<unknown>
     276: 5f 77 69 64  	<unknown>
     27a: 65 70        	<unknown>
     27c: 74 72        	<unknown>
     27e: 00 73        	<unknown>
     280: 6e 72        	<unknown>
     282: 74 5f        	<unknown>
     284: 64 6d        	<unknown>
     286: 61 5f        	<unknown>
     288: 73 74 61 72  	csrrci	s0, mhpmevent6h, 2
     28c: 74 5f        	<unknown>
     28e: 32 64        	<unknown>
     290: 00 73        	<unknown>
     292: 6e 72        	<unknown>
     294: 74 5f        	<unknown>
     296: 64 6d        	<unknown>
     298: 61 5f        	<unknown>
     29a: 77 61 69 74  	<unknown>
     29e: 00 73        	<unknown>
     2a0: 6e 72        	<unknown>
     2a2: 74 5f        	<unknown>
     2a4: 64 6d        	<unknown>
     2a6: 61 5f        	<unknown>
     2a8: 77 61 69 74  	<unknown>
     2ac: 5f 61 6c 6c  	<unknown>
     2b0: 00 65        	<unknown>
     2b2: 75 5f        	<unknown>
     2b4: 69 6e        	<unknown>
     2b6: 69 74        	<unknown>
     2b8: 00 65        	<unknown>
     2ba: 75 5f        	<unknown>
     2bc: 70 5f        	<unknown>
     2be: 67 6c 6f 62  	<unknown>
     2c2: 61 6c        	<unknown>
     2c4: 00 65        	<unknown>
     2c6: 75 5f        	<unknown>
     2c8: 70 00        	<unknown>
     2ca: 65 75        	<unknown>
     2cc: 5f 65 78 69  	<unknown>
     2d0: 74 00        	<unknown>
     2d2: 65 75        	<unknown>
     2d4: 5f 67 65 74  	<unknown>
     2d8: 5f 77 6f 72  	<unknown>
     2dc: 6b 65 72 73  	<unknown>
     2e0: 5f 69 6e 5f  	<unknown>
     2e4: 6c 6f        	<unknown>
     2e6: 6f 70 00 65  	j	0x7936 <.symtab+0x7936>
     2ea: 75 5f        	<unknown>
     2ec: 67 65 74 5f  	<unknown>
     2f0: 77 6f 72 6b  	<unknown>
     2f4: 65 72        	<unknown>
     2f6: 73 5f 69 6e  	csrrwi	t5, 1766, 18
     2fa: 5f 77 66 69  	<unknown>
     2fe: 00 65        	<unknown>
     300: 75 5f        	<unknown>
     302: 70 72        	<unknown>
     304: 69 6e        	<unknown>
     306: 74 5f        	<unknown>
     308: 73 74 61 74  	csrrci	s0, 1862, 2
     30c: 75 73        	<unknown>
     30e: 00 65        	<unknown>
     310: 75 5f        	<unknown>
     312: 65 76        	<unknown>
     314: 65 6e        	<unknown>
     316: 74 5f        	<unknown>
     318: 6c 6f        	<unknown>
     31a: 6f 70 00 65  	j	0x796a <.symtab+0x796a>
     31e: 75 5f        	<unknown>
     320: 64 69        	<unknown>
     322: 73 70 61 74  	csrci	1862, 2
     326: 63 68 5f 70  	bltu	t5, t0, 0xa36 <.symtab+0xa36>
     32a: 75 73        	<unknown>
     32c: 68 00        	<unknown>
     32e: 65 75        	<unknown>
     330: 5f 72 75 6e  	<unknown>
     334: 5f 65 6d 70  	<unknown>
     338: 74 79        	<unknown>
     33a: 00 65        	<unknown>
     33c: 75 5f        	<unknown>
     33e: 6d 75        	<unknown>
     340: 74 65        	<unknown>
     342: 78 5f        	<unknown>
     344: 6c 6f        	<unknown>
     346: 63 6b 00 65  	bltu	zero, a6, 0x99c <.symtab+0x99c>
     34a: 75 5f        	<unknown>
     34c: 6d 75        	<unknown>
     34e: 74 65        	<unknown>
     350: 78 5f        	<unknown>
     352: 72 65        	<unknown>
     354: 6c 65        	<unknown>
     356: 61 73        	<unknown>
     358: 65 00        	<unknown>
     35a: 73 6e 72 74  	csrrsi	t3, mseccfg, 4
     35e: 5f 6d 75 74  	<unknown>
     362: 65 78        	<unknown>
     364: 00 5f        	<unknown>
     366: 73 6e 72 74  	csrrsi	t3, mseccfg, 4
     36a: 5f 6d 75 74  	<unknown>
     36e: 65 78        	<unknown>
     370: 00 73        	<unknown>
     372: 6e 72        	<unknown>
     374: 74 5f        	<unknown>
     376: 6d 75        	<unknown>
     378: 74 65        	<unknown>
     37a: 78 5f        	<unknown>
     37c: 61 63        	<unknown>
     37e: 71 75        	<unknown>
     380: 69 72        	<unknown>
     382: 65 00        	<unknown>
     384: 73 6e 72 74  	csrrsi	t3, mseccfg, 4
     388: 5f 6d 75 74  	<unknown>
     38c: 65 78        	<unknown>
     38e: 5f 74 74 61  	<unknown>
     392: 73 5f 61 63  	csrrwi	t5, 1590, 2
     396: 71 75        	<unknown>
     398: 69 72        	<unknown>
     39a: 65 00        	<unknown>
     39c: 73 6e 72 74  	csrrsi	t3, mseccfg, 4
     3a0: 5f 6d 75 74  	<unknown>
     3a4: 65 78        	<unknown>
     3a6: 5f 72 65 6c  	<unknown>
     3aa: 65 61        	<unknown>
     3ac: 73 65 00 73  	csrrsi	a0, mhpmevent16h, 0
     3b0: 6e 72        	<unknown>
     3b2: 74 5f        	<unknown>
     3b4: 63 6c 75 73  	bltu	a0, s7, 0xaec <.symtab+0xaec>
     3b8: 74 65        	<unknown>
     3ba: 72 5f        	<unknown>
     3bc: 68 77        	<unknown>
     3be: 5f 62 61 72  	<unknown>
     3c2: 72 69        	<unknown>
     3c4: 65 72        	<unknown>
     3c6: 00 73        	<unknown>
     3c8: 6e 72        	<unknown>
     3ca: 74 5f        	<unknown>
     3cc: 67 6c 6f 62  	<unknown>
     3d0: 61 6c        	<unknown>
     3d2: 5f 62 61 72  	<unknown>
     3d6: 72 69        	<unknown>
     3d8: 65 72        	<unknown>
     3da: 00 5f        	<unknown>
     3dc: 73 6e 72 74  	csrrsi	t3, mseccfg, 4
     3e0: 5f 62 61 72  	<unknown>
     3e4: 72 69        	<unknown>
     3e6: 65 72        	<unknown>
     3e8: 00 73        	<unknown>
     3ea: 6e 72        	<unknown>
     3ec: 74 5f        	<unknown>
     3ee: 70 61        	<unknown>
     3f0: 72 74        	<unknown>
     3f2: 69 61        	<unknown>
     3f4: 6c 5f        	<unknown>
     3f6: 62 61        	<unknown>
     3f8: 72 72        	<unknown>
     3fa: 69 65        	<unknown>
     3fc: 72 00        	<unknown>
     3fe: 73 6e 72 74  	csrrsi	t3, mseccfg, 4
     402: 5f 67 6c 6f  	<unknown>
     406: 62 61        	<unknown>
     408: 6c 5f        	<unknown>
     40a: 72 65        	<unknown>
     40c: 64 75        	<unknown>
     40e: 63 74 69 6f  	bgeu	s2, s6, 0xaf6 <.symtab+0xaf6>
     412: 6e 5f        	<unknown>
     414: 64 6d        	<unknown>
     416: 61 00        	<unknown>
     418: 73 6e 72 74  	csrrsi	t3, mseccfg, 4
     41c: 5f 67 6c 6f  	<unknown>
     420: 62 61        	<unknown>
     422: 6c 5f        	<unknown>
     424: 61 6c        	<unknown>
     426: 6c 5f        	<unknown>
     428: 74 6f        	<unknown>
     42a: 5f 61 6c 6c  	<unknown>
     42e: 5f 72 65 64  	<unknown>
     432: 75 63        	<unknown>
     434: 74 69        	<unknown>
     436: 6f 6e 00 5f  	jal	t3, 0x6a26 <.symtab+0x6a26>
     43a: 72 65        	<unknown>
     43c: 64 75        	<unknown>
     43e: 63 74 69 6f  	bgeu	s2, s6, 0xb26 <.symtab+0xb26>
     442: 6e 5f        	<unknown>
     444: 72 65        	<unknown>
     446: 73 75 6c 74  	csrrci	a0, 1862, 24
     44a: 00 73        	<unknown>
     44c: 6e 72        	<unknown>
     44e: 74 5f        	<unknown>
     450: 68 61        	<unknown>
     452: 72 74        	<unknown>
     454: 69 64        	<unknown>
     456: 00 73        	<unknown>
     458: 6e 72        	<unknown>
     45a: 74 5f        	<unknown>
     45c: 67 6c 6f 62  	<unknown>
     460: 61 6c        	<unknown>
     462: 5f 63 6f 72  	<unknown>
     466: 65 5f        	<unknown>
     468: 62 61        	<unknown>
     46a: 73 65 5f 68  	csrrsi	a0, 1669, 30
     46e: 61 72        	<unknown>
     470: 74 69        	<unknown>
     472: 64 00        	<unknown>
     474: 73 6e 72 74  	csrrsi	t3, mseccfg, 4
     478: 5f 67 6c 6f  	<unknown>
     47c: 62 61        	<unknown>
     47e: 6c 5f        	<unknown>
     480: 63 6f 72 65  	bltu	tp, s7, 0xade <.symtab+0xade>
     484: 5f 69 64 78  	<unknown>
     488: 00 73        	<unknown>
     48a: 6e 72        	<unknown>
     48c: 74 5f        	<unknown>
     48e: 67 6c 6f 62  	<unknown>
     492: 61 6c        	<unknown>
     494: 5f 63 6f 72  	<unknown>
     498: 65 5f        	<unknown>
     49a: 6e 75        	<unknown>
     49c: 6d 00        	<unknown>
     49e: 73 6e 72 74  	csrrsi	t3, mseccfg, 4
     4a2: 5f 63 6c 75  	<unknown>
     4a6: 73 74 65 72  	csrrci	s0, mhpmevent6h, 10
     4aa: 5f 69 64 78  	<unknown>
     4ae: 00 73        	<unknown>
     4b0: 6e 72        	<unknown>
     4b2: 74 5f        	<unknown>
     4b4: 63 6c 75 73  	bltu	a0, s7, 0xbec <.symtab+0xbec>
     4b8: 74 65        	<unknown>
     4ba: 72 5f        	<unknown>
     4bc: 6e 75        	<unknown>
     4be: 6d 00        	<unknown>
     4c0: 73 6e 72 74  	csrrsi	t3, mseccfg, 4
     4c4: 5f 63 6c 75  	<unknown>
     4c8: 73 74 65 72  	csrrci	s0, mhpmevent6h, 10
     4cc: 5f 63 6f 72  	<unknown>
     4d0: 65 5f        	<unknown>
     4d2: 69 64        	<unknown>
     4d4: 78 00        	<unknown>
     4d6: 73 6e 72 74  	csrrsi	t3, mseccfg, 4
     4da: 5f 63 6c 75  	<unknown>
     4de: 73 74 65 72  	csrrci	s0, mhpmevent6h, 10
     4e2: 5f 63 6f 72  	<unknown>
     4e6: 65 5f        	<unknown>
     4e8: 6e 75        	<unknown>
     4ea: 6d 00        	<unknown>
     4ec: 73 6e 72 74  	csrrsi	t3, mseccfg, 4
     4f0: 5f 63 6c 75  	<unknown>
     4f4: 73 74 65 72  	csrrci	s0, mhpmevent6h, 10
     4f8: 5f 63 6f 6d  	<unknown>
     4fc: 70 75        	<unknown>
     4fe: 74 65        	<unknown>
     500: 5f 63 6f 72  	<unknown>
     504: 65 5f        	<unknown>
     506: 6e 75        	<unknown>
     508: 6d 00        	<unknown>
     50a: 73 6e 72 74  	csrrsi	t3, mseccfg, 4
     50e: 5f 69 73 5f  	<unknown>
     512: 63 6f 6d 70  	bltu	s10, t1, 0xc30 <.symtab+0xc30>
     516: 75 74        	<unknown>
     518: 65 5f        	<unknown>
     51a: 63 6f 72 65  	bltu	tp, s7, 0xb78 <.symtab+0xb78>
     51e: 00 73        	<unknown>
     520: 6e 72        	<unknown>
     522: 74 5f        	<unknown>
     524: 69 73        	<unknown>
     526: 5f 64 6d 5f  	<unknown>
     52a: 63 6f 72 65  	bltu	tp, s7, 0xb88 <.symtab+0xb88>
     52e: 00 73        	<unknown>
     530: 6e 72        	<unknown>
     532: 74 5f        	<unknown>
     534: 63 6c 75 73  	bltu	a0, s7, 0xc6c <.symtab+0xc6c>
     538: 74 65        	<unknown>
     53a: 72 5f        	<unknown>
     53c: 64 6d        	<unknown>
     53e: 5f 63 6f 72  	<unknown>
     542: 65 5f        	<unknown>
     544: 6e 75        	<unknown>
     546: 6d 00        	<unknown>
     548: 70 72        	<unknown>
     54a: 69 6e        	<unknown>
     54c: 74 66        	<unknown>
     54e: 5f 00 73 6e  	<unknown>
     552: 72 74        	<unknown>
     554: 5f 70 75 74  	<unknown>
     558: 63 68 61 72  	bltu	sp, t1, 0xc88 <.symtab+0xc88>
     55c: 00 73        	<unknown>
     55e: 70 72        	<unknown>
     560: 69 6e        	<unknown>
     562: 74 66        	<unknown>
     564: 5f 00 73 6e  	<unknown>
     568: 70 72        	<unknown>
     56a: 69 6e        	<unknown>
     56c: 74 66        	<unknown>
     56e: 5f 00 76 70  	<unknown>
     572: 72 69        	<unknown>
     574: 6e 74        	<unknown>
     576: 66 5f        	<unknown>
     578: 00 76        	<unknown>
     57a: 73 6e 70 72  	csrrsi	t3, mhpmevent7h, 0
     57e: 69 6e        	<unknown>
     580: 74 66        	<unknown>
     582: 5f 00 66 63  	<unknown>
     586: 74 70        	<unknown>
     588: 72 69        	<unknown>
     58a: 6e 74        	<unknown>
     58c: 66 00        	<unknown>
     58e: 73 6e 72 74  	csrrsi	t3, mseccfg, 4
     592: 5f 6d 61 69  	<unknown>
     596: 6e 00        	<unknown>
     598: 5f 63 6c 73  	<unknown>
     59c: 00 6d        	<unknown>
     59e: 61 69        	<unknown>
     5a0: 6e 00        	<unknown>
     5a2: 44 41        	<unknown>
     5a4: 54 41        	<unknown>
     5a6: 5f 4c 45 4e  	<unknown>
     5aa: 00 4c        	<unknown>
     5ac: 4f 4f 50 5f  	<unknown>
     5b0: 49 54        	<unknown>
     5b2: 45 52        	<unknown>
     5b4: 00 41        	<unknown>
     5b6: 44 44        	<unknown>
     5b8: 52 45        	<unknown>
     5ba: 53 53 00 4d  	<unknown>
     5be: 4f 44 45 00  	fnmadd.s	fs0, fa0, ft4, ft0, rmm
     5c2: 4f 55 54 00  	<unknown>
     5c6: 41 00        	<unknown>
     5c8: 5f 65 64 72  	<unknown>
     5cc: 61 6d        	<unknown>
     5ce: 00 5f        	<unknown>
     5d0: 5f 74 64 61  	<unknown>
     5d4: 74 61        	<unknown>
     5d6: 5f 73 74 61  	<unknown>
     5da: 72 74        	<unknown>
     5dc: 00 5f        	<unknown>
     5de: 5f 74 64 61  	<unknown>
     5e2: 74 61        	<unknown>
     5e4: 5f 65 6e 64  	<unknown>
     5e8: 00 5f        	<unknown>
     5ea: 5f 62 73 73  	<unknown>
     5ee: 5f 73 74 61  	<unknown>
     5f2: 72 74        	<unknown>
     5f4: 00 5f        	<unknown>
     5f6: 5f 62 73 73  	<unknown>
     5fa: 5f 65 6e 64  	<unknown>
     5fe: 00 5f        	<unknown>
     600: 5f 63 64 61  	<unknown>
     604: 74 61        	<unknown>
     606: 5f 73 74 61  	<unknown>
     60a: 72 74        	<unknown>
     60c: 00 5f        	<unknown>
     60e: 5f 63 64 61  	<unknown>
     612: 74 61        	<unknown>
     614: 5f 65 6e 64  	<unknown>
     618: 00 5f        	<unknown>
     61a: 5f 63 62 73  	<unknown>
     61e: 73 5f 65 6e  	csrrwi	t5, 1766, 10
     622: 64 00        	<unknown>
     624: 5f 5f 63 62  	<unknown>
     628: 73 73 5f 73  	csrrci	t1, mhpmevent21h, 30
     62c: 74 61        	<unknown>
     62e: 72 74        	<unknown>
     630: 00 5f        	<unknown>
     632: 5f 74 62 73  	<unknown>
     636: 73 5f 73 74  	csrrwi	t5, mseccfg, 6
     63a: 61 72        	<unknown>
     63c: 74 00        	<unknown>
     63e: 5f 5f 74 62  	<unknown>
     642: 73 73 5f 65  	csrrci	t1, hviph, 30
     646: 6e 64        	<unknown>
     648: 00 5f        	<unknown>
     64a: 5f 67 6c 6f  	<unknown>
     64e: 62 61        	<unknown>
     650: 6c 5f        	<unknown>
     652: 70 6f        	<unknown>
     654: 69 6e        	<unknown>
     656: 74 65        	<unknown>
     658: 72 24        	<unknown>
     65a: 00 5f        	<unknown>
     65c: 65 74        	<unknown>
     65e: 65 78        	<unknown>
     660: 74 00        	<unknown>
     662: 5f 5f 74 62  	<unknown>
     666: 73 73 5f 65  	csrrci	t1, hviph, 30
     66a: 6e 64        	<unknown>
     66c: 32 00        	<unknown>
     66e: 5f 73 69 64  	<unknown>
     672: 61 74        	<unknown>
     674: 61 00        	<unknown>
     676: 5f 5f 53 44  	<unknown>
     67a: 41 54        	<unknown>
     67c: 41 5f        	<unknown>
     67e: 42 45        	<unknown>
     680: 47 49 4e 5f  	<unknown>
     684: 5f 00 5f 5f  	<unknown>
     688: 44 41        	<unknown>
     68a: 54 41        	<unknown>
     68c: 5f 42 45 47  	<unknown>
     690: 49 4e        	<unknown>
     692: 5f 5f 00 5f  	<unknown>
     696: 65 64        	<unknown>
     698: 61 74        	<unknown>
     69a: 61 00        	<unknown>
     69c: 5f 5f 42 53  	<unknown>
     6a0: 53 5f 45 4e  	<unknown>
     6a4: 44 5f        	<unknown>
     6a6: 5f 00 5f 65  	<unknown>
     6aa: 6e 64        	<unknown>
     6ac: 00           	<unknown>
