
/workspaces/snax_cluster/target/snitch_cluster/sw/apps/snax-streamer-simd/build/snax-streamer-simd.elf:	file format elf32-littleriscv

Disassembly of section .text:

80000000 <snrt.crt0.init_int_registers>:
80000000: 93 02 00 00  	li	t0, 0
80000004: 13 03 00 00  	li	t1, 0
80000008: 93 03 00 00  	li	t2, 0
8000000c: 13 0e 00 00  	li	t3, 0
80000010: 93 0e 00 00  	li	t4, 0
80000014: 13 0f 00 00  	li	t5, 0
80000018: 93 0f 00 00  	li	t6, 0
8000001c: 13 05 00 00  	li	a0, 0
80000020: 93 05 00 00  	li	a1, 0
80000024: 13 06 00 00  	li	a2, 0
80000028: 93 06 00 00  	li	a3, 0
8000002c: 13 07 00 00  	li	a4, 0
80000030: 93 07 00 00  	li	a5, 0
80000034: 13 08 00 00  	li	a6, 0
80000038: 93 08 00 00  	li	a7, 0
8000003c: 13 04 00 00  	li	s0, 0
80000040: 93 04 00 00  	li	s1, 0
80000044: 13 09 00 00  	li	s2, 0
80000048: 93 09 00 00  	li	s3, 0
8000004c: 13 0a 00 00  	li	s4, 0
80000050: 93 0a 00 00  	li	s5, 0
80000054: 13 0b 00 00  	li	s6, 0
80000058: 93 0b 00 00  	li	s7, 0
8000005c: 13 0c 00 00  	li	s8, 0
80000060: 93 0c 00 00  	li	s9, 0
80000064: 13 0d 00 00  	li	s10, 0
80000068: 93 0d 00 00  	li	s11, 0

8000006c <snrt.crt0.init_fp_registers>:
8000006c: f3 22 10 30  	csrr	t0, misa
80000070: 93 f2 82 02  	andi	t0, t0, 40
80000074: 63 82 02 08  	beqz	t0, 0x800000f8 <snrt.crt0.init_global_pointer>
80000078: 53 00 00 d2  	fcvt.d.w	ft0, zero
8000007c: d3 00 00 d2  	fcvt.d.w	ft1, zero
80000080: 53 01 00 d2  	fcvt.d.w	ft2, zero
80000084: d3 01 00 d2  	fcvt.d.w	ft3, zero
80000088: 53 02 00 d2  	fcvt.d.w	ft4, zero
8000008c: d3 02 00 d2  	fcvt.d.w	ft5, zero
80000090: 53 03 00 d2  	fcvt.d.w	ft6, zero
80000094: d3 03 00 d2  	fcvt.d.w	ft7, zero
80000098: 53 04 00 d2  	fcvt.d.w	fs0, zero
8000009c: d3 04 00 d2  	fcvt.d.w	fs1, zero
800000a0: 53 05 00 d2  	fcvt.d.w	fa0, zero
800000a4: d3 05 00 d2  	fcvt.d.w	fa1, zero
800000a8: 53 06 00 d2  	fcvt.d.w	fa2, zero
800000ac: d3 06 00 d2  	fcvt.d.w	fa3, zero
800000b0: 53 07 00 d2  	fcvt.d.w	fa4, zero
800000b4: d3 07 00 d2  	fcvt.d.w	fa5, zero
800000b8: 53 08 00 d2  	fcvt.d.w	fa6, zero
800000bc: d3 08 00 d2  	fcvt.d.w	fa7, zero
800000c0: 53 09 00 d2  	fcvt.d.w	fs2, zero
800000c4: d3 09 00 d2  	fcvt.d.w	fs3, zero
800000c8: 53 0a 00 d2  	fcvt.d.w	fs4, zero
800000cc: d3 0a 00 d2  	fcvt.d.w	fs5, zero
800000d0: 53 0b 00 d2  	fcvt.d.w	fs6, zero
800000d4: d3 0b 00 d2  	fcvt.d.w	fs7, zero
800000d8: 53 0c 00 d2  	fcvt.d.w	fs8, zero
800000dc: d3 0c 00 d2  	fcvt.d.w	fs9, zero
800000e0: 53 0d 00 d2  	fcvt.d.w	fs10, zero
800000e4: d3 0d 00 d2  	fcvt.d.w	fs11, zero
800000e8: 53 0e 00 d2  	fcvt.d.w	ft8, zero
800000ec: d3 0e 00 d2  	fcvt.d.w	ft9, zero
800000f0: 53 0f 00 d2  	fcvt.d.w	ft10, zero
800000f4: d3 0f 00 d2  	fcvt.d.w	ft11, zero

800000f8 <snrt.crt0.init_global_pointer>:
800000f8: 97 31 00 00  	auipc	gp, 3
800000fc: 93 81 81 59  	addi	gp, gp, 1432

80000100 <snrt.crt0.init_core_info>:
80000100: 73 25 40 f1  	csrr	a0, mhartid
80000104: 93 02 00 00  	li	t0, 0
80000108: 33 05 55 40  	sub	a0, a0, t0
8000010c: 93 05 20 00  	li	a1, 2
80000110: b3 42 b5 02  	div	t0, a0, a1
80000114: 33 75 b5 02  	remu	a0, a0, a1
80000118: 37 06 00 10  	lui	a2, 65536
8000011c: 13 03 00 00  	li	t1, 0
80000120: b3 02 53 02  	mul	t0, t1, t0
80000124: 33 06 56 00  	add	a2, a2, t0
80000128: b7 02 02 00  	lui	t0, 32
8000012c: 33 06 56 00  	add	a2, a2, t0

80000130 <snrt.crt0.init_cls>:
80000130: 97 32 00 00  	auipc	t0, 3
80000134: 93 82 02 d6  	addi	t0, t0, -672
80000138: 17 33 00 00  	auipc	t1, 3
8000013c: 13 03 83 d5  	addi	t1, t1, -680
80000140: b3 82 62 40  	sub	t0, t0, t1
80000144: 33 06 56 40  	sub	a2, a2, t0
80000148: 97 32 00 00  	auipc	t0, 3
8000014c: 93 82 82 d5  	addi	t0, t0, -680
80000150: 17 33 00 00  	auipc	t1, 3
80000154: 13 03 03 d4  	addi	t1, t1, -704
80000158: b3 82 62 40  	sub	t0, t0, t1
8000015c: 33 06 56 40  	sub	a2, a2, t0

80000160 <snrt.crt0.init_stack>:
80000160: 13 06 86 ff  	addi	a2, a2, -8
80000164: 23 20 06 00  	sw	zero, 0(a2)
80000168: 93 12 a5 00  	slli	t0, a0, 10
8000016c: 33 01 56 40  	sub	sp, a2, t0
80000170: 33 93 75 00  	sll	t1, a1, t2
80000174: 33 06 66 40  	sub	a2, a2, t1
80000178: 93 12 35 00  	slli	t0, a0, 3
8000017c: 13 93 35 00  	slli	t1, a1, 3
80000180: 33 01 51 40  	sub	sp, sp, t0
80000184: 33 06 66 40  	sub	a2, a2, t1

80000188 <snrt.crt0.init_tls>:
80000188: 97 32 00 00  	auipc	t0, 3
8000018c: 93 82 02 d0  	addi	t0, t0, -768
80000190: 17 33 00 00  	auipc	t1, 3
80000194: 13 03 83 cf  	addi	t1, t1, -776
80000198: b3 82 62 40  	sub	t0, t0, t1
8000019c: 33 01 51 40  	sub	sp, sp, t0
800001a0: 97 32 00 00  	auipc	t0, 3
800001a4: 93 82 02 cf  	addi	t0, t0, -784
800001a8: 17 33 00 00  	auipc	t1, 3
800001ac: 13 03 03 ce  	addi	t1, t1, -800
800001b0: b3 82 62 40  	sub	t0, t0, t1
800001b4: 33 01 51 40  	sub	sp, sp, t0
800001b8: 13 71 81 ff  	andi	sp, sp, -8
800001bc: 13 02 01 00  	mv	tp, sp
800001c0: 13 71 81 ff  	andi	sp, sp, -8

800001c4 <snrt.crt0.main>:
800001c4: ef 20 00 40  	jal	0x800025c4 <snrt_main>

800001c8 <snrt.crt0.end>:
800001c8: 73 00 50 10  	wfi
800001cc: 6f f0 df ff  	j	0x800001c8 <snrt.crt0.end>

800001d0 <gen_csr0_config>:
800001d0: 93 96 86 01  	slli	a3, a3, 24
800001d4: 13 16 06 01  	slli	a2, a2, 16
800001d8: 33 e6 c6 00  	or	a2, a3, a2
800001dc: 93 95 85 00  	slli	a1, a1, 8
800001e0: 33 e5 a5 00  	or	a0, a1, a0
800001e4: 33 65 a6 00  	or	a0, a2, a0
800001e8: 67 80 00 00  	ret

800001ec <gen_csr1_config>:
800001ec: 93 95 85 00  	slli	a1, a1, 8
800001f0: 33 e5 a5 00  	or	a0, a1, a0
800001f4: 67 80 00 00  	ret

800001f8 <gen_csr2_config>:
800001f8: 67 80 00 00  	ret

800001fc <set_streamer_simd_csr>:
800001fc: 73 10 05 3c  	csrw	pmpaddr16, a0
80000200: 73 90 15 3c  	csrw	pmpaddr17, a1
80000204: 73 10 26 3c  	csrw	pmpaddr18, a2
80000208: 73 90 36 3c  	csrw	pmpaddr19, a3
8000020c: 73 10 47 3c  	csrw	pmpaddr20, a4
80000210: 73 90 57 3c  	csrw	pmpaddr21, a5
80000214: 73 50 62 3c  	csrwi	pmpaddr22, 4
80000218: 13 05 00 02  	li	a0, 32
8000021c: 73 10 75 3c  	csrw	pmpaddr23, a0
80000220: 73 d0 80 3c  	csrwi	pmpaddr24, 1
80000224: 73 50 94 3c  	csrwi	pmpaddr25, 8
80000228: 83 25 02 00  	lw	a1, 0(tp)
8000022c: 83 a5 c5 00  	lw	a1, 12(a1)
80000230: b3 85 05 01  	add	a1, a1, a6
80000234: 73 90 a5 3c  	csrw	pmpaddr26, a1
80000238: 03 25 02 00  	lw	a0, 0(tp)
8000023c: 03 25 c5 00  	lw	a0, 12(a0)
80000240: 33 05 15 01  	add	a0, a0, a7
80000244: 73 10 b5 3c  	csrw	pmpaddr27, a0
80000248: 67 80 00 00  	ret

8000024c <start_streamer_simd>:
8000024c: 73 d0 c0 3c  	csrwi	pmpaddr28, 1
80000250: 67 80 00 00  	ret

80000254 <set_simd_csr>:
80000254: 73 10 f5 3c  	csrw	pmpaddr31, a0
80000258: 73 90 05 3d  	csrw	pmpaddr32, a1
8000025c: 73 10 16 3d  	csrw	pmpaddr33, a2
80000260: 73 90 26 3d  	csrw	pmpaddr34, a3
80000264: 67 80 00 00  	ret

80000268 <start_simd>:
80000268: 73 d0 30 3d  	csrwi	pmpaddr35, 1
8000026c: 67 80 00 00  	ret

80000270 <wait_streamer_simd>:
80000270: 73 50 30 3d  	csrwi	pmpaddr35, 0
80000274: 73 50 c0 3c  	csrwi	pmpaddr28, 0
80000278: 67 80 00 00  	ret

8000027c <read_simd_streamer_perf_counter>:
8000027c: 73 25 e0 3c  	csrr	a0, pmpaddr30
80000280: 67 80 00 00  	ret

80000284 <read_simd_state>:
80000284: 73 25 40 3d  	csrr	a0, pmpaddr36
80000288: 67 80 00 00  	ret

8000028c <read_simd_perf_counter>:
8000028c: 73 25 50 3d  	csrr	a0, pmpaddr37
80000290: 67 80 00 00  	ret

80000294 <load_simd_test_data>:
80000294: 63 52 b0 08  	blez	a1, 0x80000318 <$x.2+0x28>
80000298: 93 03 05 00  	mv	t2, a0
8000029c: 63 5e a0 06  	blez	a0, 0x80000318 <$x.2+0x28>
800002a0: 13 01 01 ff  	addi	sp, sp, -16
800002a4: 23 26 81 00  	sw	s0, 12(sp)
800002a8: 13 08 07 00  	mv	a6, a4
800002ac: 93 88 06 00  	mv	a7, a3
800002b0: 93 02 06 00  	mv	t0, a2
800002b4: 13 83 05 00  	mv	t1, a1
800002b8: 13 0e 00 00  	li	t3, 0
800002bc: 93 0e 00 00  	li	t4, 0
800002c0: 13 9f 83 00  	slli	t5, t2, 8
800002c4: 93 06 00 00  	li	a3, 0
800002c8: 93 05 00 00  	li	a1, 0
800002cc: 13 07 00 10  	li	a4, 256
800002d0: 93 0f 0e 00  	mv	t6, t3
800002d4: 13 86 07 00  	mv	a2, a5
800002d8: 13 84 03 00  	mv	s0, t2
800002dc: 13 f5 cf ff  	andi	a0, t6, -4
800002e0: 33 05 a8 00  	add	a0, a6, a0

800002e4 <$d.1>:
800002e4: 2b 00 d6 00  	<unknown>
800002e8: 2b 00 b5 02  	<unknown>
800002ec: 2b 05 07 04  	<unknown>

800002f0 <$x.2>:
800002f0: 13 04 f4 ff  	addi	s0, s0, -1
800002f4: 13 06 06 10  	addi	a2, a2, 256
800002f8: b3 8f 5f 00  	add	t6, t6, t0
800002fc: e3 10 04 fe  	bnez	s0, 0x800002dc <load_simd_test_data+0x48>
80000300: 93 8e 1e 00  	addi	t4, t4, 1
80000304: b3 87 e7 01  	add	a5, a5, t5
80000308: 33 0e 1e 01  	add	t3, t3, a7
8000030c: e3 92 6e fc  	bne	t4, t1, 0x800002d0 <load_simd_test_data+0x3c>
80000310: 03 24 c1 00  	lw	s0, 12(sp)
80000314: 13 01 01 01  	addi	sp, sp, 16
80000318: 67 80 00 00  	ret

8000031c <scale_quant_clamp_c_spec>:
8000031c: b3 05 b5 40  	sub	a1, a0, a1
80000320: 93 02 f7 fd  	addi	t0, a4, -33
80000324: 33 95 d5 02  	mulh	a0, a1, a3
80000328: 63 c8 02 00  	bltz	t0, 0x80000338 <scale_quant_clamp_c_spec+0x1c>
8000032c: 33 55 55 40  	sra	a0, a0, t0
80000330: 63 94 08 02  	bnez	a7, 0x80000358 <scale_quant_clamp_c_spec+0x3c>
80000334: 6f 00 c0 02  	j	0x80000360 <scale_quant_clamp_c_spec+0x44>
80000338: b3 85 d5 02  	mul	a1, a1, a3
8000033c: 93 06 f7 ff  	addi	a3, a4, -1
80000340: b3 d5 d5 00  	srl	a1, a1, a3
80000344: 13 15 15 00  	slli	a0, a0, 1
80000348: b3 06 e0 40  	neg	a3, a4
8000034c: 33 15 d5 00  	sll	a0, a0, a3
80000350: 33 e5 a5 00  	or	a0, a1, a0
80000354: 63 86 08 00  	beqz	a7, 0x80000360 <scale_quant_clamp_c_spec+0x44>
80000358: 63 42 05 02  	bltz	a0, 0x8000037c <scale_quant_clamp_c_spec+0x60>
8000035c: 13 05 15 00  	addi	a0, a0, 1
80000360: 13 55 15 40  	srai	a0, a0, 1
80000364: 33 06 c5 00  	add	a2, a0, a2
80000368: 63 52 f6 02  	bge	a2, a5, 0x8000038c <scale_quant_clamp_c_spec+0x70>
8000036c: 63 54 c8 02  	bge	a6, a2, 0x80000394 <scale_quant_clamp_c_spec+0x78>
80000370: 13 15 86 01  	slli	a0, a2, 24
80000374: 13 55 85 41  	srai	a0, a0, 24
80000378: 67 80 00 00  	ret
8000037c: 13 05 f5 ff  	addi	a0, a0, -1
80000380: 13 55 15 40  	srai	a0, a0, 1
80000384: 33 06 c5 00  	add	a2, a0, a2
80000388: e3 42 f6 fe  	blt	a2, a5, 0x8000036c <scale_quant_clamp_c_spec+0x50>
8000038c: 13 86 07 00  	mv	a2, a5
80000390: e3 40 f8 fe  	blt	a6, a5, 0x80000370 <scale_quant_clamp_c_spec+0x54>
80000394: 13 15 88 01  	slli	a0, a6, 24
80000398: 13 55 85 41  	srai	a0, a0, 24
8000039c: 67 80 00 00  	ret

800003a0 <check_simd_result>:
800003a0: 63 58 b0 0a  	blez	a1, 0x80000450 <check_simd_result+0xb0>
800003a4: 63 56 a0 0a  	blez	a0, 0x80000450 <check_simd_result+0xb0>
800003a8: 13 01 01 ff  	addi	sp, sp, -16
800003ac: 23 26 81 00  	sw	s0, 12(sp)
800003b0: 23 24 91 00  	sw	s1, 8(sp)
800003b4: 23 22 21 01  	sw	s2, 4(sp)
800003b8: 23 20 31 01  	sw	s3, 0(sp)
800003bc: 93 08 00 00  	li	a7, 0
800003c0: 13 08 00 00  	li	a6, 0
800003c4: 93 12 65 00  	slli	t0, a0, 6
800003c8: 13 83 07 00  	mv	t1, a5
800003cc: 93 03 00 00  	li	t2, 0
800003d0: 33 8e 12 03  	mul	t3, t0, a7
800003d4: 13 0e 0e 04  	addi	t3, t3, 64
800003d8: 93 0e 07 00  	mv	t4, a4
800003dc: 13 0f 03 00  	mv	t5, t1
800003e0: 93 9f 63 00  	slli	t6, t2, 6
800003e4: b3 0f fe 01  	add	t6, t3, t6
800003e8: b3 8f f7 01  	add	t6, a5, t6
800003ec: 13 84 0e 00  	mv	s0, t4
800003f0: 93 04 0f 00  	mv	s1, t5
800003f4: 03 49 04 00  	lbu	s2, 0(s0)
800003f8: 83 c9 04 00  	lbu	s3, 0(s1)
800003fc: 33 49 39 01  	xor	s2, s2, s3
80000400: 33 39 20 01  	snez	s2, s2
80000404: 33 08 28 01  	add	a6, a6, s2
80000408: 93 84 14 00  	addi	s1, s1, 1
8000040c: 13 04 14 00  	addi	s0, s0, 1
80000410: e3 92 f4 ff  	bne	s1, t6, 0x800003f4 <check_simd_result+0x54>
80000414: 93 83 13 00  	addi	t2, t2, 1
80000418: 13 0f 0f 04  	addi	t5, t5, 64
8000041c: b3 8e ce 00  	add	t4, t4, a2
80000420: e3 90 a3 fc  	bne	t2, a0, 0x800003e0 <check_simd_result+0x40>
80000424: 93 88 18 00  	addi	a7, a7, 1
80000428: 33 03 53 00  	add	t1, t1, t0
8000042c: 33 07 d7 00  	add	a4, a4, a3
80000430: e3 9e b8 f8  	bne	a7, a1, 0x800003cc <check_simd_result+0x2c>
80000434: 03 24 c1 00  	lw	s0, 12(sp)
80000438: 83 24 81 00  	lw	s1, 8(sp)
8000043c: 03 29 41 00  	lw	s2, 4(sp)
80000440: 83 29 01 00  	lw	s3, 0(sp)
80000444: 13 01 01 01  	addi	sp, sp, 16
80000448: 13 05 08 00  	mv	a0, a6
8000044c: 67 80 00 00  	ret
80000450: 13 05 00 00  	li	a0, 0
80000454: 67 80 00 00  	ret

80000458 <snrt_l1_next>:
80000458: 03 25 02 00  	lw	a0, 0(tp)
8000045c: 03 25 c5 00  	lw	a0, 12(a0)
80000460: 67 80 00 00  	ret

80000464 <snrt_l3_next>:
80000464: 17 35 00 00  	auipc	a0, 3
80000468: 03 25 45 73  	lw	a0, 1844(a0)
8000046c: 67 80 00 00  	ret

80000470 <snrt_l1alloc>:
80000470: 03 26 02 00  	lw	a2, 0(tp)
80000474: 83 25 c6 00  	lw	a1, 12(a2)
80000478: 13 05 75 00  	addi	a0, a0, 7
8000047c: 13 75 85 ff  	andi	a0, a0, -8
80000480: 33 85 a5 00  	add	a0, a1, a0
80000484: 23 26 a6 00  	sw	a0, 12(a2)
80000488: 13 85 05 00  	mv	a0, a1
8000048c: 67 80 00 00  	ret

80000490 <snrt_l3alloc>:
80000490: 17 36 00 00  	auipc	a2, 3
80000494: 83 25 86 70  	lw	a1, 1800(a2)
80000498: 33 85 a5 00  	add	a0, a1, a0
8000049c: 23 24 a6 70  	sw	a0, 1800(a2)
800004a0: 13 85 05 00  	mv	a0, a1
800004a4: 67 80 00 00  	ret

800004a8 <snrt_l1_update_next>:
800004a8: 83 25 02 00  	lw	a1, 0(tp)
800004ac: 23 a6 a5 00  	sw	a0, 12(a1)
800004b0: 67 80 00 00  	ret

800004b4 <snrt_alloc_init>:
800004b4: 73 25 30 bc  	csrr	a0, 3011
800004b8: 93 15 05 01  	slli	a1, a0, 16
800004bc: 93 d5 05 01  	srli	a1, a1, 16
800004c0: 13 55 05 01  	srli	a0, a0, 16
800004c4: 13 05 f5 ff  	addi	a0, a0, -1
800004c8: 63 ee a5 02  	bltu	a1, a0, 0x80000504 <snrt_alloc_init+0x50>
800004cc: 03 25 02 00  	lw	a0, 0(tp)
800004d0: b7 05 00 10  	lui	a1, 65536
800004d4: 23 22 b5 00  	sw	a1, 4(a0)
800004d8: 37 06 02 00  	lui	a2, 32
800004dc: 23 24 c5 00  	sw	a2, 8(a0)
800004e0: 23 26 b5 00  	sw	a1, 12(a0)
800004e4: 17 45 00 00  	auipc	a0, 4
800004e8: 13 05 f5 ab  	addi	a0, a0, -1345
800004ec: 13 75 85 ff  	andi	a0, a0, -8
800004f0: 97 35 00 00  	auipc	a1, 3
800004f4: 93 85 05 6a  	addi	a1, a1, 1696
800004f8: 23 a0 a5 00  	sw	a0, 0(a1)
800004fc: 23 a2 05 00  	sw	zero, 4(a1)
80000500: 23 a4 a5 00  	sw	a0, 8(a1)
80000504: 67 80 00 00  	ret

80000508 <snrt_int_cluster_set>:
80000508: b7 05 02 10  	lui	a1, 65568
8000050c: 23 a0 a5 18  	sw	a0, 384(a1)
80000510: 67 80 00 00  	ret

80000514 <snrt_int_cluster_clr>:
80000514: b7 05 02 10  	lui	a1, 65568
80000518: 23 a4 a5 18  	sw	a0, 392(a1)
8000051c: 67 80 00 00  	ret

80000520 <snrt_int_clr_mcip>:
80000520: 73 25 30 bc  	csrr	a0, 3011
80000524: 93 05 10 00  	li	a1, 1
80000528: 33 95 a5 00  	sll	a0, a1, a0
8000052c: b7 05 02 10  	lui	a1, 65568
80000530: 23 a4 a5 18  	sw	a0, 392(a1)
80000534: 73 25 40 34  	csrr	a0, mip
80000538: 13 15 c5 00  	slli	a0, a0, 12
8000053c: e3 4c 05 fe  	bltz	a0, 0x80000534 <snrt_int_clr_mcip+0x14>
80000540: 67 80 00 00  	ret

80000544 <snrt_int_set_mcip>:
80000544: 73 25 30 bc  	csrr	a0, 3011
80000548: 93 05 10 00  	li	a1, 1
8000054c: 33 95 a5 00  	sll	a0, a1, a0
80000550: b7 05 02 10  	lui	a1, 65568
80000554: 23 a0 a5 18  	sw	a0, 384(a1)
80000558: 67 80 00 00  	ret

8000055c <snrt_dma_start_1d_wideptr>:
8000055c: 63 0a 07 00  	beqz	a4, 0x80000570 <snrt_dma_start_1d_wideptr+0x14>
80000560: 2b 00 d6 00  	<unknown>
80000564: 2b 00 b5 02  	<unknown>
80000568: 2b 05 07 04  	<unknown>
8000056c: 67 80 00 00  	ret
80000570: 13 05 f0 ff  	li	a0, -1
80000574: 67 80 00 00  	ret

80000578 <snrt_dma_start_1d>:
80000578: 63 02 06 02  	beqz	a2, 0x8000059c <snrt_dma_start_1d+0x24>
8000057c: 13 07 06 00  	mv	a4, a2
80000580: 93 06 00 00  	li	a3, 0
80000584: 13 86 05 00  	mv	a2, a1
80000588: 2b 00 d6 00  	<unknown>
8000058c: 93 05 00 00  	li	a1, 0
80000590: 2b 00 b5 02  	<unknown>
80000594: 2b 05 07 04  	<unknown>
80000598: 67 80 00 00  	ret
8000059c: 13 05 f0 ff  	li	a0, -1
800005a0: 67 80 00 00  	ret

800005a4 <snrt_dma_start_2d_wideptr>:
800005a4: 63 0e 07 00  	beqz	a4, 0x800005c0 <snrt_dma_start_2d_wideptr+0x1c>
800005a8: 2b 00 d6 00  	<unknown>
800005ac: 2b 00 b5 02  	<unknown>
800005b0: 2b 00 f8 0c  	<unknown>
800005b4: 2b 80 08 0e  	<unknown>
800005b8: 2b 05 27 04  	<unknown>
800005bc: 67 80 00 00  	ret
800005c0: 13 05 f0 ff  	li	a0, -1
800005c4: 67 80 00 00  	ret

800005c8 <snrt_dma_start_2d>:
800005c8: 63 0c 06 02  	beqz	a2, 0x80000600 <snrt_dma_start_2d+0x38>
800005cc: 93 88 07 00  	mv	a7, a5
800005d0: 13 08 07 00  	mv	a6, a4
800005d4: 93 87 06 00  	mv	a5, a3
800005d8: 13 07 06 00  	mv	a4, a2
800005dc: 93 06 00 00  	li	a3, 0
800005e0: 13 86 05 00  	mv	a2, a1
800005e4: 2b 00 d6 00  	<unknown>
800005e8: 93 05 00 00  	li	a1, 0
800005ec: 2b 00 b5 02  	<unknown>
800005f0: 2b 00 f8 0c  	<unknown>
800005f4: 2b 80 08 0e  	<unknown>
800005f8: 2b 05 27 04  	<unknown>
800005fc: 67 80 00 00  	ret
80000600: 13 05 f0 ff  	li	a0, -1
80000604: 67 80 00 00  	ret

80000608 <snrt_dma_wait>:
80000608: ab 02 00 08  	<unknown>
8000060c: b3 82 a2 40  	sub	t0, t0, a0
80000610: e3 5c 50 fe  	blez	t0, 0x80000608 <snrt_dma_wait>
80000614: 67 80 00 00  	ret

80000618 <snrt_dma_wait_all>:
80000618: ab 02 20 08  	<unknown>
8000061c: e3 9e 02 fe  	bnez	t0, 0x80000618 <snrt_dma_wait_all>
80000620: 67 80 00 00  	ret

80000624 <eu_init>:
80000624: 73 25 30 bc  	csrr	a0, 3011
80000628: 13 15 05 01  	slli	a0, a0, 16
8000062c: 63 0e 05 00  	beqz	a0, 0x80000648 <eu_init+0x24>
80000630: 17 35 00 00  	auipc	a0, 3
80000634: 83 25 45 54  	lw	a1, 1348(a0)
80000638: e3 8e 05 fe  	beqz	a1, 0x80000634 <eu_init+0x10>
8000063c: 03 25 45 54  	lw	a0, 1348(a0)
80000640: 23 22 a2 00  	sw	a0, 4(tp)
80000644: 67 80 00 00  	ret
80000648: 03 25 02 00  	lw	a0, 0(tp)
8000064c: 83 25 c5 00  	lw	a1, 12(a0)
80000650: 13 86 85 02  	addi	a2, a1, 40
80000654: 23 26 c5 00  	sw	a2, 12(a0)
80000658: 23 22 b2 00  	sw	a1, 4(tp)
8000065c: 23 80 05 00  	sb	zero, 0(a1)
80000660: a3 80 05 00  	sb	zero, 1(a1)
80000664: 23 81 05 00  	sb	zero, 2(a1)
80000668: a3 81 05 00  	sb	zero, 3(a1)
8000066c: 23 82 05 00  	sb	zero, 4(a1)
80000670: a3 82 05 00  	sb	zero, 5(a1)
80000674: 23 83 05 00  	sb	zero, 6(a1)
80000678: a3 83 05 00  	sb	zero, 7(a1)
8000067c: 23 84 05 00  	sb	zero, 8(a1)
80000680: a3 84 05 00  	sb	zero, 9(a1)
80000684: 23 85 05 00  	sb	zero, 10(a1)
80000688: a3 85 05 00  	sb	zero, 11(a1)
8000068c: 23 86 05 00  	sb	zero, 12(a1)
80000690: a3 86 05 00  	sb	zero, 13(a1)
80000694: 23 87 05 00  	sb	zero, 14(a1)
80000698: a3 87 05 00  	sb	zero, 15(a1)
8000069c: 23 88 05 00  	sb	zero, 16(a1)
800006a0: a3 88 05 00  	sb	zero, 17(a1)
800006a4: 23 89 05 00  	sb	zero, 18(a1)
800006a8: a3 89 05 00  	sb	zero, 19(a1)
800006ac: 23 8a 05 00  	sb	zero, 20(a1)
800006b0: a3 8a 05 00  	sb	zero, 21(a1)
800006b4: 23 8b 05 00  	sb	zero, 22(a1)
800006b8: a3 8b 05 00  	sb	zero, 23(a1)
800006bc: 23 8c 05 00  	sb	zero, 24(a1)
800006c0: a3 8c 05 00  	sb	zero, 25(a1)
800006c4: 23 8d 05 00  	sb	zero, 26(a1)
800006c8: a3 8d 05 00  	sb	zero, 27(a1)
800006cc: 23 8e 05 00  	sb	zero, 28(a1)
800006d0: a3 8e 05 00  	sb	zero, 29(a1)
800006d4: 23 8f 05 00  	sb	zero, 30(a1)
800006d8: a3 8f 05 00  	sb	zero, 31(a1)
800006dc: 23 80 05 02  	sb	zero, 32(a1)
800006e0: a3 80 05 02  	sb	zero, 33(a1)
800006e4: 23 81 05 02  	sb	zero, 34(a1)
800006e8: a3 81 05 02  	sb	zero, 35(a1)
800006ec: 03 25 42 00  	lw	a0, 4(tp)
800006f0: 97 35 00 00  	auipc	a1, 3
800006f4: 23 a2 a5 48  	sw	a0, 1156(a1)
800006f8: 67 80 00 00  	ret

800006fc <eu_exit>:
800006fc: 13 01 01 ff  	addi	sp, sp, -16
80000700: 23 26 11 00  	sw	ra, 12(sp)
80000704: 23 24 81 00  	sw	s0, 8(sp)
80000708: 23 22 91 00  	sw	s1, 4(sp)
8000070c: 23 20 21 01  	sw	s2, 0(sp)
80000710: 83 25 42 00  	lw	a1, 4(tp)
80000714: 83 a6 c5 01  	lw	a3, 28(a1)
80000718: 37 04 00 80  	lui	s0, 524288
8000071c: 13 04 e4 ff  	addi	s0, s0, -2
80000720: 63 9a 06 08  	bnez	a3, 0x800007b4 <eu_exit+0xb8>
80000724: 83 a4 c5 01  	lw	s1, 28(a1)
80000728: 63 86 04 08  	beqz	s1, 0x800007b4 <eu_exit+0xb8>
8000072c: 93 06 10 00  	li	a3, 1
80000730: 23 a0 05 02  	sw	zero, 32(a1)
80000734: 63 9c d4 00  	bne	s1, a3, 0x8000074c <eu_exit+0x50>
80000738: 83 a6 c5 01  	lw	a3, 28(a1)
8000073c: 63 64 d5 04  	bltu	a0, a3, 0x80000784 <eu_exit+0x88>
80000740: 13 05 10 00  	li	a0, 1
80000744: 63 90 a4 06  	bne	s1, a0, 0x800007a4 <eu_exit+0xa8>
80000748: 6f 00 80 06  	j	0x800007b0 <eu_exit+0xb4>
8000074c: 83 a6 05 00  	lw	a3, 0(a1)
80000750: 03 a7 c5 00  	lw	a4, 12(a1)
80000754: e3 1e d7 fe  	bne	a4, a3, 0x80000750 <eu_exit+0x54>
80000758: f3 26 30 bc  	csrr	a3, 3011
8000075c: 93 d6 06 01  	srli	a3, a3, 16
80000760: 93 86 f6 ff  	addi	a3, a3, -1
80000764: 13 07 f0 ff  	li	a4, -1
80000768: b3 16 d7 00  	sll	a3, a4, a3
8000076c: 93 c6 f6 ff  	not	a3, a3
80000770: b3 f6 86 00  	and	a3, a3, s0
80000774: 37 07 02 10  	lui	a4, 65568
80000778: 23 20 d7 18  	sw	a3, 384(a4)
8000077c: 83 a6 c5 01  	lw	a3, 28(a1)
80000780: e3 70 d5 fc  	bgeu	a0, a3, 0x80000740 <eu_exit+0x44>
80000784: 83 a6 05 01  	lw	a3, 16(a1)
80000788: 03 a5 45 01  	lw	a0, 20(a1)
8000078c: 83 a5 85 01  	lw	a1, 24(a1)
80000790: 13 09 42 00  	addi	s2, tp, 4
80000794: e7 80 06 00  	jalr	a3
80000798: 83 25 09 00  	lw	a1, 0(s2)
8000079c: 13 05 10 00  	li	a0, 1
800007a0: 63 88 a4 00  	beq	s1, a0, 0x800007b0 <eu_exit+0xb4>
800007a4: 03 a5 05 00  	lw	a0, 0(a1)
800007a8: 03 a6 05 02  	lw	a2, 32(a1)
800007ac: e3 1e a6 fe  	bne	a2, a0, 0x800007a8 <eu_exit+0xac>
800007b0: 23 ae 05 00  	sw	zero, 28(a1)
800007b4: 03 a5 05 00  	lw	a0, 0(a1)
800007b8: 03 a6 c5 00  	lw	a2, 12(a1)
800007bc: e3 1e a6 fe  	bne	a2, a0, 0x800007b8 <eu_exit+0xbc>
800007c0: 13 05 10 00  	li	a0, 1
800007c4: 23 a2 a5 00  	sw	a0, 4(a1)
800007c8: 03 a5 05 00  	lw	a0, 0(a1)
800007cc: 03 a6 c5 00  	lw	a2, 12(a1)
800007d0: e3 1e a6 fe  	bne	a2, a0, 0x800007cc <eu_exit+0xd0>
800007d4: 73 25 30 bc  	csrr	a0, 3011
800007d8: 13 55 05 01  	srli	a0, a0, 16
800007dc: 13 05 f5 ff  	addi	a0, a0, -1
800007e0: 93 05 f0 ff  	li	a1, -1
800007e4: 33 95 a5 00  	sll	a0, a1, a0
800007e8: 13 45 f5 ff  	not	a0, a0
800007ec: 33 75 85 00  	and	a0, a0, s0
800007f0: b7 05 02 10  	lui	a1, 65568
800007f4: 23 a0 a5 18  	sw	a0, 384(a1)
800007f8: 83 20 c1 00  	lw	ra, 12(sp)
800007fc: 03 24 81 00  	lw	s0, 8(sp)
80000800: 83 24 41 00  	lw	s1, 4(sp)
80000804: 03 29 01 00  	lw	s2, 0(sp)
80000808: 13 01 01 01  	addi	sp, sp, 16
8000080c: 67 80 00 00  	ret

80000810 <eu_get_workers_in_loop>:
80000810: 03 25 42 00  	lw	a0, 4(tp)
80000814: 03 25 05 00  	lw	a0, 0(a0)
80000818: 67 80 00 00  	ret

8000081c <eu_get_workers_in_wfi>:
8000081c: 03 25 42 00  	lw	a0, 4(tp)
80000820: 03 25 c5 00  	lw	a0, 12(a0)
80000824: 67 80 00 00  	ret

80000828 <eu_print_status>:
80000828: 67 80 00 00  	ret

8000082c <eu_event_loop>:
8000082c: 13 01 01 fe  	addi	sp, sp, -32
80000830: 23 2e 11 00  	sw	ra, 28(sp)
80000834: 23 2c 81 00  	sw	s0, 24(sp)
80000838: 23 2a 91 00  	sw	s1, 20(sp)
8000083c: 23 28 21 01  	sw	s2, 16(sp)
80000840: 23 26 31 01  	sw	s3, 12(sp)
80000844: 23 24 41 01  	sw	s4, 8(sp)
80000848: 23 22 51 01  	sw	s5, 4(sp)
8000084c: 83 25 42 00  	lw	a1, 4(tp)
80000850: 93 04 10 00  	li	s1, 1
80000854: af a5 95 00  	amoadd.w	a1, s1, (a1)
80000858: b7 05 08 00  	lui	a1, 128
8000085c: f3 a5 45 30  	csrrs	a1, mie, a1
80000860: 83 25 42 00  	lw	a1, 4(tp)
80000864: 83 a6 45 00  	lw	a3, 4(a1)
80000868: 63 88 06 02  	beqz	a3, 0x80000898 <eu_event_loop+0x6c>
8000086c: 37 05 08 00  	lui	a0, 128
80000870: 73 25 45 30  	csrrs	a0, mie, a0
80000874: 83 20 c1 01  	lw	ra, 28(sp)
80000878: 03 24 81 01  	lw	s0, 24(sp)
8000087c: 83 24 41 01  	lw	s1, 20(sp)
80000880: 03 29 01 01  	lw	s2, 16(sp)
80000884: 83 29 c1 00  	lw	s3, 12(sp)
80000888: 03 2a 81 00  	lw	s4, 8(sp)
8000088c: 83 2a 41 00  	lw	s5, 4(sp)
80000890: 13 01 01 02  	addi	sp, sp, 32
80000894: 67 80 00 00  	ret
80000898: 13 04 05 00  	mv	s0, a0
8000089c: 13 09 42 00  	addi	s2, tp, 4
800008a0: b3 99 a4 00  	sll	s3, s1, a0
800008a4: 37 0a 02 10  	lui	s4, 65568
800008a8: 93 0a f0 ff  	li	s5, -1
800008ac: 6f 00 80 03  	j	0x800008e4 <eu_event_loop+0xb8>
800008b0: 13 85 05 02  	addi	a0, a1, 32
800008b4: 2f 25 95 00  	amoadd.w	a0, s1, (a0)
800008b8: 03 25 09 00  	lw	a0, 0(s2)
800008bc: 13 05 c5 00  	addi	a0, a0, 12
800008c0: 2f 25 95 00  	amoadd.w	a0, s1, (a0)
800008c4: 73 00 50 10  	wfi
800008c8: 23 24 3a 19  	sw	s3, 392(s4)
800008cc: 03 25 09 00  	lw	a0, 0(s2)
800008d0: 13 05 c5 00  	addi	a0, a0, 12
800008d4: 2f 25 55 01  	amoadd.w	a0, s5, (a0)
800008d8: 83 25 09 00  	lw	a1, 0(s2)
800008dc: 03 a5 45 00  	lw	a0, 4(a1)
800008e0: e3 16 05 f8  	bnez	a0, 0x8000086c <eu_event_loop+0x40>
800008e4: 03 a5 c5 01  	lw	a0, 28(a1)
800008e8: e3 74 a4 fc  	bgeu	s0, a0, 0x800008b0 <eu_event_loop+0x84>
800008ec: 03 a5 c5 01  	lw	a0, 28(a1)
800008f0: 03 a6 05 01  	lw	a2, 16(a1)
800008f4: 03 a5 45 01  	lw	a0, 20(a1)
800008f8: 83 a5 85 01  	lw	a1, 24(a1)
800008fc: e7 00 06 00  	jalr	a2
80000900: 83 25 09 00  	lw	a1, 0(s2)
80000904: 6f f0 df fa  	j	0x800008b0 <eu_event_loop+0x84>

80000908 <eu_dispatch_push>:
80000908: 03 27 42 00  	lw	a4, 4(tp)
8000090c: 03 28 07 00  	lw	a6, 0(a4)
80000910: 93 07 42 00  	addi	a5, tp, 4
80000914: 83 28 c7 00  	lw	a7, 12(a4)
80000918: e3 9e 08 ff  	bne	a7, a6, 0x80000914 <eu_dispatch_push+0xc>
8000091c: 23 28 a7 00  	sw	a0, 16(a4)
80000920: 03 a5 07 00  	lw	a0, 0(a5)
80000924: 23 2a c5 00  	sw	a2, 20(a0)
80000928: 03 a5 07 00  	lw	a0, 0(a5)
8000092c: 23 2c b5 00  	sw	a1, 24(a0)
80000930: 23 2e d5 00  	sw	a3, 28(a0)
80000934: 13 05 00 00  	li	a0, 0
80000938: 67 80 00 00  	ret

8000093c <eu_run_empty>:
8000093c: 13 01 01 ff  	addi	sp, sp, -16
80000940: 23 26 11 00  	sw	ra, 12(sp)
80000944: 23 24 81 00  	sw	s0, 8(sp)
80000948: 23 22 91 00  	sw	s1, 4(sp)
8000094c: 83 25 42 00  	lw	a1, 4(tp)
80000950: 03 a4 c5 01  	lw	s0, 28(a1)
80000954: 63 06 04 08  	beqz	s0, 0x800009e0 <eu_run_empty+0xa4>
80000958: 93 06 10 00  	li	a3, 1
8000095c: 23 a0 05 02  	sw	zero, 32(a1)
80000960: 63 1c d4 00  	bne	s0, a3, 0x80000978 <eu_run_empty+0x3c>
80000964: 83 a6 c5 01  	lw	a3, 28(a1)
80000968: 63 64 d5 04  	bltu	a0, a3, 0x800009b0 <eu_run_empty+0x74>
8000096c: 13 05 10 00  	li	a0, 1
80000970: 63 10 a4 06  	bne	s0, a0, 0x800009d0 <eu_run_empty+0x94>
80000974: 6f 00 80 06  	j	0x800009dc <eu_run_empty+0xa0>
80000978: 83 a6 05 00  	lw	a3, 0(a1)
8000097c: 03 a7 c5 00  	lw	a4, 12(a1)
80000980: e3 1e d7 fe  	bne	a4, a3, 0x8000097c <eu_run_empty+0x40>
80000984: f3 26 30 bc  	csrr	a3, 3011
80000988: 93 d6 06 01  	srli	a3, a3, 16
8000098c: 93 86 f6 ff  	addi	a3, a3, -1
80000990: 13 07 f0 ff  	li	a4, -1
80000994: b3 16 d7 00  	sll	a3, a4, a3
80000998: 93 c6 f6 ff  	not	a3, a3
8000099c: 93 f6 e6 ff  	andi	a3, a3, -2
800009a0: 37 07 02 10  	lui	a4, 65568
800009a4: 23 20 d7 18  	sw	a3, 384(a4)
800009a8: 83 a6 c5 01  	lw	a3, 28(a1)
800009ac: e3 70 d5 fc  	bgeu	a0, a3, 0x8000096c <eu_run_empty+0x30>
800009b0: 83 a6 05 01  	lw	a3, 16(a1)
800009b4: 03 a5 45 01  	lw	a0, 20(a1)
800009b8: 83 a5 85 01  	lw	a1, 24(a1)
800009bc: 93 04 42 00  	addi	s1, tp, 4
800009c0: e7 80 06 00  	jalr	a3
800009c4: 83 a5 04 00  	lw	a1, 0(s1)
800009c8: 13 05 10 00  	li	a0, 1
800009cc: 63 08 a4 00  	beq	s0, a0, 0x800009dc <eu_run_empty+0xa0>
800009d0: 03 a5 05 00  	lw	a0, 0(a1)
800009d4: 03 a6 05 02  	lw	a2, 32(a1)
800009d8: e3 1e a6 fe  	bne	a2, a0, 0x800009d4 <eu_run_empty+0x98>
800009dc: 23 ae 05 00  	sw	zero, 28(a1)
800009e0: 83 20 c1 00  	lw	ra, 12(sp)
800009e4: 03 24 81 00  	lw	s0, 8(sp)
800009e8: 83 24 41 00  	lw	s1, 4(sp)
800009ec: 13 01 01 01  	addi	sp, sp, 16
800009f0: 67 80 00 00  	ret

800009f4 <eu_mutex_lock>:
800009f4: 03 25 42 00  	lw	a0, 4(tp)
800009f8: 13 05 85 00  	addi	a0, a0, 8
800009fc: 93 02 10 00  	li	t0, 1
80000a00: af 22 55 0c  	amoswap.w.aq	t0, t0, (a0)
80000a04: e3 9e 02 fe  	bnez	t0, 0x80000a00 <eu_mutex_lock+0xc>
80000a08: 67 80 00 00  	ret

80000a0c <eu_mutex_release>:
80000a0c: 03 25 42 00  	lw	a0, 4(tp)
80000a10: 13 05 85 00  	addi	a0, a0, 8
80000a14: 2f 20 05 0a  	amoswap.w.rl	zero, zero, (a0)
80000a18: 67 80 00 00  	ret

80000a1c <snrt_mutex>:
80000a1c: 17 35 00 00  	auipc	a0, 3
80000a20: 13 05 c5 15  	addi	a0, a0, 348
80000a24: 67 80 00 00  	ret

80000a28 <snrt_mutex_acquire>:
80000a28: 93 02 10 00  	li	t0, 1
80000a2c: af 22 55 0c  	amoswap.w.aq	t0, t0, (a0)
80000a30: e3 9e 02 fe  	bnez	t0, 0x80000a2c <snrt_mutex_acquire+0x4>
80000a34: 67 80 00 00  	ret

80000a38 <snrt_mutex_ttas_acquire>:
80000a38: 83 22 05 00  	lw	t0, 0(a0)
80000a3c: e3 9e 02 fe  	bnez	t0, 0x80000a38 <snrt_mutex_ttas_acquire>
80000a40: 93 02 10 00  	li	t0, 1
80000a44: af 22 55 0c  	amoswap.w.aq	t0, t0, (a0)
80000a48: e3 9e 02 fe  	bnez	t0, 0x80000a44 <snrt_mutex_ttas_acquire+0xc>
80000a4c: 67 80 00 00  	ret

80000a50 <snrt_mutex_release>:
80000a50: 2f 20 05 0a  	amoswap.w.rl	zero, zero, (a0)
80000a54: 67 80 00 00  	ret

80000a58 <snrt_cluster_hw_barrier>:
80000a58: 73 20 20 7c  	csrr	zero, 1986
80000a5c: 67 80 00 00  	ret

80000a60 <snrt_global_barrier>:
80000a60: 73 20 20 7c  	csrr	zero, 1986
80000a64: 73 25 30 bc  	csrr	a0, 3011
80000a68: 93 15 05 01  	slli	a1, a0, 16
80000a6c: 93 d5 05 01  	srli	a1, a1, 16
80000a70: 13 55 05 01  	srli	a0, a0, 16
80000a74: 13 05 f5 ff  	addi	a0, a0, -1
80000a78: 63 e2 a5 02  	bltu	a1, a0, 0x80000a9c <snrt_global_barrier+0x3c>
80000a7c: 17 35 00 00  	auipc	a0, 3
80000a80: 13 05 05 10  	addi	a0, a0, 256
80000a84: 83 25 45 00  	lw	a1, 4(a0)
80000a88: 13 06 10 00  	li	a2, 1
80000a8c: af 26 c5 00  	amoadd.w	a3, a2, (a0)
80000a90: 63 8a 06 00  	beqz	a3, 0x80000aa4 <snrt_global_barrier+0x44>
80000a94: 03 26 45 00  	lw	a2, 4(a0)
80000a98: e3 8e c5 fe  	beq	a1, a2, 0x80000a94 <snrt_global_barrier+0x34>
80000a9c: 73 20 20 7c  	csrr	zero, 1986
80000aa0: 67 80 00 00  	ret
80000aa4: 23 20 05 00  	sw	zero, 0(a0)
80000aa8: 13 05 45 00  	addi	a0, a0, 4
80000aac: 2f 25 c5 00  	amoadd.w	a0, a2, (a0)
80000ab0: 73 20 20 7c  	csrr	zero, 1986
80000ab4: 67 80 00 00  	ret

80000ab8 <snrt_partial_barrier>:
80000ab8: 03 26 45 00  	lw	a2, 4(a0)
80000abc: 93 06 10 00  	li	a3, 1
80000ac0: 2f 27 d5 00  	amoadd.w	a4, a3, (a0)
80000ac4: 13 07 17 00  	addi	a4, a4, 1
80000ac8: 63 1a b7 00  	bne	a4, a1, 0x80000adc <snrt_partial_barrier+0x24>
80000acc: 23 20 05 00  	sw	zero, 0(a0)
80000ad0: 13 05 45 00  	addi	a0, a0, 4
80000ad4: 2f 25 d5 00  	amoadd.w	a0, a3, (a0)
80000ad8: 67 80 00 00  	ret
80000adc: 83 25 45 00  	lw	a1, 4(a0)
80000ae0: e3 0e b6 fe  	beq	a2, a1, 0x80000adc <snrt_partial_barrier+0x24>
80000ae4: 67 80 00 00  	ret

80000ae8 <snrt_global_reduction_dma>:
80000ae8: f3 26 30 bc  	csrr	a3, 3011
80000aec: 13 97 06 01  	slli	a4, a3, 16
80000af0: 13 57 07 01  	srli	a4, a4, 16
80000af4: 93 d6 06 01  	srli	a3, a3, 16
80000af8: 93 86 f6 ff  	addi	a3, a3, -1
80000afc: 63 66 d7 02  	bltu	a4, a3, 0x80000b28 <snrt_global_reduction_dma+0x40>
80000b00: 13 17 36 00  	slli	a4, a2, 3
80000b04: 63 0e 07 00  	beqz	a4, 0x80000b20 <snrt_global_reduction_dma+0x38>
80000b08: 93 06 00 00  	li	a3, 0
80000b0c: 13 86 05 00  	mv	a2, a1
80000b10: 2b 00 d6 00  	<unknown>
80000b14: 93 05 00 00  	li	a1, 0
80000b18: 2b 00 b5 02  	<unknown>
80000b1c: 2b 05 07 04  	<unknown>
80000b20: ab 02 20 08  	<unknown>
80000b24: e3 9e 02 fe  	bnez	t0, 0x80000b20 <snrt_global_reduction_dma+0x38>
80000b28: 73 20 20 7c  	csrr	zero, 1986
80000b2c: 67 80 00 00  	ret

80000b30 <snrt_global_all_to_all_reduction>:
80000b30: 97 35 00 00  	auipc	a1, 3
80000b34: 93 85 45 05  	addi	a1, a1, 84
80000b38: 2f a5 a5 00  	amoadd.w	a0, a0, (a1)
80000b3c: 73 20 20 7c  	csrr	zero, 1986
80000b40: 73 25 30 bc  	csrr	a0, 3011
80000b44: 13 16 05 01  	slli	a2, a0, 16
80000b48: 13 56 06 01  	srli	a2, a2, 16
80000b4c: 13 55 05 01  	srli	a0, a0, 16
80000b50: 13 05 f5 ff  	addi	a0, a0, -1
80000b54: 63 62 a6 02  	bltu	a2, a0, 0x80000b78 <snrt_global_all_to_all_reduction+0x48>
80000b58: 17 35 00 00  	auipc	a0, 3
80000b5c: 13 05 45 02  	addi	a0, a0, 36
80000b60: 03 26 45 00  	lw	a2, 4(a0)
80000b64: 93 06 10 00  	li	a3, 1
80000b68: 2f 27 d5 00  	amoadd.w	a4, a3, (a0)
80000b6c: 63 0c 07 00  	beqz	a4, 0x80000b84 <snrt_global_all_to_all_reduction+0x54>
80000b70: 83 26 45 00  	lw	a3, 4(a0)
80000b74: e3 0e d6 fe  	beq	a2, a3, 0x80000b70 <snrt_global_all_to_all_reduction+0x40>
80000b78: 73 20 20 7c  	csrr	zero, 1986
80000b7c: 03 a5 05 00  	lw	a0, 0(a1)
80000b80: 67 80 00 00  	ret
80000b84: 23 20 05 00  	sw	zero, 0(a0)
80000b88: 13 05 45 00  	addi	a0, a0, 4
80000b8c: 2f 25 d5 00  	amoadd.w	a0, a3, (a0)
80000b90: 73 20 20 7c  	csrr	zero, 1986
80000b94: 03 a5 05 00  	lw	a0, 0(a1)
80000b98: 67 80 00 00  	ret

80000b9c <snrt_hartid>:
80000b9c: 73 25 40 f1  	csrr	a0, mhartid
80000ba0: 67 80 00 00  	ret

80000ba4 <snrt_global_core_base_hartid>:
80000ba4: 13 05 00 00  	li	a0, 0
80000ba8: 67 80 00 00  	ret

80000bac <snrt_global_core_idx>:
80000bac: 73 25 40 f1  	csrr	a0, mhartid
80000bb0: 67 80 00 00  	ret

80000bb4 <snrt_global_core_num>:
80000bb4: 73 25 30 bc  	csrr	a0, 3011
80000bb8: 13 55 05 01  	srli	a0, a0, 16
80000bbc: 67 80 00 00  	ret

80000bc0 <snrt_cluster_idx>:
80000bc0: 73 25 10 bc  	csrr	a0, 3009
80000bc4: 13 15 85 00  	slli	a0, a0, 8
80000bc8: 13 55 a5 01  	srli	a0, a0, 26
80000bcc: 67 80 00 00  	ret

80000bd0 <snrt_cluster_num>:
80000bd0: 13 05 10 00  	li	a0, 1
80000bd4: 67 80 00 00  	ret

80000bd8 <snrt_cluster_core_idx>:
80000bd8: 73 25 30 bc  	csrr	a0, 3011
80000bdc: 13 15 05 01  	slli	a0, a0, 16
80000be0: 13 55 05 01  	srli	a0, a0, 16
80000be4: 67 80 00 00  	ret

80000be8 <snrt_cluster_core_num>:
80000be8: 73 25 30 bc  	csrr	a0, 3011
80000bec: 13 55 05 01  	srli	a0, a0, 16
80000bf0: 67 80 00 00  	ret

80000bf4 <snrt_cluster_compute_core_num>:
80000bf4: 73 25 30 bc  	csrr	a0, 3011
80000bf8: 13 55 05 01  	srli	a0, a0, 16
80000bfc: 13 05 f5 ff  	addi	a0, a0, -1
80000c00: 67 80 00 00  	ret

80000c04 <snrt_is_compute_core>:
80000c04: 73 25 30 bc  	csrr	a0, 3011
80000c08: 93 15 05 01  	slli	a1, a0, 16
80000c0c: 93 d5 05 01  	srli	a1, a1, 16
80000c10: 13 55 05 01  	srli	a0, a0, 16
80000c14: 13 05 f5 ff  	addi	a0, a0, -1
80000c18: 33 b5 a5 00  	sltu	a0, a1, a0
80000c1c: 67 80 00 00  	ret

80000c20 <snrt_is_dm_core>:
80000c20: 73 25 30 bc  	csrr	a0, 3011
80000c24: 93 15 05 01  	slli	a1, a0, 16
80000c28: 93 d5 05 01  	srli	a1, a1, 16
80000c2c: 13 55 05 01  	srli	a0, a0, 16
80000c30: 13 05 f5 ff  	addi	a0, a0, -1
80000c34: 33 b5 a5 00  	sltu	a0, a1, a0
80000c38: 13 45 15 00  	xori	a0, a0, 1
80000c3c: 67 80 00 00  	ret

80000c40 <snrt_cluster_dm_core_num>:
80000c40: 13 05 10 00  	li	a0, 1
80000c44: 67 80 00 00  	ret

80000c48 <printf_>:
80000c48: 13 01 01 fd  	addi	sp, sp, -48
80000c4c: 23 26 11 00  	sw	ra, 12(sp)
80000c50: 93 02 05 00  	mv	t0, a0
80000c54: 23 26 11 03  	sw	a7, 44(sp)
80000c58: 23 24 01 03  	sw	a6, 40(sp)
80000c5c: 23 22 f1 02  	sw	a5, 36(sp)
80000c60: 23 20 e1 02  	sw	a4, 32(sp)
80000c64: 23 2e d1 00  	sw	a3, 28(sp)
80000c68: 23 2c c1 00  	sw	a2, 24(sp)
80000c6c: 23 2a b1 00  	sw	a1, 20(sp)
80000c70: 13 05 41 01  	addi	a0, sp, 20
80000c74: 23 24 a1 00  	sw	a0, 8(sp)
80000c78: 17 15 00 00  	auipc	a0, 1
80000c7c: 13 05 85 83  	addi	a0, a0, -1992
80000c80: 93 05 71 00  	addi	a1, sp, 7
80000c84: 13 06 f0 ff  	li	a2, -1
80000c88: 13 07 41 01  	addi	a4, sp, 20
80000c8c: 93 86 02 00  	mv	a3, t0
80000c90: ef 00 00 01  	jal	0x80000ca0 <_vsnprintf>
80000c94: 83 20 c1 00  	lw	ra, 12(sp)
80000c98: 13 01 01 03  	addi	sp, sp, 48
80000c9c: 67 80 00 00  	ret

80000ca0 <_vsnprintf>:
80000ca0: 13 01 01 fb  	addi	sp, sp, -80
80000ca4: 23 26 11 04  	sw	ra, 76(sp)
80000ca8: 23 24 81 04  	sw	s0, 72(sp)
80000cac: 23 22 91 04  	sw	s1, 68(sp)
80000cb0: 23 20 21 05  	sw	s2, 64(sp)
80000cb4: 23 2e 31 03  	sw	s3, 60(sp)
80000cb8: 23 2c 41 03  	sw	s4, 56(sp)
80000cbc: 23 2a 51 03  	sw	s5, 52(sp)
80000cc0: 23 28 61 03  	sw	s6, 48(sp)
80000cc4: 23 26 71 03  	sw	s7, 44(sp)
80000cc8: 23 24 81 03  	sw	s8, 40(sp)
80000ccc: 23 22 91 03  	sw	s9, 36(sp)
80000cd0: 23 20 a1 03  	sw	s10, 32(sp)
80000cd4: 23 2e b1 01  	sw	s11, 28(sp)
80000cd8: 23 2c e1 00  	sw	a4, 24(sp)
80000cdc: 93 8a 06 00  	mv	s5, a3
80000ce0: 13 04 06 00  	mv	s0, a2
80000ce4: 93 84 05 00  	mv	s1, a1
80000ce8: 63 86 05 00  	beqz	a1, 0x80000cf4 <_vsnprintf+0x54>
80000cec: 13 09 05 00  	mv	s2, a0
80000cf0: 6f 00 c0 00  	j	0x80000cfc <_vsnprintf+0x5c>
80000cf4: 17 15 00 00  	auipc	a0, 1
80000cf8: 13 09 c5 85  	addi	s2, a0, -1956
80000cfc: 13 0a 00 00  	li	s4, 0
80000d00: 93 0b 50 02  	li	s7, 37
80000d04: 13 0c 00 01  	li	s8, 16
80000d08: 93 0c 90 00  	li	s9, 9
80000d0c: 13 0d a0 00  	li	s10, 10
80000d10: 13 05 10 00  	li	a0, 1
80000d14: 13 15 b5 00  	slli	a0, a0, 11
80000d18: 23 2a a1 00  	sw	a0, 20(sp)
80000d1c: 13 8b 2a 00  	addi	s6, s5, 2
80000d20: 03 c5 0a 00  	lbu	a0, 0(s5)
80000d24: 63 08 05 72  	beqz	a0, 0x80001454 <_vsnprintf+0x7b4>
80000d28: 63 08 75 03  	beq	a0, s7, 0x80000d58 <_vsnprintf+0xb8>
80000d2c: 93 09 1a 00  	addi	s3, s4, 1
80000d30: 93 85 04 00  	mv	a1, s1
80000d34: 13 06 0a 00  	mv	a2, s4
80000d38: 93 06 04 00  	mv	a3, s0
80000d3c: e7 00 09 00  	jalr	s2
80000d40: 93 8a 1a 00  	addi	s5, s5, 1
80000d44: 13 0b 1b 00  	addi	s6, s6, 1
80000d48: 13 8a 09 00  	mv	s4, s3
80000d4c: 03 c5 0a 00  	lbu	a0, 0(s5)
80000d50: e3 1c 05 fc  	bnez	a0, 0x80000d28 <_vsnprintf+0x88>
80000d54: 6f 00 00 70  	j	0x80001454 <_vsnprintf+0x7b4>
80000d58: 13 0e 00 00  	li	t3, 0
80000d5c: 6f 00 00 01  	j	0x80000d6c <_vsnprintf+0xcc>
80000d60: 93 05 00 01  	li	a1, 16
80000d64: 33 6e be 00  	or	t3, t3, a1
80000d68: 13 0b 1b 00  	addi	s6, s6, 1
80000d6c: 03 45 fb ff  	lbu	a0, -1(s6)
80000d70: 93 05 05 fe  	addi	a1, a0, -32
80000d74: 63 6c bc 02  	bltu	s8, a1, 0x80000dac <_vsnprintf+0x10c>
80000d78: 93 95 25 00  	slli	a1, a1, 2
80000d7c: 17 26 00 00  	auipc	a2, 2
80000d80: 13 06 c6 e7  	addi	a2, a2, -388
80000d84: b3 85 c5 00  	add	a1, a1, a2
80000d88: 03 a6 05 00  	lw	a2, 0(a1)
80000d8c: 93 05 10 00  	li	a1, 1
80000d90: 67 00 06 00  	jr	a2
80000d94: 93 05 80 00  	li	a1, 8
80000d98: 6f f0 df fc  	j	0x80000d64 <_vsnprintf+0xc4>
80000d9c: 93 05 40 00  	li	a1, 4
80000da0: 6f f0 5f fc  	j	0x80000d64 <_vsnprintf+0xc4>
80000da4: 93 05 20 00  	li	a1, 2
80000da8: 6f f0 df fb  	j	0x80000d64 <_vsnprintf+0xc4>
80000dac: 93 05 05 fd  	addi	a1, a0, -48
80000db0: 93 f5 f5 0f  	andi	a1, a1, 255
80000db4: 93 0d fb ff  	addi	s11, s6, -1
80000db8: 63 ec bc 06  	bltu	s9, a1, 0x80000e30 <_vsnprintf+0x190>
80000dbc: 93 0a 00 00  	li	s5, 0
80000dc0: 93 75 f5 0f  	andi	a1, a0, 255
80000dc4: 03 c5 1d 00  	lbu	a0, 1(s11)
80000dc8: 33 86 aa 03  	mul	a2, s5, s10
80000dcc: 93 8d 1d 00  	addi	s11, s11, 1
80000dd0: b3 05 b6 00  	add	a1, a2, a1
80000dd4: 13 06 05 fd  	addi	a2, a0, -48
80000dd8: 13 76 f6 0f  	andi	a2, a2, 255
80000ddc: 93 8a 05 fd  	addi	s5, a1, -48
80000de0: e3 60 a6 ff  	bltu	a2, s10, 0x80000dc0 <_vsnprintf+0x120>
80000de4: 93 05 e0 02  	li	a1, 46
80000de8: 63 14 b5 0c  	bne	a0, a1, 0x80000eb0 <_vsnprintf+0x210>
80000dec: 03 c5 1d 00  	lbu	a0, 1(s11)
80000df0: 13 6e 0e 40  	ori	t3, t3, 1024
80000df4: 93 05 05 fd  	addi	a1, a0, -48
80000df8: 13 f6 f5 0f  	andi	a2, a1, 255
80000dfc: 93 85 1d 00  	addi	a1, s11, 1
80000e00: 63 ea cc 06  	bltu	s9, a2, 0x80000e74 <_vsnprintf+0x1d4>
80000e04: 13 0b 00 00  	li	s6, 0
80000e08: 13 76 f5 0f  	andi	a2, a0, 255
80000e0c: 03 c5 15 00  	lbu	a0, 1(a1)
80000e10: b3 06 ab 03  	mul	a3, s6, s10
80000e14: 93 85 15 00  	addi	a1, a1, 1
80000e18: 33 86 c6 00  	add	a2, a3, a2
80000e1c: 93 06 05 fd  	addi	a3, a0, -48
80000e20: 93 f6 f6 0f  	andi	a3, a3, 255
80000e24: 13 0b 06 fd  	addi	s6, a2, -48
80000e28: e3 e0 a6 ff  	bltu	a3, s10, 0x80000e08 <_vsnprintf+0x168>
80000e2c: 6f 00 00 09  	j	0x80000ebc <_vsnprintf+0x21c>
80000e30: 93 05 a0 02  	li	a1, 42
80000e34: 63 18 b5 06  	bne	a0, a1, 0x80000ea4 <_vsnprintf+0x204>
80000e38: 03 26 81 01  	lw	a2, 24(sp)
80000e3c: 83 25 06 00  	lw	a1, 0(a2)
80000e40: 13 06 46 00  	addi	a2, a2, 4
80000e44: 13 d5 f5 41  	srai	a0, a1, 31
80000e48: b3 c6 a5 00  	xor	a3, a1, a0
80000e4c: b3 8a a6 40  	sub	s5, a3, a0
80000e50: 03 45 0b 00  	lbu	a0, 0(s6)
80000e54: 93 d5 e5 01  	srli	a1, a1, 30
80000e58: 93 f5 25 00  	andi	a1, a1, 2
80000e5c: 33 6e be 00  	or	t3, t3, a1
80000e60: 93 0d 0b 00  	mv	s11, s6
80000e64: 23 2c c1 00  	sw	a2, 24(sp)
80000e68: 93 05 e0 02  	li	a1, 46
80000e6c: 63 12 b5 04  	bne	a0, a1, 0x80000eb0 <_vsnprintf+0x210>
80000e70: 6f f0 df f7  	j	0x80000dec <_vsnprintf+0x14c>
80000e74: 13 06 a0 02  	li	a2, 42
80000e78: 63 10 c5 04  	bne	a0, a2, 0x80000eb8 <_vsnprintf+0x218>
80000e7c: 03 26 81 01  	lw	a2, 24(sp)
80000e80: 83 25 06 00  	lw	a1, 0(a2)
80000e84: 13 06 46 00  	addi	a2, a2, 4
80000e88: b3 26 b0 00  	sgtz	a3, a1
80000e8c: 03 c5 2d 00  	lbu	a0, 2(s11)
80000e90: b3 06 d0 40  	neg	a3, a3
80000e94: 93 8d 2d 00  	addi	s11, s11, 2
80000e98: 33 fb b6 00  	and	s6, a3, a1
80000e9c: 23 2c c1 00  	sw	a2, 24(sp)
80000ea0: 6f 00 00 02  	j	0x80000ec0 <_vsnprintf+0x220>
80000ea4: 93 0a 00 00  	li	s5, 0
80000ea8: 93 05 e0 02  	li	a1, 46
80000eac: e3 00 b5 f4  	beq	a0, a1, 0x80000dec <_vsnprintf+0x14c>
80000eb0: 13 0b 00 00  	li	s6, 0
80000eb4: 6f 00 c0 00  	j	0x80000ec0 <_vsnprintf+0x220>
80000eb8: 13 0b 00 00  	li	s6, 0
80000ebc: 93 8d 05 00  	mv	s11, a1
80000ec0: 93 05 85 f9  	addi	a1, a0, -104
80000ec4: 13 16 f5 01  	slli	a2, a0, 31
80000ec8: 93 d5 15 00  	srli	a1, a1, 1
80000ecc: b3 65 b6 00  	or	a1, a2, a1
80000ed0: 63 e2 bc 06  	bltu	s9, a1, 0x80000f34 <_vsnprintf+0x294>
80000ed4: 93 95 25 00  	slli	a1, a1, 2
80000ed8: 17 26 00 00  	auipc	a2, 2
80000edc: 13 06 46 d6  	addi	a2, a2, -668
80000ee0: b3 85 c5 00  	add	a1, a1, a2
80000ee4: 83 a6 05 00  	lw	a3, 0(a1)
80000ee8: 93 05 10 00  	li	a1, 1
80000eec: 13 06 00 10  	li	a2, 256
80000ef0: 67 80 06 00  	jr	a3
80000ef4: 03 c5 1d 00  	lbu	a0, 1(s11)
80000ef8: 93 05 80 06  	li	a1, 104
80000efc: 63 10 b5 14  	bne	a0, a1, 0x8000103c <_vsnprintf+0x39c>
80000f00: 93 05 20 00  	li	a1, 2
80000f04: 13 06 00 0c  	li	a2, 192
80000f08: 6f 00 00 02  	j	0x80000f28 <_vsnprintf+0x288>
80000f0c: 13 06 00 20  	li	a2, 512
80000f10: 6f 00 80 01  	j	0x80000f28 <_vsnprintf+0x288>
80000f14: 03 c5 1d 00  	lbu	a0, 1(s11)
80000f18: 93 05 c0 06  	li	a1, 108
80000f1c: 63 16 b5 12  	bne	a0, a1, 0x80001048 <_vsnprintf+0x3a8>
80000f20: 93 05 20 00  	li	a1, 2
80000f24: 13 06 00 30  	li	a2, 768
80000f28: b3 8d bd 00  	add	s11, s11, a1
80000f2c: 03 c5 0d 00  	lbu	a0, 0(s11)
80000f30: 33 6e ce 00  	or	t3, t3, a2
80000f34: 93 05 b5 fd  	addi	a1, a0, -37
80000f38: 13 06 30 05  	li	a2, 83
80000f3c: 63 62 b6 12  	bltu	a2, a1, 0x80001060 <_vsnprintf+0x3c0>
80000f40: 93 95 25 00  	slli	a1, a1, 2
80000f44: 17 26 00 00  	auipc	a2, 2
80000f48: 13 06 06 d2  	addi	a2, a2, -736
80000f4c: b3 85 c5 00  	add	a1, a1, a2
80000f50: 03 a6 05 00  	lw	a2, 0(a1)
80000f54: 93 05 80 00  	li	a1, 8
80000f58: 13 08 00 01  	li	a6, 16
80000f5c: 67 00 06 00  	jr	a2
80000f60: 13 7e fe fe  	andi	t3, t3, -17
80000f64: 13 08 a0 00  	li	a6, 10
80000f68: 93 05 85 fa  	addi	a1, a0, -88
80000f6c: 93 b5 15 00  	seqz	a1, a1
80000f70: 93 95 55 00  	slli	a1, a1, 5
80000f74: 33 6e be 00  	or	t3, t3, a1
80000f78: 93 05 40 06  	li	a1, 100
80000f7c: 63 04 b5 10  	beq	a0, a1, 0x80001084 <_vsnprintf+0x3e4>
80000f80: 93 05 08 00  	mv	a1, a6
80000f84: 13 06 90 06  	li	a2, 105
80000f88: 63 0e c5 0e  	beq	a0, a2, 0x80001084 <_vsnprintf+0x3e4>
80000f8c: 6f 00 00 0f  	j	0x8000107c <_vsnprintf+0x3dc>
80000f90: 13 05 a5 fb  	addi	a0, a0, -70
80000f94: 13 35 15 00  	seqz	a0, a0
80000f98: 83 25 81 01  	lw	a1, 24(sp)
80000f9c: 93 85 75 00  	addi	a1, a1, 7
80000fa0: 93 f5 85 ff  	andi	a1, a1, -8
80000fa4: 07 b5 05 00  	fld	fa0, 0(a1)
80000fa8: 13 15 55 00  	slli	a0, a0, 5
80000fac: 33 68 ae 00  	or	a6, t3, a0
80000fb0: 93 85 85 00  	addi	a1, a1, 8
80000fb4: 23 2c b1 00  	sw	a1, 24(sp)
80000fb8: 13 05 09 00  	mv	a0, s2
80000fbc: 93 85 04 00  	mv	a1, s1
80000fc0: 13 06 0a 00  	mv	a2, s4
80000fc4: 93 06 04 00  	mv	a3, s0
80000fc8: 13 07 0b 00  	mv	a4, s6
80000fcc: 93 87 0a 00  	mv	a5, s5
80000fd0: ef 00 d0 11  	jal	0x800018ec <_ftoa>
80000fd4: 13 0a 05 00  	mv	s4, a0
80000fd8: 93 8a 1d 00  	addi	s5, s11, 1
80000fdc: 6f f0 1f d4  	j	0x80000d1c <_vsnprintf+0x7c>
80000fe0: 83 25 41 01  	lw	a1, 20(sp)
80000fe4: 33 6e be 00  	or	t3, t3, a1
80000fe8: 13 65 25 00  	ori	a0, a0, 2
80000fec: 93 05 70 04  	li	a1, 71
80000ff0: 63 14 b5 00  	bne	a0, a1, 0x80000ff8 <_vsnprintf+0x358>
80000ff4: 13 6e 0e 02  	ori	t3, t3, 32
80000ff8: 03 25 81 01  	lw	a0, 24(sp)
80000ffc: 13 05 75 00  	addi	a0, a0, 7
80001000: 13 75 85 ff  	andi	a0, a0, -8
80001004: 07 35 05 00  	fld	fa0, 0(a0)
80001008: 13 05 85 00  	addi	a0, a0, 8
8000100c: 23 2c a1 00  	sw	a0, 24(sp)
80001010: 13 05 09 00  	mv	a0, s2
80001014: 93 85 04 00  	mv	a1, s1
80001018: 13 06 0a 00  	mv	a2, s4
8000101c: 93 06 04 00  	mv	a3, s0
80001020: 13 07 0b 00  	mv	a4, s6
80001024: 93 87 0a 00  	mv	a5, s5
80001028: 13 08 0e 00  	mv	a6, t3
8000102c: ef 00 d0 72  	jal	0x80001f58 <_etoa>
80001030: 13 0a 05 00  	mv	s4, a0
80001034: 93 8a 1d 00  	addi	s5, s11, 1
80001038: 6f f0 5f ce  	j	0x80000d1c <_vsnprintf+0x7c>
8000103c: 13 6e 0e 08  	ori	t3, t3, 128
80001040: 93 8d 1d 00  	addi	s11, s11, 1
80001044: 6f f0 1f ef  	j	0x80000f34 <_vsnprintf+0x294>
80001048: 13 6e 0e 10  	ori	t3, t3, 256
8000104c: 93 8d 1d 00  	addi	s11, s11, 1
80001050: 6f f0 5f ee  	j	0x80000f34 <_vsnprintf+0x294>
80001054: 93 09 1a 00  	addi	s3, s4, 1
80001058: 13 05 50 02  	li	a0, 37
8000105c: 6f 00 80 00  	j	0x80001064 <_vsnprintf+0x3c4>
80001060: 93 09 1a 00  	addi	s3, s4, 1
80001064: 93 85 04 00  	mv	a1, s1
80001068: 13 06 0a 00  	mv	a2, s4
8000106c: 93 06 04 00  	mv	a3, s0
80001070: e7 00 09 00  	jalr	s2
80001074: 6f 00 40 3c  	j	0x80001438 <_vsnprintf+0x798>
80001078: 93 05 20 00  	li	a1, 2
8000107c: 13 7e 3e ff  	andi	t3, t3, -13
80001080: 13 88 05 00  	mv	a6, a1
80001084: 93 75 0e 40  	andi	a1, t3, 1024
80001088: 63 84 05 00  	beqz	a1, 0x80001090 <_vsnprintf+0x3f0>
8000108c: 13 7e ee ff  	andi	t3, t3, -2
80001090: 93 05 90 06  	li	a1, 105
80001094: 63 06 b5 00  	beq	a0, a1, 0x800010a0 <_vsnprintf+0x400>
80001098: 93 05 40 06  	li	a1, 100
8000109c: 63 1e b5 02  	bne	a0, a1, 0x800010d8 <_vsnprintf+0x438>
800010a0: 13 75 0e 20  	andi	a0, t3, 512
800010a4: 63 1c 05 38  	bnez	a0, 0x8000143c <_vsnprintf+0x79c>
800010a8: 13 75 0e 10  	andi	a0, t3, 256
800010ac: 63 12 05 06  	bnez	a0, 0x80001110 <_vsnprintf+0x470>
800010b0: 13 75 0e 04  	andi	a0, t3, 64
800010b4: 63 16 05 22  	bnez	a0, 0x800012e0 <_vsnprintf+0x640>
800010b8: 03 25 81 01  	lw	a0, 24(sp)
800010bc: 83 27 05 00  	lw	a5, 0(a0)
800010c0: 13 75 0e 08  	andi	a0, t3, 128
800010c4: 63 06 05 00  	beqz	a0, 0x800010d0 <_vsnprintf+0x430>
800010c8: 93 97 07 01  	slli	a5, a5, 16
800010cc: 93 d7 07 41  	srai	a5, a5, 16
800010d0: 03 25 81 01  	lw	a0, 24(sp)
800010d4: 6f 00 40 21  	j	0x800012e8 <_vsnprintf+0x648>
800010d8: 13 75 0e 20  	andi	a0, t3, 512
800010dc: 63 10 05 36  	bnez	a0, 0x8000143c <_vsnprintf+0x79c>
800010e0: 13 75 0e 10  	andi	a0, t3, 256
800010e4: 63 18 05 22  	bnez	a0, 0x80001314 <_vsnprintf+0x674>
800010e8: 13 75 0e 04  	andi	a0, t3, 64
800010ec: 63 1a 05 26  	bnez	a0, 0x80001360 <_vsnprintf+0x6c0>
800010f0: 03 25 81 01  	lw	a0, 24(sp)
800010f4: 03 27 05 00  	lw	a4, 0(a0)
800010f8: 13 75 0e 08  	andi	a0, t3, 128
800010fc: 63 06 05 00  	beqz	a0, 0x80001108 <_vsnprintf+0x468>
80001100: 13 17 07 01  	slli	a4, a4, 16
80001104: 13 57 07 01  	srli	a4, a4, 16
80001108: 03 25 81 01  	lw	a0, 24(sp)
8000110c: 6f 00 c0 25  	j	0x80001368 <_vsnprintf+0x6c8>
80001110: 83 29 81 01  	lw	s3, 24(sp)
80001114: 83 a7 09 00  	lw	a5, 0(s3)
80001118: 93 89 49 00  	addi	s3, s3, 4
8000111c: 13 d5 f7 41  	srai	a0, a5, 31
80001120: 33 c7 a7 00  	xor	a4, a5, a0
80001124: 33 07 a7 40  	sub	a4, a4, a0
80001128: 93 d7 f7 01  	srli	a5, a5, 31
8000112c: 13 05 09 00  	mv	a0, s2
80001130: 93 85 04 00  	mv	a1, s1
80001134: 13 06 0a 00  	mv	a2, s4
80001138: 93 06 04 00  	mv	a3, s0
8000113c: 6f 00 80 1f  	j	0x80001334 <_vsnprintf+0x694>
80001140: 93 79 2e 00  	andi	s3, t3, 2
80001144: 13 0b 10 00  	li	s6, 1
80001148: 63 9a 09 02  	bnez	s3, 0x8000117c <_vsnprintf+0x4dc>
8000114c: 13 0b 20 00  	li	s6, 2
80001150: 63 e6 6a 03  	bltu	s5, s6, 0x8000117c <_vsnprintf+0x4dc>
80001154: 13 8b 1a 00  	addi	s6, s5, 1
80001158: 93 8c fa ff  	addi	s9, s5, -1
8000115c: 13 06 0a 00  	mv	a2, s4
80001160: 13 0a 1a 00  	addi	s4, s4, 1
80001164: 13 05 00 02  	li	a0, 32
80001168: 93 85 04 00  	mv	a1, s1
8000116c: 93 06 04 00  	mv	a3, s0
80001170: e7 00 09 00  	jalr	s2
80001174: 93 8c fc ff  	addi	s9, s9, -1
80001178: e3 92 0c fe  	bnez	s9, 0x8000115c <_vsnprintf+0x4bc>
8000117c: 03 25 81 01  	lw	a0, 24(sp)
80001180: 13 06 0a 00  	mv	a2, s4
80001184: 93 05 05 00  	mv	a1, a0
80001188: 03 45 05 00  	lbu	a0, 0(a0)
8000118c: b3 3c 30 01  	snez	s9, s3
80001190: 93 89 45 00  	addi	s3, a1, 4
80001194: 13 0a 1a 00  	addi	s4, s4, 1
80001198: 93 85 04 00  	mv	a1, s1
8000119c: 93 06 04 00  	mv	a3, s0
800011a0: e7 00 09 00  	jalr	s2
800011a4: 33 35 5b 01  	sltu	a0, s6, s5
800011a8: 33 f5 ac 00  	and	a0, s9, a0
800011ac: 63 02 05 1a  	beqz	a0, 0x80001350 <_vsnprintf+0x6b0>
800011b0: b3 8a 6a 41  	sub	s5, s5, s6
800011b4: 93 0c 90 00  	li	s9, 9
800011b8: 13 06 0a 00  	mv	a2, s4
800011bc: 13 0a 1a 00  	addi	s4, s4, 1
800011c0: 13 05 00 02  	li	a0, 32
800011c4: 93 85 04 00  	mv	a1, s1
800011c8: 93 06 04 00  	mv	a3, s0
800011cc: e7 00 09 00  	jalr	s2
800011d0: 93 8a fa ff  	addi	s5, s5, -1
800011d4: e3 92 0a fe  	bnez	s5, 0x800011b8 <_vsnprintf+0x518>
800011d8: 23 2c 31 01  	sw	s3, 24(sp)
800011dc: 93 8a 1d 00  	addi	s5, s11, 1
800011e0: 6f f0 df b3  	j	0x80000d1c <_vsnprintf+0x7c>
800011e4: 83 29 81 01  	lw	s3, 24(sp)
800011e8: 03 a7 09 00  	lw	a4, 0(s3)
800011ec: 13 6e 1e 02  	ori	t3, t3, 33
800011f0: 93 89 49 00  	addi	s3, s3, 4
800011f4: 13 08 00 01  	li	a6, 16
800011f8: 93 03 80 00  	li	t2, 8
800011fc: 13 05 09 00  	mv	a0, s2
80001200: 93 85 04 00  	mv	a1, s1
80001204: 13 06 0a 00  	mv	a2, s4
80001208: 93 06 04 00  	mv	a3, s0
8000120c: 93 07 00 00  	li	a5, 0
80001210: 93 08 0b 00  	mv	a7, s6
80001214: 6f 00 80 12  	j	0x8000133c <_vsnprintf+0x69c>
80001218: 03 25 81 01  	lw	a0, 24(sp)
8000121c: 83 2c 05 00  	lw	s9, 0(a0)
80001220: 03 c5 0c 00  	lbu	a0, 0(s9)
80001224: 13 86 0c 00  	mv	a2, s9
80001228: 63 0c 05 02  	beqz	a0, 0x80001260 <_vsnprintf+0x5c0>
8000122c: b3 35 60 01  	snez	a1, s6
80001230: 93 85 f5 ff  	addi	a1, a1, -1
80001234: b3 e5 65 01  	or	a1, a1, s6
80001238: 93 85 f5 ff  	addi	a1, a1, -1
8000123c: 93 86 0c 00  	mv	a3, s9
80001240: 03 c7 16 00  	lbu	a4, 1(a3)
80001244: 13 86 16 00  	addi	a2, a3, 1
80001248: 93 36 17 00  	seqz	a3, a4
8000124c: 13 b7 15 00  	seqz	a4, a1
80001250: 33 e7 e6 00  	or	a4, a3, a4
80001254: 93 85 f5 ff  	addi	a1, a1, -1
80001258: 93 06 06 00  	mv	a3, a2
8000125c: e3 02 07 fe  	beqz	a4, 0x80001240 <_vsnprintf+0x5a0>
80001260: b3 05 96 41  	sub	a1, a2, s9
80001264: 13 86 05 00  	mv	a2, a1
80001268: 63 e2 65 03  	bltu	a1, s6, 0x8000128c <_vsnprintf+0x5ec>
8000126c: 13 06 0b 00  	mv	a2, s6
80001270: 93 76 0e 40  	andi	a3, t3, 1024
80001274: 23 28 d1 00  	sw	a3, 16(sp)
80001278: 63 90 06 02  	bnez	a3, 0x80001298 <_vsnprintf+0x5f8>
8000127c: 13 76 2e 00  	andi	a2, t3, 2
80001280: 23 26 c1 00  	sw	a2, 12(sp)
80001284: 63 02 06 02  	beqz	a2, 0x800012a8 <_vsnprintf+0x608>
80001288: 6f 00 80 11  	j	0x800013a0 <_vsnprintf+0x700>
8000128c: 93 76 0e 40  	andi	a3, t3, 1024
80001290: 23 28 d1 00  	sw	a3, 16(sp)
80001294: e3 84 06 fe  	beqz	a3, 0x8000127c <_vsnprintf+0x5dc>
80001298: 93 05 06 00  	mv	a1, a2
8000129c: 13 76 2e 00  	andi	a2, t3, 2
800012a0: 23 26 c1 00  	sw	a2, 12(sp)
800012a4: 63 1e 06 0e  	bnez	a2, 0x800013a0 <_vsnprintf+0x700>
800012a8: 63 fa 55 0f  	bgeu	a1, s5, 0x8000139c <_vsnprintf+0x6fc>
800012ac: 13 85 1a 00  	addi	a0, s5, 1
800012b0: 23 24 a1 00  	sw	a0, 8(sp)
800012b4: b3 89 ba 40  	sub	s3, s5, a1
800012b8: 13 06 0a 00  	mv	a2, s4
800012bc: 13 0a 1a 00  	addi	s4, s4, 1
800012c0: 13 05 00 02  	li	a0, 32
800012c4: 93 85 04 00  	mv	a1, s1
800012c8: 93 06 04 00  	mv	a3, s0
800012cc: e7 00 09 00  	jalr	s2
800012d0: 93 89 f9 ff  	addi	s3, s3, -1
800012d4: e3 92 09 fe  	bnez	s3, 0x800012b8 <_vsnprintf+0x618>
800012d8: 03 c5 0c 00  	lbu	a0, 0(s9)
800012dc: 6f 00 80 0c  	j	0x800013a4 <_vsnprintf+0x704>
800012e0: 03 25 81 01  	lw	a0, 24(sp)
800012e4: 83 47 05 00  	lbu	a5, 0(a0)
800012e8: 13 05 45 00  	addi	a0, a0, 4
800012ec: 23 2c a1 00  	sw	a0, 24(sp)
800012f0: 13 d5 f7 41  	srai	a0, a5, 31
800012f4: 33 c7 a7 00  	xor	a4, a5, a0
800012f8: 33 07 a7 40  	sub	a4, a4, a0
800012fc: 93 d7 f7 01  	srli	a5, a5, 31
80001300: 13 05 09 00  	mv	a0, s2
80001304: 93 85 04 00  	mv	a1, s1
80001308: 13 06 0a 00  	mv	a2, s4
8000130c: 93 06 04 00  	mv	a3, s0
80001310: 6f 00 40 07  	j	0x80001384 <_vsnprintf+0x6e4>
80001314: 83 29 81 01  	lw	s3, 24(sp)
80001318: 03 a7 09 00  	lw	a4, 0(s3)
8000131c: 93 89 49 00  	addi	s3, s3, 4
80001320: 13 05 09 00  	mv	a0, s2
80001324: 93 85 04 00  	mv	a1, s1
80001328: 13 06 0a 00  	mv	a2, s4
8000132c: 93 06 04 00  	mv	a3, s0
80001330: 93 07 00 00  	li	a5, 0
80001334: 93 08 0b 00  	mv	a7, s6
80001338: 93 83 0a 00  	mv	t2, s5
8000133c: ef 00 80 21  	jal	0x80001554 <_ntoa_long>
80001340: 13 0a 05 00  	mv	s4, a0
80001344: 23 2c 31 01  	sw	s3, 24(sp)
80001348: 93 8a 1d 00  	addi	s5, s11, 1
8000134c: 6f f0 1f 9d  	j	0x80000d1c <_vsnprintf+0x7c>
80001350: 23 2c 31 01  	sw	s3, 24(sp)
80001354: 93 0c 90 00  	li	s9, 9
80001358: 93 8a 1d 00  	addi	s5, s11, 1
8000135c: 6f f0 1f 9c  	j	0x80000d1c <_vsnprintf+0x7c>
80001360: 03 25 81 01  	lw	a0, 24(sp)
80001364: 03 47 05 00  	lbu	a4, 0(a0)
80001368: 13 05 45 00  	addi	a0, a0, 4
8000136c: 23 2c a1 00  	sw	a0, 24(sp)
80001370: 13 05 09 00  	mv	a0, s2
80001374: 93 85 04 00  	mv	a1, s1
80001378: 13 06 0a 00  	mv	a2, s4
8000137c: 93 06 04 00  	mv	a3, s0
80001380: 93 07 00 00  	li	a5, 0
80001384: 93 08 0b 00  	mv	a7, s6
80001388: 93 83 0a 00  	mv	t2, s5
8000138c: ef 00 80 1c  	jal	0x80001554 <_ntoa_long>
80001390: 13 0a 05 00  	mv	s4, a0
80001394: 93 8a 1d 00  	addi	s5, s11, 1
80001398: 6f f0 5f 98  	j	0x80000d1c <_vsnprintf+0x7c>
8000139c: 93 85 15 00  	addi	a1, a1, 1
800013a0: 23 24 b1 00  	sw	a1, 8(sp)
800013a4: 63 02 05 04  	beqz	a0, 0x800013e8 <_vsnprintf+0x748>
800013a8: 93 8c 1c 00  	addi	s9, s9, 1
800013ac: 6f 00 00 03  	j	0x800013dc <_vsnprintf+0x73c>
800013b0: 13 0b fb ff  	addi	s6, s6, -1
800013b4: 93 09 1a 00  	addi	s3, s4, 1
800013b8: 13 75 f5 0f  	andi	a0, a0, 255
800013bc: 93 85 04 00  	mv	a1, s1
800013c0: 13 06 0a 00  	mv	a2, s4
800013c4: 93 06 04 00  	mv	a3, s0
800013c8: e7 00 09 00  	jalr	s2
800013cc: 03 c5 0c 00  	lbu	a0, 0(s9)
800013d0: 93 8c 1c 00  	addi	s9, s9, 1
800013d4: 13 8a 09 00  	mv	s4, s3
800013d8: 63 0a 05 00  	beqz	a0, 0x800013ec <_vsnprintf+0x74c>
800013dc: 83 25 01 01  	lw	a1, 16(sp)
800013e0: e3 8a 05 fc  	beqz	a1, 0x800013b4 <_vsnprintf+0x714>
800013e4: e3 16 0b fc  	bnez	s6, 0x800013b0 <_vsnprintf+0x710>
800013e8: 93 09 0a 00  	mv	s3, s4
800013ec: 03 25 c1 00  	lw	a0, 12(sp)
800013f0: 33 35 a0 00  	snez	a0, a0
800013f4: 03 26 81 00  	lw	a2, 8(sp)
800013f8: b3 35 56 01  	sltu	a1, a2, s5
800013fc: 33 75 b5 00  	and	a0, a0, a1
80001400: 83 25 81 01  	lw	a1, 24(sp)
80001404: 93 85 45 00  	addi	a1, a1, 4
80001408: 23 2c b1 00  	sw	a1, 24(sp)
8000140c: 63 0c 05 02  	beqz	a0, 0x80001444 <_vsnprintf+0x7a4>
80001410: 33 8a ca 40  	sub	s4, s5, a2
80001414: 93 0c 90 00  	li	s9, 9
80001418: 13 86 09 00  	mv	a2, s3
8000141c: 93 89 19 00  	addi	s3, s3, 1
80001420: 13 05 00 02  	li	a0, 32
80001424: 93 85 04 00  	mv	a1, s1
80001428: 93 06 04 00  	mv	a3, s0
8000142c: e7 00 09 00  	jalr	s2
80001430: 13 0a fa ff  	addi	s4, s4, -1
80001434: e3 12 0a fe  	bnez	s4, 0x80001418 <_vsnprintf+0x778>
80001438: 13 8a 09 00  	mv	s4, s3
8000143c: 93 8a 1d 00  	addi	s5, s11, 1
80001440: 6f f0 df 8d  	j	0x80000d1c <_vsnprintf+0x7c>
80001444: 13 8a 09 00  	mv	s4, s3
80001448: 93 0c 90 00  	li	s9, 9
8000144c: 93 8a 1d 00  	addi	s5, s11, 1
80001450: 6f f0 df 8c  	j	0x80000d1c <_vsnprintf+0x7c>
80001454: 13 06 0a 00  	mv	a2, s4
80001458: 63 64 8a 00  	bltu	s4, s0, 0x80001460 <_vsnprintf+0x7c0>
8000145c: 13 06 f4 ff  	addi	a2, s0, -1
80001460: 13 05 00 00  	li	a0, 0
80001464: 93 85 04 00  	mv	a1, s1
80001468: 93 06 04 00  	mv	a3, s0
8000146c: e7 00 09 00  	jalr	s2
80001470: 13 05 0a 00  	mv	a0, s4
80001474: 83 20 c1 04  	lw	ra, 76(sp)
80001478: 03 24 81 04  	lw	s0, 72(sp)
8000147c: 83 24 41 04  	lw	s1, 68(sp)
80001480: 03 29 01 04  	lw	s2, 64(sp)
80001484: 83 29 c1 03  	lw	s3, 60(sp)
80001488: 03 2a 81 03  	lw	s4, 56(sp)
8000148c: 83 2a 41 03  	lw	s5, 52(sp)
80001490: 03 2b 01 03  	lw	s6, 48(sp)
80001494: 83 2b c1 02  	lw	s7, 44(sp)
80001498: 03 2c 81 02  	lw	s8, 40(sp)
8000149c: 83 2c 41 02  	lw	s9, 36(sp)
800014a0: 03 2d 01 02  	lw	s10, 32(sp)
800014a4: 83 2d c1 01  	lw	s11, 28(sp)
800014a8: 13 01 01 05  	addi	sp, sp, 80
800014ac: 67 80 00 00  	ret

800014b0 <_out_char>:
800014b0: 63 0e 05 08  	beqz	a0, 0x8000154c <_out_char+0x9c>
800014b4: f3 25 40 f1  	csrr	a1, mhartid
800014b8: 13 06 80 44  	li	a2, 1096
800014bc: b3 85 c5 02  	mul	a1, a1, a2
800014c0: 17 36 00 00  	auipc	a2, 3
800014c4: 13 06 c6 ad  	addi	a2, a2, -1316
800014c8: b3 05 b6 00  	add	a1, a2, a1
800014cc: 03 a6 05 00  	lw	a2, 0(a1)
800014d0: 93 06 16 00  	addi	a3, a2, 1
800014d4: 23 a0 d5 00  	sw	a3, 0(a1)
800014d8: 33 86 c5 00  	add	a2, a1, a2
800014dc: 23 04 a6 04  	sb	a0, 72(a2)
800014e0: 03 a6 05 00  	lw	a2, 0(a1)
800014e4: 13 06 46 c0  	addi	a2, a2, -1020
800014e8: 33 36 c0 00  	snez	a2, a2
800014ec: 13 05 65 ff  	addi	a0, a0, -10
800014f0: 33 35 a0 00  	snez	a0, a0
800014f4: 33 75 c5 00  	and	a0, a0, a2
800014f8: 63 1a 05 04  	bnez	a0, 0x8000154c <_out_char+0x9c>
800014fc: 13 85 85 04  	addi	a0, a1, 72
80001500: 23 a6 05 00  	sw	zero, 12(a1)
80001504: 13 06 00 04  	li	a2, 64
80001508: 23 a4 c5 00  	sw	a2, 8(a1)
8000150c: 23 aa 05 00  	sw	zero, 20(a1)
80001510: 13 06 10 00  	li	a2, 1
80001514: 23 a8 c5 00  	sw	a2, 16(a1)
80001518: 23 ae 05 00  	sw	zero, 28(a1)
8000151c: 23 ac a5 00  	sw	a0, 24(a1)
80001520: 03 a5 05 00  	lw	a0, 0(a1)
80001524: 13 86 85 00  	addi	a2, a1, 8
80001528: 23 a2 05 02  	sw	zero, 36(a1)
8000152c: 23 a0 a5 02  	sw	a0, 32(a1)
80001530: 17 25 00 00  	auipc	a0, 2
80001534: 23 28 c5 90  	sw	a2, -1776(a0)
80001538: 17 25 00 00  	auipc	a0, 2
8000153c: 03 26 85 94  	lw	a2, -1720(a0)
80001540: e3 0e 06 fe  	beqz	a2, 0x8000153c <_out_char+0x8c>
80001544: 23 24 05 94  	sw	zero, -1720(a0)
80001548: 23 a0 05 00  	sw	zero, 0(a1)
8000154c: 67 80 00 00  	ret

80001550 <_out_null>:
80001550: 67 80 00 00  	ret

80001554 <_ntoa_long>:
80001554: 13 01 01 fb  	addi	sp, sp, -80
80001558: 23 26 11 04  	sw	ra, 76(sp)
8000155c: 23 24 81 04  	sw	s0, 72(sp)
80001560: 23 22 91 04  	sw	s1, 68(sp)
80001564: 23 20 21 05  	sw	s2, 64(sp)
80001568: 23 2e 31 03  	sw	s3, 60(sp)
8000156c: 23 2c 41 03  	sw	s4, 56(sp)
80001570: 23 2a 51 03  	sw	s5, 52(sp)
80001574: 23 28 61 03  	sw	s6, 48(sp)
80001578: 23 26 71 03  	sw	s7, 44(sp)
8000157c: 23 24 81 03  	sw	s8, 40(sp)
80001580: 23 22 91 03  	sw	s9, 36(sp)
80001584: 23 20 a1 03  	sw	s10, 32(sp)
80001588: 13 84 03 00  	mv	s0, t2
8000158c: 93 84 06 00  	mv	s1, a3
80001590: 13 0a 06 00  	mv	s4, a2
80001594: 13 89 05 00  	mv	s2, a1
80001598: 93 09 05 00  	mv	s3, a0
8000159c: 93 35 17 00  	seqz	a1, a4
800015a0: 63 14 07 00  	bnez	a4, 0x800015a8 <_ntoa_long+0x54>
800015a4: 13 7e fe fe  	andi	t3, t3, -17
800015a8: 13 75 0e 40  	andi	a0, t3, 1024
800015ac: 13 56 a5 00  	srli	a2, a0, 10
800015b0: b3 f5 c5 00  	and	a1, a1, a2
800015b4: 63 96 05 06  	bnez	a1, 0x80001620 <_ntoa_long+0xcc>
800015b8: 93 06 00 00  	li	a3, 0
800015bc: 93 75 0e 02  	andi	a1, t3, 32
800015c0: 93 c5 15 06  	xori	a1, a1, 97
800015c4: 93 85 65 0f  	addi	a1, a1, 246
800015c8: 13 06 a0 00  	li	a2, 10
800015cc: 93 02 01 00  	mv	t0, sp
800015d0: 6f 00 00 03  	j	0x80001600 <_ntoa_long+0xac>
800015d4: b3 83 d3 01  	add	t2, t2, t4
800015d8: 13 8c 16 00  	addi	s8, a3, 1
800015dc: b3 8e d2 00  	add	t4, t0, a3
800015e0: 33 37 07 01  	sltu	a4, a4, a6
800015e4: 13 47 f7 ff  	not	a4, a4
800015e8: 93 b6 f6 01  	sltiu	a3, a3, 31
800015ec: 33 7f d7 00  	and	t5, a4, a3
800015f0: 23 80 7e 00  	sb	t2, 0(t4)
800015f4: 93 06 0c 00  	mv	a3, s8
800015f8: 13 07 03 00  	mv	a4, t1
800015fc: 63 04 0f 02  	beqz	t5, 0x80001624 <_ntoa_long+0xd0>
80001600: 33 53 07 03  	divu	t1, a4, a6
80001604: b3 03 03 03  	mul	t2, t1, a6
80001608: b3 03 77 40  	sub	t2, a4, t2
8000160c: 13 ff e3 0f  	andi	t5, t2, 254
80001610: 93 8e 05 00  	mv	t4, a1
80001614: e3 70 cf fc  	bgeu	t5, a2, 0x800015d4 <_ntoa_long+0x80>
80001618: 93 0e 00 03  	li	t4, 48
8000161c: 6f f0 9f fb  	j	0x800015d4 <_ntoa_long+0x80>
80001620: 13 0c 00 00  	li	s8, 0
80001624: 93 7b 2e 00  	andi	s7, t3, 2
80001628: 63 94 0b 04  	bnez	s7, 0x80001670 <_ntoa_long+0x11c>
8000162c: 63 0e 04 00  	beqz	s0, 0x80001648 <_ntoa_long+0xf4>
80001630: 93 75 1e 00  	andi	a1, t3, 1
80001634: 63 8a 05 00  	beqz	a1, 0x80001648 <_ntoa_long+0xf4>
80001638: 93 75 ce 00  	andi	a1, t3, 12
8000163c: b3 35 b0 00  	snez	a1, a1
80001640: b3 e5 f5 00  	or	a1, a1, a5
80001644: 33 04 b4 40  	sub	s0, s0, a1
80001648: 13 06 00 02  	li	a2, 32
8000164c: 93 85 08 00  	mv	a1, a7
80001650: 63 fa c8 02  	bgeu	a7, a2, 0x80001684 <_ntoa_long+0x130>
80001654: 63 6c bc 02  	bltu	s8, a1, 0x8000168c <_ntoa_long+0x138>
80001658: 13 06 00 02  	li	a2, 32
8000165c: 93 05 04 00  	mv	a1, s0
80001660: 63 7e c4 04  	bgeu	s0, a2, 0x800016bc <_ntoa_long+0x168>
80001664: 33 36 bc 00  	sltu	a2, s8, a1
80001668: 33 76 ce 00  	and	a2, t3, a2
8000166c: 63 10 06 06  	bnez	a2, 0x800016cc <_ntoa_long+0x178>
80001670: 93 75 0e 01  	andi	a1, t3, 16
80001674: 63 92 05 08  	bnez	a1, 0x800016f8 <_ntoa_long+0x1a4>
80001678: 13 05 f0 01  	li	a0, 31
8000167c: 63 72 85 15  	bgeu	a0, s8, 0x800017c0 <_ntoa_long+0x26c>
80001680: 6f 00 00 17  	j	0x800017f0 <_ntoa_long+0x29c>
80001684: 93 05 00 02  	li	a1, 32
80001688: e3 78 bc fc  	bgeu	s8, a1, 0x80001658 <_ntoa_long+0x104>
8000168c: 13 06 01 00  	mv	a2, sp
80001690: 33 06 86 01  	add	a2, a2, s8
80001694: b3 86 85 41  	sub	a3, a1, s8
80001698: 13 07 00 03  	li	a4, 48
8000169c: 23 00 e6 00  	sb	a4, 0(a2)
800016a0: 93 86 f6 ff  	addi	a3, a3, -1
800016a4: 13 06 16 00  	addi	a2, a2, 1
800016a8: e3 9a 06 fe  	bnez	a3, 0x8000169c <_ntoa_long+0x148>
800016ac: 13 8c 05 00  	mv	s8, a1
800016b0: 13 06 00 02  	li	a2, 32
800016b4: 93 05 04 00  	mv	a1, s0
800016b8: e3 66 c4 fa  	bltu	s0, a2, 0x80001664 <_ntoa_long+0x110>
800016bc: 93 05 00 02  	li	a1, 32
800016c0: 33 36 bc 00  	sltu	a2, s8, a1
800016c4: 33 76 ce 00  	and	a2, t3, a2
800016c8: e3 04 06 fa  	beqz	a2, 0x80001670 <_ntoa_long+0x11c>
800016cc: 13 06 01 00  	mv	a2, sp
800016d0: 33 06 86 01  	add	a2, a2, s8
800016d4: b3 86 85 41  	sub	a3, a1, s8
800016d8: 13 07 00 03  	li	a4, 48
800016dc: 23 00 e6 00  	sb	a4, 0(a2)
800016e0: 93 86 f6 ff  	addi	a3, a3, -1
800016e4: 13 06 16 00  	addi	a2, a2, 1
800016e8: e3 9a 06 fe  	bnez	a3, 0x800016dc <_ntoa_long+0x188>
800016ec: 13 8c 05 00  	mv	s8, a1
800016f0: 93 75 0e 01  	andi	a1, t3, 16
800016f4: e3 82 05 f8  	beqz	a1, 0x80001678 <_ntoa_long+0x124>
800016f8: 33 35 a0 00  	snez	a0, a0
800016fc: 93 35 1c 00  	seqz	a1, s8
80001700: 33 65 b5 00  	or	a0, a0, a1
80001704: 63 1e 05 02  	bnez	a0, 0x80001740 <_ntoa_long+0x1ec>
80001708: 33 45 1c 01  	xor	a0, s8, a7
8000170c: 33 35 a0 00  	snez	a0, a0
80001710: b3 45 8c 00  	xor	a1, s8, s0
80001714: b3 35 b0 00  	snez	a1, a1
80001718: 33 75 b5 00  	and	a0, a0, a1
8000171c: 63 12 05 02  	bnez	a0, 0x80001740 <_ntoa_long+0x1ec>
80001720: 13 05 fc ff  	addi	a0, s8, -1
80001724: b3 35 a0 00  	snez	a1, a0
80001728: 13 06 08 ff  	addi	a2, a6, -16
8000172c: 13 36 16 00  	seqz	a2, a2
80001730: b3 75 b6 00  	and	a1, a2, a1
80001734: 63 84 05 00  	beqz	a1, 0x8000173c <_ntoa_long+0x1e8>
80001738: 13 05 ec ff  	addi	a0, s8, -2
8000173c: 13 0c 05 00  	mv	s8, a0
80001740: 13 05 00 01  	li	a0, 16
80001744: 63 18 a8 02  	bne	a6, a0, 0x80001774 <_ntoa_long+0x220>
80001748: 93 75 0e 02  	andi	a1, t3, 32
8000174c: 13 b5 15 00  	seqz	a0, a1
80001750: 13 36 0c 02  	sltiu	a2, s8, 32
80001754: b3 76 c5 00  	and	a3, a0, a2
80001758: 13 05 80 07  	li	a0, 120
8000175c: 63 98 06 02  	bnez	a3, 0x8000178c <_ntoa_long+0x238>
80001760: 33 35 b0 00  	snez	a0, a1
80001764: 33 76 c5 00  	and	a2, a0, a2
80001768: 13 05 80 05  	li	a0, 88
8000176c: 63 10 06 02  	bnez	a2, 0x8000178c <_ntoa_long+0x238>
80001770: 6f 00 c0 02  	j	0x8000179c <_ntoa_long+0x248>
80001774: 13 08 e8 ff  	addi	a6, a6, -2
80001778: 13 35 18 00  	seqz	a0, a6
8000177c: 93 35 0c 02  	sltiu	a1, s8, 32
80001780: b3 75 b5 00  	and	a1, a0, a1
80001784: 13 05 20 06  	li	a0, 98
80001788: 63 8a 05 00  	beqz	a1, 0x8000179c <_ntoa_long+0x248>
8000178c: 93 05 01 00  	mv	a1, sp
80001790: b3 85 85 01  	add	a1, a1, s8
80001794: 13 0c 1c 00  	addi	s8, s8, 1
80001798: 23 80 a5 00  	sb	a0, 0(a1)
8000179c: 13 05 f0 01  	li	a0, 31
800017a0: 63 68 85 05  	bltu	a0, s8, 0x800017f0 <_ntoa_long+0x29c>
800017a4: 13 05 01 00  	mv	a0, sp
800017a8: 33 05 85 01  	add	a0, a0, s8
800017ac: 13 0c 1c 00  	addi	s8, s8, 1
800017b0: 93 05 00 03  	li	a1, 48
800017b4: 23 00 b5 00  	sb	a1, 0(a0)
800017b8: 13 05 f0 01  	li	a0, 31
800017bc: 63 6a 85 03  	bltu	a0, s8, 0x800017f0 <_ntoa_long+0x29c>
800017c0: 13 05 d0 02  	li	a0, 45
800017c4: 63 9e 07 00  	bnez	a5, 0x800017e0 <_ntoa_long+0x28c>
800017c8: 93 75 4e 00  	andi	a1, t3, 4
800017cc: 13 05 b0 02  	li	a0, 43
800017d0: 63 98 05 00  	bnez	a1, 0x800017e0 <_ntoa_long+0x28c>
800017d4: 93 75 8e 00  	andi	a1, t3, 8
800017d8: 13 05 00 02  	li	a0, 32
800017dc: 63 8a 05 00  	beqz	a1, 0x800017f0 <_ntoa_long+0x29c>
800017e0: 93 05 01 00  	mv	a1, sp
800017e4: b3 85 85 01  	add	a1, a1, s8
800017e8: 13 0c 1c 00  	addi	s8, s8, 1
800017ec: 23 80 a5 00  	sb	a0, 0(a1)
800017f0: 13 75 3e 00  	andi	a0, t3, 3
800017f4: 13 35 15 00  	seqz	a0, a0
800017f8: b3 35 8c 00  	sltu	a1, s8, s0
800017fc: 33 75 b5 00  	and	a0, a0, a1
80001800: 93 0a 0a 00  	mv	s5, s4
80001804: 63 06 05 02  	beqz	a0, 0x80001830 <_ntoa_long+0x2dc>
80001808: 33 0b 84 41  	sub	s6, s0, s8
8000180c: 13 06 0a 00  	mv	a2, s4
80001810: 93 0a 16 00  	addi	s5, a2, 1
80001814: 13 05 00 02  	li	a0, 32
80001818: 93 05 09 00  	mv	a1, s2
8000181c: 93 86 04 00  	mv	a3, s1
80001820: e7 80 09 00  	jalr	s3
80001824: 13 0b fb ff  	addi	s6, s6, -1
80001828: 13 86 0a 00  	mv	a2, s5
8000182c: e3 12 0b fe  	bnez	s6, 0x80001810 <_ntoa_long+0x2bc>
80001830: 63 0c 0c 02  	beqz	s8, 0x80001868 <_ntoa_long+0x314>
80001834: 93 0c f1 ff  	addi	s9, sp, -1
80001838: 33 85 8c 01  	add	a0, s9, s8
8000183c: 03 45 05 00  	lbu	a0, 0(a0)
80001840: 13 0d fc ff  	addi	s10, s8, -1
80001844: 13 8b 1a 00  	addi	s6, s5, 1
80001848: 93 05 09 00  	mv	a1, s2
8000184c: 13 86 0a 00  	mv	a2, s5
80001850: 93 86 04 00  	mv	a3, s1
80001854: e7 80 09 00  	jalr	s3
80001858: 93 0a 0b 00  	mv	s5, s6
8000185c: 13 0c 0d 00  	mv	s8, s10
80001860: e3 1c 0d fc  	bnez	s10, 0x80001838 <_ntoa_long+0x2e4>
80001864: 6f 00 80 00  	j	0x8000186c <_ntoa_long+0x318>
80001868: 13 8b 0a 00  	mv	s6, s5
8000186c: 33 35 70 01  	snez	a0, s7
80001870: b3 05 4b 41  	sub	a1, s6, s4
80001874: b3 b5 85 00  	sltu	a1, a1, s0
80001878: 33 75 b5 00  	and	a0, a0, a1
8000187c: 63 08 05 02  	beqz	a0, 0x800018ac <_ntoa_long+0x358>
80001880: b3 0a 40 41  	neg	s5, s4
80001884: 13 0a 1b 00  	addi	s4, s6, 1
80001888: 13 05 00 02  	li	a0, 32
8000188c: 93 05 09 00  	mv	a1, s2
80001890: 13 06 0b 00  	mv	a2, s6
80001894: 93 86 04 00  	mv	a3, s1
80001898: e7 80 09 00  	jalr	s3
8000189c: 33 85 4a 01  	add	a0, s5, s4
800018a0: 13 0b 0a 00  	mv	s6, s4
800018a4: e3 60 85 fe  	bltu	a0, s0, 0x80001884 <_ntoa_long+0x330>
800018a8: 6f 00 80 00  	j	0x800018b0 <_ntoa_long+0x35c>
800018ac: 13 0a 0b 00  	mv	s4, s6
800018b0: 13 05 0a 00  	mv	a0, s4
800018b4: 83 20 c1 04  	lw	ra, 76(sp)
800018b8: 03 24 81 04  	lw	s0, 72(sp)
800018bc: 83 24 41 04  	lw	s1, 68(sp)
800018c0: 03 29 01 04  	lw	s2, 64(sp)
800018c4: 83 29 c1 03  	lw	s3, 60(sp)
800018c8: 03 2a 81 03  	lw	s4, 56(sp)
800018cc: 83 2a 41 03  	lw	s5, 52(sp)
800018d0: 03 2b 01 03  	lw	s6, 48(sp)
800018d4: 83 2b c1 02  	lw	s7, 44(sp)
800018d8: 03 2c 81 02  	lw	s8, 40(sp)
800018dc: 83 2c 41 02  	lw	s9, 36(sp)
800018e0: 03 2d 01 02  	lw	s10, 32(sp)
800018e4: 13 01 01 05  	addi	sp, sp, 80
800018e8: 67 80 00 00  	ret

800018ec <_ftoa>:
800018ec: 13 01 01 fb  	addi	sp, sp, -80
800018f0: 23 26 11 04  	sw	ra, 76(sp)
800018f4: 23 24 81 04  	sw	s0, 72(sp)
800018f8: 23 22 91 04  	sw	s1, 68(sp)
800018fc: 23 20 21 05  	sw	s2, 64(sp)
80001900: 23 2e 31 03  	sw	s3, 60(sp)
80001904: 23 2c 41 03  	sw	s4, 56(sp)
80001908: 23 2a 51 03  	sw	s5, 52(sp)
8000190c: 23 28 61 03  	sw	s6, 48(sp)
80001910: 23 26 71 03  	sw	s7, 44(sp)
80001914: 23 24 81 03  	sw	s8, 40(sp)
80001918: 23 22 91 03  	sw	s9, 36(sp)
8000191c: 97 18 00 00  	auipc	a7, 1
80001920: 87 b7 48 58  	fld	fa5, 1412(a7)
80001924: d3 88 a7 a2  	fle.d	a7, fa5, fa0
80001928: 93 0a 08 00  	mv	s5, a6
8000192c: 13 84 07 00  	mv	s0, a5
80001930: 93 84 06 00  	mv	s1, a3
80001934: 13 0a 06 00  	mv	s4, a2
80001938: 13 89 05 00  	mv	s2, a1
8000193c: 93 09 05 00  	mv	s3, a0
80001940: 63 94 08 0e  	bnez	a7, 0x80001a28 <_ftoa+0x13c>
80001944: 13 f5 3a 00  	andi	a0, s5, 3
80001948: 33 35 a0 00  	snez	a0, a0
8000194c: 93 35 54 00  	sltiu	a1, s0, 5
80001950: 33 e5 a5 00  	or	a0, a1, a0
80001954: 13 fb 2a 00  	andi	s6, s5, 2
80001958: 93 0a 0a 00  	mv	s5, s4
8000195c: 63 16 05 02  	bnez	a0, 0x80001988 <_ftoa+0x9c>
80001960: 93 0b c4 ff  	addi	s7, s0, -4
80001964: 13 06 0a 00  	mv	a2, s4
80001968: 93 0a 16 00  	addi	s5, a2, 1
8000196c: 13 05 00 02  	li	a0, 32
80001970: 93 05 09 00  	mv	a1, s2
80001974: 93 86 04 00  	mv	a3, s1
80001978: e7 80 09 00  	jalr	s3
8000197c: 93 8b fb ff  	addi	s7, s7, -1
80001980: 13 86 0a 00  	mv	a2, s5
80001984: e3 92 0b fe  	bnez	s7, 0x80001968 <_ftoa+0x7c>
80001988: 33 3c 60 01  	snez	s8, s6
8000198c: 13 8b 1a 00  	addi	s6, s5, 1
80001990: 13 05 d0 02  	li	a0, 45
80001994: 93 05 09 00  	mv	a1, s2
80001998: 13 86 0a 00  	mv	a2, s5
8000199c: 93 86 04 00  	mv	a3, s1
800019a0: e7 80 09 00  	jalr	s3
800019a4: 93 8b 2a 00  	addi	s7, s5, 2
800019a8: 13 05 90 06  	li	a0, 105
800019ac: 93 05 09 00  	mv	a1, s2
800019b0: 13 06 0b 00  	mv	a2, s6
800019b4: 93 86 04 00  	mv	a3, s1
800019b8: e7 80 09 00  	jalr	s3
800019bc: 13 8b 3a 00  	addi	s6, s5, 3
800019c0: 13 05 e0 06  	li	a0, 110
800019c4: 93 05 09 00  	mv	a1, s2
800019c8: 13 86 0b 00  	mv	a2, s7
800019cc: 93 86 04 00  	mv	a3, s1
800019d0: e7 80 09 00  	jalr	s3
800019d4: 93 8a 4a 00  	addi	s5, s5, 4
800019d8: 13 05 60 06  	li	a0, 102
800019dc: 93 05 09 00  	mv	a1, s2
800019e0: 13 06 0b 00  	mv	a2, s6
800019e4: 93 86 04 00  	mv	a3, s1
800019e8: e7 80 09 00  	jalr	s3
800019ec: 33 85 4a 41  	sub	a0, s5, s4
800019f0: 33 35 85 00  	sltu	a0, a0, s0
800019f4: 33 75 ac 00  	and	a0, s8, a0
800019f8: 63 0c 05 04  	beqz	a0, 0x80001a50 <_ftoa+0x164>
800019fc: 33 0b 40 41  	neg	s6, s4
80001a00: 13 8a 1a 00  	addi	s4, s5, 1
80001a04: 13 05 00 02  	li	a0, 32
80001a08: 93 05 09 00  	mv	a1, s2
80001a0c: 13 86 0a 00  	mv	a2, s5
80001a10: 93 86 04 00  	mv	a3, s1
80001a14: e7 80 09 00  	jalr	s3
80001a18: 33 05 4b 01  	add	a0, s6, s4
80001a1c: 93 0a 0a 00  	mv	s5, s4
80001a20: e3 60 85 fe  	bltu	a0, s0, 0x80001a00 <_ftoa+0x114>
80001a24: 6f 00 c0 4f  	j	0x80001f20 <_ftoa+0x634>
80001a28: 17 15 00 00  	auipc	a0, 1
80001a2c: 87 37 05 48  	fld	fa5, 1152(a0)
80001a30: 53 05 f5 a2  	fle.d	a0, fa0, fa5
80001a34: 63 12 05 02  	bnez	a0, 0x80001a58 <_ftoa+0x16c>
80001a38: 13 f5 4a 00  	andi	a0, s5, 4
80001a3c: 93 5b 25 00  	srli	s7, a0, 2
80001a40: 63 02 05 08  	beqz	a0, 0x80001ac4 <_ftoa+0x1d8>
80001a44: 17 15 00 00  	auipc	a0, 1
80001a48: 13 0c 45 3c  	addi	s8, a0, 964
80001a4c: 6f 00 00 08  	j	0x80001acc <_ftoa+0x1e0>
80001a50: 13 8a 0a 00  	mv	s4, s5
80001a54: 6f 00 c0 4c  	j	0x80001f20 <_ftoa+0x634>
80001a58: 17 15 00 00  	auipc	a0, 1
80001a5c: 87 37 85 45  	fld	fa5, 1112(a0)
80001a60: 17 15 00 00  	auipc	a0, 1
80001a64: 07 37 85 45  	fld	fa4, 1112(a0)
80001a68: 53 95 a7 a2  	flt.d	a0, fa5, fa0
80001a6c: d3 15 e5 a2  	flt.d	a1, fa0, fa4
80001a70: 33 65 b5 00  	or	a0, a0, a1
80001a74: 63 06 05 10  	beqz	a0, 0x80001b80 <_ftoa+0x294>
80001a78: 13 85 09 00  	mv	a0, s3
80001a7c: 93 05 09 00  	mv	a1, s2
80001a80: 13 06 0a 00  	mv	a2, s4
80001a84: 93 86 04 00  	mv	a3, s1
80001a88: 93 07 04 00  	mv	a5, s0
80001a8c: 13 88 0a 00  	mv	a6, s5
80001a90: 83 20 c1 04  	lw	ra, 76(sp)
80001a94: 03 24 81 04  	lw	s0, 72(sp)
80001a98: 83 24 41 04  	lw	s1, 68(sp)
80001a9c: 03 29 01 04  	lw	s2, 64(sp)
80001aa0: 83 29 c1 03  	lw	s3, 60(sp)
80001aa4: 03 2a 81 03  	lw	s4, 56(sp)
80001aa8: 83 2a 41 03  	lw	s5, 52(sp)
80001aac: 03 2b 01 03  	lw	s6, 48(sp)
80001ab0: 83 2b c1 02  	lw	s7, 44(sp)
80001ab4: 03 2c 81 02  	lw	s8, 40(sp)
80001ab8: 83 2c 41 02  	lw	s9, 36(sp)
80001abc: 13 01 01 05  	addi	sp, sp, 80
80001ac0: 6f 00 80 49  	j	0x80001f58 <_etoa>
80001ac4: 17 15 00 00  	auipc	a0, 1
80001ac8: 13 0c 95 34  	addi	s8, a0, 841
80001acc: 93 8b 3b 00  	addi	s7, s7, 3
80001ad0: 13 f5 3a 00  	andi	a0, s5, 3
80001ad4: 13 35 15 00  	seqz	a0, a0
80001ad8: b3 b5 8b 00  	sltu	a1, s7, s0
80001adc: 33 75 b5 00  	and	a0, a0, a1
80001ae0: 13 0b 0a 00  	mv	s6, s4
80001ae4: 63 06 05 02  	beqz	a0, 0x80001b10 <_ftoa+0x224>
80001ae8: b3 0c 74 41  	sub	s9, s0, s7
80001aec: 13 06 0a 00  	mv	a2, s4
80001af0: 13 0b 16 00  	addi	s6, a2, 1
80001af4: 13 05 00 02  	li	a0, 32
80001af8: 93 05 09 00  	mv	a1, s2
80001afc: 93 86 04 00  	mv	a3, s1
80001b00: e7 80 09 00  	jalr	s3
80001b04: 93 8c fc ff  	addi	s9, s9, -1
80001b08: 13 06 0b 00  	mv	a2, s6
80001b0c: e3 92 0c fe  	bnez	s9, 0x80001af0 <_ftoa+0x204>
80001b10: 93 fa 2a 00  	andi	s5, s5, 2
80001b14: 13 0c fc ff  	addi	s8, s8, -1
80001b18: 33 05 7c 01  	add	a0, s8, s7
80001b1c: 03 45 05 00  	lbu	a0, 0(a0)
80001b20: 13 06 0b 00  	mv	a2, s6
80001b24: 93 8c fb ff  	addi	s9, s7, -1
80001b28: 13 0b 1b 00  	addi	s6, s6, 1
80001b2c: 93 05 09 00  	mv	a1, s2
80001b30: 93 86 04 00  	mv	a3, s1
80001b34: e7 80 09 00  	jalr	s3
80001b38: 93 8b 0c 00  	mv	s7, s9
80001b3c: e3 9e 0c fc  	bnez	s9, 0x80001b18 <_ftoa+0x22c>
80001b40: 33 35 50 01  	snez	a0, s5
80001b44: b3 05 4b 41  	sub	a1, s6, s4
80001b48: b3 b5 85 00  	sltu	a1, a1, s0
80001b4c: 33 75 b5 00  	and	a0, a0, a1
80001b50: 63 06 05 3c  	beqz	a0, 0x80001f1c <_ftoa+0x630>
80001b54: b3 0a 40 41  	neg	s5, s4
80001b58: 13 0a 1b 00  	addi	s4, s6, 1
80001b5c: 13 05 00 02  	li	a0, 32
80001b60: 93 05 09 00  	mv	a1, s2
80001b64: 13 06 0b 00  	mv	a2, s6
80001b68: 93 86 04 00  	mv	a3, s1
80001b6c: e7 80 09 00  	jalr	s3
80001b70: 33 85 4a 01  	add	a0, s5, s4
80001b74: 13 0b 0a 00  	mv	s6, s4
80001b78: e3 60 85 fe  	bltu	a0, s0, 0x80001b58 <_ftoa+0x26c>
80001b7c: 6f 00 40 3a  	j	0x80001f20 <_ftoa+0x634>
80001b80: d3 07 00 d2  	fcvt.d.w	fa5, zero
80001b84: 53 15 f5 a2  	flt.d	a0, fa0, fa5
80001b88: 63 1c 05 00  	bnez	a0, 0x80001ba0 <_ftoa+0x2b4>
80001b8c: d3 07 a5 22  	fmv.d	fa5, fa0
80001b90: 13 f5 0a 40  	andi	a0, s5, 1024
80001b94: 93 06 07 00  	mv	a3, a4
80001b98: 63 0c 05 00  	beqz	a0, 0x80001bb0 <_ftoa+0x2c4>
80001b9c: 6f 00 80 01  	j	0x80001bb4 <_ftoa+0x2c8>
80001ba0: d3 17 a5 22  	fneg.d	fa5, fa0
80001ba4: 13 f5 0a 40  	andi	a0, s5, 1024
80001ba8: 93 06 07 00  	mv	a3, a4
80001bac: 63 14 05 00  	bnez	a0, 0x80001bb4 <_ftoa+0x2c8>
80001bb0: 93 06 60 00  	li	a3, 6
80001bb4: 13 05 a0 00  	li	a0, 10
80001bb8: 63 e2 a6 04  	bltu	a3, a0, 0x80001bfc <_ftoa+0x310>
80001bbc: 13 85 66 ff  	addi	a0, a3, -10
80001bc0: 93 05 f0 01  	li	a1, 31
80001bc4: 63 64 b5 00  	bltu	a0, a1, 0x80001bcc <_ftoa+0x2e0>
80001bc8: 13 05 f0 01  	li	a0, 31
80001bcc: 93 05 00 00  	li	a1, 0
80001bd0: 13 05 15 00  	addi	a0, a0, 1
80001bd4: 13 06 41 00  	addi	a2, sp, 4
80001bd8: 93 06 00 03  	li	a3, 48
80001bdc: b3 07 b6 00  	add	a5, a2, a1
80001be0: 93 85 15 00  	addi	a1, a1, 1
80001be4: 23 80 d7 00  	sb	a3, 0(a5)
80001be8: e3 1a b5 fe  	bne	a0, a1, 0x80001bdc <_ftoa+0x2f0>
80001bec: 13 86 f5 ff  	addi	a2, a1, -1
80001bf0: 93 37 f6 01  	sltiu	a5, a2, 31
80001bf4: b3 06 b7 40  	sub	a3, a4, a1
80001bf8: 6f 00 c0 00  	j	0x80001c04 <_ftoa+0x318>
80001bfc: 13 05 00 00  	li	a0, 0
80001c00: 93 07 10 00  	li	a5, 1
80001c04: 93 95 36 00  	slli	a1, a3, 3
80001c08: 17 16 00 00  	auipc	a2, 1
80001c0c: 13 06 06 1b  	addi	a2, a2, 432
80001c10: b3 05 b6 00  	add	a1, a2, a1
80001c14: 87 b6 05 00  	fld	fa3, 0(a1)
80001c18: d3 95 07 c2  	fcvt.w.d	a1, fa5, rtz
80001c1c: 53 87 05 d2  	fcvt.d.w	fa4, a1
80001c20: 53 f7 e7 0a  	fsub.d	fa4, fa5, fa4
80001c24: 53 f6 e6 12  	fmul.d	fa2, fa3, fa4
80001c28: 17 16 00 00  	auipc	a2, 1
80001c2c: 07 37 86 29  	fld	fa4, 664(a2)
80001c30: 53 17 16 c2  	fcvt.wu.d	a4, fa2, rtz
80001c34: d3 05 17 d2  	fcvt.d.wu	fa1, a4
80001c38: 53 76 b6 0a  	fsub.d	fa2, fa2, fa1
80001c3c: 53 06 e6 a2  	fle.d	a2, fa2, fa4
80001c40: 63 10 06 02  	bnez	a2, 0x80001c60 <_ftoa+0x374>
80001c44: 13 07 17 00  	addi	a4, a4, 1
80001c48: 53 06 17 d2  	fcvt.d.wu	fa2, a4
80001c4c: 53 16 d6 a2  	flt.d	a2, fa2, fa3
80001c50: 63 14 06 02  	bnez	a2, 0x80001c78 <_ftoa+0x38c>
80001c54: 13 07 00 00  	li	a4, 0
80001c58: 93 85 15 00  	addi	a1, a1, 1
80001c5c: 6f 00 c0 01  	j	0x80001c78 <_ftoa+0x38c>
80001c60: 53 16 e6 a2  	flt.d	a2, fa2, fa4
80001c64: 63 1a 06 00  	bnez	a2, 0x80001c78 <_ftoa+0x38c>
80001c68: 13 36 17 00  	seqz	a2, a4
80001c6c: 33 66 e6 00  	or	a2, a2, a4
80001c70: 13 76 16 00  	andi	a2, a2, 1
80001c74: 33 07 e6 00  	add	a4, a2, a4
80001c78: 63 8e 06 06  	beqz	a3, 0x80001cf4 <_ftoa+0x408>
80001c7c: 13 06 00 02  	li	a2, 32
80001c80: 63 82 07 14  	beqz	a5, 0x80001dc4 <_ftoa+0x4d8>
80001c84: b3 06 d0 40  	neg	a3, a3
80001c88: b7 d7 cc cc  	lui	a5, 838861
80001c8c: 93 87 d7 cc  	addi	a5, a5, -819
80001c90: 13 08 a0 00  	li	a6, 10
80001c94: 93 08 41 00  	addi	a7, sp, 4
80001c98: b3 32 f7 02  	mulhu	t0, a4, a5
80001c9c: 93 d2 32 00  	srli	t0, t0, 3
80001ca0: 33 83 02 03  	mul	t1, t0, a6
80001ca4: 33 03 67 40  	sub	t1, a4, t1
80001ca8: 13 63 03 03  	ori	t1, t1, 48
80001cac: b3 83 a8 00  	add	t2, a7, a0
80001cb0: 13 3e f5 01  	sltiu	t3, a0, 31
80001cb4: 13 05 15 00  	addi	a0, a0, 1
80001cb8: 23 80 63 00  	sb	t1, 0(t2)
80001cbc: 13 37 a7 00  	sltiu	a4, a4, 10
80001cc0: 13 47 17 00  	xori	a4, a4, 1
80001cc4: 33 73 ee 00  	and	t1, t3, a4
80001cc8: 93 86 16 00  	addi	a3, a3, 1
80001ccc: 13 87 02 00  	mv	a4, t0
80001cd0: e3 14 03 fc  	bnez	t1, 0x80001c98 <_ftoa+0x3ac>
80001cd4: 13 07 f5 ff  	addi	a4, a0, -1
80001cd8: 13 37 f7 01  	sltiu	a4, a4, 31
80001cdc: 93 47 17 00  	xori	a5, a4, 1
80001ce0: 13 b7 16 00  	seqz	a4, a3
80001ce4: 33 e7 e7 00  	or	a4, a5, a4
80001ce8: 63 08 07 02  	beqz	a4, 0x80001d18 <_ftoa+0x42c>
80001cec: 93 06 05 00  	mv	a3, a0
80001cf0: 6f 00 c0 05  	j	0x80001d4c <_ftoa+0x460>
80001cf4: d3 86 05 d2  	fcvt.d.w	fa3, a1
80001cf8: d3 f7 d7 0a  	fsub.d	fa5, fa5, fa3
80001cfc: 53 06 f7 a2  	fle.d	a2, fa4, fa5
80001d00: 33 76 b6 00  	and	a2, a2, a1
80001d04: b3 85 c5 00  	add	a1, a1, a2
80001d08: 93 06 f0 01  	li	a3, 31
80001d0c: 13 06 00 02  	li	a2, 32
80001d10: 63 f0 a6 06  	bgeu	a3, a0, 0x80001d70 <_ftoa+0x484>
80001d14: 6f 00 00 0b  	j	0x80001dc4 <_ftoa+0x4d8>
80001d18: 13 c7 f6 ff  	not	a4, a3
80001d1c: 13 08 41 00  	addi	a6, sp, 4
80001d20: 93 08 00 03  	li	a7, 48
80001d24: 93 06 15 00  	addi	a3, a0, 1
80001d28: b3 07 a8 00  	add	a5, a6, a0
80001d2c: 23 80 17 01  	sb	a7, 0(a5)
80001d30: 13 35 f5 01  	sltiu	a0, a0, 31
80001d34: 93 47 15 00  	xori	a5, a0, 1
80001d38: 13 35 17 00  	seqz	a0, a4
80001d3c: b3 e2 a7 00  	or	t0, a5, a0
80001d40: 13 07 f7 ff  	addi	a4, a4, -1
80001d44: 13 85 06 00  	mv	a0, a3
80001d48: e3 8e 02 fc  	beqz	t0, 0x80001d24 <_ftoa+0x438>
80001d4c: 63 9c 07 06  	bnez	a5, 0x80001dc4 <_ftoa+0x4d8>
80001d50: 13 85 16 00  	addi	a0, a3, 1
80001d54: 13 06 41 00  	addi	a2, sp, 4
80001d58: 33 06 d6 00  	add	a2, a2, a3
80001d5c: 93 06 e0 02  	li	a3, 46
80001d60: 23 00 d6 00  	sb	a3, 0(a2)
80001d64: 93 06 f0 01  	li	a3, 31
80001d68: 13 06 00 02  	li	a2, 32
80001d6c: 63 ec a6 04  	bltu	a3, a0, 0x80001dc4 <_ftoa+0x4d8>
80001d70: 37 66 66 66  	lui	a2, 419430
80001d74: 93 06 76 66  	addi	a3, a2, 1639
80001d78: 13 07 a0 00  	li	a4, 10
80001d7c: 93 07 41 00  	addi	a5, sp, 4
80001d80: 33 96 d5 02  	mulh	a2, a1, a3
80001d84: 13 58 f6 01  	srli	a6, a2, 31
80001d88: 13 56 26 40  	srai	a2, a2, 2
80001d8c: 33 08 06 01  	add	a6, a2, a6
80001d90: 33 06 e8 02  	mul	a2, a6, a4
80001d94: 33 86 c5 40  	sub	a2, a1, a2
80001d98: 93 08 06 03  	addi	a7, a2, 48
80001d9c: 13 06 15 00  	addi	a2, a0, 1
80001da0: b3 82 a7 00  	add	t0, a5, a0
80001da4: 93 85 65 ff  	addi	a1, a1, -10
80001da8: 93 b5 d5 fe  	sltiu	a1, a1, -19
80001dac: 13 35 f5 01  	sltiu	a0, a0, 31
80001db0: 33 73 b5 00  	and	t1, a0, a1
80001db4: 23 80 12 01  	sb	a7, 0(t0)
80001db8: 13 05 06 00  	mv	a0, a2
80001dbc: 93 05 08 00  	mv	a1, a6
80001dc0: e3 10 03 fc  	bnez	t1, 0x80001d80 <_ftoa+0x494>
80001dc4: 13 f5 3a 00  	andi	a0, s5, 3
80001dc8: 93 05 10 00  	li	a1, 1
80001dcc: 63 1c b5 04  	bne	a0, a1, 0x80001e24 <_ftoa+0x538>
80001dd0: 63 0e 04 00  	beqz	s0, 0x80001dec <_ftoa+0x500>
80001dd4: d3 07 00 d2  	fcvt.d.w	fa5, zero
80001dd8: d3 15 f5 a2  	flt.d	a1, fa0, fa5
80001ddc: 93 f6 ca 00  	andi	a3, s5, 12
80001de0: b3 36 d0 00  	snez	a3, a3
80001de4: b3 e5 d5 00  	or	a1, a1, a3
80001de8: 33 04 b4 40  	sub	s0, s0, a1
80001dec: 93 06 00 02  	li	a3, 32
80001df0: 93 05 04 00  	mv	a1, s0
80001df4: 63 64 d4 00  	bltu	s0, a3, 0x80001dfc <_ftoa+0x510>
80001df8: 93 05 00 02  	li	a1, 32
80001dfc: 63 74 b6 02  	bgeu	a2, a1, 0x80001e24 <_ftoa+0x538>
80001e00: 93 06 41 00  	addi	a3, sp, 4
80001e04: b3 86 c6 00  	add	a3, a3, a2
80001e08: 33 86 c5 40  	sub	a2, a1, a2
80001e0c: 13 07 00 03  	li	a4, 48
80001e10: 23 80 e6 00  	sb	a4, 0(a3)
80001e14: 13 06 f6 ff  	addi	a2, a2, -1
80001e18: 93 86 16 00  	addi	a3, a3, 1
80001e1c: e3 1a 06 fe  	bnez	a2, 0x80001e10 <_ftoa+0x524>
80001e20: 13 86 05 00  	mv	a2, a1
80001e24: 93 05 f0 01  	li	a1, 31
80001e28: 93 0b 00 02  	li	s7, 32
80001e2c: 63 e2 c5 04  	bltu	a1, a2, 0x80001e70 <_ftoa+0x584>
80001e30: d3 07 00 d2  	fcvt.d.w	fa5, zero
80001e34: d3 16 f5 a2  	flt.d	a3, fa0, fa5
80001e38: 93 05 d0 02  	li	a1, 45
80001e3c: 63 92 06 02  	bnez	a3, 0x80001e60 <_ftoa+0x574>
80001e40: 93 f6 4a 00  	andi	a3, s5, 4
80001e44: 93 05 b0 02  	li	a1, 43
80001e48: 63 9c 06 00  	bnez	a3, 0x80001e60 <_ftoa+0x574>
80001e4c: 93 f6 8a 00  	andi	a3, s5, 8
80001e50: 93 05 00 02  	li	a1, 32
80001e54: 63 96 06 00  	bnez	a3, 0x80001e60 <_ftoa+0x574>
80001e58: 93 0b 06 00  	mv	s7, a2
80001e5c: 6f 00 40 01  	j	0x80001e70 <_ftoa+0x584>
80001e60: 93 0b 16 00  	addi	s7, a2, 1
80001e64: 93 06 41 00  	addi	a3, sp, 4
80001e68: 33 86 c6 00  	add	a2, a3, a2
80001e6c: 23 00 b6 00  	sb	a1, 0(a2)
80001e70: 13 35 15 00  	seqz	a0, a0
80001e74: b3 b5 8b 00  	sltu	a1, s7, s0
80001e78: 33 75 b5 00  	and	a0, a0, a1
80001e7c: 13 0b 0a 00  	mv	s6, s4
80001e80: 63 06 05 02  	beqz	a0, 0x80001eac <_ftoa+0x5c0>
80001e84: 33 0c 74 41  	sub	s8, s0, s7
80001e88: 13 06 0a 00  	mv	a2, s4
80001e8c: 13 0b 16 00  	addi	s6, a2, 1
80001e90: 13 05 00 02  	li	a0, 32
80001e94: 93 05 09 00  	mv	a1, s2
80001e98: 93 86 04 00  	mv	a3, s1
80001e9c: e7 80 09 00  	jalr	s3
80001ea0: 13 0c fc ff  	addi	s8, s8, -1
80001ea4: 13 06 0b 00  	mv	a2, s6
80001ea8: e3 12 0c fe  	bnez	s8, 0x80001e8c <_ftoa+0x5a0>
80001eac: 93 fa 2a 00  	andi	s5, s5, 2
80001eb0: 13 0c 31 00  	addi	s8, sp, 3
80001eb4: 33 05 7c 01  	add	a0, s8, s7
80001eb8: 03 45 05 00  	lbu	a0, 0(a0)
80001ebc: 13 06 0b 00  	mv	a2, s6
80001ec0: 93 8c fb ff  	addi	s9, s7, -1
80001ec4: 13 0b 1b 00  	addi	s6, s6, 1
80001ec8: 93 05 09 00  	mv	a1, s2
80001ecc: 93 86 04 00  	mv	a3, s1
80001ed0: e7 80 09 00  	jalr	s3
80001ed4: 93 8b 0c 00  	mv	s7, s9
80001ed8: e3 9e 0c fc  	bnez	s9, 0x80001eb4 <_ftoa+0x5c8>
80001edc: 33 35 50 01  	snez	a0, s5
80001ee0: b3 05 4b 41  	sub	a1, s6, s4
80001ee4: b3 b5 85 00  	sltu	a1, a1, s0
80001ee8: 33 75 b5 00  	and	a0, a0, a1
80001eec: 63 08 05 02  	beqz	a0, 0x80001f1c <_ftoa+0x630>
80001ef0: b3 0a 40 41  	neg	s5, s4
80001ef4: 13 0a 1b 00  	addi	s4, s6, 1
80001ef8: 13 05 00 02  	li	a0, 32
80001efc: 93 05 09 00  	mv	a1, s2
80001f00: 13 06 0b 00  	mv	a2, s6
80001f04: 93 86 04 00  	mv	a3, s1
80001f08: e7 80 09 00  	jalr	s3
80001f0c: 33 85 4a 01  	add	a0, s5, s4
80001f10: 13 0b 0a 00  	mv	s6, s4
80001f14: e3 60 85 fe  	bltu	a0, s0, 0x80001ef4 <_ftoa+0x608>
80001f18: 6f 00 80 00  	j	0x80001f20 <_ftoa+0x634>
80001f1c: 13 0a 0b 00  	mv	s4, s6
80001f20: 13 05 0a 00  	mv	a0, s4
80001f24: 83 20 c1 04  	lw	ra, 76(sp)
80001f28: 03 24 81 04  	lw	s0, 72(sp)
80001f2c: 83 24 41 04  	lw	s1, 68(sp)
80001f30: 03 29 01 04  	lw	s2, 64(sp)
80001f34: 83 29 c1 03  	lw	s3, 60(sp)
80001f38: 03 2a 81 03  	lw	s4, 56(sp)
80001f3c: 83 2a 41 03  	lw	s5, 52(sp)
80001f40: 03 2b 01 03  	lw	s6, 48(sp)
80001f44: 83 2b c1 02  	lw	s7, 44(sp)
80001f48: 03 2c 81 02  	lw	s8, 40(sp)
80001f4c: 83 2c 41 02  	lw	s9, 36(sp)
80001f50: 13 01 01 05  	addi	sp, sp, 80
80001f54: 67 80 00 00  	ret

80001f58 <_etoa>:
80001f58: 13 01 01 f9  	addi	sp, sp, -112
80001f5c: 23 26 11 06  	sw	ra, 108(sp)
80001f60: 23 24 81 06  	sw	s0, 104(sp)
80001f64: 23 22 91 06  	sw	s1, 100(sp)
80001f68: 23 20 21 07  	sw	s2, 96(sp)
80001f6c: 23 2e 31 05  	sw	s3, 92(sp)
80001f70: 23 2c 41 05  	sw	s4, 88(sp)
80001f74: 23 2a 51 05  	sw	s5, 84(sp)
80001f78: 23 28 61 05  	sw	s6, 80(sp)
80001f7c: 23 26 71 05  	sw	s7, 76(sp)
80001f80: 23 24 81 05  	sw	s8, 72(sp)
80001f84: 23 22 91 05  	sw	s9, 68(sp)
80001f88: 97 18 00 00  	auipc	a7, 1
80001f8c: 87 b7 08 f4  	fld	fa5, -192(a7)
80001f90: 97 18 00 00  	auipc	a7, 1
80001f94: 07 b7 08 f4  	fld	fa4, -192(a7)
80001f98: d3 98 a7 a2  	flt.d	a7, fa5, fa0
80001f9c: d3 12 e5 a2  	flt.d	t0, fa0, fa4
80001fa0: b3 e8 58 00  	or	a7, a7, t0
80001fa4: 93 0a 08 00  	mv	s5, a6
80001fa8: 13 84 07 00  	mv	s0, a5
80001fac: 93 07 07 00  	mv	a5, a4
80001fb0: 93 84 06 00  	mv	s1, a3
80001fb4: 13 0a 06 00  	mv	s4, a2
80001fb8: 13 89 05 00  	mv	s2, a1
80001fbc: 93 09 05 00  	mv	s3, a0
80001fc0: 63 8a 08 04  	beqz	a7, 0x80002014 <_etoa+0xbc>
80001fc4: 13 85 09 00  	mv	a0, s3
80001fc8: 93 05 09 00  	mv	a1, s2
80001fcc: 13 06 0a 00  	mv	a2, s4
80001fd0: 93 86 04 00  	mv	a3, s1
80001fd4: 13 87 07 00  	mv	a4, a5
80001fd8: 93 07 04 00  	mv	a5, s0
80001fdc: 13 88 0a 00  	mv	a6, s5
80001fe0: 83 20 c1 06  	lw	ra, 108(sp)
80001fe4: 03 24 81 06  	lw	s0, 104(sp)
80001fe8: 83 24 41 06  	lw	s1, 100(sp)
80001fec: 03 29 01 06  	lw	s2, 96(sp)
80001ff0: 83 29 c1 05  	lw	s3, 92(sp)
80001ff4: 03 2a 81 05  	lw	s4, 88(sp)
80001ff8: 83 2a 41 05  	lw	s5, 84(sp)
80001ffc: 03 2b 01 05  	lw	s6, 80(sp)
80002000: 83 2b c1 04  	lw	s7, 76(sp)
80002004: 03 2c 81 04  	lw	s8, 72(sp)
80002008: 83 2c 41 04  	lw	s9, 68(sp)
8000200c: 13 01 01 07  	addi	sp, sp, 112
80002010: 6f f0 df 8d  	j	0x800018ec <_ftoa>
80002014: d3 07 00 d2  	fcvt.d.w	fa5, zero
80002018: 53 15 f5 a2  	flt.d	a0, fa0, fa5
8000201c: 63 1c 05 00  	bnez	a0, 0x80002034 <_etoa+0xdc>
80002020: d3 07 a5 22  	fmv.d	fa5, fa0
80002024: 13 f5 0a 40  	andi	a0, s5, 1024
80002028: 13 87 07 00  	mv	a4, a5
8000202c: 63 0c 05 00  	beqz	a0, 0x80002044 <_etoa+0xec>
80002030: 6f 00 80 01  	j	0x80002048 <_etoa+0xf0>
80002034: d3 17 a5 22  	fneg.d	fa5, fa0
80002038: 13 f5 0a 40  	andi	a0, s5, 1024
8000203c: 13 87 07 00  	mv	a4, a5
80002040: 63 14 05 00  	bnez	a0, 0x80002048 <_etoa+0xf0>
80002044: 13 07 60 00  	li	a4, 6
80002048: 27 3c f1 00  	fsd	fa5, 24(sp)
8000204c: 83 25 c1 01  	lw	a1, 28(sp)
80002050: 03 26 81 01  	lw	a2, 24(sp)
80002054: 93 96 15 00  	slli	a3, a1, 1
80002058: 93 95 c5 00  	slli	a1, a1, 12
8000205c: 93 d5 c5 00  	srli	a1, a1, 12
80002060: 23 28 c1 00  	sw	a2, 16(sp)
80002064: 37 06 f0 3f  	lui	a2, 261888
80002068: b3 e5 c5 00  	or	a1, a1, a2
8000206c: 23 2a b1 00  	sw	a1, 20(sp)
80002070: 07 37 01 01  	fld	fa4, 16(sp)
80002074: 97 15 00 00  	auipc	a1, 1
80002078: 87 b6 45 e6  	fld	fa3, -412(a1)
8000207c: 97 15 00 00  	auipc	a1, 1
80002080: 07 b6 45 e6  	fld	fa2, -412(a1)
80002084: 93 d6 56 01  	srli	a3, a3, 21
80002088: 93 85 16 c0  	addi	a1, a3, -1023
8000208c: d3 85 05 d2  	fcvt.d.w	fa1, a1
80002090: 43 77 c7 6a  	fmadd.d	fa4, fa4, fa2, fa3
80002094: 97 15 00 00  	auipc	a1, 1
80002098: 87 b6 45 e5  	fld	fa3, -428(a1)
8000209c: 97 15 00 00  	auipc	a1, 1
800020a0: 07 b6 45 e5  	fld	fa2, -428(a1)
800020a4: 97 15 00 00  	auipc	a1, 1
800020a8: 07 b0 45 e5  	fld	ft0, -428(a1)
800020ac: 43 f7 d5 72  	fmadd.d	fa4, fa1, fa3, fa4
800020b0: d3 15 07 c2  	fcvt.w.d	a1, fa4, rtz
800020b4: 53 87 05 d2  	fcvt.d.w	fa4, a1
800020b8: c3 76 07 62  	fmadd.d	fa3, fa4, ft0, fa2
800020bc: 17 16 00 00  	auipc	a2, 1
800020c0: 07 36 46 e4  	fld	fa2, -444(a2)
800020c4: 17 16 00 00  	auipc	a2, 1
800020c8: 87 35 46 e4  	fld	fa1, -444(a2)
800020cc: 53 96 06 c2  	fcvt.w.d	a2, fa3, rtz
800020d0: d3 06 06 d2  	fcvt.d.w	fa3, a2
800020d4: d3 f6 c6 12  	fmul.d	fa3, fa3, fa2
800020d8: 43 77 b7 6a  	fmadd.d	fa4, fa4, fa1, fa3
800020dc: d3 76 e7 12  	fmul.d	fa3, fa4, fa4
800020e0: 13 06 f6 3f  	addi	a2, a2, 1023
800020e4: 23 24 01 00  	sw	zero, 8(sp)
800020e8: 13 16 46 01  	slli	a2, a2, 20
800020ec: 23 26 c1 00  	sw	a2, 12(sp)
800020f0: 17 16 00 00  	auipc	a2, 1
800020f4: 07 36 86 e2  	fld	fa2, -472(a2)
800020f8: 17 16 00 00  	auipc	a2, 1
800020fc: 87 35 86 e2  	fld	fa1, -472(a2)
80002100: 07 30 81 00  	fld	ft0, 8(sp)
80002104: 17 16 00 00  	auipc	a2, 1
80002108: 87 30 c6 e0  	fld	ft1, -500(a2)
8000210c: 43 f6 b6 62  	fmadd.d	fa2, fa3, fa1, fa2
80002110: 17 16 00 00  	auipc	a2, 1
80002114: 87 35 86 e1  	fld	fa1, -488(a2)
80002118: d3 f0 e0 0a  	fsub.d	ft1, ft1, fa4
8000211c: 53 77 e7 02  	fadd.d	fa4, fa4, fa4
80002120: 53 f6 c6 1a  	fdiv.d	fa2, fa3, fa2
80002124: 53 76 b6 02  	fadd.d	fa2, fa2, fa1
80002128: d3 f6 c6 1a  	fdiv.d	fa3, fa3, fa2
8000212c: d3 f6 d0 02  	fadd.d	fa3, ft1, fa3
80002130: 53 77 d7 1a  	fdiv.d	fa4, fa4, fa3
80002134: 43 77 07 02  	fmadd.d	fa4, fa4, ft0, ft0
80002138: 53 96 e7 a2  	flt.d	a2, fa5, fa4
8000213c: 63 08 06 00  	beqz	a2, 0x8000214c <_etoa+0x1f4>
80002140: 97 16 00 00  	auipc	a3, 1
80002144: 87 b6 06 df  	fld	fa3, -528(a3)
80002148: 53 77 d7 12  	fmul.d	fa4, fa4, fa3
8000214c: b3 8b c5 40  	sub	s7, a1, a2
80002150: 93 85 3b 06  	addi	a1, s7, 99
80002154: 93 b5 75 0c  	sltiu	a1, a1, 199
80002158: 13 96 4a 01  	slli	a2, s5, 20
8000215c: 13 cc 55 00  	xori	s8, a1, 5
80002160: 63 5e 06 04  	bgez	a2, 0x800021bc <_etoa+0x264>
80002164: 97 15 00 00  	auipc	a1, 1
80002168: 87 b6 45 dd  	fld	fa3, -556(a1)
8000216c: 97 15 00 00  	auipc	a1, 1
80002170: 07 b6 45 dd  	fld	fa2, -556(a1)
80002174: d3 85 f6 a2  	fle.d	a1, fa3, fa5
80002178: 53 96 c7 a2  	flt.d	a2, fa5, fa2
8000217c: b3 f5 c5 00  	and	a1, a1, a2
80002180: 63 84 05 02  	beqz	a1, 0x800021a8 <_etoa+0x250>
80002184: 13 0c 00 00  	li	s8, 0
80002188: 33 a5 eb 00  	slt	a0, s7, a4
8000218c: 93 c5 fb ff  	not	a1, s7
80002190: b3 05 b7 00  	add	a1, a4, a1
80002194: 33 07 a0 40  	neg	a4, a0
80002198: 33 77 b7 00  	and	a4, a4, a1
8000219c: 93 ea 0a 40  	ori	s5, s5, 1024
800021a0: 93 0b 00 00  	li	s7, 0
800021a4: 6f 00 80 01  	j	0x800021bc <_etoa+0x264>
800021a8: 63 0a 07 00  	beqz	a4, 0x800021bc <_etoa+0x264>
800021ac: 63 16 05 00  	bnez	a0, 0x800021b8 <_etoa+0x260>
800021b0: 13 07 60 00  	li	a4, 6
800021b4: 6f 00 80 00  	j	0x800021bc <_etoa+0x264>
800021b8: 13 87 f7 ff  	addi	a4, a5, -1
800021bc: d3 06 00 d2  	fcvt.d.w	fa3, zero
800021c0: 53 15 d5 a2  	flt.d	a0, fa0, fa3
800021c4: b3 05 84 41  	sub	a1, s0, s8
800021c8: 33 36 b4 00  	sltu	a2, s0, a1
800021cc: 13 06 f6 ff  	addi	a2, a2, -1
800021d0: b3 75 b6 00  	and	a1, a2, a1
800021d4: 13 d6 1a 00  	srli	a2, s5, 1
800021d8: b3 36 80 01  	snez	a3, s8
800021dc: 33 76 d6 00  	and	a2, a2, a3
800021e0: 93 07 f6 ff  	addi	a5, a2, -1
800021e4: 63 96 0b 00  	bnez	s7, 0x800021f0 <_etoa+0x298>
800021e8: 17 16 00 00  	auipc	a2, 1
800021ec: 07 37 06 d6  	fld	fa4, -672(a2)
800021f0: b3 f7 b7 00  	and	a5, a5, a1
800021f4: 53 f5 e7 1a  	fdiv.d	fa0, fa5, fa4
800021f8: 63 04 05 00  	beqz	a0, 0x80002200 <_etoa+0x2a8>
800021fc: 53 15 a5 22  	fneg.d	fa0, fa0
80002200: 37 f5 ff ff  	lui	a0, 1048575
80002204: 13 05 f5 7f  	addi	a0, a0, 2047
80002208: 33 f8 aa 00  	and	a6, s5, a0
8000220c: 13 85 09 00  	mv	a0, s3
80002210: 93 05 09 00  	mv	a1, s2
80002214: 13 06 0a 00  	mv	a2, s4
80002218: 93 86 04 00  	mv	a3, s1
8000221c: ef f0 0f ed  	jal	0x800018ec <_ftoa>
80002220: 13 0b 05 00  	mv	s6, a0
80002224: 63 0c 0c 14  	beqz	s8, 0x8000237c <_etoa+0x424>
80002228: 93 fc 2a 00  	andi	s9, s5, 2
8000222c: 13 f5 0a 02  	andi	a0, s5, 32
80002230: 13 45 55 06  	xori	a0, a0, 101
80002234: 93 05 09 00  	mv	a1, s2
80002238: 13 06 0b 00  	mv	a2, s6
8000223c: 93 86 04 00  	mv	a3, s1
80002240: e7 80 09 00  	jalr	s3
80002244: 13 05 00 00  	li	a0, 0
80002248: 93 d5 fb 41  	srai	a1, s7, 31
8000224c: 33 c7 bb 00  	xor	a4, s7, a1
80002250: 33 07 b7 40  	sub	a4, a4, a1
80002254: 93 05 41 02  	addi	a1, sp, 36
80002258: 37 d6 cc cc  	lui	a2, 838861
8000225c: 13 06 d6 cc  	addi	a2, a2, -819
80002260: 93 06 a0 00  	li	a3, 10
80002264: b3 37 c7 02  	mulhu	a5, a4, a2
80002268: 93 d7 37 00  	srli	a5, a5, 3
8000226c: 33 88 d7 02  	mul	a6, a5, a3
80002270: 33 08 07 41  	sub	a6, a4, a6
80002274: 13 68 08 03  	ori	a6, a6, 48
80002278: 93 38 f5 01  	sltiu	a7, a0, 31
8000227c: 13 05 15 00  	addi	a0, a0, 1
80002280: 23 80 05 01  	sb	a6, 0(a1)
80002284: 13 37 a7 00  	sltiu	a4, a4, 10
80002288: 13 47 17 00  	xori	a4, a4, 1
8000228c: 33 f8 e8 00  	and	a6, a7, a4
80002290: 93 85 15 00  	addi	a1, a1, 1
80002294: 13 87 07 00  	mv	a4, a5
80002298: e3 16 08 fc  	bnez	a6, 0x80002264 <_etoa+0x30c>
8000229c: 13 0c ec ff  	addi	s8, s8, -2
800022a0: 13 06 00 02  	li	a2, 32
800022a4: 63 72 cc 0a  	bgeu	s8, a2, 0x80002348 <_etoa+0x3f0>
800022a8: 63 64 85 0b  	bltu	a0, s8, 0x80002350 <_etoa+0x3f8>
800022ac: 93 05 f0 01  	li	a1, 31
800022b0: 63 e0 a5 02  	bltu	a1, a0, 0x800022d0 <_etoa+0x378>
800022b4: 93 d5 eb 01  	srli	a1, s7, 30
800022b8: 93 f5 25 00  	andi	a1, a1, 2
800022bc: 93 85 b5 02  	addi	a1, a1, 43
800022c0: 13 06 41 02  	addi	a2, sp, 36
800022c4: 33 06 a6 00  	add	a2, a2, a0
800022c8: 13 05 15 00  	addi	a0, a0, 1
800022cc: 23 00 b6 00  	sb	a1, 0(a2)
800022d0: 93 0a 1b 00  	addi	s5, s6, 1
800022d4: 33 0b a0 40  	neg	s6, a0
800022d8: 93 05 41 02  	addi	a1, sp, 36
800022dc: 33 05 b5 00  	add	a0, a0, a1
800022e0: 93 0b f5 ff  	addi	s7, a0, -1
800022e4: 03 c5 0b 00  	lbu	a0, 0(s7)
800022e8: 13 86 0a 00  	mv	a2, s5
800022ec: 93 8a 1a 00  	addi	s5, s5, 1
800022f0: 93 05 09 00  	mv	a1, s2
800022f4: 93 86 04 00  	mv	a3, s1
800022f8: e7 80 09 00  	jalr	s3
800022fc: 13 0b 1b 00  	addi	s6, s6, 1
80002300: 93 8b fb ff  	addi	s7, s7, -1
80002304: e3 10 0b fe  	bnez	s6, 0x800022e4 <_etoa+0x38c>
80002308: 33 35 90 01  	snez	a0, s9
8000230c: b3 85 4a 41  	sub	a1, s5, s4
80002310: b3 b5 85 00  	sltu	a1, a1, s0
80002314: 33 75 b5 00  	and	a0, a0, a1
80002318: 63 00 05 06  	beqz	a0, 0x80002378 <_etoa+0x420>
8000231c: 33 0a 40 41  	neg	s4, s4
80002320: 13 8b 1a 00  	addi	s6, s5, 1
80002324: 13 05 00 02  	li	a0, 32
80002328: 93 05 09 00  	mv	a1, s2
8000232c: 13 86 0a 00  	mv	a2, s5
80002330: 93 86 04 00  	mv	a3, s1
80002334: e7 80 09 00  	jalr	s3
80002338: 33 05 6a 01  	add	a0, s4, s6
8000233c: 93 0a 0b 00  	mv	s5, s6
80002340: e3 60 85 fe  	bltu	a0, s0, 0x80002320 <_etoa+0x3c8>
80002344: 6f 00 80 03  	j	0x8000237c <_etoa+0x424>
80002348: 13 0c 00 02  	li	s8, 32
8000234c: e3 70 85 f7  	bgeu	a0, s8, 0x800022ac <_etoa+0x354>
80002350: 33 05 ac 40  	sub	a0, s8, a0
80002354: 13 06 00 03  	li	a2, 48
80002358: 23 80 c5 00  	sb	a2, 0(a1)
8000235c: 13 05 f5 ff  	addi	a0, a0, -1
80002360: 93 85 15 00  	addi	a1, a1, 1
80002364: e3 1a 05 fe  	bnez	a0, 0x80002358 <_etoa+0x400>
80002368: 13 05 0c 00  	mv	a0, s8
8000236c: 93 05 f0 01  	li	a1, 31
80002370: e3 f2 85 f5  	bgeu	a1, s8, 0x800022b4 <_etoa+0x35c>
80002374: 6f f0 df f5  	j	0x800022d0 <_etoa+0x378>
80002378: 13 8b 0a 00  	mv	s6, s5
8000237c: 13 05 0b 00  	mv	a0, s6
80002380: 83 20 c1 06  	lw	ra, 108(sp)
80002384: 03 24 81 06  	lw	s0, 104(sp)
80002388: 83 24 41 06  	lw	s1, 100(sp)
8000238c: 03 29 01 06  	lw	s2, 96(sp)
80002390: 83 29 c1 05  	lw	s3, 92(sp)
80002394: 03 2a 81 05  	lw	s4, 88(sp)
80002398: 83 2a 41 05  	lw	s5, 84(sp)
8000239c: 03 2b 01 05  	lw	s6, 80(sp)
800023a0: 83 2b c1 04  	lw	s7, 76(sp)
800023a4: 03 2c 81 04  	lw	s8, 72(sp)
800023a8: 83 2c 41 04  	lw	s9, 68(sp)
800023ac: 13 01 01 07  	addi	sp, sp, 112
800023b0: 67 80 00 00  	ret

800023b4 <snrt_putchar>:
800023b4: f3 25 40 f1  	csrr	a1, mhartid
800023b8: 13 06 80 44  	li	a2, 1096
800023bc: b3 85 c5 02  	mul	a1, a1, a2
800023c0: 17 26 00 00  	auipc	a2, 2
800023c4: 13 06 c6 bd  	addi	a2, a2, -1060
800023c8: b3 05 b6 00  	add	a1, a2, a1
800023cc: 03 a6 05 00  	lw	a2, 0(a1)
800023d0: 93 06 16 00  	addi	a3, a2, 1
800023d4: 23 a0 d5 00  	sw	a3, 0(a1)
800023d8: 33 86 c5 00  	add	a2, a1, a2
800023dc: 23 04 a6 04  	sb	a0, 72(a2)
800023e0: 03 a6 05 00  	lw	a2, 0(a1)
800023e4: 13 06 46 c0  	addi	a2, a2, -1020
800023e8: 33 36 c0 00  	snez	a2, a2
800023ec: 13 05 65 ff  	addi	a0, a0, -10
800023f0: 33 35 a0 00  	snez	a0, a0
800023f4: 33 75 c5 00  	and	a0, a0, a2
800023f8: 63 1a 05 04  	bnez	a0, 0x8000244c <snrt_putchar+0x98>
800023fc: 13 85 85 04  	addi	a0, a1, 72
80002400: 23 a6 05 00  	sw	zero, 12(a1)
80002404: 13 06 00 04  	li	a2, 64
80002408: 23 a4 c5 00  	sw	a2, 8(a1)
8000240c: 23 aa 05 00  	sw	zero, 20(a1)
80002410: 13 06 10 00  	li	a2, 1
80002414: 23 a8 c5 00  	sw	a2, 16(a1)
80002418: 23 ae 05 00  	sw	zero, 28(a1)
8000241c: 23 ac a5 00  	sw	a0, 24(a1)
80002420: 03 a5 05 00  	lw	a0, 0(a1)
80002424: 13 86 85 00  	addi	a2, a1, 8
80002428: 23 a2 05 02  	sw	zero, 36(a1)
8000242c: 23 a0 a5 02  	sw	a0, 32(a1)
80002430: 17 15 00 00  	auipc	a0, 1
80002434: 23 28 c5 a0  	sw	a2, -1520(a0)
80002438: 17 15 00 00  	auipc	a0, 1
8000243c: 03 26 85 a4  	lw	a2, -1464(a0)
80002440: e3 0e 06 fe  	beqz	a2, 0x8000243c <snrt_putchar+0x88>
80002444: 23 24 05 a4  	sw	zero, -1464(a0)
80002448: 23 a0 05 00  	sw	zero, 0(a1)
8000244c: 67 80 00 00  	ret

80002450 <sprintf_>:
80002450: 13 01 01 fe  	addi	sp, sp, -32
80002454: 23 22 11 00  	sw	ra, 4(sp)
80002458: 93 82 05 00  	mv	t0, a1
8000245c: 93 05 05 00  	mv	a1, a0
80002460: 23 2e 11 01  	sw	a7, 28(sp)
80002464: 23 2c 01 01  	sw	a6, 24(sp)
80002468: 23 2a f1 00  	sw	a5, 20(sp)
8000246c: 23 28 e1 00  	sw	a4, 16(sp)
80002470: 23 26 d1 00  	sw	a3, 12(sp)
80002474: 23 24 c1 00  	sw	a2, 8(sp)
80002478: 13 05 81 00  	addi	a0, sp, 8
8000247c: 23 20 a1 00  	sw	a0, 0(sp)
80002480: 17 05 00 00  	auipc	a0, 0
80002484: 13 05 45 02  	addi	a0, a0, 36
80002488: 13 06 f0 ff  	li	a2, -1
8000248c: 13 07 81 00  	addi	a4, sp, 8
80002490: 93 86 02 00  	mv	a3, t0
80002494: ef e0 df 80  	jal	0x80000ca0 <_vsnprintf>
80002498: 83 20 41 00  	lw	ra, 4(sp)
8000249c: 13 01 01 02  	addi	sp, sp, 32
800024a0: 67 80 00 00  	ret

800024a4 <_out_buffer>:
800024a4: 63 76 d6 00  	bgeu	a2, a3, 0x800024b0 <_out_buffer+0xc>
800024a8: b3 85 c5 00  	add	a1, a1, a2
800024ac: 23 80 a5 00  	sb	a0, 0(a1)
800024b0: 67 80 00 00  	ret

800024b4 <snprintf_>:
800024b4: 13 01 01 fe  	addi	sp, sp, -32
800024b8: 23 22 11 00  	sw	ra, 4(sp)
800024bc: 93 02 06 00  	mv	t0, a2
800024c0: 13 86 05 00  	mv	a2, a1
800024c4: 93 05 05 00  	mv	a1, a0
800024c8: 23 2e 11 01  	sw	a7, 28(sp)
800024cc: 23 2c 01 01  	sw	a6, 24(sp)
800024d0: 23 2a f1 00  	sw	a5, 20(sp)
800024d4: 23 28 e1 00  	sw	a4, 16(sp)
800024d8: 23 26 d1 00  	sw	a3, 12(sp)
800024dc: 13 05 c1 00  	addi	a0, sp, 12
800024e0: 23 20 a1 00  	sw	a0, 0(sp)
800024e4: 17 05 00 00  	auipc	a0, 0
800024e8: 13 05 05 fc  	addi	a0, a0, -64
800024ec: 13 07 c1 00  	addi	a4, sp, 12
800024f0: 93 86 02 00  	mv	a3, t0
800024f4: ef e0 cf fa  	jal	0x80000ca0 <_vsnprintf>
800024f8: 83 20 41 00  	lw	ra, 4(sp)
800024fc: 13 01 01 02  	addi	sp, sp, 32
80002500: 67 80 00 00  	ret

80002504 <vprintf_>:
80002504: 13 01 01 ff  	addi	sp, sp, -16
80002508: 23 26 11 00  	sw	ra, 12(sp)
8000250c: 13 87 05 00  	mv	a4, a1
80002510: 93 06 05 00  	mv	a3, a0
80002514: 17 f5 ff ff  	auipc	a0, 1048575
80002518: 13 05 c5 f9  	addi	a0, a0, -100
8000251c: 93 05 b1 00  	addi	a1, sp, 11
80002520: 13 06 f0 ff  	li	a2, -1
80002524: ef e0 cf f7  	jal	0x80000ca0 <_vsnprintf>
80002528: 83 20 c1 00  	lw	ra, 12(sp)
8000252c: 13 01 01 01  	addi	sp, sp, 16
80002530: 67 80 00 00  	ret

80002534 <vsnprintf_>:
80002534: 17 07 00 00  	auipc	a4, 0
80002538: 13 07 07 f7  	addi	a4, a4, -144
8000253c: 93 87 06 00  	mv	a5, a3
80002540: 93 06 06 00  	mv	a3, a2
80002544: 13 86 05 00  	mv	a2, a1
80002548: 93 05 05 00  	mv	a1, a0
8000254c: 13 05 07 00  	mv	a0, a4
80002550: 13 87 07 00  	mv	a4, a5
80002554: 6f e0 cf f4  	j	0x80000ca0 <_vsnprintf>

80002558 <fctprintf>:
80002558: 13 01 01 fd  	addi	sp, sp, -48
8000255c: 23 2a 11 00  	sw	ra, 20(sp)
80002560: 93 02 06 00  	mv	t0, a2
80002564: 23 26 11 03  	sw	a7, 44(sp)
80002568: 23 24 01 03  	sw	a6, 40(sp)
8000256c: 23 22 f1 02  	sw	a5, 36(sp)
80002570: 23 20 e1 02  	sw	a4, 32(sp)
80002574: 23 2e d1 00  	sw	a3, 28(sp)
80002578: 13 06 c1 01  	addi	a2, sp, 28
8000257c: 23 28 c1 00  	sw	a2, 16(sp)
80002580: 23 24 a1 00  	sw	a0, 8(sp)
80002584: 23 26 b1 00  	sw	a1, 12(sp)
80002588: 17 05 00 00  	auipc	a0, 0
8000258c: 13 05 85 02  	addi	a0, a0, 40
80002590: 93 05 81 00  	addi	a1, sp, 8
80002594: 13 06 f0 ff  	li	a2, -1
80002598: 13 07 c1 01  	addi	a4, sp, 28
8000259c: 93 86 02 00  	mv	a3, t0
800025a0: ef e0 0f f0  	jal	0x80000ca0 <_vsnprintf>
800025a4: 83 20 41 01  	lw	ra, 20(sp)
800025a8: 13 01 01 03  	addi	sp, sp, 48
800025ac: 67 80 00 00  	ret

800025b0 <_out_fct>:
800025b0: 63 08 05 00  	beqz	a0, 0x800025c0 <_out_fct+0x10>
800025b4: 03 a3 05 00  	lw	t1, 0(a1)
800025b8: 83 a5 45 00  	lw	a1, 4(a1)
800025bc: 67 00 03 00  	jr	t1
800025c0: 67 80 00 00  	ret

800025c4 <snrt_main>:
800025c4: 13 01 01 ff  	addi	sp, sp, -16
800025c8: 23 26 11 00  	sw	ra, 12(sp)
800025cc: 23 24 81 00  	sw	s0, 8(sp)
800025d0: f3 22 30 bc  	csrr	t0, 3011
800025d4: 93 97 02 01  	slli	a5, t0, 16
800025d8: 93 d7 07 01  	srli	a5, a5, 16
800025dc: 93 d8 02 01  	srli	a7, t0, 16
800025e0: 13 88 f8 ff  	addi	a6, a7, -1
800025e4: 63 e2 07 0b  	bltu	a5, a6, 0x80002688 <snrt_main+0xc4>
800025e8: 13 05 02 00  	mv	a0, tp
800025ec: 23 22 a1 00  	sw	a0, 4(sp)
800025f0: 03 25 41 00  	lw	a0, 4(sp)
800025f4: 97 15 00 00  	auipc	a1, 1
800025f8: 13 86 45 89  	addi	a2, a1, -1900
800025fc: 97 15 00 00  	auipc	a1, 1
80002600: 13 87 c5 88  	addi	a4, a1, -1908
80002604: 33 07 c7 40  	sub	a4, a4, a2
80002608: 63 0c 07 00  	beqz	a4, 0x80002620 <snrt_main+0x5c>
8000260c: 93 06 00 00  	li	a3, 0
80002610: 2b 00 d6 00  	<unknown>
80002614: 93 05 00 00  	li	a1, 0
80002618: 2b 00 b5 02  	<unknown>
8000261c: 2b 05 07 04  	<unknown>
80002620: 13 d5 12 01  	srli	a0, t0, 17
80002624: 63 08 05 04  	beqz	a0, 0x80002674 <snrt_main+0xb0>
80002628: 93 05 20 00  	li	a1, 2
8000262c: 13 85 08 00  	mv	a0, a7
80002630: 63 e4 15 01  	bltu	a1, a7, 0x80002638 <snrt_main+0x74>
80002634: 13 05 20 00  	li	a0, 2
80002638: 13 03 80 40  	li	t1, 1032
8000263c: b3 03 65 02  	mul	t2, a0, t1
80002640: 93 06 00 00  	li	a3, 0
80002644: 93 05 00 00  	li	a1, 0
80002648: 6f 00 c0 00  	j	0x80002654 <snrt_main+0x90>
8000264c: 13 03 83 40  	addi	t1, t1, 1032
80002650: 63 82 63 02  	beq	t2, t1, 0x80002674 <snrt_main+0xb0>
80002654: 03 25 41 00  	lw	a0, 4(sp)
80002658: 03 26 41 00  	lw	a2, 4(sp)
8000265c: e3 08 07 fe  	beqz	a4, 0x8000264c <snrt_main+0x88>
80002660: 33 05 a3 00  	add	a0, t1, a0
80002664: 2b 00 d6 00  	<unknown>
80002668: 2b 00 b5 02  	<unknown>
8000266c: 2b 05 07 04  	<unknown>
80002670: 6f f0 df fd  	j	0x8000264c <snrt_main+0x88>
80002674: 03 25 41 00  	lw	a0, 4(sp)
80002678: 33 05 e5 00  	add	a0, a0, a4
8000267c: 93 d5 02 01  	srli	a1, t0, 16
80002680: 23 22 a1 00  	sw	a0, 4(sp)
80002684: 63 96 05 1a  	bnez	a1, 0x80002830 <snrt_main+0x26c>
80002688: b3 b5 07 01  	sltu	a1, a5, a6
8000268c: 73 20 20 7c  	csrr	zero, 1986
80002690: 73 25 10 bc  	csrr	a0, 3009
80002694: 37 06 fc 00  	lui	a2, 4032
80002698: 33 75 c5 00  	and	a0, a0, a2
8000269c: 33 36 a0 00  	snez	a2, a0
800026a0: 17 15 00 00  	auipc	a0, 1
800026a4: 13 05 45 4d  	addi	a0, a0, 1236
800026a8: 97 26 00 00  	auipc	a3, 2
800026ac: 13 87 46 8f  	addi	a4, a3, -1804
800026b0: 33 07 a7 40  	sub	a4, a4, a0
800026b4: 93 36 17 00  	seqz	a3, a4
800026b8: 33 e6 c6 00  	or	a2, a3, a2
800026bc: b3 e5 c5 00  	or	a1, a1, a2
800026c0: 63 9c 05 00  	bnez	a1, 0x800026d8 <snrt_main+0x114>
800026c4: 37 06 03 10  	lui	a2, 65584
800026c8: 93 06 00 00  	li	a3, 0
800026cc: 2b 00 d6 00  	<unknown>
800026d0: 2b 00 b5 02  	<unknown>
800026d4: 2b 05 07 04  	<unknown>
800026d8: 17 05 00 00  	auipc	a0, 0
800026dc: 13 06 85 7b  	addi	a2, a0, 1976
800026e0: 17 05 00 00  	auipc	a0, 0
800026e4: 13 07 05 7b  	addi	a4, a0, 1968
800026e8: 33 07 c7 40  	sub	a4, a4, a2
800026ec: 17 05 00 00  	auipc	a0, 0
800026f0: 93 02 45 7b  	addi	t0, a0, 1972
800026f4: 17 05 00 00  	auipc	a0, 0
800026f8: 13 03 c5 79  	addi	t1, a0, 1948
800026fc: 33 05 53 40  	sub	a0, t1, t0
80002700: 33 05 e5 40  	sub	a0, a0, a4
80002704: b7 05 02 10  	lui	a1, 65568
80002708: b3 05 b5 00  	add	a1, a0, a1
8000270c: 23 20 b2 00  	sw	a1, 0(tp)
80002710: 97 15 00 00  	auipc	a1, 1
80002714: 13 84 45 47  	addi	s0, a1, 1140
80002718: 63 f6 07 03  	bgeu	a5, a6, 0x80002744 <snrt_main+0x180>
8000271c: 73 20 20 7c  	csrr	zero, 1986
80002720: ef 00 80 1a  	jal	0x800028c8 <main>
80002724: 73 20 20 7c  	csrr	zero, 1986
80002728: 2f 25 a4 00  	amoadd.w	a0, a0, (s0)
8000272c: 73 20 20 7c  	csrr	zero, 1986
80002730: 73 20 20 7c  	csrr	zero, 1986
80002734: 03 25 04 00  	lw	a0, 0(s0)
80002738: f3 25 40 f1  	csrr	a1, mhartid
8000273c: 63 92 05 0e  	bnez	a1, 0x80002820 <snrt_main+0x25c>
80002740: 6f 00 80 16  	j	0x800028a8 <snrt_main+0x2e4>
80002744: 63 00 07 02  	beqz	a4, 0x80002764 <snrt_main+0x1a0>
80002748: b7 05 02 10  	lui	a1, 65568
8000274c: 33 05 b5 00  	add	a0, a0, a1
80002750: 93 06 00 00  	li	a3, 0
80002754: 2b 00 d6 00  	<unknown>
80002758: 93 05 00 00  	li	a1, 0
8000275c: 2b 00 b5 02  	<unknown>
80002760: 2b 05 07 04  	<unknown>
80002764: b3 87 62 40  	sub	a5, t0, t1
80002768: 13 08 02 00  	mv	a6, tp
8000276c: 63 88 07 02  	beqz	a5, 0x8000279c <snrt_main+0x1d8>
80002770: 37 06 03 10  	lui	a2, 65584
80002774: 33 05 f7 00  	add	a0, a4, a5
80002778: b7 05 02 10  	lui	a1, 65568
8000277c: b3 05 b7 00  	add	a1, a4, a1
80002780: 33 85 a5 40  	sub	a0, a1, a0
80002784: 93 06 00 00  	li	a3, 0
80002788: 2b 00 d6 00  	<unknown>
8000278c: 93 05 00 00  	li	a1, 0
80002790: 2b 00 b5 02  	<unknown>
80002794: 13 87 07 00  	mv	a4, a5
80002798: 2b 05 07 04  	<unknown>
8000279c: ab 02 20 08  	<unknown>
800027a0: e3 9e 02 fe  	bnez	t0, 0x8000279c <snrt_main+0x1d8>
800027a4: 03 25 08 00  	lw	a0, 0(a6)
800027a8: b7 05 00 10  	lui	a1, 65536
800027ac: 23 22 b5 00  	sw	a1, 4(a0)
800027b0: 37 06 02 00  	lui	a2, 32
800027b4: 23 24 c5 00  	sw	a2, 8(a0)
800027b8: 23 26 b5 00  	sw	a1, 12(a0)
800027bc: 17 15 00 00  	auipc	a0, 1
800027c0: 13 05 75 7e  	addi	a0, a0, 2023
800027c4: 13 75 85 ff  	andi	a0, a0, -8
800027c8: 97 15 00 00  	auipc	a1, 1
800027cc: 93 85 85 3c  	addi	a1, a1, 968
800027d0: 23 a0 a5 00  	sw	a0, 0(a1)
800027d4: 23 a2 05 00  	sw	zero, 4(a1)
800027d8: 23 a4 a5 00  	sw	a0, 8(a1)
800027dc: 73 20 20 7c  	csrr	zero, 1986
800027e0: ef 00 80 0e  	jal	0x800028c8 <main>
800027e4: 73 20 20 7c  	csrr	zero, 1986
800027e8: 2f 25 a4 00  	amoadd.w	a0, a0, (s0)
800027ec: 73 20 20 7c  	csrr	zero, 1986
800027f0: 17 15 00 00  	auipc	a0, 1
800027f4: 13 05 c5 38  	addi	a0, a0, 908
800027f8: 83 25 45 00  	lw	a1, 4(a0)
800027fc: 13 06 10 00  	li	a2, 1
80002800: af 26 c5 00  	amoadd.w	a3, a2, (a0)
80002804: 63 84 06 08  	beqz	a3, 0x8000288c <snrt_main+0x2c8>
80002808: 03 26 45 00  	lw	a2, 4(a0)
8000280c: e3 8e c5 fe  	beq	a1, a2, 0x80002808 <snrt_main+0x244>
80002810: 73 20 20 7c  	csrr	zero, 1986
80002814: 03 25 04 00  	lw	a0, 0(s0)
80002818: f3 25 40 f1  	csrr	a1, mhartid
8000281c: 63 86 05 08  	beqz	a1, 0x800028a8 <snrt_main+0x2e4>
80002820: 83 20 c1 00  	lw	ra, 12(sp)
80002824: 03 24 81 00  	lw	s0, 8(sp)
80002828: 13 01 01 01  	addi	sp, sp, 16
8000282c: 67 80 00 00  	ret
80002830: 93 02 00 00  	li	t0, 0
80002834: 13 b5 18 00  	seqz	a0, a7
80002838: 33 85 a8 00  	add	a0, a7, a0
8000283c: 93 05 80 40  	li	a1, 1032
80002840: b3 08 b5 02  	mul	a7, a0, a1
80002844: 17 05 00 00  	auipc	a0, 0
80002848: 13 05 45 64  	addi	a0, a0, 1604
8000284c: 97 05 00 00  	auipc	a1, 0
80002850: 13 87 45 64  	addi	a4, a1, 1604
80002854: 33 07 a7 40  	sub	a4, a4, a0
80002858: 37 06 03 10  	lui	a2, 65584
8000285c: 93 06 00 00  	li	a3, 0
80002860: 93 05 00 00  	li	a1, 0
80002864: 6f 00 c0 00  	j	0x80002870 <snrt_main+0x2ac>
80002868: 93 82 82 40  	addi	t0, t0, 1032
8000286c: e3 8e 58 e0  	beq	a7, t0, 0x80002688 <snrt_main+0xc4>
80002870: 03 25 41 00  	lw	a0, 4(sp)
80002874: e3 0a 07 fe  	beqz	a4, 0x80002868 <snrt_main+0x2a4>
80002878: 33 85 a2 00  	add	a0, t0, a0
8000287c: 2b 00 d6 00  	<unknown>
80002880: 2b 00 b5 02  	<unknown>
80002884: 2b 05 07 04  	<unknown>
80002888: 6f f0 1f fe  	j	0x80002868 <snrt_main+0x2a4>
8000288c: 23 20 05 00  	sw	zero, 0(a0)
80002890: 13 05 45 00  	addi	a0, a0, 4
80002894: 2f 25 c5 00  	amoadd.w	a0, a2, (a0)
80002898: 73 20 20 7c  	csrr	zero, 1986
8000289c: 03 25 04 00  	lw	a0, 0(s0)
800028a0: f3 25 40 f1  	csrr	a1, mhartid
800028a4: e3 9e 05 f6  	bnez	a1, 0x80002820 <snrt_main+0x25c>
800028a8: 13 15 15 00  	slli	a0, a0, 1
800028ac: 13 05 15 00  	addi	a0, a0, 1
800028b0: 97 05 00 00  	auipc	a1, 0
800028b4: 23 a8 a5 58  	sw	a0, 1424(a1)
800028b8: 83 20 c1 00  	lw	ra, 12(sp)
800028bc: 03 24 81 00  	lw	s0, 8(sp)
800028c0: 13 01 01 01  	addi	sp, sp, 16
800028c4: 67 80 00 00  	ret

800028c8 <main>:
800028c8: 13 01 01 fb  	addi	sp, sp, -80
800028cc: 23 26 11 04  	sw	ra, 76(sp)
800028d0: 23 24 81 04  	sw	s0, 72(sp)
800028d4: 23 22 91 04  	sw	s1, 68(sp)
800028d8: 23 20 21 05  	sw	s2, 64(sp)
800028dc: 23 2e 31 03  	sw	s3, 60(sp)
800028e0: 23 2c 41 03  	sw	s4, 56(sp)
800028e4: 23 2a 51 03  	sw	s5, 52(sp)
800028e8: 23 28 61 03  	sw	s6, 48(sp)
800028ec: 23 26 71 03  	sw	s7, 44(sp)
800028f0: 23 24 81 03  	sw	s8, 40(sp)
800028f4: 23 22 91 03  	sw	s9, 36(sp)
800028f8: 23 20 a1 03  	sw	s10, 32(sp)
800028fc: 23 2e b1 01  	sw	s11, 28(sp)
80002900: 73 25 30 bc  	csrr	a0, 3011
80002904: 93 15 05 01  	slli	a1, a0, 16
80002908: 93 d5 05 01  	srli	a1, a1, 16
8000290c: 13 55 05 01  	srli	a0, a0, 16
80002910: 13 06 f5 ff  	addi	a2, a0, -1
80002914: 17 05 00 00  	auipc	a0, 0
80002918: 23 26 a1 00  	sw	a0, 12(sp)
8000291c: 23 24 b1 00  	sw	a1, 8(sp)
80002920: 23 22 c1 00  	sw	a2, 4(sp)
80002924: 63 f4 c5 10  	bgeu	a1, a2, 0x80002a2c <main+0x164>
80002928: 03 25 c1 00  	lw	a0, 12(sp)
8000292c: 03 05 d5 63  	lb	a0, 1597(a0)
80002930: 63 5e a0 0e  	blez	a0, 0x80002a2c <main+0x164>
80002934: 93 0a 00 00  	li	s5, 0
80002938: 97 0b 00 00  	auipc	s7, 0
8000293c: 83 c5 8b 61  	lbu	a1, 1560(s7)
80002940: 17 06 00 00  	auipc	a2, 0
80002944: 93 06 46 63  	addi	a3, a2, 1588
80002948: 17 16 00 00  	auipc	a2, 1
8000294c: 13 06 c6 02  	addi	a2, a2, 44
80002950: 23 28 c1 00  	sw	a2, 16(sp)
80002954: 17 0c 00 00  	auipc	s8, 0
80002958: 97 0c 00 00  	auipc	s9, 0
8000295c: 17 0d 00 00  	auipc	s10, 0
80002960: 97 0d 00 00  	auipc	s11, 0
80002964: 17 04 00 00  	auipc	s0, 0
80002968: 97 04 00 00  	auipc	s1, 0
8000296c: 97 19 00 00  	auipc	s3, 1
80002970: 23 2a d1 00  	sw	a3, 20(sp)
80002974: 93 86 06 10  	addi	a3, a3, 256
80002978: 23 2c d1 00  	sw	a3, 24(sp)
8000297c: 6f 00 40 01  	j	0x80002990 <main+0xc8>
80002980: 93 8a 1a 00  	addi	s5, s5, 1
80002984: 13 16 85 01  	slli	a2, a0, 24
80002988: 13 56 86 41  	srai	a2, a2, 24
8000298c: 63 d0 ca 0a  	bge	s5, a2, 0x80002a2c <main+0x164>
80002990: 13 96 85 01  	slli	a2, a1, 24
80002994: 13 56 86 41  	srai	a2, a2, 24
80002998: e3 54 c0 fe  	blez	a2, 0x80002980 <main+0xb8>
8000299c: 13 09 00 00  	li	s2, 0
800029a0: 03 2b 01 01  	lw	s6, 16(sp)
800029a4: 03 2a 41 01  	lw	s4, 20(sp)
800029a8: 93 95 85 01  	slli	a1, a1, 24
800029ac: 93 d5 85 41  	srai	a1, a1, 24
800029b0: 33 85 ba 02  	mul	a0, s5, a1
800029b4: 33 05 a9 00  	add	a0, s2, a0
800029b8: 13 15 85 00  	slli	a0, a0, 8
800029bc: 33 05 aa 00  	add	a0, s4, a0
800029c0: 03 25 05 00  	lw	a0, 0(a0)
800029c4: 83 05 4c 61  	lb	a1, 1556(s8)
800029c8: 03 86 1c 61  	lb	a2, 1553(s9)
800029cc: 83 26 4d 61  	lw	a3, 1556(s10)
800029d0: 03 87 ad 60  	lb	a4, 1546(s11)
800029d4: 83 07 74 60  	lb	a5, 1543(s0)
800029d8: 83 c8 09 22  	lbu	a7, 544(s3)
800029dc: 03 88 44 60  	lb	a6, 1540(s1)
800029e0: b3 38 10 01  	snez	a7, a7
800029e4: ef d0 9f 93  	jal	0x8000031c <scale_quant_clamp_c_spec>
800029e8: 83 c5 8b 61  	lbu	a1, 1560(s7)
800029ec: 13 96 85 01  	slli	a2, a1, 24
800029f0: 13 56 86 41  	srai	a2, a2, 24
800029f4: b3 86 ca 02  	mul	a3, s5, a2
800029f8: b3 06 d9 00  	add	a3, s2, a3
800029fc: 93 96 66 00  	slli	a3, a3, 6
80002a00: b3 06 db 00  	add	a3, s6, a3
80002a04: 23 80 a6 00  	sb	a0, 0(a3)
80002a08: 83 26 81 01  	lw	a3, 24(sp)
80002a0c: 13 0a 4a 00  	addi	s4, s4, 4
80002a10: 13 0b 1b 00  	addi	s6, s6, 1
80002a14: e3 1a da f8  	bne	s4, a3, 0x800029a8 <main+0xe0>
80002a18: 13 09 19 00  	addi	s2, s2, 1
80002a1c: e3 42 c9 f8  	blt	s2, a2, 0x800029a0 <main+0xd8>
80002a20: 03 25 c1 00  	lw	a0, 12(sp)
80002a24: 03 45 d5 63  	lbu	a0, 1597(a0)
80002a28: 6f f0 9f f5  	j	0x80002980 <main+0xb8>
80002a2c: 73 20 20 7c  	csrr	zero, 1986
80002a30: 03 25 02 00  	lw	a0, 0(tp)
80002a34: 03 24 c5 00  	lw	s0, 12(a0)
80002a38: 97 14 00 00  	auipc	s1, 1
80002a3c: 03 a7 04 15  	lw	a4, 336(s1)
80002a40: 17 0b 00 00  	auipc	s6, 0
80002a44: 03 29 4b 52  	lw	s2, 1316(s6)
80002a48: 73 25 00 b0  	csrr	a0, mcycle
80002a4c: 03 25 81 00  	lw	a0, 8(sp)
80002a50: 83 25 41 00  	lw	a1, 4(sp)
80002a54: 63 6a b5 02  	bltu	a0, a1, 0x80002a88 <main+0x1c0>
80002a58: 17 05 00 00  	auipc	a0, 0
80002a5c: 03 05 85 4f  	lb	a0, 1272(a0)
80002a60: 83 25 c1 00  	lw	a1, 12(sp)
80002a64: 83 85 d5 63  	lb	a1, 1597(a1)
80002a68: 17 06 00 00  	auipc	a2, 0
80002a6c: 03 26 c6 4e  	lw	a2, 1260(a2)
80002a70: 97 06 00 00  	auipc	a3, 0
80002a74: 83 a6 86 4e  	lw	a3, 1256(a3)
80002a78: 33 07 e4 00  	add	a4, s0, a4
80002a7c: 97 07 00 00  	auipc	a5, 0
80002a80: 93 87 87 4f  	addi	a5, a5, 1272
80002a84: ef d0 1f 81  	jal	0x80000294 <load_simd_test_data>
80002a88: 73 20 20 7c  	csrr	zero, 1986
80002a8c: 73 25 00 b0  	csrr	a0, mcycle
80002a90: 73 25 40 f1  	csrr	a0, mhartid
80002a94: 63 02 05 04  	beqz	a0, 0x80002ad8 <main+0x210>
80002a98: 13 05 00 00  	li	a0, 0
80002a9c: 83 20 c1 04  	lw	ra, 76(sp)
80002aa0: 03 24 81 04  	lw	s0, 72(sp)
80002aa4: 83 24 41 04  	lw	s1, 68(sp)
80002aa8: 03 29 01 04  	lw	s2, 64(sp)
80002aac: 83 29 c1 03  	lw	s3, 60(sp)
80002ab0: 03 2a 81 03  	lw	s4, 56(sp)
80002ab4: 83 2a 41 03  	lw	s5, 52(sp)
80002ab8: 03 2b 01 03  	lw	s6, 48(sp)
80002abc: 83 2b c1 02  	lw	s7, 44(sp)
80002ac0: 03 2c 81 02  	lw	s8, 40(sp)
80002ac4: 83 2c 41 02  	lw	s9, 36(sp)
80002ac8: 03 2d 01 02  	lw	s10, 32(sp)
80002acc: 83 2d c1 01  	lw	s11, 28(sp)
80002ad0: 13 01 01 05  	addi	sp, sp, 80
80002ad4: 67 80 00 00  	ret
80002ad8: 73 25 00 b0  	csrr	a0, mcycle
80002adc: 97 09 00 00  	auipc	s3, 0
80002ae0: 03 85 49 47  	lb	a0, 1140(s3)
80002ae4: 83 2b c1 00  	lw	s7, 12(sp)
80002ae8: 83 85 db 63  	lb	a1, 1597(s7)
80002aec: 17 06 00 00  	auipc	a2, 0
80002af0: 03 26 86 46  	lw	a2, 1128(a2)
80002af4: 97 06 00 00  	auipc	a3, 0
80002af8: 83 a6 46 46  	lw	a3, 1124(a3)
80002afc: 17 0a 00 00  	auipc	s4, 0
80002b00: 03 27 0a 46  	lw	a4, 1120(s4)
80002b04: 97 0a 00 00  	auipc	s5, 0
80002b08: 83 a7 ca 45  	lw	a5, 1116(s5)
80002b0c: 03 a8 04 15  	lw	a6, 336(s1)
80002b10: 83 28 4b 52  	lw	a7, 1316(s6)
80002b14: 33 04 24 01  	add	s0, s0, s2
80002b18: ef d0 4f ee  	jal	0x800001fc <set_streamer_simd_csr>
80002b1c: ef d0 0f f3  	jal	0x8000024c <start_streamer_simd>
80002b20: 17 05 00 00  	auipc	a0, 0
80002b24: 03 45 85 44  	lbu	a0, 1096(a0)
80002b28: 97 05 00 00  	auipc	a1, 0
80002b2c: 83 c5 15 44  	lbu	a1, 1089(a1)
80002b30: 17 06 00 00  	auipc	a2, 0
80002b34: 03 46 a6 43  	lbu	a2, 1082(a2)
80002b38: 97 06 00 00  	auipc	a3, 0
80002b3c: 83 c6 36 43  	lbu	a3, 1075(a3)
80002b40: ef d0 0f e9  	jal	0x800001d0 <gen_csr0_config>
80002b44: 97 05 00 00  	auipc	a1, 0
80002b48: 17 16 00 00  	auipc	a2, 1
80002b4c: 83 46 46 04  	lbu	a3, 68(a2)
80002b50: 03 c6 85 42  	lbu	a2, 1064(a1)
80002b54: 93 04 05 00  	mv	s1, a0
80002b58: b3 35 d0 00  	snez	a1, a3
80002b5c: 13 05 06 00  	mv	a0, a2
80002b60: ef d0 cf e8  	jal	0x800001ec <gen_csr1_config>
80002b64: 97 05 00 00  	auipc	a1, 0
80002b68: 83 a5 c5 40  	lw	a1, 1036(a1)
80002b6c: 13 09 05 00  	mv	s2, a0
80002b70: 13 85 05 00  	mv	a0, a1
80002b74: ef d0 4f e8  	jal	0x800001f8 <gen_csr2_config>
80002b78: 83 85 49 47  	lb	a1, 1140(s3)
80002b7c: 83 86 db 63  	lb	a3, 1597(s7)
80002b80: 13 06 05 00  	mv	a2, a0
80002b84: b3 86 b6 02  	mul	a3, a3, a1
80002b88: 13 85 04 00  	mv	a0, s1
80002b8c: 93 05 09 00  	mv	a1, s2
80002b90: ef d0 4f ec  	jal	0x80000254 <set_simd_csr>
80002b94: ef d0 4f ed  	jal	0x80000268 <start_simd>
80002b98: ef d0 8f ed  	jal	0x80000270 <wait_streamer_simd>
80002b9c: 73 25 00 b0  	csrr	a0, mcycle
80002ba0: 03 85 49 47  	lb	a0, 1140(s3)
80002ba4: 83 85 db 63  	lb	a1, 1597(s7)
80002ba8: 03 26 0a 46  	lw	a2, 1120(s4)
80002bac: 83 a6 ca 45  	lw	a3, 1116(s5)
80002bb0: 17 17 00 00  	auipc	a4, 1
80002bb4: 93 07 47 bc  	addi	a5, a4, -1084
80002bb8: 13 07 04 00  	mv	a4, s0
80002bbc: 83 20 c1 04  	lw	ra, 76(sp)
80002bc0: 03 24 81 04  	lw	s0, 72(sp)
80002bc4: 83 24 41 04  	lw	s1, 68(sp)
80002bc8: 03 29 01 04  	lw	s2, 64(sp)
80002bcc: 83 29 c1 03  	lw	s3, 60(sp)
80002bd0: 03 2a 81 03  	lw	s4, 56(sp)
80002bd4: 83 2a 41 03  	lw	s5, 52(sp)
80002bd8: 03 2b 01 03  	lw	s6, 48(sp)
80002bdc: 83 2b c1 02  	lw	s7, 44(sp)
80002be0: 03 2c 81 02  	lw	s8, 40(sp)
80002be4: 83 2c 41 02  	lw	s9, 36(sp)
80002be8: 03 2d 01 02  	lw	s10, 32(sp)
80002bec: 83 2d c1 01  	lw	s11, 28(sp)
80002bf0: 13 01 01 05  	addi	sp, sp, 80
80002bf4: 6f d0 cf fa  	j	0x800003a0 <check_simd_result>

Disassembly of section .rodata:

80002bf8 <.rodata>:
80002bf8: 94 0d        	<unknown>
80002bfa: 00 80        	<unknown>
80002bfc: ac 0d        	<unknown>
80002bfe: 00 80        	<unknown>
80002c00: ac 0d        	<unknown>
80002c02: 00 80        	<unknown>
80002c04: 60 0d        	<unknown>
80002c06: 00 80        	<unknown>
80002c08: ac 0d        	<unknown>
80002c0a: 00 80        	<unknown>
80002c0c: ac 0d        	<unknown>
80002c0e: 00 80        	<unknown>
80002c10: ac 0d        	<unknown>
80002c12: 00 80        	<unknown>
80002c14: ac 0d        	<unknown>
80002c16: 00 80        	<unknown>
80002c18: ac 0d        	<unknown>
80002c1a: 00 80        	<unknown>
80002c1c: ac 0d        	<unknown>
80002c1e: 00 80        	<unknown>
80002c20: ac 0d        	<unknown>
80002c22: 00 80        	<unknown>
80002c24: 9c 0d        	<unknown>
80002c26: 00 80        	<unknown>
80002c28: ac 0d        	<unknown>
80002c2a: 00 80        	<unknown>
80002c2c: a4 0d        	<unknown>
80002c2e: 00 80        	<unknown>
80002c30: ac 0d        	<unknown>
80002c32: 00 80        	<unknown>
80002c34: ac 0d        	<unknown>
80002c36: 00 80        	<unknown>
80002c38: 64 0d        	<unknown>
80002c3a: 00 80        	<unknown>
80002c3c: f4 0e        	<unknown>
80002c3e: 00 80        	<unknown>
80002c40: 0c 0f        	<unknown>
80002c42: 00 80        	<unknown>
80002c44: 14 0f        	<unknown>
80002c46: 00 80        	<unknown>
80002c48: 34 0f        	<unknown>
80002c4a: 00 80        	<unknown>
80002c4c: 34 0f        	<unknown>
80002c4e: 00 80        	<unknown>
80002c50: 34 0f        	<unknown>
80002c52: 00 80        	<unknown>
80002c54: 28 0f        	<unknown>
80002c56: 00 80        	<unknown>
80002c58: 34 0f        	<unknown>
80002c5a: 00 80        	<unknown>
80002c5c: 34 0f        	<unknown>
80002c5e: 00 80        	<unknown>
80002c60: 28 0f        	<unknown>
80002c62: 00 80        	<unknown>
80002c64: 54 10        	<unknown>
80002c66: 00 80        	<unknown>
80002c68: 60 10        	<unknown>
80002c6a: 00 80        	<unknown>
80002c6c: 60 10        	<unknown>
80002c6e: 00 80        	<unknown>
80002c70: 60 10        	<unknown>
80002c72: 00 80        	<unknown>
80002c74: 60 10        	<unknown>
80002c76: 00 80        	<unknown>
80002c78: 60 10        	<unknown>
80002c7a: 00 80        	<unknown>
80002c7c: 60 10        	<unknown>
80002c7e: 00 80        	<unknown>
80002c80: 60 10        	<unknown>
80002c82: 00 80        	<unknown>
80002c84: 60 10        	<unknown>
80002c86: 00 80        	<unknown>
80002c88: 60 10        	<unknown>
80002c8a: 00 80        	<unknown>
80002c8c: 60 10        	<unknown>
80002c8e: 00 80        	<unknown>
80002c90: 60 10        	<unknown>
80002c92: 00 80        	<unknown>
80002c94: 60 10        	<unknown>
80002c96: 00 80        	<unknown>
80002c98: 60 10        	<unknown>
80002c9a: 00 80        	<unknown>
80002c9c: 60 10        	<unknown>
80002c9e: 00 80        	<unknown>
80002ca0: 60 10        	<unknown>
80002ca2: 00 80        	<unknown>
80002ca4: 60 10        	<unknown>
80002ca6: 00 80        	<unknown>
80002ca8: 60 10        	<unknown>
80002caa: 00 80        	<unknown>
80002cac: 60 10        	<unknown>
80002cae: 00 80        	<unknown>
80002cb0: 60 10        	<unknown>
80002cb2: 00 80        	<unknown>
80002cb4: 60 10        	<unknown>
80002cb6: 00 80        	<unknown>
80002cb8: 60 10        	<unknown>
80002cba: 00 80        	<unknown>
80002cbc: 60 10        	<unknown>
80002cbe: 00 80        	<unknown>
80002cc0: 60 10        	<unknown>
80002cc2: 00 80        	<unknown>
80002cc4: 60 10        	<unknown>
80002cc6: 00 80        	<unknown>
80002cc8: 60 10        	<unknown>
80002cca: 00 80        	<unknown>
80002ccc: 60 10        	<unknown>
80002cce: 00 80        	<unknown>
80002cd0: 60 10        	<unknown>
80002cd2: 00 80        	<unknown>
80002cd4: 60 10        	<unknown>
80002cd6: 00 80        	<unknown>
80002cd8: 60 10        	<unknown>
80002cda: 00 80        	<unknown>
80002cdc: 60 10        	<unknown>
80002cde: 00 80        	<unknown>
80002ce0: 60 10        	<unknown>
80002ce2: 00 80        	<unknown>
80002ce4: e8 0f        	<unknown>
80002ce6: 00 80        	<unknown>
80002ce8: 90 0f        	<unknown>
80002cea: 00 80        	<unknown>
80002cec: e0 0f        	<unknown>
80002cee: 00 80        	<unknown>
80002cf0: 60 10        	<unknown>
80002cf2: 00 80        	<unknown>
80002cf4: 60 10        	<unknown>
80002cf6: 00 80        	<unknown>
80002cf8: 60 10        	<unknown>
80002cfa: 00 80        	<unknown>
80002cfc: 60 10        	<unknown>
80002cfe: 00 80        	<unknown>
80002d00: 60 10        	<unknown>
80002d02: 00 80        	<unknown>
80002d04: 60 10        	<unknown>
80002d06: 00 80        	<unknown>
80002d08: 60 10        	<unknown>
80002d0a: 00 80        	<unknown>
80002d0c: 60 10        	<unknown>
80002d0e: 00 80        	<unknown>
80002d10: 60 10        	<unknown>
80002d12: 00 80        	<unknown>
80002d14: 60 10        	<unknown>
80002d16: 00 80        	<unknown>
80002d18: 60 10        	<unknown>
80002d1a: 00 80        	<unknown>
80002d1c: 60 10        	<unknown>
80002d1e: 00 80        	<unknown>
80002d20: 60 10        	<unknown>
80002d22: 00 80        	<unknown>
80002d24: 60 10        	<unknown>
80002d26: 00 80        	<unknown>
80002d28: 60 10        	<unknown>
80002d2a: 00 80        	<unknown>
80002d2c: 60 10        	<unknown>
80002d2e: 00 80        	<unknown>
80002d30: 68 0f        	<unknown>
80002d32: 00 80        	<unknown>
80002d34: 60 10        	<unknown>
80002d36: 00 80        	<unknown>
80002d38: 60 10        	<unknown>
80002d3a: 00 80        	<unknown>
80002d3c: 60 10        	<unknown>
80002d3e: 00 80        	<unknown>
80002d40: 60 10        	<unknown>
80002d42: 00 80        	<unknown>
80002d44: 60 10        	<unknown>
80002d46: 00 80        	<unknown>
80002d48: 60 10        	<unknown>
80002d4a: 00 80        	<unknown>
80002d4c: 60 10        	<unknown>
80002d4e: 00 80        	<unknown>
80002d50: 60 10        	<unknown>
80002d52: 00 80        	<unknown>
80002d54: 60 10        	<unknown>
80002d56: 00 80        	<unknown>
80002d58: 78 10        	<unknown>
80002d5a: 00 80        	<unknown>
80002d5c: 40 11        	<unknown>
80002d5e: 00 80        	<unknown>
80002d60: 60 0f        	<unknown>
80002d62: 00 80        	<unknown>
80002d64: e8 0f        	<unknown>
80002d66: 00 80        	<unknown>
80002d68: 90 0f        	<unknown>
80002d6a: 00 80        	<unknown>
80002d6c: e0 0f        	<unknown>
80002d6e: 00 80        	<unknown>
80002d70: 60 10        	<unknown>
80002d72: 00 80        	<unknown>
80002d74: 60 0f        	<unknown>
80002d76: 00 80        	<unknown>
80002d78: 60 10        	<unknown>
80002d7a: 00 80        	<unknown>
80002d7c: 60 10        	<unknown>
80002d7e: 00 80        	<unknown>
80002d80: 60 10        	<unknown>
80002d82: 00 80        	<unknown>
80002d84: 60 10        	<unknown>
80002d86: 00 80        	<unknown>
80002d88: 60 10        	<unknown>
80002d8a: 00 80        	<unknown>
80002d8c: 7c 10        	<unknown>
80002d8e: 00 80        	<unknown>
80002d90: e4 11        	<unknown>
80002d92: 00 80        	<unknown>
80002d94: 60 10        	<unknown>
80002d96: 00 80        	<unknown>
80002d98: 60 10        	<unknown>
80002d9a: 00 80        	<unknown>
80002d9c: 18 12        	<unknown>
80002d9e: 00 80        	<unknown>
80002da0: 60 10        	<unknown>
80002da2: 00 80        	<unknown>
80002da4: 60 0f        	<unknown>
80002da6: 00 80        	<unknown>
80002da8: 60 10        	<unknown>
80002daa: 00 80        	<unknown>
80002dac: 60 10        	<unknown>
80002dae: 00 80        	<unknown>
80002db0: 68 0f        	<unknown>
80002db2: 00 80        	<unknown>
80002db4: 00 00        	<unknown>
80002db6: 00 00        	<unknown>

80002db8 <_ftoa.pow10>:
80002db8: 00 00        	<unknown>
80002dba: 00 00        	<unknown>
80002dbc: 00 00        	<unknown>
80002dbe: f0 3f        	<unknown>
80002dc0: 00 00        	<unknown>
80002dc2: 00 00        	<unknown>
80002dc4: 00 00        	<unknown>
80002dc6: 24 40        	<unknown>
80002dc8: 00 00        	<unknown>
80002dca: 00 00        	<unknown>
80002dcc: 00 00        	<unknown>
80002dce: 59 40        	<unknown>
80002dd0: 00 00        	<unknown>
80002dd2: 00 00        	<unknown>
80002dd4: 00 40        	<unknown>
80002dd6: 8f 40 00 00  	<unknown>
80002dda: 00 00        	<unknown>
80002ddc: 00 88        	<unknown>
80002dde: c3 40 00 00  	fmadd.s	ft1, ft0, ft0, ft0, rmm
80002de2: 00 00        	<unknown>
80002de4: 00 6a        	<unknown>
80002de6: f8 40        	<unknown>
80002de8: 00 00        	<unknown>
80002dea: 00 00        	<unknown>
80002dec: 80 84        	<unknown>
80002dee: 2e 41        	<unknown>
80002df0: 00 00        	<unknown>
80002df2: 00 00        	<unknown>
80002df4: d0 12        	<unknown>
80002df6: 63 41 00 00  	bltz	zero, 0x80002df8 <_ftoa.pow10+0x40>
80002dfa: 00 00        	<unknown>
80002dfc: 84 d7        	<unknown>
80002dfe: 97 41 00 00  	auipc	gp, 4
80002e02: 00 00        	<unknown>
80002e04: 65 cd        	<unknown>
80002e06: cd 41        	<unknown>
80002e08: 66 6e        	<unknown>
80002e0a: 69 2b        	<unknown>
80002e0c: 00 66        	<unknown>
80002e0e: 6e 69        	<unknown>
80002e10: 00 00        	<unknown>
80002e12: 00 00        	<unknown>

Disassembly of section .htif:

80002e40 <tohost>:
		...

80002e80 <fromhost>:
		...

Disassembly of section .tbss:

80002e88 <__tbss_start>:
...

Disassembly of section .cbss:

80002e90 <_cls>:
		...

Disassembly of section .sdata:

80002ea0 <__SDATA_BEGIN__>:
80002ea0: ff ff ff ff  	<unknown>
80002ea4: ff ff ef ff  	<unknown>
80002ea8: ff ff ff ff  	<unknown>
80002eac: ff ff ef 7f  	<unknown>
80002eb0: 00 00        	<unknown>
80002eb2: 00 00        	<unknown>
80002eb4: 65 cd        	<unknown>
80002eb6: cd 41        	<unknown>
80002eb8: 00 00        	<unknown>
80002eba: 00 00        	<unknown>
80002ebc: 65 cd        	<unknown>
80002ebe: cd c1        	<unknown>
80002ec0: 00 00        	<unknown>
80002ec2: 00 00        	<unknown>
80002ec4: 00 00        	<unknown>
80002ec6: e0 3f        	<unknown>
80002ec8: ff ff ff ff  	<unknown>
80002ecc: ff ff ef 7f  	<unknown>
80002ed0: ff ff ff ff  	<unknown>
80002ed4: ff ff ef ff  	<unknown>
80002ed8: b8 80        	<unknown>
80002eda: 76 cf        	<unknown>
80002edc: 66 86        	<unknown>
80002ede: d0 bf        	<unknown>
80002ee0: 61 43        	<unknown>
80002ee2: 6f 63 a7 87  	jal	t1, 0x7ff78f5c <$d.5+0x7ff78f5c>
80002ee6: d2 3f        	<unknown>
80002ee8: fb 79 9f 50  	<unknown>
80002eec: 13 44 d3 3f  	xori	s0, t1, 1021
80002ef0: 00 00        	<unknown>
80002ef2: 00 00        	<unknown>
80002ef4: 00 00        	<unknown>
80002ef6: e0 3f        	<unknown>
80002ef8: 71 a3        	<unknown>
80002efa: 79 09        	<unknown>
80002efc: 4f 93 0a 40  	fnmadd.s	ft6, fs5, ft0, fs0, rtz
80002f00: ef 39 fa fe  	jal	s3, 0x7ffa6eee <$d.5+0x7ffa6eee>
80002f04: 42 2e        	<unknown>
80002f06: e6 bf        	<unknown>
80002f08: 16 55        	<unknown>
80002f0a: b5 bb        	<unknown>
80002f0c: b1 6b        	<unknown>
80002f0e: 02 40        	<unknown>
80002f10: 00 00        	<unknown>
80002f12: 00 00        	<unknown>
80002f14: 00 00        	<unknown>
80002f16: 00 40        	<unknown>
80002f18: 00 00        	<unknown>
80002f1a: 00 00        	<unknown>
80002f1c: 00 00        	<unknown>
80002f1e: 24 40        	<unknown>
80002f20: 92 24        	<unknown>
80002f22: 49 92        	<unknown>
80002f24: 24 49        	<unknown>
80002f26: b2 3f        	<unknown>
80002f28: 00 00        	<unknown>
80002f2a: 00 00        	<unknown>
80002f2c: 00 00        	<unknown>
80002f2e: 18 40        	<unknown>
80002f30: 9a 99        	<unknown>
80002f32: 99 99        	<unknown>
80002f34: 99 99        	<unknown>
80002f36: b9 3f        	<unknown>
80002f38: 2d 43        	<unknown>
80002f3a: 1c eb        	<unknown>
80002f3c: e2 36        	<unknown>
80002f3e: 1a 3f        	<unknown>
80002f40: 00 00        	<unknown>
80002f42: 00 00        	<unknown>
80002f44: 80 84        	<unknown>
80002f46: 2e 41        	<unknown>
80002f48: 00 00        	<unknown>
80002f4a: 00 00        	<unknown>
80002f4c: 00 00        	<unknown>
80002f4e: f0 3f        	<unknown>

80002f50 <tempLoop0>:
80002f50: 02 04        	<unknown>

80002f51 <tempLoop1>:
80002f51: 04 00        	<unknown>
80002f53: 00 00        	<unknown>

80002f54 <tempStride0_in>:
80002f54: 00 01        	<unknown>
80002f56: 00 00        	<unknown>

80002f58 <tempStride1_in>:
80002f58: 00 04        	<unknown>
80002f5a: 00 00        	<unknown>

80002f5c <tempStride0_out>:
80002f5c: 40 00        	<unknown>
80002f5e: 00 00        	<unknown>

80002f60 <tempStride1_out>:
80002f60: 00 01        	<unknown>
80002f62: 00 00        	<unknown>

80002f64 <delta_local_out>:
80002f64: 00 10        	<unknown>
80002f66: 00 00        	<unknown>

80002f68 <input_zp_i>:
80002f68: e6 33        	<unknown>

80002f69 <output_zp_i>:
80002f69: 33 1c 7f 80  	<unknown>

80002f6a <shift_i>:
80002f6a: 1c 7f        	<unknown>

80002f6b <max_int_i>:
80002f6b: 7f 80 00 00  	<unknown>

80002f6c <min_int_i>:
80002f6c: 80 00        	<unknown>
80002f6e: 00 00        	<unknown>

80002f70 <multiplier_i>:
80002f70: 0e 95        	<unknown>
80002f72: f5 ae        	<unknown>

Disassembly of section .data:

80002f74 <__DATA_BEGIN__>:
80002f74: 6a f4        	<unknown>
80002f76: 63 3b 47 d4  	<unknown>
80002f7a: 99 47        	<unknown>
80002f7c: bc ae        	<unknown>
80002f7e: 41 19        	<unknown>
80002f80: 14 2c        	<unknown>
80002f82: cb 18 66 d6  	<unknown>
80002f86: f0 a7        	<unknown>
80002f88: 79 18        	<unknown>
80002f8a: 22 f2        	<unknown>
80002f8c: d2 41        	<unknown>
80002f8e: ef a7 d6 f4  	jal	a5, 0x7ff6deda <$d.5+0x7ff6deda>
80002f92: 97 99 4a 91  	auipc	s3, 595113
80002f96: de 8e        	<unknown>
80002f98: ca 55        	<unknown>
80002f9a: 91 f5        	<unknown>
80002f9c: 57 b8 bd 5d  	<unknown>
80002fa0: 74 ed        	<unknown>
80002fa2: 6d d5        	<unknown>
80002fa4: 63 ac e2 19  	<unknown>
80002fa8: 67 eb 92 a4  	<unknown>
80002fac: 97 3e 44 35  	auipc	t4, 218179
80002fb0: 82 a0        	<unknown>
80002fb2: a0 26        	<unknown>
80002fb4: 95 06        	<unknown>
80002fb6: 45 85        	<unknown>
80002fb8: 34 fd        	<unknown>
80002fba: 70 8e        	<unknown>
80002fbc: 01 03        	<unknown>
80002fbe: 4c 78        	<unknown>
80002fc0: 57 e9 d4 38  	<unknown>
80002fc4: eb f5 1a 55  	<unknown>
80002fc8: 9d fd        	<unknown>
80002fca: 44 70        	<unknown>
80002fcc: 25 db        	<unknown>
80002fce: 5b b6 81 09  	<unknown>
80002fd2: 33 80 bf 14  	<unknown>
80002fd6: 8c ae        	<unknown>
80002fd8: bb 93 01 7e  	<unknown>
80002fdc: 14 99        	<unknown>
80002fde: f3 ae a0 44  	csrrs	t4, 1098, ra
80002fe2: 13 1e cb d1  	<unknown>
80002fe6: e2 cd        	<unknown>
80002fe8: 39 4d        	<unknown>
80002fea: 95 1c        	<unknown>
80002fec: 15 70        	<unknown>
80002fee: 56 06        	<unknown>
80002ff0: fc 18        	<unknown>
80002ff2: cf 81 eb f2  	fnmadd.d	ft3, fs7, fa4, ft10, rne
80002ff6: 93 ee 58 6b  	ori	t4, a7, 1717
80002ffa: e7 85 30 fe  	jalr	a1, -29(ra)
80002ffe: 8d ca        	<unknown>
80003000: da a1        	<unknown>
80003002: 57 06 3a 64  	<unknown>
80003006: a2 1c        	<unknown>
80003008: fe 49        	<unknown>
8000300a: 5d e6        	<unknown>
8000300c: a9 de        	<unknown>
8000300e: b5 a3        	<unknown>
80003010: ff 47 f2 8b  	<unknown>
80003014: db fd c9 ca  	<unknown>
80003018: bb 0a 48 79  	<unknown>
8000301c: cf e3 c9 dd  	<unknown>
80003020: 0e e7        	<unknown>
80003022: 96 bb        	<unknown>
80003024: bd 00        	<unknown>
80003026: c1 f4        	<unknown>
80003028: bd fb        	<unknown>
8000302a: 31 97        	<unknown>
8000302c: ae 4a        	<unknown>
8000302e: 01 49        	<unknown>
80003030: bd 8b        	<unknown>
80003032: 4e 1e        	<unknown>
80003034: 32 d2        	<unknown>
80003036: 1d b3        	<unknown>
80003038: 6b 07 e9 e1  	<unknown>
8000303c: 36 de        	<unknown>
8000303e: a4 03        	<unknown>
80003040: f3 04 b5 7b  	<unknown>
80003044: 3f 7b a8 17  	<unknown>
80003048: f8 c5        	<unknown>
8000304a: 7d f7        	<unknown>
8000304c: 82 2c        	<unknown>
8000304e: e4 8b        	<unknown>
80003050: e4 0d        	<unknown>
80003052: 25 5c        	<unknown>
80003054: 32 0f        	<unknown>
80003056: 88 1b        	<unknown>
80003058: 86 a2        	<unknown>
8000305a: 28 2e        	<unknown>
8000305c: 14 78        	<unknown>
8000305e: a7 ab 48 eb  	fsw	fs4, -329(a7)
80003062: 53 f3 a6 38  	<unknown>
80003066: a7 90 11 55  	fsh	fa7, 1345(gp)
8000306a: 65 83        	<unknown>
8000306c: 83 29 ea 72  	lw	s3, 1838(s4)
80003070: 58 22        	<unknown>
80003072: 34 71        	<unknown>
80003074: 3b a9 33 77  	<unknown>
80003078: 0d a8        	<unknown>
8000307a: 33 10 f1 20  	<unknown>
8000307e: f3 4e f9 a7  	<unknown>
80003082: aa e2        	<unknown>
80003084: 08 2b        	<unknown>
80003086: fb cd 59 5d  	<unknown>
8000308a: 16 84        	<unknown>
8000308c: 34 0a        	<unknown>
8000308e: 01 99        	<unknown>
80003090: 81 db        	<unknown>
80003092: 1b bb 53 e5  	<unknown>
80003096: 29 2f        	<unknown>
80003098: 5b d8 b3 bd  	<unknown>
8000309c: 6e d5        	<unknown>
8000309e: ad f0        	<unknown>
800030a0: bb 5b ea 2e  	<unknown>
800030a4: c6 e5        	<unknown>
800030a6: 3d 9f        	<unknown>
800030a8: ab bd 28 1c  	<unknown>
800030ac: fc e9        	<unknown>
800030ae: c3 fe 07 43  	fmadd.d	ft9, fa5, fa6, fs0
800030b2: 4c 55        	<unknown>
800030b4: ae af        	<unknown>
800030b6: cd 88        	<unknown>
800030b8: 22 a0        	<unknown>
800030ba: 61 ac        	<unknown>
800030bc: cd 38        	<unknown>
800030be: c9 68        	<unknown>
800030c0: 50 8c        	<unknown>
800030c2: 1c e4        	<unknown>
800030c4: a3 67 3f c2  	<unknown>
800030c8: 31 06        	<unknown>
800030ca: a7 ae 67 0f  	fsw	fs6, 253(a5)
800030ce: 9b 29 83 5d  	<unknown>
800030d2: 5f 41 01 4c  	<unknown>
800030d6: cc cf        	<unknown>
800030d8: fd 03        	<unknown>
800030da: d7 ec 85 2d  	<unknown>
800030de: 23 05 35 aa  	sb	gp, -1366(a0)
800030e2: 3b b5 69 34  	<unknown>
800030e6: f5 0b        	<unknown>
800030e8: 03 cf 54 11  	lbu	t5, 277(s1)
800030ec: 35 9f        	<unknown>
800030ee: 52 af        	<unknown>
800030f0: dc 25        	<unknown>
800030f2: 04 88        	<unknown>
800030f4: be b2        	<unknown>
800030f6: 36 78        	<unknown>
800030f8: 91 f9        	<unknown>
800030fa: 9f 57 d9 1a  	<unknown>
800030fe: 6f 46 2b 16  	jal	a2, 0x800b7260 <_edram+0xb32c4>
80003102: 23 f3 a1 00  	<unknown>
80003106: 83 70 c9 90  	<unknown>
8000310a: 28 e5        	<unknown>
8000310c: bd 67        	<unknown>
8000310e: 13 65 e3 83  	ori	a0, t1, -1986
80003112: 39 6d        	<unknown>
80003114: 0d f9        	<unknown>
80003116: 0f 19 5e 7f  	<unknown>
8000311a: 2e 3a        	<unknown>
8000311c: 2f f3 ff 6b  	<unknown>
80003120: 0e 2d        	<unknown>
80003122: 98 d3        	<unknown>
80003124: c7 71 a7 96  	<unknown>
80003128: cd 9d        	<unknown>
8000312a: 08 12        	<unknown>
8000312c: d6 ee        	<unknown>
8000312e: 2b b2 fb 64  	<unknown>
80003132: 55 05        	<unknown>
80003134: f8 03        	<unknown>
80003136: 94 8b        	<unknown>
80003138: bd 5e        	<unknown>
8000313a: 0f 76 27 d9  	<unknown>
8000313e: 48 d3        	<unknown>
80003140: d4 5e        	<unknown>
80003142: 33 58 cf 5a  	<unknown>
80003146: 80 e3        	<unknown>
80003148: ec 5e        	<unknown>
8000314a: 50 3f        	<unknown>
8000314c: 51 21        	<unknown>
8000314e: 77 c5 6e 43  	<unknown>
80003152: 29 0a        	<unknown>
80003154: 34 24        	<unknown>
80003156: 28 54        	<unknown>
80003158: 17 53 35 16  	auipc	t1, 90965
8000315c: 99 2f        	<unknown>
8000315e: 54 db        	<unknown>
80003160: d8 f8        	<unknown>
80003162: 1a 77        	<unknown>
80003164: fb 52 eb c7  	<unknown>
80003168: bb 98 66 1b  	<unknown>
8000316c: 7b 21 ee 0a  	<unknown>
80003170: ec e1        	<unknown>
80003172: a7 c6 28 9c  	<unknown>
80003176: 13 a4 9c 94  	slti	s0, s9, -1719
8000317a: d8 cb        	<unknown>
8000317c: 0e c8        	<unknown>
8000317e: 5c 4d        	<unknown>
80003180: 2c ef        	<unknown>
80003182: 4e aa        	<unknown>
80003184: 40 c0        	<unknown>
80003186: 15 93        	<unknown>
80003188: 58 bf        	<unknown>
8000318a: 00 84        	<unknown>
8000318c: 46 9f        	<unknown>
8000318e: a4 7c        	<unknown>
80003190: 08 0a        	<unknown>
80003192: 64 ec        	<unknown>
80003194: 57 d5 b1 45  	<unknown>
80003198: 80 f4        	<unknown>
8000319a: 16 e5        	<unknown>
8000319c: eb 07 df b2  	<unknown>
800031a0: 87 0a 22 cb  	<unknown>
800031a4: d7 e5 69 81  	<unknown>
800031a8: 3e bc        	<unknown>
800031aa: 9a 83        	<unknown>
800031ac: 8a 14        	<unknown>
800031ae: c2 50        	<unknown>
800031b0: f2 55        	<unknown>
800031b2: e7 b2 50 9a  	<unknown>
800031b6: f4 34        	<unknown>
800031b8: 87 81 1a 36  	<unknown>
800031bc: a2 36        	<unknown>
800031be: a0 3a        	<unknown>
800031c0: a2 f1        	<unknown>
800031c2: 48 4a        	<unknown>
800031c4: 20 f9        	<unknown>
800031c6: 71 45        	<unknown>
800031c8: 7a 31        	<unknown>
800031ca: 20 1b        	<unknown>
800031cc: 04 97        	<unknown>
800031ce: f4 92        	<unknown>
800031d0: e9 0d        	<unknown>
800031d2: 22 6d        	<unknown>
800031d4: e6 68        	<unknown>
800031d6: c4 db        	<unknown>
800031d8: f9 fb        	<unknown>
800031da: ac 26        	<unknown>
800031dc: 28 98        	<unknown>
800031de: a9 9d        	<unknown>
800031e0: 1b cc 3a 6a  	<unknown>
800031e4: 86 58        	<unknown>
800031e6: f4 5c        	<unknown>
800031e8: c8 20        	<unknown>
800031ea: 9c 59        	<unknown>
800031ec: 47 77 90 1f  	<unknown>
800031f0: 0b 33 0f f3  	<unknown>
800031f4: a1 bb        	<unknown>
800031f6: b5 d4        	<unknown>
800031f8: 20 cc        	<unknown>
800031fa: 6c 98        	<unknown>
800031fc: 2f 5c 45 90  	<unknown>
80003200: f6 f1        	<unknown>
80003202: ed de        	<unknown>
80003204: 96 89        	<unknown>
80003206: 9c cf        	<unknown>
80003208: 3d 2e        	<unknown>
8000320a: 39 2b        	<unknown>
8000320c: d7 36 3f d3  	<unknown>
80003210: 24 e3        	<unknown>
80003212: 79 2a        	<unknown>
80003214: 62 78        	<unknown>
80003216: c7 3a ab 4a  	fmsub.d	fs5, fs6, fa0, fs1, rup
8000321a: 5f 17 67 f7  	<unknown>
8000321e: 36 23        	<unknown>
80003220: d5 2a        	<unknown>
80003222: 54 c6        	<unknown>
80003224: da 5f        	<unknown>
80003226: 20 63        	<unknown>
80003228: 22 a6        	<unknown>
8000322a: ad 0f        	<unknown>
8000322c: c0 13        	<unknown>
8000322e: e3 f8 e2 7e  	bgeu	t0, a4, 0x8000421e <_edram+0x282>
80003232: 07 e2 64 ba  	<unknown>
80003236: 9d 9e        	<unknown>
80003238: ae 1f        	<unknown>
8000323a: c2 78        	<unknown>
8000323c: cd 35        	<unknown>
8000323e: 97 36 82 6a  	auipc	a3, 436259
80003242: 52 59        	<unknown>
80003244: 00 cf        	<unknown>
80003246: c2 42        	<unknown>
80003248: 04 44        	<unknown>
8000324a: c3 38 d9 dc  	fmadd.h	fa7, fs2, fa3, fs11, rup
8000324e: af 0f f6 81  	<unknown>
80003252: 69 bc        	<unknown>
80003254: fe 1a        	<unknown>
80003256: 5e 45        	<unknown>
80003258: 8d b1        	<unknown>
8000325a: 8d c1        	<unknown>
8000325c: 66 63        	<unknown>
8000325e: 69 fe        	<unknown>
80003260: 1a db        	<unknown>
80003262: 59 8a        	<unknown>
80003264: 88 d1        	<unknown>
80003266: d1 05        	<unknown>
80003268: ce 00        	<unknown>
8000326a: ee 35        	<unknown>
8000326c: 0e 54        	<unknown>
8000326e: 73 ed 59 57  	csrrsi	s10, 1397, 19
80003272: 63 9c 29 de  	bne	s3, sp, 0x8000286a <snrt_main+0x2a6>
80003276: 81 86        	<unknown>
80003278: 7b 5b 78 f0  	<unknown>
8000327c: cc c5        	<unknown>
8000327e: 9e 9b        	<unknown>
80003280: b2 de        	<unknown>
80003282: a3 b3 3e be  	<unknown>
80003286: 0b 88 5f c3  	<unknown>
8000328a: 50 65        	<unknown>
8000328c: e6 ca        	<unknown>
8000328e: eb 22 f0 dc  	<unknown>
80003292: b1 f9        	<unknown>
80003294: 33 a2 79 d0  	<unknown>
80003298: fc d3        	<unknown>
8000329a: 32 10        	<unknown>
8000329c: 5f b0 31 02  	<unknown>
800032a0: 83 57 0d 32  	lhu	a5, 800(s10)
800032a4: dd 46        	<unknown>
800032a6: 56 68        	<unknown>
800032a8: e4 39        	<unknown>
800032aa: ab a3 96 9d  	<unknown>
800032ae: d1 bf        	<unknown>
800032b0: e6 18        	<unknown>
800032b2: bb 1a ec da  	<unknown>
800032b6: 0e e9        	<unknown>
800032b8: 8e 06        	<unknown>
800032ba: 33 0a aa cc  	<unknown>
800032be: 6b 41 1c d2  	<unknown>
800032c2: fb b3 23 84  	<unknown>
800032c6: 92 ba        	<unknown>
800032c8: 0c da        	<unknown>
800032ca: 5e 71        	<unknown>
800032cc: 9f f4 b4 93  	<unknown>
800032d0: 46 3f        	<unknown>
800032d2: 4f 19 ba 26  	<unknown>
800032d6: 2d ca        	<unknown>
800032d8: f2 6c        	<unknown>
800032da: dd 31        	<unknown>
800032dc: 55 cc        	<unknown>
800032de: 45 a9        	<unknown>
800032e0: 1b 57 66 61  	<unknown>
800032e4: 41 aa        	<unknown>
800032e6: 00 6e        	<unknown>
800032e8: a9 aa        	<unknown>
800032ea: d5 1f        	<unknown>
800032ec: 2c fa        	<unknown>
800032ee: e0 4e        	<unknown>
800032f0: 3d a6        	<unknown>
800032f2: ae cb        	<unknown>
800032f4: b8 bf        	<unknown>
800032f6: 26 22        	<unknown>
800032f8: f4 ab        	<unknown>
800032fa: 01 9b        	<unknown>
800032fc: 85 0a        	<unknown>
800032fe: 18 5f        	<unknown>
80003300: 1b 73 df f4  	<unknown>
80003304: 1b 74 bd 4d  	<unknown>
80003308: 6b b6 eb b7  	<unknown>
8000330c: 2b 0e c3 af  	<unknown>
80003310: 53 65 a0 ea  	<unknown>
80003314: 1d bf        	<unknown>
80003316: 7e 64        	<unknown>
80003318: bd a7        	<unknown>
8000331a: 1e 62        	<unknown>
8000331c: 4a 55        	<unknown>
8000331e: 12 0a        	<unknown>
80003320: 7f 46 08 d3  	<unknown>
80003324: f9 65        	<unknown>
80003326: b4 4e        	<unknown>
80003328: f6 27        	<unknown>
8000332a: 41 9f        	<unknown>
8000332c: 5b 3d 66 65  	<unknown>
80003330: d8 55        	<unknown>
80003332: 36 db        	<unknown>
80003334: e6 ac        	<unknown>
80003336: 68 d1        	<unknown>
80003338: bd e8        	<unknown>
8000333a: 25 68        	<unknown>
8000333c: e0 5c        	<unknown>
8000333e: 2c 9c        	<unknown>
80003340: 80 75        	<unknown>
80003342: aa c5        	<unknown>
80003344: 78 f5        	<unknown>
80003346: 59 ba        	<unknown>
80003348: 1a 05        	<unknown>
8000334a: cf 25 bd ef  	<unknown>
8000334e: 56 ed        	<unknown>
80003350: 78 1a        	<unknown>
80003352: 22 80        	<unknown>
80003354: 73 6a 69 51  	csrrsi	s4, 1302, 18
80003358: cc f3        	<unknown>
8000335a: 41 da        	<unknown>
8000335c: e8 d6        	<unknown>
8000335e: 58 5c        	<unknown>
80003360: 02 25        	<unknown>
80003362: 06 ce        	<unknown>
80003364: 66 9d        	<unknown>
80003366: c7 81 c5 e2  	fmsub.d	ft3, fa1, fa2, ft8, rne
8000336a: 26 aa        	<unknown>
8000336c: c7 55 c0 02  	<unknown>
80003370: 9a 15        	<unknown>
80003372: ba 08        	<unknown>
80003374: 88 72        	<unknown>
80003376: db ea 3d d1  	<unknown>
8000337a: 1d fc        	<unknown>
8000337c: a4 0e        	<unknown>
8000337e: dc b8        	<unknown>
80003380: e0 7c        	<unknown>
80003382: 43 31 32 7f  	<unknown>
80003386: af 9e e9 34  	<unknown>
8000338a: f8 c4        	<unknown>
8000338c: ab f2 6d d6  	<unknown>
80003390: 97 02 7f be  	auipc	t0, 780272
80003394: ce 87        	<unknown>
80003396: 62 71        	<unknown>
80003398: 3a 1f        	<unknown>
8000339a: 15 ab        	<unknown>
8000339c: 75 6d        	<unknown>
8000339e: bd d2        	<unknown>
800033a0: 9f ee 00 b8  	<unknown>
800033a4: 5f 76 cf 04  	<unknown>
800033a8: d7 c5 df 0e  	<unknown>
800033ac: e8 0c        	<unknown>
800033ae: f9 33        	<unknown>
800033b0: b3 ce 61 e7  	<unknown>
800033b4: 70 d4        	<unknown>
800033b6: 16 dd        	<unknown>
800033b8: 3d c7        	<unknown>
800033ba: 9c 90        	<unknown>
800033bc: f0 b5        	<unknown>
800033be: c6 78        	<unknown>
800033c0: b9 99        	<unknown>
800033c2: 00 c1        	<unknown>
800033c4: 33 f2 62 76  	<unknown>
800033c8: 0b 45 33 bf  	<unknown>
800033cc: fd cd        	<unknown>
800033ce: 74 c0        	<unknown>
800033d0: 26 ff        	<unknown>
800033d2: 40 32        	<unknown>
800033d4: 81 ad        	<unknown>
800033d6: 4b ff 82 5d  	fnmsub.h	ft10, ft5, fs8, fa1
800033da: 57 36 70 5c  	<unknown>
800033de: 06 cd        	<unknown>
800033e0: 64 06        	<unknown>
800033e2: e9 a5        	<unknown>
800033e4: 70 4e        	<unknown>
800033e6: eb c8 b7 eb  	<unknown>
800033ea: 6b 7f 50 6c  	<unknown>
800033ee: 71 89        	<unknown>
800033f0: ba c2        	<unknown>
800033f2: 4b c4 70 68  	fnmsub.s	fs0, ft1, ft7, fa3, rmm
800033f6: 0c 1c        	<unknown>
800033f8: 01 70        	<unknown>
800033fa: 03 7a 81 92  	<unknown>
800033fe: af 00 db b8  	<unknown>
80003402: 39 e9        	<unknown>
80003404: 35 b6        	<unknown>
80003406: 2d 8d        	<unknown>
80003408: 56 03        	<unknown>
8000340a: 76 88        	<unknown>
8000340c: e4 5f        	<unknown>
8000340e: 55 c7        	<unknown>
80003410: df 96 56 d8  	<unknown>
80003414: e0 1c        	<unknown>
80003416: 84 68        	<unknown>
80003418: 80 d9        	<unknown>
8000341a: 64 22        	<unknown>
8000341c: 92 ed        	<unknown>
8000341e: 53 bd 7d b6  	<unknown>
80003422: 42 2e        	<unknown>
80003424: 81 d4        	<unknown>
80003426: 17 a5 34 54  	auipc	a0, 344906
8000342a: eb 07 ab c6  	<unknown>
8000342e: 4c fd        	<unknown>
80003430: d9 ea        	<unknown>
80003432: a1 f2        	<unknown>
80003434: 9f 96 53 7c  	<unknown>
80003438: c5 66        	<unknown>
8000343a: 8a 0d        	<unknown>
8000343c: 9f 55 f7 bd  	<unknown>
80003440: f6 f8        	<unknown>
80003442: ba 17        	<unknown>
80003444: 43 13 11 2c  	fmadd.h	ft6, ft2, ft1, ft5, rtz
80003448: b6 cd        	<unknown>
8000344a: b2 94        	<unknown>
8000344c: ca 80        	<unknown>
8000344e: f9 42        	<unknown>
80003450: b7 ac a1 de  	lui	s9, 911898
80003454: 7a d0        	<unknown>
80003456: d5 bc        	<unknown>
80003458: 90 31        	<unknown>
8000345a: fe bd        	<unknown>
8000345c: fe 62        	<unknown>
8000345e: 6c 3a        	<unknown>
80003460: 25 91        	<unknown>
80003462: 9a 4d        	<unknown>
80003464: 17 09 27 de  	auipc	s2, 909936
80003468: 44 9f        	<unknown>
8000346a: 65 f8        	<unknown>
8000346c: 73 cb de 21  	<unknown>
80003470: 61 9e        	<unknown>
80003472: c1 7b        	<unknown>
80003474: c5 00        	<unknown>
80003476: 2f 22 d5 5b  	<unknown>
8000347a: 19 e6        	<unknown>
8000347c: 8a 87        	<unknown>
8000347e: 28 09        	<unknown>
80003480: fe ad        	<unknown>
80003482: 01 51        	<unknown>
80003484: ef 3a 1d 97  	jal	s5, 0x7ffd6df4 <$d.5+0x7ffd6df4>
80003488: 8f 58 60 4c  	<unknown>
8000348c: 60 62        	<unknown>
8000348e: d6 55        	<unknown>
80003490: c8 6c        	<unknown>
80003492: 95 a6        	<unknown>
80003494: 7b a4 1e d2  	<unknown>
80003498: ba 50        	<unknown>
8000349a: 19 02        	<unknown>
8000349c: 45 ad        	<unknown>
8000349e: bf af cf c9  	<unknown>
800034a2: 20 32        	<unknown>
800034a4: 5c 3d        	<unknown>
800034a6: 70 8a        	<unknown>
800034a8: 02 67        	<unknown>
800034aa: bd 5b        	<unknown>
800034ac: 93 c2 44 17  	xori	t0, s1, 372
800034b0: fb 0a 72 d3  	<unknown>
800034b4: ba db        	<unknown>
800034b6: 74 2d        	<unknown>
800034b8: a3 b7 61 b8  	<unknown>
800034bc: 92 19        	<unknown>
800034be: 3f 84 59 e5  	<unknown>
800034c2: 0d 36        	<unknown>
800034c4: c2 87        	<unknown>
800034c6: 18 03        	<unknown>
800034c8: fe 75        	<unknown>
800034ca: 3b 4f 92 a0  	<unknown>
800034ce: fb b9 93 2c  	<unknown>
800034d2: 42 d9        	<unknown>
800034d4: 5f 0b 2a 25  	<unknown>
800034d8: c6 06        	<unknown>
800034da: 9f 98 33 47  	<unknown>
800034de: a3 ac e8 21  	sw	t5, 537(a7)
800034e2: c6 70        	<unknown>
800034e4: a0 4b        	<unknown>
800034e6: e1 30        	<unknown>
800034e8: a7 47 c7 e5  	<unknown>
800034ec: 7f 16 01 e3  	<unknown>
800034f0: 26 5a        	<unknown>
800034f2: 8b 04 51 89  	<unknown>
800034f6: cd 6f        	<unknown>
800034f8: 67 2b 74 56  	<unknown>
800034fc: 80 92        	<unknown>
800034fe: 34 a3        	<unknown>
80003500: 0a 07        	<unknown>
80003502: fa 2c        	<unknown>
80003504: db 1f 50 d7  	<unknown>
80003508: b8 1f        	<unknown>
8000350a: 37 3c d8 99  	lui	s8, 630147
8000350e: 0c 9d        	<unknown>
80003510: b1 b7        	<unknown>
80003512: 85 b5        	<unknown>
80003514: 96 b8        	<unknown>
80003516: b8 6c        	<unknown>
80003518: 9e 55        	<unknown>
8000351a: 9c 0a        	<unknown>
8000351c: dd 4f        	<unknown>
8000351e: 99 60        	<unknown>
80003520: 29 ed        	<unknown>
80003522: 1e 32        	<unknown>
80003524: 62 76        	<unknown>
80003526: 08 c2        	<unknown>
80003528: 06 41        	<unknown>
8000352a: 82 ba        	<unknown>
8000352c: fb b6 f4 28  	<unknown>
80003530: 8f d8 c9 ac  	<unknown>
80003534: 59 79        	<unknown>
80003536: 35 51        	<unknown>
80003538: 6f 62 6f 7b  	jal	tp, 0x800f9cee <_edram+0xf5d52>
8000353c: f8 a3        	<unknown>
8000353e: 21 0e        	<unknown>
80003540: f3 3f 42 04  	csrrc	t6, 68, tp
80003544: 3b 2e 97 07  	<unknown>
80003548: 70 b3        	<unknown>
8000354a: c5 c2        	<unknown>
8000354c: 01 08        	<unknown>
8000354e: ea bd        	<unknown>
80003550: 80 7b        	<unknown>
80003552: 0a 7f        	<unknown>
80003554: 2f 95 d5 97  	<unknown>
80003558: fd b8        	<unknown>
8000355a: 25 77        	<unknown>
8000355c: 8b ee af 65  	<unknown>
80003560: c4 51        	<unknown>
80003562: ec 0e        	<unknown>
80003564: 24 cc        	<unknown>
80003566: 81 66        	<unknown>
80003568: 9f 74 f4 61  	<unknown>
8000356c: fa ef        	<unknown>
8000356e: 12 22        	<unknown>
80003570: f6 1b        	<unknown>
80003572: 4f b0 08 a8  	fnmadd.s	ft0, fa7, ft0, fs5, rup
80003576: ca d6        	<unknown>
80003578: e8 1c        	<unknown>
8000357a: 64 c7        	<unknown>
8000357c: 62 cc        	<unknown>
8000357e: 65 d9        	<unknown>
80003580: 92 a6        	<unknown>
80003582: 4a 33        	<unknown>
80003584: 2f 3b d8 39  	<unknown>
80003588: cf c8 be 58  	fnmadd.s	fa7, ft9, fa1, fa1, rmm
8000358c: 82 04        	<unknown>
8000358e: a9 65        	<unknown>
80003590: 93 11 38 5b  	<unknown>
80003594: 97 18 18 63  	auipc	a7, 405889
80003598: 35 d8        	<unknown>
8000359a: 8d e7        	<unknown>
8000359c: 77 ec a5 47  	<unknown>
800035a0: a0 e6        	<unknown>
800035a2: 44 63        	<unknown>
800035a4: 97 2f 5c 24  	auipc	t6, 148930
800035a8: 73 72 d6 59  	csrrci	tp, 1437, 12
800035ac: 4a 32        	<unknown>
800035ae: 8a 95        	<unknown>
800035b0: 70 c6        	<unknown>
800035b2: 85 6f        	<unknown>
800035b4: c7 7f 60 a9  	fmsub.s	ft11, ft0, fs6, fs5
800035b8: a3 15 0c 49  	sh	a6, 1163(s8)
800035bc: a5 a5        	<unknown>
800035be: 07 66 67 d0  	<unknown>
800035c2: 42 2b        	<unknown>
800035c4: 53 ef 3e 1b  	<unknown>
800035c8: fd e0        	<unknown>
800035ca: a7 14 e2 bc  	fsh	fa4, -1079(tp)
800035ce: 5a 82        	<unknown>
800035d0: 6f ec 4d df  	jal	s8, 0x7ffe1bc4 <$d.5+0x7ffe1bc4>
800035d4: fd 09        	<unknown>
800035d6: fa 99        	<unknown>
800035d8: d8 95        	<unknown>
800035da: ac 70        	<unknown>
800035dc: 62 40        	<unknown>
800035de: db 29 98 08  	<unknown>
800035e2: 42 79        	<unknown>
800035e4: 5c b7        	<unknown>
800035e6: 4b 81 91 0b  	fnmsub.d	ft2, ft3, fs9, ft1, rne
800035ea: af c8 7f b7  	<unknown>
800035ee: 2a a9        	<unknown>
800035f0: 6d 53        	<unknown>
800035f2: 2c ce        	<unknown>
800035f4: 51 d1        	<unknown>
800035f6: 79 0c        	<unknown>
800035f8: c1 2e        	<unknown>
800035fa: 51 fc        	<unknown>
800035fc: 35 0b        	<unknown>
800035fe: 20 31        	<unknown>
80003600: a2 ec        	<unknown>
80003602: cb f2 cf ee  	<unknown>
80003606: e6 26        	<unknown>
80003608: bc c3        	<unknown>
8000360a: 94 7e        	<unknown>
8000360c: a8 b6        	<unknown>
8000360e: 69 b9        	<unknown>
80003610: e3 6f 09 ad  	bltu	s2, a6, 0x800030ee <__DATA_BEGIN__+0x17a>
80003614: a0 60        	<unknown>
80003616: 51 36        	<unknown>
80003618: 43 96 a0 84  	fmadd.h	fa2, ft1, fa0, fa6, rtz
8000361c: 20 5b        	<unknown>
8000361e: bc bc        	<unknown>
80003620: 8d d1        	<unknown>
80003622: 6f fe 14 65  	jal	t3, 0x80053472 <_edram+0x4f4d6>
80003626: 4d d3        	<unknown>
80003628: 2f 53 c7 ad  	<unknown>
8000362c: 93 0f 1a 3f  	addi	t6, s4, 1009
80003630: f7 e5 d0 dd  	<unknown>
80003634: 7f 57 4e 26  	<unknown>
80003638: 87 f5 81 3e  	<unknown>
8000363c: 86 b4        	<unknown>
8000363e: 66 59        	<unknown>
80003640: c2 84        	<unknown>
80003642: 8f 38 90 51  	<unknown>
80003646: 59 28        	<unknown>
80003648: 7f 12 dd ce  	<unknown>
8000364c: 20 ac        	<unknown>
8000364e: 7c 11        	<unknown>
80003650: af ea e3 0a  	<unknown>
80003654: cb 11 fb 97  	<unknown>
80003658: ba a3        	<unknown>
8000365a: 41 02        	<unknown>
8000365c: 72 9f        	<unknown>
8000365e: 22 de        	<unknown>
80003660: d5 b1        	<unknown>
80003662: e6 22        	<unknown>
80003664: 76 4d        	<unknown>
80003666: e4 c3        	<unknown>
80003668: 15 44        	<unknown>
8000366a: 1e c0        	<unknown>
8000366c: ed 1a        	<unknown>
8000366e: 76 be        	<unknown>
80003670: 9d c6        	<unknown>
80003672: 01 17        	<unknown>
80003674: 25 38        	<unknown>
80003676: 17 79 e5 b8  	auipc	s2, 757335
8000367a: 98 7a        	<unknown>
8000367c: 6c 0d        	<unknown>
8000367e: a2 e4        	<unknown>
80003680: 32 22        	<unknown>
80003682: 9b fc b5 29  	<unknown>
80003686: 5d 64        	<unknown>
80003688: 07 17 f6 67  	flh	fa4, 1663(a2)
8000368c: 1a 4d        	<unknown>
8000368e: 92 21        	<unknown>
80003690: 1a 78        	<unknown>
80003692: 34 ef        	<unknown>
80003694: e1 c0        	<unknown>
80003696: 78 4b        	<unknown>
80003698: 14 bd        	<unknown>
8000369a: 9e d9        	<unknown>
8000369c: 1d d3        	<unknown>
8000369e: ac 00        	<unknown>
800036a0: 60 7e        	<unknown>
800036a2: 25 25        	<unknown>
800036a4: 1b f9 af 13  	<unknown>
800036a8: 6e 9b        	<unknown>
800036aa: 3e 2b        	<unknown>
800036ac: bf a3 15 fe  	<unknown>
800036b0: e0 15        	<unknown>
800036b2: 3a 5d        	<unknown>
800036b4: c4 71        	<unknown>
800036b6: fb b1 fb 6b  	<unknown>
800036ba: ed ba        	<unknown>
800036bc: 3c 9f        	<unknown>
800036be: f2 38        	<unknown>
800036c0: 2f 23 cb ff  	<unknown>
800036c4: 92 b2        	<unknown>
800036c6: e0 c7        	<unknown>
800036c8: 03 de 6e 12  	lhu	t3, 294(t4)
800036cc: 22 92        	<unknown>
800036ce: 39 86        	<unknown>
800036d0: bf f4 bf 44  	<unknown>
800036d4: 30 ac        	<unknown>
800036d6: 3d 25        	<unknown>
800036d8: ff 9d 29 8b  	<unknown>
800036dc: 10 20        	<unknown>
800036de: 57 ad ab dc  	<unknown>
800036e2: 9a 7e        	<unknown>
800036e4: db e4 c1 70  	<unknown>
800036e8: 9d 48        	<unknown>
800036ea: 4e f8        	<unknown>
800036ec: dc a9        	<unknown>
800036ee: 34 74        	<unknown>
800036f0: 2d 44        	<unknown>
800036f2: 91 c7        	<unknown>
800036f4: 74 8d        	<unknown>
800036f6: 34 6a        	<unknown>
800036f8: 05 aa        	<unknown>
800036fa: 2c 62        	<unknown>
800036fc: 62 b8        	<unknown>
800036fe: c2 de        	<unknown>
80003700: 7b 7f 6a 3f  	<unknown>
80003704: e8 f6        	<unknown>
80003706: f4 83        	<unknown>
80003708: 24 84        	<unknown>
8000370a: fc 73        	<unknown>
8000370c: 17 49 a6 6d  	auipc	s2, 449124
80003710: 5c 0d        	<unknown>
80003712: ac d4        	<unknown>
80003714: f0 79        	<unknown>
80003716: 9d ed        	<unknown>
80003718: 2d 01        	<unknown>
8000371a: 82 0d        	<unknown>
8000371c: b4 b0        	<unknown>
8000371e: 76 77        	<unknown>
80003720: 5e c2        	<unknown>
80003722: 81 12        	<unknown>
80003724: 62 cc        	<unknown>
80003726: af 76 bb 02  	<unknown>
8000372a: f7 7a e0 d3  	<unknown>
8000372e: 5e 5a        	<unknown>
80003730: 73 e4 49 93  	csrrsi	s0, 2356, 19
80003734: be 00        	<unknown>
80003736: 61 cb        	<unknown>
80003738: fc 28        	<unknown>
8000373a: 42 ce        	<unknown>
8000373c: d4 c3        	<unknown>
8000373e: 95 e2        	<unknown>
80003740: 9f 8b df b0  	<unknown>
80003744: d6 17        	<unknown>
80003746: e4 59        	<unknown>
80003748: a0 c4        	<unknown>
8000374a: ba c4        	<unknown>
8000374c: ff cc 21 d1  	<unknown>
80003750: 42 4d        	<unknown>
80003752: 3b fc 7f e0  	<unknown>
80003756: 63 ab 11 68  	<unknown>
8000375a: 68 df        	<unknown>
8000375c: 18 87        	<unknown>
8000375e: 8a 0e        	<unknown>
80003760: e9 7f        	<unknown>
80003762: 0a e5        	<unknown>
80003764: de d6        	<unknown>
80003766: a7 6f 35 5a  	<unknown>
8000376a: 1e 58        	<unknown>
8000376c: 39 02        	<unknown>
8000376e: 2f 32 42 95  	<unknown>
80003772: 15 6e        	<unknown>

80003774 <C_golden>:
80003774: 80 7f        	<unknown>
80003776: 7f 7f 7f 80  	<unknown>
8000377a: 7f 7f 7f 7f  	<unknown>
8000377e: 7f 80 80 80  	<unknown>
80003782: 80 7f        	<unknown>
80003784: 80 7f        	<unknown>
80003786: 7f 80 80 80  	<unknown>
8000378a: 80 7f        	<unknown>
8000378c: 7f 7f 7f 80  	<unknown>
80003790: 80 80        	<unknown>
80003792: 80 80        	<unknown>
80003794: 80 80        	<unknown>
80003796: 7f 80 80 7f  	<unknown>
8000379a: 80 80        	<unknown>
8000379c: 7f 7f 7f 80  	<unknown>
800037a0: 7f 7f 7f 80  	<unknown>
800037a4: 7f 7f 80 7f  	<unknown>
800037a8: 7f 7f 80 7f  	<unknown>
800037ac: 80 7f        	<unknown>
800037ae: 7f 80 7f 80  	<unknown>
800037b2: 7f 80 7f 7f  	<unknown>
800037b6: 80 7f        	<unknown>
800037b8: 80 80        	<unknown>
800037ba: 7f 80 7f 80  	<unknown>
800037be: 80 7f        	<unknown>
800037c0: 80 80        	<unknown>
800037c2: 7f 80 80 7f  	<unknown>
800037c6: 80 7f        	<unknown>
800037c8: 7f 7f 7f 7f  	<unknown>
800037cc: 80 80        	<unknown>
800037ce: 80 80        	<unknown>
800037d0: 80 7f        	<unknown>
800037d2: 7f 80 7f 80  	<unknown>
800037d6: 7f 80 80 7f  	<unknown>
800037da: 7f 80 7f 80  	<unknown>
800037de: 80 80        	<unknown>
800037e0: 7f 7f 7f 80  	<unknown>
800037e4: 80 7f        	<unknown>
800037e6: 80 80        	<unknown>
800037e8: 7f 7f 7f 80  	<unknown>
800037ec: 80 7f        	<unknown>
800037ee: 7f 7f 7f 80  	<unknown>
800037f2: 80 7f        	<unknown>
800037f4: 80 7f        	<unknown>
800037f6: 80 7f        	<unknown>
800037f8: 7f 80 7f 80  	<unknown>
800037fc: 7f 7f 7f 7f  	<unknown>
80003800: 7f 80 80 7f  	<unknown>
80003804: 80 80        	<unknown>
80003806: 80 7f        	<unknown>
80003808: 7f 80 7f 80  	<unknown>
8000380c: 7f 7f 80 80  	<unknown>
80003810: 7f 7f 80 80  	<unknown>
80003814: 80 7f        	<unknown>
80003816: 7f 7f 80 7f  	<unknown>
8000381a: 80 7f        	<unknown>
8000381c: 80 7f        	<unknown>
8000381e: 80 7f        	<unknown>
80003820: 7f 7f 7f 7f  	<unknown>
80003824: 80 7f        	<unknown>
80003826: 80 7f        	<unknown>
80003828: 7f 80 7f 80  	<unknown>
8000382c: 7f 7f 7f 80  	<unknown>
80003830: 80 80        	<unknown>
80003832: 80 80        	<unknown>
80003834: 80 80        	<unknown>
80003836: 80 7f        	<unknown>
80003838: 80 80        	<unknown>
8000383a: 80 7f        	<unknown>
8000383c: 80 7f        	<unknown>
8000383e: 80 7f        	<unknown>
80003840: 80 80        	<unknown>
80003842: 80 80        	<unknown>
80003844: 80 80        	<unknown>
80003846: 7f 7f 80 80  	<unknown>
8000384a: 7f 80 7f 7f  	<unknown>
8000384e: 7f 7f 80 80  	<unknown>
80003852: 80 7f        	<unknown>
80003854: 80 80        	<unknown>
80003856: 7f 7f 80 80  	<unknown>
8000385a: 7f 80 7f 7f  	<unknown>
8000385e: 80 80        	<unknown>
80003860: 80 80        	<unknown>
80003862: 80 7f        	<unknown>
80003864: 80 80        	<unknown>
80003866: 80 7f        	<unknown>
80003868: 80 80        	<unknown>
8000386a: 80 7f        	<unknown>
8000386c: 80 7f        	<unknown>
8000386e: 7f 80 80 7f  	<unknown>
80003872: 80 80        	<unknown>
80003874: 80 7f        	<unknown>
80003876: 80 7f        	<unknown>
80003878: 80 7f        	<unknown>
8000387a: 80 80        	<unknown>
8000387c: 80 7f        	<unknown>
8000387e: 80 80        	<unknown>
80003880: 80 7f        	<unknown>
80003882: 80 80        	<unknown>
80003884: 7f 7f 7f 7f  	<unknown>
80003888: 7f 80 80 7f  	<unknown>
8000388c: 7f 80 7f 80  	<unknown>
80003890: 7f 80 80 7f  	<unknown>
80003894: 80 7f        	<unknown>
80003896: 80 80        	<unknown>
80003898: 80 80        	<unknown>
8000389a: 7f 80 80 80  	<unknown>
8000389e: 80 7f        	<unknown>
800038a0: 80 80        	<unknown>
800038a2: 7f 80 7f 7f  	<unknown>
800038a6: 80 7f        	<unknown>
800038a8: 7f 7f 7f 7f  	<unknown>
800038ac: 80 80        	<unknown>
800038ae: 80 80        	<unknown>
800038b0: 7f 7f 80 7f  	<unknown>
800038b4: 80 7f        	<unknown>
800038b6: 80 80        	<unknown>
800038b8: 7f 80 80 80  	<unknown>
800038bc: 80 80        	<unknown>
800038be: 7f 7f 80 7f  	<unknown>
800038c2: 7f 80 7f 80  	<unknown>
800038c6: 80 80        	<unknown>
800038c8: 80 80        	<unknown>
800038ca: 80 80        	<unknown>
800038cc: 80 7f        	<unknown>
800038ce: 7f 80 7f 7f  	<unknown>
800038d2: 7f 80 80 80  	<unknown>
800038d6: 80 7f        	<unknown>
800038d8: 80 80        	<unknown>
800038da: 80 80        	<unknown>
800038dc: 80 80        	<unknown>
800038de: 7f 7f 7f 80  	<unknown>
800038e2: 7f 7f 80 7f  	<unknown>
800038e6: 7f 80 80 7f  	<unknown>
800038ea: 80 80        	<unknown>
800038ec: 7f 7f 80 7f  	<unknown>
800038f0: 80 7f        	<unknown>
800038f2: 80 7f        	<unknown>
800038f4: 80 7f        	<unknown>
800038f6: 80 80        	<unknown>
800038f8: 80 7f        	<unknown>
800038fa: 80 7f        	<unknown>
800038fc: 7f 80 7f 7f  	<unknown>
80003900: 80 7f        	<unknown>
80003902: 7f 80 7f 7f  	<unknown>
80003906: 80 7f        	<unknown>
80003908: 80 7f        	<unknown>
8000390a: 80 7f        	<unknown>
8000390c: 7f 80 7f 7f  	<unknown>
80003910: 7f 7f 7f 80  	<unknown>
80003914: 80 7f        	<unknown>
80003916: 7f 80 7f 80  	<unknown>
8000391a: 80 7f        	<unknown>
8000391c: 80 80        	<unknown>
8000391e: 80 7f        	<unknown>
80003920: 80 7f        	<unknown>
80003922: 80 7f        	<unknown>
80003924: 7f 80 7f 80  	<unknown>
80003928: 7f 80 7f 80  	<unknown>
8000392c: 7f 80 7f 80  	<unknown>
80003930: 7f 80 80 7f  	<unknown>
80003934: 7f 7f 7f 7f  	<unknown>
80003938: 7f 80 80 80  	<unknown>
8000393c: 7f 80 80 80  	<unknown>
80003940: 7f 7f 7f 7f  	<unknown>
80003944: 7f 80 80 7f  	<unknown>
80003948: 7f 7f 80 7f  	<unknown>
8000394c: 80 80        	<unknown>
8000394e: 7f 80 80 7f  	<unknown>
80003952: 7f 7f 80 7f  	<unknown>
80003956: 7f 7f 80 7f  	<unknown>
8000395a: 80 80        	<unknown>
8000395c: 80 7f        	<unknown>
8000395e: 7f 7f 7f 7f  	<unknown>
80003962: 7f 7f 7f 80  	<unknown>
80003966: 7f 7f 7f 7f  	<unknown>
8000396a: 80 7f        	<unknown>
8000396c: 7f 7f 7f 7f  	<unknown>
80003970: 80 80        	<unknown>
80003972: 7f 80 80 7f  	<unknown>

80003974 <C_golden_c_spec>:
80003974: 80 7f        	<unknown>
80003976: 7f 7f 7f 80  	<unknown>
8000397a: 7f 7f 7f 7f  	<unknown>
8000397e: 7f 80 80 80  	<unknown>
80003982: 80 7f        	<unknown>
80003984: 80 7f        	<unknown>
80003986: 7f 80 80 80  	<unknown>
8000398a: 80 7f        	<unknown>
8000398c: 7f 7f 7f 80  	<unknown>
80003990: 80 80        	<unknown>
80003992: 80 80        	<unknown>
80003994: 80 80        	<unknown>
80003996: 7f 80 80 7f  	<unknown>
8000399a: 80 80        	<unknown>
8000399c: 7f 7f 7f 80  	<unknown>
800039a0: 7f 7f 7f 80  	<unknown>
800039a4: 7f 7f 80 7f  	<unknown>
800039a8: 7f 7f 80 7f  	<unknown>
800039ac: 80 7f        	<unknown>
800039ae: 7f 80 7f 80  	<unknown>
800039b2: 7f 80 7f 7f  	<unknown>
800039b6: 80 7f        	<unknown>
800039b8: 80 80        	<unknown>
800039ba: 7f 80 7f 80  	<unknown>
800039be: 80 7f        	<unknown>
800039c0: 80 80        	<unknown>
800039c2: 7f 80 80 7f  	<unknown>
800039c6: 80 7f        	<unknown>
800039c8: 7f 7f 7f 7f  	<unknown>
800039cc: 80 80        	<unknown>
800039ce: 80 80        	<unknown>
800039d0: 80 7f        	<unknown>
800039d2: 7f 80 7f 80  	<unknown>
800039d6: 7f 80 80 7f  	<unknown>
800039da: 7f 80 7f 80  	<unknown>
800039de: 80 80        	<unknown>
800039e0: 7f 7f 7f 80  	<unknown>
800039e4: 80 7f        	<unknown>
800039e6: 80 80        	<unknown>
800039e8: 7f 7f 7f 80  	<unknown>
800039ec: 80 7f        	<unknown>
800039ee: 7f 7f 7f 80  	<unknown>
800039f2: 80 7f        	<unknown>
800039f4: 80 7f        	<unknown>
800039f6: 80 7f        	<unknown>
800039f8: 7f 80 7f 80  	<unknown>
800039fc: 7f 7f 7f 7f  	<unknown>
80003a00: 7f 80 80 7f  	<unknown>
80003a04: 80 80        	<unknown>
80003a06: 80 7f        	<unknown>
80003a08: 7f 80 7f 80  	<unknown>
80003a0c: 7f 7f 80 80  	<unknown>
80003a10: 7f 7f 80 80  	<unknown>
80003a14: 80 7f        	<unknown>
80003a16: 7f 7f 80 7f  	<unknown>
80003a1a: 80 7f        	<unknown>
80003a1c: 80 7f        	<unknown>
80003a1e: 80 7f        	<unknown>
80003a20: 7f 7f 7f 7f  	<unknown>
80003a24: 80 7f        	<unknown>
80003a26: 80 7f        	<unknown>
80003a28: 7f 80 7f 80  	<unknown>
80003a2c: 7f 7f 7f 80  	<unknown>
80003a30: 80 80        	<unknown>
80003a32: 80 80        	<unknown>
80003a34: 80 80        	<unknown>
80003a36: 80 7f        	<unknown>
80003a38: 80 80        	<unknown>
80003a3a: 80 7f        	<unknown>
80003a3c: 80 7f        	<unknown>
80003a3e: 80 7f        	<unknown>
80003a40: 80 80        	<unknown>
80003a42: 80 80        	<unknown>
80003a44: 80 80        	<unknown>
80003a46: 7f 7f 80 80  	<unknown>
80003a4a: 7f 80 7f 7f  	<unknown>
80003a4e: 7f 7f 80 80  	<unknown>
80003a52: 80 7f        	<unknown>
80003a54: 80 80        	<unknown>
80003a56: 7f 7f 80 80  	<unknown>
80003a5a: 7f 80 7f 7f  	<unknown>
80003a5e: 80 80        	<unknown>
80003a60: 80 80        	<unknown>
80003a62: 80 7f        	<unknown>
80003a64: 80 80        	<unknown>
80003a66: 80 7f        	<unknown>
80003a68: 80 80        	<unknown>
80003a6a: 80 7f        	<unknown>
80003a6c: 80 7f        	<unknown>
80003a6e: 7f 80 80 7f  	<unknown>
80003a72: 80 80        	<unknown>
80003a74: 80 7f        	<unknown>
80003a76: 80 7f        	<unknown>
80003a78: 80 7f        	<unknown>
80003a7a: 80 80        	<unknown>
80003a7c: 80 7f        	<unknown>
80003a7e: 80 80        	<unknown>
80003a80: 80 7f        	<unknown>
80003a82: 80 80        	<unknown>
80003a84: 7f 7f 7f 7f  	<unknown>
80003a88: 7f 80 80 7f  	<unknown>
80003a8c: 7f 80 7f 80  	<unknown>
80003a90: 7f 80 80 7f  	<unknown>
80003a94: 80 7f        	<unknown>
80003a96: 80 80        	<unknown>
80003a98: 80 80        	<unknown>
80003a9a: 7f 80 80 80  	<unknown>
80003a9e: 80 7f        	<unknown>
80003aa0: 80 80        	<unknown>
80003aa2: 7f 80 7f 7f  	<unknown>
80003aa6: 80 7f        	<unknown>
80003aa8: 7f 7f 7f 7f  	<unknown>
80003aac: 80 80        	<unknown>
80003aae: 80 80        	<unknown>
80003ab0: 7f 7f 80 7f  	<unknown>
80003ab4: 80 7f        	<unknown>
80003ab6: 80 80        	<unknown>
80003ab8: 7f 80 80 80  	<unknown>
80003abc: 80 80        	<unknown>
80003abe: 7f 7f 80 7f  	<unknown>
80003ac2: 7f 80 7f 80  	<unknown>
80003ac6: 80 80        	<unknown>
80003ac8: 80 80        	<unknown>
80003aca: 80 80        	<unknown>
80003acc: 80 7f        	<unknown>
80003ace: 7f 80 7f 7f  	<unknown>
80003ad2: 7f 80 80 80  	<unknown>
80003ad6: 80 7f        	<unknown>
80003ad8: 80 80        	<unknown>
80003ada: 80 80        	<unknown>
80003adc: 80 80        	<unknown>
80003ade: 7f 7f 7f 80  	<unknown>
80003ae2: 7f 7f 80 7f  	<unknown>
80003ae6: 7f 80 80 7f  	<unknown>
80003aea: 80 80        	<unknown>
80003aec: 7f 7f 80 7f  	<unknown>
80003af0: 80 7f        	<unknown>
80003af2: 80 7f        	<unknown>
80003af4: 80 7f        	<unknown>
80003af6: 80 80        	<unknown>
80003af8: 80 7f        	<unknown>
80003afa: 80 7f        	<unknown>
80003afc: 7f 80 7f 7f  	<unknown>
80003b00: 80 7f        	<unknown>
80003b02: 7f 80 7f 7f  	<unknown>
80003b06: 80 7f        	<unknown>
80003b08: 80 7f        	<unknown>
80003b0a: 80 7f        	<unknown>
80003b0c: 7f 80 7f 7f  	<unknown>
80003b10: 7f 7f 7f 80  	<unknown>
80003b14: 80 7f        	<unknown>
80003b16: 7f 80 7f 80  	<unknown>
80003b1a: 80 7f        	<unknown>
80003b1c: 80 80        	<unknown>
80003b1e: 80 7f        	<unknown>
80003b20: 80 7f        	<unknown>
80003b22: 80 7f        	<unknown>
80003b24: 7f 80 7f 80  	<unknown>
80003b28: 7f 80 7f 80  	<unknown>
80003b2c: 7f 80 7f 80  	<unknown>
80003b30: 7f 80 80 7f  	<unknown>
80003b34: 7f 7f 7f 7f  	<unknown>
80003b38: 7f 80 80 80  	<unknown>
80003b3c: 7f 80 80 80  	<unknown>
80003b40: 7f 7f 7f 7f  	<unknown>
80003b44: 7f 80 80 7f  	<unknown>
80003b48: 7f 7f 80 7f  	<unknown>
80003b4c: 80 80        	<unknown>
80003b4e: 7f 80 80 7f  	<unknown>
80003b52: 7f 7f 80 7f  	<unknown>
80003b56: 7f 7f 80 7f  	<unknown>
80003b5a: 80 80        	<unknown>
80003b5c: 80 7f        	<unknown>
80003b5e: 7f 7f 7f 7f  	<unknown>
80003b62: 7f 7f 7f 80  	<unknown>
80003b66: 7f 7f 7f 7f  	<unknown>
80003b6a: 80 7f        	<unknown>
80003b6c: 7f 7f 7f 7f  	<unknown>
80003b70: 80 80        	<unknown>
80003b72: 7f           	<unknown>
80003b73: 80           	<unknown>

Disassembly of section .sbss:

80003b74 <eu_p_global>:
...

80003b78 <_snrt_mutex>:
...

80003b7c <_snrt_barrier>:
...

80003b84 <_reduction_result>:
...

80003b88 <delta_local_in>:
...

80003b8c <double_round_i>:
...

Disassembly of section .bss:

80003b90 <l3_allocator>:
...

80003b9c <C>:
...

80003d9c <C_cpu>:
...

Disassembly of section .comment:

00000000 <$d.5>:
       0: 00 55        	<unknown>
       2: 62 75        	<unknown>
       4: 6e 74        	<unknown>
       6: 75 20        	<unknown>
       8: 63 6c 61 6e  	bltu	sp, t1, 0x700 <$d.5+0x700>
       c: 67 20 76 65  	<unknown>
      10: 72 73        	<unknown>
      12: 69 6f        	<unknown>
      14: 6e 20        	<unknown>
      16: 31 38        	<unknown>
      18: 2e 31        	<unknown>
      1a: 2e 33        	<unknown>
      1c: 20 28        	<unknown>
      1e: 31 75        	<unknown>
      20: 62 75        	<unknown>
      22: 6e 74        	<unknown>
      24: 75 31        	<unknown>
      26: 29 00        	<unknown>
      28: 55 62        	<unknown>
      2a: 75 6e        	<unknown>
      2c: 74 75        	<unknown>
      2e: 20 63        	<unknown>
      30: 6c 61        	<unknown>
      32: 6e 67        	<unknown>
      34: 20 76        	<unknown>
      36: 65 72        	<unknown>
      38: 73 69 6f 6e  	csrrsi	s2, 1766, 30
      3c: 20 31        	<unknown>
      3e: 37 2e 30 2e  	lui	t3, 189186
      42: 36 20        	<unknown>
      44: 28 39        	<unknown>
      46: 75 62        	<unknown>
      48: 75 6e        	<unknown>
      4a: 74 75        	<unknown>
      4c: 31 29        	<unknown>
      4e: 00 4c        	<unknown>
      50: 69 6e        	<unknown>
      52: 6b 65 72 3a  	<unknown>
      56: 20 55        	<unknown>
      58: 62 75        	<unknown>
      5a: 6e 74        	<unknown>
      5c: 75 20        	<unknown>
      5e: 4c 4c        	<unknown>
      60: 44 20        	<unknown>
      62: 31 37        	<unknown>
      64: 2e 30        	<unknown>
      66: 2e 36        	<unknown>
      68: 00           	<unknown>

Disassembly of section .riscv.attributes:

00000000 <.riscv.attributes>:
       0: 41 49        	<unknown>
       2: 00 00        	<unknown>
       4: 00 72        	<unknown>
       6: 69 73        	<unknown>
       8: 63 76 00 01  	bgeu	zero, a6, 0x14 <$d.5+0x14>
       c: 3f 00 00 00  	<unknown>
      10: 04 10        	<unknown>
      12: 05 72        	<unknown>
      14: 76 33        	<unknown>
      16: 32 69        	<unknown>
      18: 32 70        	<unknown>
      1a: 31 5f        	<unknown>
      1c: 6d 32        	<unknown>
      1e: 70 30        	<unknown>
      20: 5f 61 32 70  	<unknown>
      24: 31 5f        	<unknown>
      26: 66 32        	<unknown>
      28: 70 32        	<unknown>
      2a: 5f 64 32 70  	<unknown>
      2e: 32 5f        	<unknown>
      30: 7a 69        	<unknown>
      32: 63 73 72 32  	bgeu	tp, t2, 0x358 <$d.5+0x358>
      36: 70 30        	<unknown>
      38: 5f 7a 66 68  	<unknown>
      3c: 31 70        	<unknown>
      3e: 30 5f        	<unknown>
      40: 7a 66        	<unknown>
      42: 68 6d        	<unknown>
      44: 69 6e        	<unknown>
      46: 31 70        	<unknown>
      48: 30 00        	<unknown>

Disassembly of section .symtab:

00000000 <.symtab>:
		...
      10: 01 00        	<unknown>
		...
      1a: 00 00        	<unknown>
      1c: 04 00        	<unknown>
      1e: f1 ff        	<unknown>
      20: 1a 00        	<unknown>
      22: 00 00        	<unknown>
      24: d0 01        	<unknown>
      26: 00 80        	<unknown>
      28: 00 00        	<unknown>
      2a: 00 00        	<unknown>
      2c: 00 00        	<unknown>
      2e: 01 00        	<unknown>
      30: 1f 00 00 00  	<unknown>
      34: e4 02        	<unknown>
      36: 00 80        	<unknown>
      38: 00 00        	<unknown>
      3a: 00 00        	<unknown>
      3c: 00 00        	<unknown>
      3e: 01 00        	<unknown>
      40: 24 00        	<unknown>
      42: 00 00        	<unknown>
      44: f0 02        	<unknown>
      46: 00 80        	<unknown>
      48: 00 00        	<unknown>
      4a: 00 00        	<unknown>
      4c: 00 00        	<unknown>
      4e: 01 00        	<unknown>
      50: 29 00        	<unknown>
		...
      5e: 0e 00        	<unknown>
      60: 2e 00        	<unknown>
		...
      6e: f1 ff        	<unknown>
      70: 33 00 00 00  	add	zero, zero, zero
		...
      7c: 04 00        	<unknown>
      7e: f1 ff        	<unknown>
      80: 3a 00        	<unknown>
      82: 00 00        	<unknown>
      84: b0 14        	<unknown>
      86: 00 80        	<unknown>
      88: a0 00        	<unknown>
      8a: 00 00        	<unknown>
      8c: 02 00        	<unknown>
      8e: 01 00        	<unknown>
      90: 44 00        	<unknown>
      92: 00 00        	<unknown>
      94: a0 0c        	<unknown>
      96: 00 80        	<unknown>
      98: 10 08        	<unknown>
      9a: 00 00        	<unknown>
      9c: 02 00        	<unknown>
      9e: 01 00        	<unknown>
      a0: 4f 00 00 00  	fnmadd.s	ft0, ft0, ft0, ft0, rne
      a4: 50 15        	<unknown>
      a6: 00 80        	<unknown>
      a8: 04 00        	<unknown>
      aa: 00 00        	<unknown>
      ac: 02 00        	<unknown>
      ae: 01 00        	<unknown>
      b0: 59 00        	<unknown>
      b2: 00 00        	<unknown>
      b4: ec 18        	<unknown>
      b6: 00 80        	<unknown>
      b8: 6c 06        	<unknown>
      ba: 00 00        	<unknown>
      bc: 02 00        	<unknown>
      be: 01 00        	<unknown>
      c0: 5f 00 00 00  	<unknown>
      c4: 58 1f        	<unknown>
      c6: 00 80        	<unknown>
      c8: 5c 04        	<unknown>
      ca: 00 00        	<unknown>
      cc: 02 00        	<unknown>
      ce: 01 00        	<unknown>
      d0: 65 00        	<unknown>
      d2: 00 00        	<unknown>
      d4: 54 15        	<unknown>
      d6: 00 80        	<unknown>
      d8: 98 03        	<unknown>
      da: 00 00        	<unknown>
      dc: 02 00        	<unknown>
      de: 01 00        	<unknown>
      e0: 70 00        	<unknown>
      e2: 00 00        	<unknown>
      e4: b8 2d        	<unknown>
      e6: 00 80        	<unknown>
      e8: 50 00        	<unknown>
      ea: 00 00        	<unknown>
      ec: 01 00        	<unknown>
      ee: 02 00        	<unknown>
      f0: 7c 00        	<unknown>
      f2: 00 00        	<unknown>
      f4: a4 24        	<unknown>
      f6: 00 80        	<unknown>
      f8: 10 00        	<unknown>
      fa: 00 00        	<unknown>
      fc: 02 00        	<unknown>
      fe: 01 00        	<unknown>
     100: 88 00        	<unknown>
     102: 00 00        	<unknown>
     104: b0 25        	<unknown>
     106: 00 80        	<unknown>
     108: 14 00        	<unknown>
     10a: 00 00        	<unknown>
     10c: 02 00        	<unknown>
     10e: 01 00        	<unknown>
     110: 91 00        	<unknown>
     112: 00 00        	<unknown>
     114: 00 00        	<unknown>
     116: 00 80        	<unknown>
     118: 00 00        	<unknown>
     11a: 00 00        	<unknown>
     11c: 00 00        	<unknown>
     11e: 01 00        	<unknown>
     120: ae 00        	<unknown>
     122: 00 00        	<unknown>
     124: 6c 00        	<unknown>
     126: 00 80        	<unknown>
     128: 00 00        	<unknown>
     12a: 00 00        	<unknown>
     12c: 00 00        	<unknown>
     12e: 01 00        	<unknown>
     130: ca 00        	<unknown>
     132: 00 00        	<unknown>
     134: f8 00        	<unknown>
     136: 00 80        	<unknown>
     138: 00 00        	<unknown>
     13a: 00 00        	<unknown>
     13c: 00 00        	<unknown>
     13e: 01 00        	<unknown>
     140: e8 00        	<unknown>
     142: 00 00        	<unknown>
     144: 00 01        	<unknown>
     146: 00 80        	<unknown>
     148: 00 00        	<unknown>
     14a: 00 00        	<unknown>
     14c: 00 00        	<unknown>
     14e: 01 00        	<unknown>
     150: 01 01        	<unknown>
     152: 00 00        	<unknown>
     154: 30 01        	<unknown>
     156: 00 80        	<unknown>
     158: 00 00        	<unknown>
     15a: 00 00        	<unknown>
     15c: 00 00        	<unknown>
     15e: 01 00        	<unknown>
     160: 14 01        	<unknown>
     162: 00 00        	<unknown>
     164: 60 01        	<unknown>
     166: 00 80        	<unknown>
     168: 00 00        	<unknown>
     16a: 00 00        	<unknown>
     16c: 00 00        	<unknown>
     16e: 01 00        	<unknown>
     170: 29 01        	<unknown>
     172: 00 00        	<unknown>
     174: 88 01        	<unknown>
     176: 00 80        	<unknown>
     178: 00 00        	<unknown>
     17a: 00 00        	<unknown>
     17c: 00 00        	<unknown>
     17e: 01 00        	<unknown>
     180: 3c 01        	<unknown>
     182: 00 00        	<unknown>
     184: c4 01        	<unknown>
     186: 00 80        	<unknown>
     188: 00 00        	<unknown>
     18a: 00 00        	<unknown>
     18c: 00 00        	<unknown>
     18e: 01 00        	<unknown>
     190: 4b 01 00 00  	fnmsub.s	ft2, ft0, ft0, ft0, rne
     194: c8 01        	<unknown>
     196: 00 80        	<unknown>
     198: 00 00        	<unknown>
     19a: 00 00        	<unknown>
     19c: 00 00        	<unknown>
     19e: 01 00        	<unknown>
     1a0: 59 01        	<unknown>
		...
     1aa: 00 00        	<unknown>
     1ac: 04 00        	<unknown>
     1ae: f1 ff        	<unknown>
     1b0: 6e 01        	<unknown>
     1b2: 00 00        	<unknown>
     1b4: c8 28        	<unknown>
     1b6: 00 80        	<unknown>
     1b8: 00 00        	<unknown>
     1ba: 00 00        	<unknown>
     1bc: 00 00        	<unknown>
     1be: 01 00        	<unknown>
     1c0: 73 01 00 00  	<unknown>
     1c4: 50 2f        	<unknown>
     1c6: 00 80        	<unknown>
     1c8: 00 00        	<unknown>
     1ca: 00 00        	<unknown>
     1cc: 00 00        	<unknown>
     1ce: 09 00        	<unknown>
     1d0: 78 01        	<unknown>
     1d2: 00 00        	<unknown>
     1d4: 88 3b        	<unknown>
     1d6: 00 80        	<unknown>
     1d8: 00 00        	<unknown>
     1da: 00 00        	<unknown>
     1dc: 00 00        	<unknown>
     1de: 0b 00 7d 01  	<unknown>
     1e2: 00 00        	<unknown>
     1e4: 74 2f        	<unknown>
     1e6: 00 80        	<unknown>
     1e8: 00 00        	<unknown>
     1ea: 00 00        	<unknown>
     1ec: 00 00        	<unknown>
     1ee: 0a 00        	<unknown>
     1f0: 82 01        	<unknown>
     1f2: 00 00        	<unknown>
     1f4: 9c 3b        	<unknown>
     1f6: 00 80        	<unknown>
     1f8: 00 00        	<unknown>
     1fa: 00 00        	<unknown>
     1fc: 00 00        	<unknown>
     1fe: 0c 00        	<unknown>
     200: 87 01 00 00  	<unknown>
		...
     20c: 00 00        	<unknown>
     20e: 0e 00        	<unknown>
     210: 8c 01        	<unknown>
		...
     21e: f1 ff        	<unknown>
     220: 91 01        	<unknown>
     222: 00 00        	<unknown>
     224: d0 01        	<unknown>
     226: 00 80        	<unknown>
     228: 1c 00        	<unknown>
     22a: 00 00        	<unknown>
     22c: 12 00        	<unknown>
     22e: 01 00        	<unknown>
     230: a1 01        	<unknown>
     232: 00 00        	<unknown>
     234: ec 01        	<unknown>
     236: 00 80        	<unknown>
     238: 0c 00        	<unknown>
     23a: 00 00        	<unknown>
     23c: 12 00        	<unknown>
     23e: 01 00        	<unknown>
     240: b1 01        	<unknown>
     242: 00 00        	<unknown>
     244: f8 01        	<unknown>
     246: 00 80        	<unknown>
     248: 04 00        	<unknown>
     24a: 00 00        	<unknown>
     24c: 12 00        	<unknown>
     24e: 01 00        	<unknown>
     250: c1 01        	<unknown>
     252: 00 00        	<unknown>
     254: fc 01        	<unknown>
     256: 00 80        	<unknown>
     258: 50 00        	<unknown>
     25a: 00 00        	<unknown>
     25c: 12 00        	<unknown>
     25e: 01 00        	<unknown>
     260: d7 01 00 00  	<unknown>
     264: 00 00        	<unknown>
     266: 00 00        	<unknown>
     268: 04 00        	<unknown>
     26a: 00 00        	<unknown>
     26c: 16 00        	<unknown>
     26e: 05 00        	<unknown>
     270: e0 01        	<unknown>
     272: 00 00        	<unknown>
     274: 4c 02        	<unknown>
     276: 00 80        	<unknown>
     278: 08 00        	<unknown>
     27a: 00 00        	<unknown>
     27c: 12 00        	<unknown>
     27e: 01 00        	<unknown>
     280: f4 01        	<unknown>
     282: 00 00        	<unknown>
     284: 54 02        	<unknown>
     286: 00 80        	<unknown>
     288: 14 00        	<unknown>
     28a: 00 00        	<unknown>
     28c: 12 00        	<unknown>
     28e: 01 00        	<unknown>
     290: 01 02        	<unknown>
     292: 00 00        	<unknown>
     294: 68 02        	<unknown>
     296: 00 80        	<unknown>
     298: 08 00        	<unknown>
     29a: 00 00        	<unknown>
     29c: 12 00        	<unknown>
     29e: 01 00        	<unknown>
     2a0: 0c 02        	<unknown>
     2a2: 00 00        	<unknown>
     2a4: 70 02        	<unknown>
     2a6: 00 80        	<unknown>
     2a8: 0c 00        	<unknown>
     2aa: 00 00        	<unknown>
     2ac: 12 00        	<unknown>
     2ae: 01 00        	<unknown>
     2b0: 1f 02 00 00  	<unknown>
     2b4: 7c 02        	<unknown>
     2b6: 00 80        	<unknown>
     2b8: 08 00        	<unknown>
     2ba: 00 00        	<unknown>
     2bc: 12 00        	<unknown>
     2be: 01 00        	<unknown>
     2c0: 3f 02 00 00  	<unknown>
     2c4: 84 02        	<unknown>
     2c6: 00 80        	<unknown>
     2c8: 08 00        	<unknown>
     2ca: 00 00        	<unknown>
     2cc: 12 00        	<unknown>
     2ce: 01 00        	<unknown>
     2d0: 4f 02 00 00  	fnmadd.s	ft4, ft0, ft0, ft0, rne
     2d4: 8c 02        	<unknown>
     2d6: 00 80        	<unknown>
     2d8: 08 00        	<unknown>
     2da: 00 00        	<unknown>
     2dc: 12 00        	<unknown>
     2de: 01 00        	<unknown>
     2e0: 66 02        	<unknown>
     2e2: 00 00        	<unknown>
     2e4: 94 02        	<unknown>
     2e6: 00 80        	<unknown>
     2e8: 88 00        	<unknown>
     2ea: 00 00        	<unknown>
     2ec: 12 00        	<unknown>
     2ee: 01 00        	<unknown>
     2f0: 7a 02        	<unknown>
     2f2: 00 00        	<unknown>
     2f4: 1c 03        	<unknown>
     2f6: 00 80        	<unknown>
     2f8: 84 00        	<unknown>
     2fa: 00 00        	<unknown>
     2fc: 12 00        	<unknown>
     2fe: 01 00        	<unknown>
     300: 93 02 00 00  	li	t0, 0
     304: a0 03        	<unknown>
     306: 00 80        	<unknown>
     308: b8 00        	<unknown>
     30a: 00 00        	<unknown>
     30c: 12 00        	<unknown>
     30e: 01 00        	<unknown>
     310: a5 02        	<unknown>
     312: 00 00        	<unknown>
     314: 00 00        	<unknown>
     316: 00 80        	<unknown>
     318: 00 00        	<unknown>
     31a: 00 00        	<unknown>
     31c: 10 00        	<unknown>
     31e: 01 00        	<unknown>
     320: ac 02        	<unknown>
     322: 00 00        	<unknown>
     324: 40 2e        	<unknown>
     326: 00 80        	<unknown>
     328: 00 00        	<unknown>
     32a: 00 00        	<unknown>
     32c: 10 00        	<unknown>
     32e: 03 00 b3 02  	lb	zero, 43(t1)
     332: 00 00        	<unknown>
     334: 80 2e        	<unknown>
     336: 00 80        	<unknown>
     338: 00 00        	<unknown>
     33a: 00 00        	<unknown>
     33c: 10 00        	<unknown>
     33e: 03 00 bc 02  	lb	zero, 43(s8)
     342: 00 00        	<unknown>
     344: 58 04        	<unknown>
     346: 00 80        	<unknown>
     348: 0c 00        	<unknown>
     34a: 00 00        	<unknown>
     34c: 12 00        	<unknown>
     34e: 01 00        	<unknown>
     350: c9 02        	<unknown>
     352: 00 00        	<unknown>
     354: 64 04        	<unknown>
     356: 00 80        	<unknown>
     358: 0c 00        	<unknown>
     35a: 00 00        	<unknown>
     35c: 12 00        	<unknown>
     35e: 01 00        	<unknown>
     360: d6 02        	<unknown>
     362: 00 00        	<unknown>
     364: 90 3b        	<unknown>
     366: 00 80        	<unknown>
     368: 0c 00        	<unknown>
     36a: 00 00        	<unknown>
     36c: 11 00        	<unknown>
     36e: 0c 00        	<unknown>
     370: e3 02 00 00  	beqz	zero, 0xb74 <.symtab+0xb74>
     374: 70 04        	<unknown>
     376: 00 80        	<unknown>
     378: 20 00        	<unknown>
     37a: 00 00        	<unknown>
     37c: 12 00        	<unknown>
     37e: 01 00        	<unknown>
     380: f0 02        	<unknown>
     382: 00 00        	<unknown>
     384: 90 04        	<unknown>
     386: 00 80        	<unknown>
     388: 18 00        	<unknown>
     38a: 00 00        	<unknown>
     38c: 12 00        	<unknown>
     38e: 01 00        	<unknown>
     390: fd 02        	<unknown>
     392: 00 00        	<unknown>
     394: a8 04        	<unknown>
     396: 00 80        	<unknown>
     398: 0c 00        	<unknown>
     39a: 00 00        	<unknown>
     39c: 12 00        	<unknown>
     39e: 01 00        	<unknown>
     3a0: 11 03        	<unknown>
     3a2: 00 00        	<unknown>
     3a4: b4 04        	<unknown>
     3a6: 00 80        	<unknown>
     3a8: 54 00        	<unknown>
     3aa: 00 00        	<unknown>
     3ac: 12 00        	<unknown>
     3ae: 01 00        	<unknown>
     3b0: 21 03        	<unknown>
     3b2: 00 00        	<unknown>
     3b4: 9c 3f        	<unknown>
     3b6: 00 80        	<unknown>
     3b8: 00 00        	<unknown>
     3ba: 00 00        	<unknown>
     3bc: 10 00        	<unknown>
     3be: 0d 00        	<unknown>
     3c0: 28 03        	<unknown>
     3c2: 00 00        	<unknown>
     3c4: 08 05        	<unknown>
     3c6: 00 80        	<unknown>
     3c8: 0c 00        	<unknown>
     3ca: 00 00        	<unknown>
     3cc: 12 00        	<unknown>
     3ce: 01 00        	<unknown>
     3d0: 3d 03        	<unknown>
     3d2: 00 00        	<unknown>
     3d4: 14 05        	<unknown>
     3d6: 00 80        	<unknown>
     3d8: 0c 00        	<unknown>
     3da: 00 00        	<unknown>
     3dc: 12 00        	<unknown>
     3de: 01 00        	<unknown>
     3e0: 52 03        	<unknown>
     3e2: 00 00        	<unknown>
     3e4: 20 05        	<unknown>
     3e6: 00 80        	<unknown>
     3e8: 24 00        	<unknown>
     3ea: 00 00        	<unknown>
     3ec: 12 00        	<unknown>
     3ee: 01 00        	<unknown>
     3f0: 64 03        	<unknown>
     3f2: 00 00        	<unknown>
     3f4: 44 05        	<unknown>
     3f6: 00 80        	<unknown>
     3f8: 18 00        	<unknown>
     3fa: 00 00        	<unknown>
     3fc: 12 00        	<unknown>
     3fe: 01 00        	<unknown>
     400: 76 03        	<unknown>
     402: 00 00        	<unknown>
     404: 5c 05        	<unknown>
     406: 00 80        	<unknown>
     408: 1c 00        	<unknown>
     40a: 00 00        	<unknown>
     40c: 12 00        	<unknown>
     40e: 01 00        	<unknown>
     410: 90 03        	<unknown>
     412: 00 00        	<unknown>
     414: 78 05        	<unknown>
     416: 00 80        	<unknown>
     418: 2c 00        	<unknown>
     41a: 00 00        	<unknown>
     41c: 12 00        	<unknown>
     41e: 01 00        	<unknown>
     420: a2 03        	<unknown>
     422: 00 00        	<unknown>
     424: a4 05        	<unknown>
     426: 00 80        	<unknown>
     428: 24 00        	<unknown>
     42a: 00 00        	<unknown>
     42c: 12 00        	<unknown>
     42e: 01 00        	<unknown>
     430: bc 03        	<unknown>
     432: 00 00        	<unknown>
     434: c8 05        	<unknown>
     436: 00 80        	<unknown>
     438: 40 00        	<unknown>
     43a: 00 00        	<unknown>
     43c: 12 00        	<unknown>
     43e: 01 00        	<unknown>
     440: ce 03        	<unknown>
     442: 00 00        	<unknown>
     444: 08 06        	<unknown>
     446: 00 80        	<unknown>
     448: 10 00        	<unknown>
     44a: 00 00        	<unknown>
     44c: 12 00        	<unknown>
     44e: 01 00        	<unknown>
     450: dc 03        	<unknown>
     452: 00 00        	<unknown>
     454: 18 06        	<unknown>
     456: 00 80        	<unknown>
     458: 0c 00        	<unknown>
     45a: 00 00        	<unknown>
     45c: 12 00        	<unknown>
     45e: 01 00        	<unknown>
     460: ee 03        	<unknown>
     462: 00 00        	<unknown>
     464: 24 06        	<unknown>
     466: 00 80        	<unknown>
     468: d8 00        	<unknown>
     46a: 00 00        	<unknown>
     46c: 12 00        	<unknown>
     46e: 01 00        	<unknown>
     470: f6 03        	<unknown>
     472: 00 00        	<unknown>
     474: 74 3b        	<unknown>
     476: 00 80        	<unknown>
     478: 04 00        	<unknown>
     47a: 00 00        	<unknown>
     47c: 11 00        	<unknown>
     47e: 0b 00 02 04  	<unknown>
     482: 00 00        	<unknown>
     484: 04 00        	<unknown>
     486: 00 00        	<unknown>
     488: 04 00        	<unknown>
     48a: 00 00        	<unknown>
     48c: 16 00        	<unknown>
     48e: 05 00        	<unknown>
     490: 07 04 00 00  	<unknown>
     494: fc 06        	<unknown>
     496: 00 80        	<unknown>
     498: 14 01        	<unknown>
     49a: 00 00        	<unknown>
     49c: 12 00        	<unknown>
     49e: 01 00        	<unknown>
     4a0: 0f 04 00 00  	<unknown>
     4a4: 10 08        	<unknown>
     4a6: 00 80        	<unknown>
     4a8: 0c 00        	<unknown>
     4aa: 00 00        	<unknown>
     4ac: 12 00        	<unknown>
     4ae: 01 00        	<unknown>
     4b0: 26 04        	<unknown>
     4b2: 00 00        	<unknown>
     4b4: 1c 08        	<unknown>
     4b6: 00 80        	<unknown>
     4b8: 0c 00        	<unknown>
     4ba: 00 00        	<unknown>
     4bc: 12 00        	<unknown>
     4be: 01 00        	<unknown>
     4c0: 3c 04        	<unknown>
     4c2: 00 00        	<unknown>
     4c4: 28 08        	<unknown>
     4c6: 00 80        	<unknown>
     4c8: 04 00        	<unknown>
     4ca: 00 00        	<unknown>
     4cc: 12 00        	<unknown>
     4ce: 01 00        	<unknown>
     4d0: 4c 04        	<unknown>
     4d2: 00 00        	<unknown>
     4d4: 2c 08        	<unknown>
     4d6: 00 80        	<unknown>
     4d8: dc 00        	<unknown>
     4da: 00 00        	<unknown>
     4dc: 12 00        	<unknown>
     4de: 01 00        	<unknown>
     4e0: 5a 04        	<unknown>
     4e2: 00 00        	<unknown>
     4e4: 08 09        	<unknown>
     4e6: 00 80        	<unknown>
     4e8: 34 00        	<unknown>
     4ea: 00 00        	<unknown>
     4ec: 12 00        	<unknown>
     4ee: 01 00        	<unknown>
     4f0: 6b 04 00 00  	<unknown>
     4f4: 3c 09        	<unknown>
     4f6: 00 80        	<unknown>
     4f8: b8 00        	<unknown>
     4fa: 00 00        	<unknown>
     4fc: 12 00        	<unknown>
     4fe: 01 00        	<unknown>
     500: 78 04        	<unknown>
     502: 00 00        	<unknown>
     504: f4 09        	<unknown>
     506: 00 80        	<unknown>
     508: 18 00        	<unknown>
     50a: 00 00        	<unknown>
     50c: 12 00        	<unknown>
     50e: 01 00        	<unknown>
     510: 86 04        	<unknown>
     512: 00 00        	<unknown>
     514: 0c 0a        	<unknown>
     516: 00 80        	<unknown>
     518: 10 00        	<unknown>
     51a: 00 00        	<unknown>
     51c: 12 00        	<unknown>
     51e: 01 00        	<unknown>
     520: 97 04 00 00  	auipc	s1, 0
     524: 1c 0a        	<unknown>
     526: 00 80        	<unknown>
     528: 0c 00        	<unknown>
     52a: 00 00        	<unknown>
     52c: 12 00        	<unknown>
     52e: 01 00        	<unknown>
     530: a2 04        	<unknown>
     532: 00 00        	<unknown>
     534: 78 3b        	<unknown>
     536: 00 80        	<unknown>
     538: 04 00        	<unknown>
     53a: 00 00        	<unknown>
     53c: 11 00        	<unknown>
     53e: 0b 00 ae 04  	<unknown>
     542: 00 00        	<unknown>
     544: 28 0a        	<unknown>
     546: 00 80        	<unknown>
     548: 10 00        	<unknown>
     54a: 00 00        	<unknown>
     54c: 12 00        	<unknown>
     54e: 01 00        	<unknown>
     550: c1 04        	<unknown>
     552: 00 00        	<unknown>
     554: 38 0a        	<unknown>
     556: 00 80        	<unknown>
     558: 18 00        	<unknown>
     55a: 00 00        	<unknown>
     55c: 12 00        	<unknown>
     55e: 01 00        	<unknown>
     560: d9 04        	<unknown>
     562: 00 00        	<unknown>
     564: 50 0a        	<unknown>
     566: 00 80        	<unknown>
     568: 08 00        	<unknown>
     56a: 00 00        	<unknown>
     56c: 12 00        	<unknown>
     56e: 01 00        	<unknown>
     570: ec 04        	<unknown>
     572: 00 00        	<unknown>
     574: 58 0a        	<unknown>
     576: 00 80        	<unknown>
     578: 08 00        	<unknown>
     57a: 00 00        	<unknown>
     57c: 12 00        	<unknown>
     57e: 01 00        	<unknown>
     580: 04 05        	<unknown>
     582: 00 00        	<unknown>
     584: 60 0a        	<unknown>
     586: 00 80        	<unknown>
     588: 58 00        	<unknown>
     58a: 00 00        	<unknown>
     58c: 12 00        	<unknown>
     58e: 01 00        	<unknown>
     590: 18 05        	<unknown>
     592: 00 00        	<unknown>
     594: 7c 3b        	<unknown>
     596: 00 80        	<unknown>
     598: 08 00        	<unknown>
     59a: 00 00        	<unknown>
     59c: 11 00        	<unknown>
     59e: 0b 00 26 05  	<unknown>
     5a2: 00 00        	<unknown>
     5a4: b8 0a        	<unknown>
     5a6: 00 80        	<unknown>
     5a8: 30 00        	<unknown>
     5aa: 00 00        	<unknown>
     5ac: 12 00        	<unknown>
     5ae: 01 00        	<unknown>
     5b0: 3b 05 00 00  	<unknown>
     5b4: e8 0a        	<unknown>
     5b6: 00 80        	<unknown>
     5b8: 48 00        	<unknown>
     5ba: 00 00        	<unknown>
     5bc: 12 00        	<unknown>
     5be: 01 00        	<unknown>
     5c0: 55 05        	<unknown>
     5c2: 00 00        	<unknown>
     5c4: 30 0b        	<unknown>
     5c6: 00 80        	<unknown>
     5c8: 6c 00        	<unknown>
     5ca: 00 00        	<unknown>
     5cc: 12 00        	<unknown>
     5ce: 01 00        	<unknown>
     5d0: 76 05        	<unknown>
     5d2: 00 00        	<unknown>
     5d4: 84 3b        	<unknown>
     5d6: 00 80        	<unknown>
     5d8: 04 00        	<unknown>
     5da: 00 00        	<unknown>
     5dc: 11 00        	<unknown>
     5de: 0b 00 88 05  	<unknown>
     5e2: 00 00        	<unknown>
     5e4: 9c 0b        	<unknown>
     5e6: 00 80        	<unknown>
     5e8: 08 00        	<unknown>
     5ea: 00 00        	<unknown>
     5ec: 12 00        	<unknown>
     5ee: 01 00        	<unknown>
     5f0: 94 05        	<unknown>
     5f2: 00 00        	<unknown>
     5f4: a4 0b        	<unknown>
     5f6: 00 80        	<unknown>
     5f8: 08 00        	<unknown>
     5fa: 00 00        	<unknown>
     5fc: 12 00        	<unknown>
     5fe: 01 00        	<unknown>
     600: b1 05        	<unknown>
     602: 00 00        	<unknown>
     604: ac 0b        	<unknown>
     606: 00 80        	<unknown>
     608: 08 00        	<unknown>
     60a: 00 00        	<unknown>
     60c: 12 00        	<unknown>
     60e: 01 00        	<unknown>
     610: c6 05        	<unknown>
     612: 00 00        	<unknown>
     614: b4 0b        	<unknown>
     616: 00 80        	<unknown>
     618: 0c 00        	<unknown>
     61a: 00 00        	<unknown>
     61c: 12 00        	<unknown>
     61e: 01 00        	<unknown>
     620: db 05 00 00  	<unknown>
     624: c0 0b        	<unknown>
     626: 00 80        	<unknown>
     628: 10 00        	<unknown>
     62a: 00 00        	<unknown>
     62c: 12 00        	<unknown>
     62e: 01 00        	<unknown>
     630: ec 05        	<unknown>
     632: 00 00        	<unknown>
     634: d0 0b        	<unknown>
     636: 00 80        	<unknown>
     638: 08 00        	<unknown>
     63a: 00 00        	<unknown>
     63c: 12 00        	<unknown>
     63e: 01 00        	<unknown>
     640: fd 05        	<unknown>
     642: 00 00        	<unknown>
     644: d8 0b        	<unknown>
     646: 00 80        	<unknown>
     648: 10 00        	<unknown>
     64a: 00 00        	<unknown>
     64c: 12 00        	<unknown>
     64e: 01 00        	<unknown>
     650: 13 06 00 00  	li	a2, 0
     654: e8 0b        	<unknown>
     656: 00 80        	<unknown>
     658: 0c 00        	<unknown>
     65a: 00 00        	<unknown>
     65c: 12 00        	<unknown>
     65e: 01 00        	<unknown>
     660: 29 06        	<unknown>
     662: 00 00        	<unknown>
     664: f4 0b        	<unknown>
     666: 00 80        	<unknown>
     668: 10 00        	<unknown>
     66a: 00 00        	<unknown>
     66c: 12 00        	<unknown>
     66e: 01 00        	<unknown>
     670: 47 06 00 00  	fmsub.s	fa2, ft0, ft0, ft0, rne
     674: 04 0c        	<unknown>
     676: 00 80        	<unknown>
     678: 1c 00        	<unknown>
     67a: 00 00        	<unknown>
     67c: 12 00        	<unknown>
     67e: 01 00        	<unknown>
     680: 5c 06        	<unknown>
     682: 00 00        	<unknown>
     684: 20 0c        	<unknown>
     686: 00 80        	<unknown>
     688: 20 00        	<unknown>
     68a: 00 00        	<unknown>
     68c: 12 00        	<unknown>
     68e: 01 00        	<unknown>
     690: 6c 06        	<unknown>
     692: 00 00        	<unknown>
     694: 40 0c        	<unknown>
     696: 00 80        	<unknown>
     698: 08 00        	<unknown>
     69a: 00 00        	<unknown>
     69c: 12 00        	<unknown>
     69e: 01 00        	<unknown>
     6a0: 85 06        	<unknown>
     6a2: 00 00        	<unknown>
     6a4: 48 0c        	<unknown>
     6a6: 00 80        	<unknown>
     6a8: 58 00        	<unknown>
     6aa: 00 00        	<unknown>
     6ac: 12 00        	<unknown>
     6ae: 01 00        	<unknown>
     6b0: 8d 06        	<unknown>
     6b2: 00 00        	<unknown>
     6b4: b4 23        	<unknown>
     6b6: 00 80        	<unknown>
     6b8: 9c 00        	<unknown>
     6ba: 00 00        	<unknown>
     6bc: 12 00        	<unknown>
     6be: 01 00        	<unknown>
     6c0: 9a 06        	<unknown>
     6c2: 00 00        	<unknown>
     6c4: 50 24        	<unknown>
     6c6: 00 80        	<unknown>
     6c8: 54 00        	<unknown>
     6ca: 00 00        	<unknown>
     6cc: 12 00        	<unknown>
     6ce: 01 00        	<unknown>
     6d0: a3 06 00 00  	sb	zero, 13(zero)
     6d4: b4 24        	<unknown>
     6d6: 00 80        	<unknown>
     6d8: 50 00        	<unknown>
     6da: 00 00        	<unknown>
     6dc: 12 00        	<unknown>
     6de: 01 00        	<unknown>
     6e0: ad 06        	<unknown>
     6e2: 00 00        	<unknown>
     6e4: 04 25        	<unknown>
     6e6: 00 80        	<unknown>
     6e8: 30 00        	<unknown>
     6ea: 00 00        	<unknown>
     6ec: 12 00        	<unknown>
     6ee: 01 00        	<unknown>
     6f0: b6 06        	<unknown>
     6f2: 00 00        	<unknown>
     6f4: 34 25        	<unknown>
     6f6: 00 80        	<unknown>
     6f8: 24 00        	<unknown>
     6fa: 00 00        	<unknown>
     6fc: 12 00        	<unknown>
     6fe: 01 00        	<unknown>
     700: c1 06        	<unknown>
     702: 00 00        	<unknown>
     704: 58 25        	<unknown>
     706: 00 80        	<unknown>
     708: 58 00        	<unknown>
     70a: 00 00        	<unknown>
     70c: 12 00        	<unknown>
     70e: 01 00        	<unknown>
     710: cb 06 00 00  	fnmsub.s	fa3, ft0, ft0, ft0, rne
     714: c4 25        	<unknown>
     716: 00 80        	<unknown>
     718: 04 03        	<unknown>
     71a: 00 00        	<unknown>
     71c: 12 00        	<unknown>
     71e: 01 00        	<unknown>
     720: d5 06        	<unknown>
     722: 00 00        	<unknown>
     724: 88 2e        	<unknown>
     726: 00 80        	<unknown>
     728: 00 00        	<unknown>
     72a: 00 00        	<unknown>
     72c: 10 00        	<unknown>
     72e: 04 00        	<unknown>
     730: e3 06 00 00  	beqz	zero, 0xf3c <.symtab+0xf3c>
     734: 88 2e        	<unknown>
     736: 00 80        	<unknown>
     738: 00 00        	<unknown>
     73a: 00 00        	<unknown>
     73c: 10 00        	<unknown>
     73e: 04 00        	<unknown>
     740: ef 06 00 00  	jal	a3, 0x740 <.symtab+0x740>
     744: 74 3b        	<unknown>
     746: 00 80        	<unknown>
     748: 00 00        	<unknown>
     74a: 00 00        	<unknown>
     74c: 10 00        	<unknown>
     74e: 0a 00        	<unknown>
     750: fb 06 00 00  	<unknown>
     754: 9c 3f        	<unknown>
     756: 00 80        	<unknown>
     758: 00 00        	<unknown>
     75a: 00 00        	<unknown>
     75c: 10 00        	<unknown>
     75e: 0c 00        	<unknown>
     760: 05 07        	<unknown>
     762: 00 00        	<unknown>
     764: 90 2e        	<unknown>
     766: 00 80        	<unknown>
     768: 00 00        	<unknown>
     76a: 00 00        	<unknown>
     76c: 10 00        	<unknown>
     76e: 07 00 13 07  	<unknown>
     772: 00 00        	<unknown>
     774: 90 2e        	<unknown>
     776: 00 80        	<unknown>
     778: 00 00        	<unknown>
     77a: 00 00        	<unknown>
     77c: 10 00        	<unknown>
     77e: 07 00 1f 07  	<unknown>
     782: 00 00        	<unknown>
     784: a0 2e        	<unknown>
     786: 00 80        	<unknown>
     788: 00 00        	<unknown>
     78a: 00 00        	<unknown>
     78c: 10 00        	<unknown>
     78e: 08 00        	<unknown>
     790: 2a 07        	<unknown>
     792: 00 00        	<unknown>
     794: 90 2e        	<unknown>
     796: 00 80        	<unknown>
     798: 00 00        	<unknown>
     79a: 00 00        	<unknown>
     79c: 10 00        	<unknown>
     79e: 08 00        	<unknown>
     7a0: 37 07 00 00  	lui	a4, 0
     7a4: c8 28        	<unknown>
     7a6: 00 80        	<unknown>
     7a8: 30 03        	<unknown>
     7aa: 00 00        	<unknown>
     7ac: 12 00        	<unknown>
     7ae: 01 00        	<unknown>
     7b0: 3c 07        	<unknown>
     7b2: 00 00        	<unknown>
     7b4: 88 2e        	<unknown>
     7b6: 00 80        	<unknown>
     7b8: 00 00        	<unknown>
     7ba: 00 00        	<unknown>
     7bc: 10 00        	<unknown>
     7be: 05 00        	<unknown>
     7c0: 49 07        	<unknown>
     7c2: 00 00        	<unknown>
     7c4: 90 2e        	<unknown>
     7c6: 00 80        	<unknown>
     7c8: 00 00        	<unknown>
     7ca: 00 00        	<unknown>
     7cc: 10 00        	<unknown>
     7ce: 05 00        	<unknown>
     7d0: 54 07        	<unknown>
     7d2: 00 00        	<unknown>
     7d4: 90 2e        	<unknown>
     7d6: 00 80        	<unknown>
     7d8: 10 00        	<unknown>
     7da: 00 00        	<unknown>
     7dc: 11 00        	<unknown>
     7de: 08 00        	<unknown>
     7e0: 59 07        	<unknown>
     7e2: 00 00        	<unknown>
     7e4: 90 36        	<unknown>
     7e6: 00 80        	<unknown>
     7e8: 00 00        	<unknown>
     7ea: 00 00        	<unknown>
     7ec: 10 00        	<unknown>
     7ee: 09 00        	<unknown>
     7f0: 6b 07 00 00  	<unknown>
     7f4: 51 2f        	<unknown>
     7f6: 00 80        	<unknown>
     7f8: 01 00        	<unknown>
     7fa: 00 00        	<unknown>
     7fc: 11 00        	<unknown>
     7fe: 09 00        	<unknown>
     800: 75 07        	<unknown>
     802: 00 00        	<unknown>
     804: 50 2f        	<unknown>
     806: 00 80        	<unknown>
     808: 01 00        	<unknown>
     80a: 00 00        	<unknown>
     80c: 11 00        	<unknown>
     80e: 09 00        	<unknown>
     810: 7f 07 00 00  	<unknown>
     814: 74 2f        	<unknown>
     816: 00 80        	<unknown>
     818: 00 08        	<unknown>
     81a: 00 00        	<unknown>
     81c: 11 00        	<unknown>
     81e: 0a 00        	<unknown>
     820: 86 07        	<unknown>
     822: 00 00        	<unknown>
     824: 74 39        	<unknown>
     826: 00 80        	<unknown>
     828: 00 02        	<unknown>
     82a: 00 00        	<unknown>
     82c: 11 00        	<unknown>
     82e: 0a 00        	<unknown>
     830: 96 07        	<unknown>
     832: 00 00        	<unknown>
     834: 68 2f        	<unknown>
     836: 00 80        	<unknown>
     838: 01 00        	<unknown>
     83a: 00 00        	<unknown>
     83c: 11 00        	<unknown>
     83e: 09 00        	<unknown>
     840: a1 07        	<unknown>
     842: 00 00        	<unknown>
     844: 69 2f        	<unknown>
     846: 00 80        	<unknown>
     848: 01 00        	<unknown>
     84a: 00 00        	<unknown>
     84c: 11 00        	<unknown>
     84e: 09 00        	<unknown>
     850: ad 07        	<unknown>
     852: 00 00        	<unknown>
     854: 70 2f        	<unknown>
     856: 00 80        	<unknown>
     858: 04 00        	<unknown>
     85a: 00 00        	<unknown>
     85c: 11 00        	<unknown>
     85e: 09 00        	<unknown>
     860: ba 07        	<unknown>
     862: 00 00        	<unknown>
     864: 6a 2f        	<unknown>
     866: 00 80        	<unknown>
     868: 01 00        	<unknown>
     86a: 00 00        	<unknown>
     86c: 11 00        	<unknown>
     86e: 09 00        	<unknown>
     870: c2 07        	<unknown>
     872: 00 00        	<unknown>
     874: 6b 2f 00 80  	<unknown>
     878: 01 00        	<unknown>
     87a: 00 00        	<unknown>
     87c: 11 00        	<unknown>
     87e: 09 00        	<unknown>
     880: cc 07        	<unknown>
     882: 00 00        	<unknown>
     884: 6c 2f        	<unknown>
     886: 00 80        	<unknown>
     888: 01 00        	<unknown>
     88a: 00 00        	<unknown>
     88c: 11 00        	<unknown>
     88e: 09 00        	<unknown>
     890: d6 07        	<unknown>
     892: 00 00        	<unknown>
     894: 8c 3b        	<unknown>
     896: 00 80        	<unknown>
     898: 01 00        	<unknown>
     89a: 00 00        	<unknown>
     89c: 11 00        	<unknown>
     89e: 0b 00 e5 07  	<unknown>
     8a2: 00 00        	<unknown>
     8a4: 88 3b        	<unknown>
     8a6: 00 80        	<unknown>
     8a8: 04 00        	<unknown>
     8aa: 00 00        	<unknown>
     8ac: 11 00        	<unknown>
     8ae: 0b 00 f4 07  	<unknown>
     8b2: 00 00        	<unknown>
     8b4: 64 2f        	<unknown>
     8b6: 00 80        	<unknown>
     8b8: 04 00        	<unknown>
     8ba: 00 00        	<unknown>
     8bc: 11 00        	<unknown>
     8be: 09 00        	<unknown>
     8c0: 04 08        	<unknown>
     8c2: 00 00        	<unknown>
     8c4: 54 2f        	<unknown>
     8c6: 00 80        	<unknown>
     8c8: 04 00        	<unknown>
     8ca: 00 00        	<unknown>
     8cc: 11 00        	<unknown>
     8ce: 09 00        	<unknown>
     8d0: 13 08 00 00  	li	a6, 0
     8d4: 58 2f        	<unknown>
     8d6: 00 80        	<unknown>
     8d8: 04 00        	<unknown>
     8da: 00 00        	<unknown>
     8dc: 11 00        	<unknown>
     8de: 09 00        	<unknown>
     8e0: 22 08        	<unknown>
     8e2: 00 00        	<unknown>
     8e4: 5c 2f        	<unknown>
     8e6: 00 80        	<unknown>
     8e8: 04 00        	<unknown>
     8ea: 00 00        	<unknown>
     8ec: 11 00        	<unknown>
     8ee: 09 00        	<unknown>
     8f0: 32 08        	<unknown>
     8f2: 00 00        	<unknown>
     8f4: 60 2f        	<unknown>
     8f6: 00 80        	<unknown>
     8f8: 04 00        	<unknown>
     8fa: 00 00        	<unknown>
     8fc: 11 00        	<unknown>
     8fe: 09 00        	<unknown>
     900: 42 08        	<unknown>
     902: 00 00        	<unknown>
     904: 74 37        	<unknown>
     906: 00 80        	<unknown>
     908: 00 02        	<unknown>
     90a: 00 00        	<unknown>
     90c: 11 00        	<unknown>
     90e: 0a 00        	<unknown>
     910: 4b 08 00 00  	fnmsub.s	fa6, ft0, ft0, ft0, rne
     914: 9c 3b        	<unknown>
     916: 00 80        	<unknown>
     918: 00 02        	<unknown>
     91a: 00 00        	<unknown>
     91c: 11 00        	<unknown>
     91e: 0c 00        	<unknown>
     920: 4d 08        	<unknown>
     922: 00 00        	<unknown>
     924: 9c 3d        	<unknown>
     926: 00 80        	<unknown>
     928: 00 02        	<unknown>
     92a: 00 00        	<unknown>
     92c: 11 00        	<unknown>
     92e: 0c 00        	<unknown>
     930: 53 08 00 00  	fadd.s	fa6, ft0, ft0, rne
     934: f8 2b        	<unknown>
     936: 00 80        	<unknown>
     938: 00 00        	<unknown>
     93a: 00 00        	<unknown>
     93c: 10 00        	<unknown>
     93e: 01 00        	<unknown>
     940: 5a 08        	<unknown>
     942: 00 00        	<unknown>
     944: 90 2e        	<unknown>
     946: 00 80        	<unknown>
     948: 00 00        	<unknown>
     94a: 00 00        	<unknown>
     94c: 10 00        	<unknown>
     94e: 06 00        	<unknown>
     950: 66 08        	<unknown>
     952: 00 00        	<unknown>
     954: 74 2f        	<unknown>
     956: 00 80        	<unknown>
     958: 00 00        	<unknown>
     95a: 00 00        	<unknown>
     95c: 10 00        	<unknown>
     95e: f1 ff        	<unknown>
     960: 6e 08        	<unknown>
     962: 00 00        	<unknown>
     964: a0 2e        	<unknown>
     966: 00 80        	<unknown>
     968: 00 00        	<unknown>
     96a: 00 00        	<unknown>
     96c: 10 00        	<unknown>
     96e: 09 00        	<unknown>
     970: 7e 08        	<unknown>
     972: 00 00        	<unknown>
     974: 74 2f        	<unknown>
     976: 00 80        	<unknown>
     978: 00 00        	<unknown>
     97a: 00 00        	<unknown>
     97c: 10 00        	<unknown>
     97e: 0a 00        	<unknown>
     980: 8d 08        	<unknown>
     982: 00 00        	<unknown>
     984: 74 3b        	<unknown>
     986: 00 80        	<unknown>
     988: 00 00        	<unknown>
     98a: 00 00        	<unknown>
     98c: 10 00        	<unknown>
     98e: 0a 00        	<unknown>
     990: 94 08        	<unknown>
     992: 00 00        	<unknown>
     994: 9c 3f        	<unknown>
     996: 00 80        	<unknown>
     998: 00 00        	<unknown>
     99a: 00 00        	<unknown>
     99c: 10 00        	<unknown>
     99e: 0c 00        	<unknown>
     9a0: a0 08        	<unknown>
     9a2: 00 00        	<unknown>
     9a4: 9c 3f        	<unknown>
     9a6: 00 80        	<unknown>
     9a8: 00 00        	<unknown>
     9aa: 00 00        	<unknown>
     9ac: 10 00        	<unknown>
     9ae: 0c 00        	<unknown>

Disassembly of section .shstrtab:

00000000 <.shstrtab>:
       0: 00 2e        	<unknown>
       2: 74 65        	<unknown>
       4: 78 74        	<unknown>
       6: 00 2e        	<unknown>
       8: 72 6f        	<unknown>
       a: 64 61        	<unknown>
       c: 74 61        	<unknown>
       e: 00 2e        	<unknown>
      10: 68 74        	<unknown>
      12: 69 66        	<unknown>
      14: 00 2e        	<unknown>
      16: 74 64        	<unknown>
      18: 61 74        	<unknown>
      1a: 61 00        	<unknown>
      1c: 2e 74        	<unknown>
      1e: 62 73        	<unknown>
      20: 73 00 2e 74  	<unknown>
      24: 62 73        	<unknown>
      26: 73 65 6e 64  	csrrsi	a0, hviprio1, 28
      2a: 00 2e        	<unknown>
      2c: 63 64 61 74  	bltu	sp, t1, 0x774 <.symtab+0x774>
      30: 61 00        	<unknown>
      32: 2e 63        	<unknown>
      34: 62 73        	<unknown>
      36: 73 00 2e 73  	<unknown>
      3a: 64 61        	<unknown>
      3c: 74 61        	<unknown>
      3e: 00 2e        	<unknown>
      40: 64 61        	<unknown>
      42: 74 61        	<unknown>
      44: 00 2e        	<unknown>
      46: 73 62 73 73  	csrrsi	tp, mhpmevent23h, 6
      4a: 00 2e        	<unknown>
      4c: 62 73        	<unknown>
      4e: 73 00 2e 64  	<unknown>
      52: 72 61        	<unknown>
      54: 6d 00        	<unknown>
      56: 2e 63        	<unknown>
      58: 6f 6d 6d 65  	jal	s10, 0xd66ae <.symtab+0xd66ae>
      5c: 6e 74        	<unknown>
      5e: 00 2e        	<unknown>
      60: 72 69        	<unknown>
      62: 73 63 76 2e  	csrrsi	t1, 743, 12
      66: 61 74        	<unknown>
      68: 74 72        	<unknown>
      6a: 69 62        	<unknown>
      6c: 75 74        	<unknown>
      6e: 65 73        	<unknown>
      70: 00 2e        	<unknown>
      72: 73 79 6d 74  	csrrci	s2, 1862, 26
      76: 61 62        	<unknown>
      78: 00 2e        	<unknown>
      7a: 73 68 73 74  	csrrsi	a6, mseccfg, 6
      7e: 72 74        	<unknown>
      80: 61 62        	<unknown>
      82: 00 2e        	<unknown>
      84: 73 74 72 74  	csrrci	s0, mseccfg, 4
      88: 61 62        	<unknown>
      8a: 00           	<unknown>

Disassembly of section .strtab:

00000000 <.strtab>:
       0: 00 73        	<unknown>
       2: 6e 61        	<unknown>
       4: 78 2d        	<unknown>
       6: 73 74 72 65  	csrrci	s0, hviprio2h, 4
       a: 61 6d        	<unknown>
       c: 65 72        	<unknown>
       e: 2d 73        	<unknown>
      10: 69 6d        	<unknown>
      12: 64 2d        	<unknown>
      14: 6c 69        	<unknown>
      16: 62 2e        	<unknown>
      18: 63 00 24 78  	beq	s0, sp, 0x798 <.symtab+0x798>
      1c: 2e 30        	<unknown>
      1e: 00 24        	<unknown>
      20: 64 2e        	<unknown>
      22: 31 00        	<unknown>
      24: 24 78        	<unknown>
      26: 2e 32        	<unknown>
      28: 00 24        	<unknown>
      2a: 64 2e        	<unknown>
      2c: 33 00 24 64  	<unknown>
      30: 2e 34        	<unknown>
      32: 00 73        	<unknown>
      34: 6e 72        	<unknown>
      36: 74 2e        	<unknown>
      38: 63 00 5f 6f  	beq	t5, s5, 0x718 <.symtab+0x718>
      3c: 75 74        	<unknown>
      3e: 5f 63 68 61  	<unknown>
      42: 72 00        	<unknown>
      44: 5f 76 73 6e  	<unknown>
      48: 70 72        	<unknown>
      4a: 69 6e        	<unknown>
      4c: 74 66        	<unknown>
      4e: 00 5f        	<unknown>
      50: 6f 75 74 5f  	jal	a0, 0x47e46 <.symtab+0x47e46>
      54: 6e 75        	<unknown>
      56: 6c 6c        	<unknown>
      58: 00 5f        	<unknown>
      5a: 66 74        	<unknown>
      5c: 6f 61 00 5f  	jal	sp, 0x664c <.symtab+0x664c>
      60: 65 74        	<unknown>
      62: 6f 61 00 5f  	jal	sp, 0x6652 <.symtab+0x6652>
      66: 6e 74        	<unknown>
      68: 6f 61 5f 6c  	jal	sp, 0xf6f2c <.symtab+0xf6f2c>
      6c: 6f 6e 67 00  	jal	t3, 0x76072 <.symtab+0x76072>
      70: 5f 66 74 6f  	<unknown>
      74: 61 2e        	<unknown>
      76: 70 6f        	<unknown>
      78: 77 31 30 00  	<unknown>
      7c: 5f 6f 75 74  	<unknown>
      80: 5f 62 75 66  	<unknown>
      84: 66 65        	<unknown>
      86: 72 00        	<unknown>
      88: 5f 6f 75 74  	<unknown>
      8c: 5f 66 63 74  	<unknown>
      90: 00 73        	<unknown>
      92: 6e 72        	<unknown>
      94: 74 2e        	<unknown>
      96: 63 72 74 30  	bgeu	s0, t2, 0x39a <.symtab+0x39a>
      9a: 2e 69        	<unknown>
      9c: 6e 69        	<unknown>
      9e: 74 5f        	<unknown>
      a0: 69 6e        	<unknown>
      a2: 74 5f        	<unknown>
      a4: 72 65        	<unknown>
      a6: 67 69 73 74  	<unknown>
      aa: 65 72        	<unknown>
      ac: 73 00 73 6e  	<unknown>
      b0: 72 74        	<unknown>
      b2: 2e 63        	<unknown>
      b4: 72 74        	<unknown>
      b6: 30 2e        	<unknown>
      b8: 69 6e        	<unknown>
      ba: 69 74        	<unknown>
      bc: 5f 66 70 5f  	<unknown>
      c0: 72 65        	<unknown>
      c2: 67 69 73 74  	<unknown>
      c6: 65 72        	<unknown>
      c8: 73 00 73 6e  	<unknown>
      cc: 72 74        	<unknown>
      ce: 2e 63        	<unknown>
      d0: 72 74        	<unknown>
      d2: 30 2e        	<unknown>
      d4: 69 6e        	<unknown>
      d6: 69 74        	<unknown>
      d8: 5f 67 6c 6f  	<unknown>
      dc: 62 61        	<unknown>
      de: 6c 5f        	<unknown>
      e0: 70 6f        	<unknown>
      e2: 69 6e        	<unknown>
      e4: 74 65        	<unknown>
      e6: 72 00        	<unknown>
      e8: 73 6e 72 74  	csrrsi	t3, mseccfg, 4
      ec: 2e 63        	<unknown>
      ee: 72 74        	<unknown>
      f0: 30 2e        	<unknown>
      f2: 69 6e        	<unknown>
      f4: 69 74        	<unknown>
      f6: 5f 63 6f 72  	<unknown>
      fa: 65 5f        	<unknown>
      fc: 69 6e        	<unknown>
      fe: 66 6f        	<unknown>
     100: 00 73        	<unknown>
     102: 6e 72        	<unknown>
     104: 74 2e        	<unknown>
     106: 63 72 74 30  	bgeu	s0, t2, 0x40a <.symtab+0x40a>
     10a: 2e 69        	<unknown>
     10c: 6e 69        	<unknown>
     10e: 74 5f        	<unknown>
     110: 63 6c 73 00  	bltu	t1, t2, 0x128 <.symtab+0x128>
     114: 73 6e 72 74  	csrrsi	t3, mseccfg, 4
     118: 2e 63        	<unknown>
     11a: 72 74        	<unknown>
     11c: 30 2e        	<unknown>
     11e: 69 6e        	<unknown>
     120: 69 74        	<unknown>
     122: 5f 73 74 61  	<unknown>
     126: 63 6b 00 73  	bltu	zero, a6, 0x85c <.symtab+0x85c>
     12a: 6e 72        	<unknown>
     12c: 74 2e        	<unknown>
     12e: 63 72 74 30  	bgeu	s0, t2, 0x432 <.symtab+0x432>
     132: 2e 69        	<unknown>
     134: 6e 69        	<unknown>
     136: 74 5f        	<unknown>
     138: 74 6c        	<unknown>
     13a: 73 00 73 6e  	<unknown>
     13e: 72 74        	<unknown>
     140: 2e 63        	<unknown>
     142: 72 74        	<unknown>
     144: 30 2e        	<unknown>
     146: 6d 61        	<unknown>
     148: 69 6e        	<unknown>
     14a: 00 73        	<unknown>
     14c: 6e 72        	<unknown>
     14e: 74 2e        	<unknown>
     150: 63 72 74 30  	bgeu	s0, t2, 0x454 <.symtab+0x454>
     154: 2e 65        	<unknown>
     156: 6e 64        	<unknown>
     158: 00 73        	<unknown>
     15a: 6e 61        	<unknown>
     15c: 78 2d        	<unknown>
     15e: 73 74 72 65  	csrrci	s0, hviprio2h, 4
     162: 61 6d        	<unknown>
     164: 65 72        	<unknown>
     166: 2d 73        	<unknown>
     168: 69 6d        	<unknown>
     16a: 64 2e        	<unknown>
     16c: 63 00 24 78  	beq	s0, sp, 0x8ec <.symtab+0x8ec>
     170: 2e 30        	<unknown>
     172: 00 24        	<unknown>
     174: 64 2e        	<unknown>
     176: 31 00        	<unknown>
     178: 24 64        	<unknown>
     17a: 2e 32        	<unknown>
     17c: 00 24        	<unknown>
     17e: 64 2e        	<unknown>
     180: 33 00 24 64  	<unknown>
     184: 2e 34        	<unknown>
     186: 00 24        	<unknown>
     188: 64 2e        	<unknown>
     18a: 35 00        	<unknown>
     18c: 24 64        	<unknown>
     18e: 2e 36        	<unknown>
     190: 00 67        	<unknown>
     192: 65 6e        	<unknown>
     194: 5f 63 73 72  	<unknown>
     198: 30 5f        	<unknown>
     19a: 63 6f 6e 66  	bltu	t3, t1, 0x818 <.symtab+0x818>
     19e: 69 67        	<unknown>
     1a0: 00 67        	<unknown>
     1a2: 65 6e        	<unknown>
     1a4: 5f 63 73 72  	<unknown>
     1a8: 31 5f        	<unknown>
     1aa: 63 6f 6e 66  	bltu	t3, t1, 0x828 <.symtab+0x828>
     1ae: 69 67        	<unknown>
     1b0: 00 67        	<unknown>
     1b2: 65 6e        	<unknown>
     1b4: 5f 63 73 72  	<unknown>
     1b8: 32 5f        	<unknown>
     1ba: 63 6f 6e 66  	bltu	t3, t1, 0x838 <.symtab+0x838>
     1be: 69 67        	<unknown>
     1c0: 00 73        	<unknown>
     1c2: 65 74        	<unknown>
     1c4: 5f 73 74 72  	<unknown>
     1c8: 65 61        	<unknown>
     1ca: 6d 65        	<unknown>
     1cc: 72 5f        	<unknown>
     1ce: 73 69 6d 64  	csrrsi	s2, hviprio1, 26
     1d2: 5f 63 73 72  	<unknown>
     1d6: 00 5f        	<unknown>
     1d8: 63 6c 73 5f  	bltu	t1, s7, 0x7d0 <.symtab+0x7d0>
     1dc: 70 74        	<unknown>
     1de: 72 00        	<unknown>
     1e0: 73 74 61 72  	csrrci	s0, mhpmevent6h, 2
     1e4: 74 5f        	<unknown>
     1e6: 73 74 72 65  	csrrci	s0, hviprio2h, 4
     1ea: 61 6d        	<unknown>
     1ec: 65 72        	<unknown>
     1ee: 5f 73 69 6d  	<unknown>
     1f2: 64 00        	<unknown>
     1f4: 73 65 74 5f  	csrrsi	a0, 1527, 8
     1f8: 73 69 6d 64  	csrrsi	s2, hviprio1, 26
     1fc: 5f 63 73 72  	<unknown>
     200: 00 73        	<unknown>
     202: 74 61        	<unknown>
     204: 72 74        	<unknown>
     206: 5f 73 69 6d  	<unknown>
     20a: 64 00        	<unknown>
     20c: 77 61 69 74  	<unknown>
     210: 5f 73 74 72  	<unknown>
     214: 65 61        	<unknown>
     216: 6d 65        	<unknown>
     218: 72 5f        	<unknown>
     21a: 73 69 6d 64  	csrrsi	s2, hviprio1, 26
     21e: 00 72        	<unknown>
     220: 65 61        	<unknown>
     222: 64 5f        	<unknown>
     224: 73 69 6d 64  	csrrsi	s2, hviprio1, 26
     228: 5f 73 74 72  	<unknown>
     22c: 65 61        	<unknown>
     22e: 6d 65        	<unknown>
     230: 72 5f        	<unknown>
     232: 70 65        	<unknown>
     234: 72 66        	<unknown>
     236: 5f 63 6f 75  	<unknown>
     23a: 6e 74        	<unknown>
     23c: 65 72        	<unknown>
     23e: 00 72        	<unknown>
     240: 65 61        	<unknown>
     242: 64 5f        	<unknown>
     244: 73 69 6d 64  	csrrsi	s2, hviprio1, 26
     248: 5f 73 74 61  	<unknown>
     24c: 74 65        	<unknown>
     24e: 00 72        	<unknown>
     250: 65 61        	<unknown>
     252: 64 5f        	<unknown>
     254: 73 69 6d 64  	csrrsi	s2, hviprio1, 26
     258: 5f 70 65 72  	<unknown>
     25c: 66 5f        	<unknown>
     25e: 63 6f 75 6e  	bltu	a0, t2, 0x95c <.symtab+0x95c>
     262: 74 65        	<unknown>
     264: 72 00        	<unknown>
     266: 6c 6f        	<unknown>
     268: 61 64        	<unknown>
     26a: 5f 73 69 6d  	<unknown>
     26e: 64 5f        	<unknown>
     270: 74 65        	<unknown>
     272: 73 74 5f 64  	csrrci	s0, hvip, 30
     276: 61 74        	<unknown>
     278: 61 00        	<unknown>
     27a: 73 63 61 6c  	csrrsi	t1, 1734, 2
     27e: 65 5f        	<unknown>
     280: 71 75        	<unknown>
     282: 61 6e        	<unknown>
     284: 74 5f        	<unknown>
     286: 63 6c 61 6d  	bltu	sp, s6, 0x95e <.symtab+0x95e>
     28a: 70 5f        	<unknown>
     28c: 63 5f 73 70  	bge	t1, t2, 0x9aa <.symtab+0x9aa>
     290: 65 63        	<unknown>
     292: 00 63        	<unknown>
     294: 68 65        	<unknown>
     296: 63 6b 5f 73  	bltu	t5, s5, 0x9cc <.symtab+0x9cc>
     29a: 69 6d        	<unknown>
     29c: 64 5f        	<unknown>
     29e: 72 65        	<unknown>
     2a0: 73 75 6c 74  	csrrci	a0, 1862, 24
     2a4: 00 5f        	<unknown>
     2a6: 73 74 61 72  	csrrci	s0, mhpmevent6h, 2
     2aa: 74 00        	<unknown>
     2ac: 74 6f        	<unknown>
     2ae: 68 6f        	<unknown>
     2b0: 73 74 00 66  	csrrci	s0, 1632, 0
     2b4: 72 6f        	<unknown>
     2b6: 6d 68        	<unknown>
     2b8: 6f 73 74 00  	jal	t1, 0x47abe <.symtab+0x47abe>
     2bc: 73 6e 72 74  	csrrsi	t3, mseccfg, 4
     2c0: 5f 6c 31 5f  	<unknown>
     2c4: 6e 65        	<unknown>
     2c6: 78 74        	<unknown>
     2c8: 00 73        	<unknown>
     2ca: 6e 72        	<unknown>
     2cc: 74 5f        	<unknown>
     2ce: 6c 33        	<unknown>
     2d0: 5f 6e 65 78  	<unknown>
     2d4: 74 00        	<unknown>
     2d6: 6c 33        	<unknown>
     2d8: 5f 61 6c 6c  	<unknown>
     2dc: 6f 63 61 74  	jal	t1, 0x16a22 <.symtab+0x16a22>
     2e0: 6f 72 00 73  	jal	tp, 0x7a10 <.symtab+0x7a10>
     2e4: 6e 72        	<unknown>
     2e6: 74 5f        	<unknown>
     2e8: 6c 31        	<unknown>
     2ea: 61 6c        	<unknown>
     2ec: 6c 6f        	<unknown>
     2ee: 63 00 73 6e  	beq	t1, t2, 0x9ce <.symtab+0x9ce>
     2f2: 72 74        	<unknown>
     2f4: 5f 6c 33 61  	<unknown>
     2f8: 6c 6c        	<unknown>
     2fa: 6f 63 00 73  	jal	t1, 0x6a2a <.symtab+0x6a2a>
     2fe: 6e 72        	<unknown>
     300: 74 5f        	<unknown>
     302: 6c 31        	<unknown>
     304: 5f 75 70 64  	<unknown>
     308: 61 74        	<unknown>
     30a: 65 5f        	<unknown>
     30c: 6e 65        	<unknown>
     30e: 78 74        	<unknown>
     310: 00 73        	<unknown>
     312: 6e 72        	<unknown>
     314: 74 5f        	<unknown>
     316: 61 6c        	<unknown>
     318: 6c 6f        	<unknown>
     31a: 63 5f 69 6e  	bge	s2, t1, 0xa18 <.symtab+0xa18>
     31e: 69 74        	<unknown>
     320: 00 5f        	<unknown>
     322: 65 64        	<unknown>
     324: 72 61        	<unknown>
     326: 6d 00        	<unknown>
     328: 73 6e 72 74  	csrrsi	t3, mseccfg, 4
     32c: 5f 69 6e 74  	<unknown>
     330: 5f 63 6c 75  	<unknown>
     334: 73 74 65 72  	csrrci	s0, mhpmevent6h, 10
     338: 5f 73 65 74  	<unknown>
     33c: 00 73        	<unknown>
     33e: 6e 72        	<unknown>
     340: 74 5f        	<unknown>
     342: 69 6e        	<unknown>
     344: 74 5f        	<unknown>
     346: 63 6c 75 73  	bltu	a0, s7, 0xa7e <.symtab+0xa7e>
     34a: 74 65        	<unknown>
     34c: 72 5f        	<unknown>
     34e: 63 6c 72 00  	bltu	tp, t2, 0x366 <.symtab+0x366>
     352: 73 6e 72 74  	csrrsi	t3, mseccfg, 4
     356: 5f 69 6e 74  	<unknown>
     35a: 5f 63 6c 72  	<unknown>
     35e: 5f 6d 63 69  	<unknown>
     362: 70 00        	<unknown>
     364: 73 6e 72 74  	csrrsi	t3, mseccfg, 4
     368: 5f 69 6e 74  	<unknown>
     36c: 5f 73 65 74  	<unknown>
     370: 5f 6d 63 69  	<unknown>
     374: 70 00        	<unknown>
     376: 73 6e 72 74  	csrrsi	t3, mseccfg, 4
     37a: 5f 64 6d 61  	<unknown>
     37e: 5f 73 74 61  	<unknown>
     382: 72 74        	<unknown>
     384: 5f 31 64 5f  	<unknown>
     388: 77 69 64 65  	<unknown>
     38c: 70 74        	<unknown>
     38e: 72 00        	<unknown>
     390: 73 6e 72 74  	csrrsi	t3, mseccfg, 4
     394: 5f 64 6d 61  	<unknown>
     398: 5f 73 74 61  	<unknown>
     39c: 72 74        	<unknown>
     39e: 5f 31 64 00  	<unknown>
     3a2: 73 6e 72 74  	csrrsi	t3, mseccfg, 4
     3a6: 5f 64 6d 61  	<unknown>
     3aa: 5f 73 74 61  	<unknown>
     3ae: 72 74        	<unknown>
     3b0: 5f 32 64 5f  	<unknown>
     3b4: 77 69 64 65  	<unknown>
     3b8: 70 74        	<unknown>
     3ba: 72 00        	<unknown>
     3bc: 73 6e 72 74  	csrrsi	t3, mseccfg, 4
     3c0: 5f 64 6d 61  	<unknown>
     3c4: 5f 73 74 61  	<unknown>
     3c8: 72 74        	<unknown>
     3ca: 5f 32 64 00  	<unknown>
     3ce: 73 6e 72 74  	csrrsi	t3, mseccfg, 4
     3d2: 5f 64 6d 61  	<unknown>
     3d6: 5f 77 61 69  	<unknown>
     3da: 74 00        	<unknown>
     3dc: 73 6e 72 74  	csrrsi	t3, mseccfg, 4
     3e0: 5f 64 6d 61  	<unknown>
     3e4: 5f 77 61 69  	<unknown>
     3e8: 74 5f        	<unknown>
     3ea: 61 6c        	<unknown>
     3ec: 6c 00        	<unknown>
     3ee: 65 75        	<unknown>
     3f0: 5f 69 6e 69  	<unknown>
     3f4: 74 00        	<unknown>
     3f6: 65 75        	<unknown>
     3f8: 5f 70 5f 67  	<unknown>
     3fc: 6c 6f        	<unknown>
     3fe: 62 61        	<unknown>
     400: 6c 00        	<unknown>
     402: 65 75        	<unknown>
     404: 5f 70 00 65  	<unknown>
     408: 75 5f        	<unknown>
     40a: 65 78        	<unknown>
     40c: 69 74        	<unknown>
     40e: 00 65        	<unknown>
     410: 75 5f        	<unknown>
     412: 67 65 74 5f  	<unknown>
     416: 77 6f 72 6b  	<unknown>
     41a: 65 72        	<unknown>
     41c: 73 5f 69 6e  	csrrwi	t5, 1766, 18
     420: 5f 6c 6f 6f  	<unknown>
     424: 70 00        	<unknown>
     426: 65 75        	<unknown>
     428: 5f 67 65 74  	<unknown>
     42c: 5f 77 6f 72  	<unknown>
     430: 6b 65 72 73  	<unknown>
     434: 5f 69 6e 5f  	<unknown>
     438: 77 66 69 00  	<unknown>
     43c: 65 75        	<unknown>
     43e: 5f 70 72 69  	<unknown>
     442: 6e 74        	<unknown>
     444: 5f 73 74 61  	<unknown>
     448: 74 75        	<unknown>
     44a: 73 00 65 75  	<unknown>
     44e: 5f 65 76 65  	<unknown>
     452: 6e 74        	<unknown>
     454: 5f 6c 6f 6f  	<unknown>
     458: 70 00        	<unknown>
     45a: 65 75        	<unknown>
     45c: 5f 64 69 73  	<unknown>
     460: 70 61        	<unknown>
     462: 74 63        	<unknown>
     464: 68 5f        	<unknown>
     466: 70 75        	<unknown>
     468: 73 68 00 65  	csrrsi	a6, 1616, 0
     46c: 75 5f        	<unknown>
     46e: 72 75        	<unknown>
     470: 6e 5f        	<unknown>
     472: 65 6d        	<unknown>
     474: 70 74        	<unknown>
     476: 79 00        	<unknown>
     478: 65 75        	<unknown>
     47a: 5f 6d 75 74  	<unknown>
     47e: 65 78        	<unknown>
     480: 5f 6c 6f 63  	<unknown>
     484: 6b 00 65 75  	<unknown>
     488: 5f 6d 75 74  	<unknown>
     48c: 65 78        	<unknown>
     48e: 5f 72 65 6c  	<unknown>
     492: 65 61        	<unknown>
     494: 73 65 00 73  	csrrsi	a0, mhpmevent16h, 0
     498: 6e 72        	<unknown>
     49a: 74 5f        	<unknown>
     49c: 6d 75        	<unknown>
     49e: 74 65        	<unknown>
     4a0: 78 00        	<unknown>
     4a2: 5f 73 6e 72  	<unknown>
     4a6: 74 5f        	<unknown>
     4a8: 6d 75        	<unknown>
     4aa: 74 65        	<unknown>
     4ac: 78 00        	<unknown>
     4ae: 73 6e 72 74  	csrrsi	t3, mseccfg, 4
     4b2: 5f 6d 75 74  	<unknown>
     4b6: 65 78        	<unknown>
     4b8: 5f 61 63 71  	<unknown>
     4bc: 75 69        	<unknown>
     4be: 72 65        	<unknown>
     4c0: 00 73        	<unknown>
     4c2: 6e 72        	<unknown>
     4c4: 74 5f        	<unknown>
     4c6: 6d 75        	<unknown>
     4c8: 74 65        	<unknown>
     4ca: 78 5f        	<unknown>
     4cc: 74 74        	<unknown>
     4ce: 61 73        	<unknown>
     4d0: 5f 61 63 71  	<unknown>
     4d4: 75 69        	<unknown>
     4d6: 72 65        	<unknown>
     4d8: 00 73        	<unknown>
     4da: 6e 72        	<unknown>
     4dc: 74 5f        	<unknown>
     4de: 6d 75        	<unknown>
     4e0: 74 65        	<unknown>
     4e2: 78 5f        	<unknown>
     4e4: 72 65        	<unknown>
     4e6: 6c 65        	<unknown>
     4e8: 61 73        	<unknown>
     4ea: 65 00        	<unknown>
     4ec: 73 6e 72 74  	csrrsi	t3, mseccfg, 4
     4f0: 5f 63 6c 75  	<unknown>
     4f4: 73 74 65 72  	csrrci	s0, mhpmevent6h, 10
     4f8: 5f 68 77 5f  	<unknown>
     4fc: 62 61        	<unknown>
     4fe: 72 72        	<unknown>
     500: 69 65        	<unknown>
     502: 72 00        	<unknown>
     504: 73 6e 72 74  	csrrsi	t3, mseccfg, 4
     508: 5f 67 6c 6f  	<unknown>
     50c: 62 61        	<unknown>
     50e: 6c 5f        	<unknown>
     510: 62 61        	<unknown>
     512: 72 72        	<unknown>
     514: 69 65        	<unknown>
     516: 72 00        	<unknown>
     518: 5f 73 6e 72  	<unknown>
     51c: 74 5f        	<unknown>
     51e: 62 61        	<unknown>
     520: 72 72        	<unknown>
     522: 69 65        	<unknown>
     524: 72 00        	<unknown>
     526: 73 6e 72 74  	csrrsi	t3, mseccfg, 4
     52a: 5f 70 61 72  	<unknown>
     52e: 74 69        	<unknown>
     530: 61 6c        	<unknown>
     532: 5f 62 61 72  	<unknown>
     536: 72 69        	<unknown>
     538: 65 72        	<unknown>
     53a: 00 73        	<unknown>
     53c: 6e 72        	<unknown>
     53e: 74 5f        	<unknown>
     540: 67 6c 6f 62  	<unknown>
     544: 61 6c        	<unknown>
     546: 5f 72 65 64  	<unknown>
     54a: 75 63        	<unknown>
     54c: 74 69        	<unknown>
     54e: 6f 6e 5f 64  	jal	t3, 0xf7392 <.symtab+0xf7392>
     552: 6d 61        	<unknown>
     554: 00 73        	<unknown>
     556: 6e 72        	<unknown>
     558: 74 5f        	<unknown>
     55a: 67 6c 6f 62  	<unknown>
     55e: 61 6c        	<unknown>
     560: 5f 61 6c 6c  	<unknown>
     564: 5f 74 6f 5f  	<unknown>
     568: 61 6c        	<unknown>
     56a: 6c 5f        	<unknown>
     56c: 72 65        	<unknown>
     56e: 64 75        	<unknown>
     570: 63 74 69 6f  	bgeu	s2, s6, 0xc58 <.symtab+0xc58>
     574: 6e 00        	<unknown>
     576: 5f 72 65 64  	<unknown>
     57a: 75 63        	<unknown>
     57c: 74 69        	<unknown>
     57e: 6f 6e 5f 72  	jal	t3, 0xf74a2 <.symtab+0xf74a2>
     582: 65 73        	<unknown>
     584: 75 6c        	<unknown>
     586: 74 00        	<unknown>
     588: 73 6e 72 74  	csrrsi	t3, mseccfg, 4
     58c: 5f 68 61 72  	<unknown>
     590: 74 69        	<unknown>
     592: 64 00        	<unknown>
     594: 73 6e 72 74  	csrrsi	t3, mseccfg, 4
     598: 5f 67 6c 6f  	<unknown>
     59c: 62 61        	<unknown>
     59e: 6c 5f        	<unknown>
     5a0: 63 6f 72 65  	bltu	tp, s7, 0xbfe <.symtab+0xbfe>
     5a4: 5f 62 61 73  	<unknown>
     5a8: 65 5f        	<unknown>
     5aa: 68 61        	<unknown>
     5ac: 72 74        	<unknown>
     5ae: 69 64        	<unknown>
     5b0: 00 73        	<unknown>
     5b2: 6e 72        	<unknown>
     5b4: 74 5f        	<unknown>
     5b6: 67 6c 6f 62  	<unknown>
     5ba: 61 6c        	<unknown>
     5bc: 5f 63 6f 72  	<unknown>
     5c0: 65 5f        	<unknown>
     5c2: 69 64        	<unknown>
     5c4: 78 00        	<unknown>
     5c6: 73 6e 72 74  	csrrsi	t3, mseccfg, 4
     5ca: 5f 67 6c 6f  	<unknown>
     5ce: 62 61        	<unknown>
     5d0: 6c 5f        	<unknown>
     5d2: 63 6f 72 65  	bltu	tp, s7, 0xc30 <.symtab+0xc30>
     5d6: 5f 6e 75 6d  	<unknown>
     5da: 00 73        	<unknown>
     5dc: 6e 72        	<unknown>
     5de: 74 5f        	<unknown>
     5e0: 63 6c 75 73  	bltu	a0, s7, 0xd18 <.symtab+0xd18>
     5e4: 74 65        	<unknown>
     5e6: 72 5f        	<unknown>
     5e8: 69 64        	<unknown>
     5ea: 78 00        	<unknown>
     5ec: 73 6e 72 74  	csrrsi	t3, mseccfg, 4
     5f0: 5f 63 6c 75  	<unknown>
     5f4: 73 74 65 72  	csrrci	s0, mhpmevent6h, 10
     5f8: 5f 6e 75 6d  	<unknown>
     5fc: 00 73        	<unknown>
     5fe: 6e 72        	<unknown>
     600: 74 5f        	<unknown>
     602: 63 6c 75 73  	bltu	a0, s7, 0xd3a <.symtab+0xd3a>
     606: 74 65        	<unknown>
     608: 72 5f        	<unknown>
     60a: 63 6f 72 65  	bltu	tp, s7, 0xc68 <.symtab+0xc68>
     60e: 5f 69 64 78  	<unknown>
     612: 00 73        	<unknown>
     614: 6e 72        	<unknown>
     616: 74 5f        	<unknown>
     618: 63 6c 75 73  	bltu	a0, s7, 0xd50 <.symtab+0xd50>
     61c: 74 65        	<unknown>
     61e: 72 5f        	<unknown>
     620: 63 6f 72 65  	bltu	tp, s7, 0xc7e <.symtab+0xc7e>
     624: 5f 6e 75 6d  	<unknown>
     628: 00 73        	<unknown>
     62a: 6e 72        	<unknown>
     62c: 74 5f        	<unknown>
     62e: 63 6c 75 73  	bltu	a0, s7, 0xd66 <.symtab+0xd66>
     632: 74 65        	<unknown>
     634: 72 5f        	<unknown>
     636: 63 6f 6d 70  	bltu	s10, t1, 0xd54 <.symtab+0xd54>
     63a: 75 74        	<unknown>
     63c: 65 5f        	<unknown>
     63e: 63 6f 72 65  	bltu	tp, s7, 0xc9c <.symtab+0xc9c>
     642: 5f 6e 75 6d  	<unknown>
     646: 00 73        	<unknown>
     648: 6e 72        	<unknown>
     64a: 74 5f        	<unknown>
     64c: 69 73        	<unknown>
     64e: 5f 63 6f 6d  	<unknown>
     652: 70 75        	<unknown>
     654: 74 65        	<unknown>
     656: 5f 63 6f 72  	<unknown>
     65a: 65 00        	<unknown>
     65c: 73 6e 72 74  	csrrsi	t3, mseccfg, 4
     660: 5f 69 73 5f  	<unknown>
     664: 64 6d        	<unknown>
     666: 5f 63 6f 72  	<unknown>
     66a: 65 00        	<unknown>
     66c: 73 6e 72 74  	csrrsi	t3, mseccfg, 4
     670: 5f 63 6c 75  	<unknown>
     674: 73 74 65 72  	csrrci	s0, mhpmevent6h, 10
     678: 5f 64 6d 5f  	<unknown>
     67c: 63 6f 72 65  	bltu	tp, s7, 0xcda <.symtab+0xcda>
     680: 5f 6e 75 6d  	<unknown>
     684: 00 70        	<unknown>
     686: 72 69        	<unknown>
     688: 6e 74        	<unknown>
     68a: 66 5f        	<unknown>
     68c: 00 73        	<unknown>
     68e: 6e 72        	<unknown>
     690: 74 5f        	<unknown>
     692: 70 75        	<unknown>
     694: 74 63        	<unknown>
     696: 68 61        	<unknown>
     698: 72 00        	<unknown>
     69a: 73 70 72 69  	csrci	1687, 4
     69e: 6e 74        	<unknown>
     6a0: 66 5f        	<unknown>
     6a2: 00 73        	<unknown>
     6a4: 6e 70        	<unknown>
     6a6: 72 69        	<unknown>
     6a8: 6e 74        	<unknown>
     6aa: 66 5f        	<unknown>
     6ac: 00 76        	<unknown>
     6ae: 70 72        	<unknown>
     6b0: 69 6e        	<unknown>
     6b2: 74 66        	<unknown>
     6b4: 5f 00 76 73  	<unknown>
     6b8: 6e 70        	<unknown>
     6ba: 72 69        	<unknown>
     6bc: 6e 74        	<unknown>
     6be: 66 5f        	<unknown>
     6c0: 00 66        	<unknown>
     6c2: 63 74 70 72  	bgeu	zero, t2, 0xdea <.symtab+0xdea>
     6c6: 69 6e        	<unknown>
     6c8: 74 66        	<unknown>
     6ca: 00 73        	<unknown>
     6cc: 6e 72        	<unknown>
     6ce: 74 5f        	<unknown>
     6d0: 6d 61        	<unknown>
     6d2: 69 6e        	<unknown>
     6d4: 00 5f        	<unknown>
     6d6: 5f 74 64 61  	<unknown>
     6da: 74 61        	<unknown>
     6dc: 5f 73 74 61  	<unknown>
     6e0: 72 74        	<unknown>
     6e2: 00 5f        	<unknown>
     6e4: 5f 74 64 61  	<unknown>
     6e8: 74 61        	<unknown>
     6ea: 5f 65 6e 64  	<unknown>
     6ee: 00 5f        	<unknown>
     6f0: 5f 62 73 73  	<unknown>
     6f4: 5f 73 74 61  	<unknown>
     6f8: 72 74        	<unknown>
     6fa: 00 5f        	<unknown>
     6fc: 5f 62 73 73  	<unknown>
     700: 5f 65 6e 64  	<unknown>
     704: 00 5f        	<unknown>
     706: 5f 63 64 61  	<unknown>
     70a: 74 61        	<unknown>
     70c: 5f 73 74 61  	<unknown>
     710: 72 74        	<unknown>
     712: 00 5f        	<unknown>
     714: 5f 63 64 61  	<unknown>
     718: 74 61        	<unknown>
     71a: 5f 65 6e 64  	<unknown>
     71e: 00 5f        	<unknown>
     720: 5f 63 62 73  	<unknown>
     724: 73 5f 65 6e  	csrrwi	t5, 1766, 10
     728: 64 00        	<unknown>
     72a: 5f 5f 63 62  	<unknown>
     72e: 73 73 5f 73  	csrrci	t1, mhpmevent21h, 30
     732: 74 61        	<unknown>
     734: 72 74        	<unknown>
     736: 00 6d        	<unknown>
     738: 61 69        	<unknown>
     73a: 6e 00        	<unknown>
     73c: 5f 5f 74 62  	<unknown>
     740: 73 73 5f 73  	csrrci	t1, mhpmevent21h, 30
     744: 74 61        	<unknown>
     746: 72 74        	<unknown>
     748: 00 5f        	<unknown>
     74a: 5f 74 62 73  	<unknown>
     74e: 73 5f 65 6e  	csrrwi	t5, 1766, 10
     752: 64 00        	<unknown>
     754: 5f 63 6c 73  	<unknown>
     758: 00 5f        	<unknown>
     75a: 5f 67 6c 6f  	<unknown>
     75e: 62 61        	<unknown>
     760: 6c 5f        	<unknown>
     762: 70 6f        	<unknown>
     764: 69 6e        	<unknown>
     766: 74 65        	<unknown>
     768: 72 24        	<unknown>
     76a: 00 74        	<unknown>
     76c: 65 6d        	<unknown>
     76e: 70 4c        	<unknown>
     770: 6f 6f 70 31  	jal	t5, 0x7286 <.symtab+0x7286>
     774: 00 74        	<unknown>
     776: 65 6d        	<unknown>
     778: 70 4c        	<unknown>
     77a: 6f 6f 70 30  	jal	t5, 0x7280 <.symtab+0x7280>
     77e: 00 44        	<unknown>
     780: 61 74        	<unknown>
     782: 61 49        	<unknown>
     784: 6e 00        	<unknown>
     786: 43 5f 67 6f  	<unknown>
     78a: 6c 64        	<unknown>
     78c: 65 6e        	<unknown>
     78e: 5f 63 5f 73  	<unknown>
     792: 70 65        	<unknown>
     794: 63 00 69 6e  	beq	s2, t1, 0xe74 <.symtab+0xe74>
     798: 70 75        	<unknown>
     79a: 74 5f        	<unknown>
     79c: 7a 70        	<unknown>
     79e: 5f 69 00 6f  	<unknown>
     7a2: 75 74        	<unknown>
     7a4: 70 75        	<unknown>
     7a6: 74 5f        	<unknown>
     7a8: 7a 70        	<unknown>
     7aa: 5f 69 00 6d  	<unknown>
     7ae: 75 6c        	<unknown>
     7b0: 74 69        	<unknown>
     7b2: 70 6c        	<unknown>
     7b4: 69 65        	<unknown>
     7b6: 72 5f        	<unknown>
     7b8: 69 00        	<unknown>
     7ba: 73 68 69 66  	csrrsi	a6, 1638, 18
     7be: 74 5f        	<unknown>
     7c0: 69 00        	<unknown>
     7c2: 6d 61        	<unknown>
     7c4: 78 5f        	<unknown>
     7c6: 69 6e        	<unknown>
     7c8: 74 5f        	<unknown>
     7ca: 69 00        	<unknown>
     7cc: 6d 69        	<unknown>
     7ce: 6e 5f        	<unknown>
     7d0: 69 6e        	<unknown>
     7d2: 74 5f        	<unknown>
     7d4: 69 00        	<unknown>
     7d6: 64 6f        	<unknown>
     7d8: 75 62        	<unknown>
     7da: 6c 65        	<unknown>
     7dc: 5f 72 6f 75  	<unknown>
     7e0: 6e 64        	<unknown>
     7e2: 5f 69 00 64  	<unknown>
     7e6: 65 6c        	<unknown>
     7e8: 74 61        	<unknown>
     7ea: 5f 6c 6f 63  	<unknown>
     7ee: 61 6c        	<unknown>
     7f0: 5f 69 6e 00  	<unknown>
     7f4: 64 65        	<unknown>
     7f6: 6c 74        	<unknown>
     7f8: 61 5f        	<unknown>
     7fa: 6c 6f        	<unknown>
     7fc: 63 61 6c 5f  	bltu	s8, s6, 0xdde <.symtab+0xdde>
     800: 6f 75 74 00  	jal	a0, 0x48006 <.symtab+0x48006>
     804: 74 65        	<unknown>
     806: 6d 70        	<unknown>
     808: 53 74 72 69  	<unknown>
     80c: 64 65        	<unknown>
     80e: 30 5f        	<unknown>
     810: 69 6e        	<unknown>
     812: 00 74        	<unknown>
     814: 65 6d        	<unknown>
     816: 70 53        	<unknown>
     818: 74 72        	<unknown>
     81a: 69 64        	<unknown>
     81c: 65 31        	<unknown>
     81e: 5f 69 6e 00  	<unknown>
     822: 74 65        	<unknown>
     824: 6d 70        	<unknown>
     826: 53 74 72 69  	<unknown>
     82a: 64 65        	<unknown>
     82c: 30 5f        	<unknown>
     82e: 6f 75 74 00  	jal	a0, 0x48034 <.symtab+0x48034>
     832: 74 65        	<unknown>
     834: 6d 70        	<unknown>
     836: 53 74 72 69  	<unknown>
     83a: 64 65        	<unknown>
     83c: 31 5f        	<unknown>
     83e: 6f 75 74 00  	jal	a0, 0x48044 <.symtab+0x48044>
     842: 43 5f 67 6f  	<unknown>
     846: 6c 64        	<unknown>
     848: 65 6e        	<unknown>
     84a: 00 43        	<unknown>
     84c: 00 43        	<unknown>
     84e: 5f 63 70 75  	<unknown>
     852: 00 5f        	<unknown>
     854: 65 74        	<unknown>
     856: 65 78        	<unknown>
     858: 74 00        	<unknown>
     85a: 5f 5f 74 62  	<unknown>
     85e: 73 73 5f 65  	csrrci	t1, hviph, 30
     862: 6e 64        	<unknown>
     864: 32 00        	<unknown>
     866: 5f 73 69 64  	<unknown>
     86a: 61 74        	<unknown>
     86c: 61 00        	<unknown>
     86e: 5f 5f 53 44  	<unknown>
     872: 41 54        	<unknown>
     874: 41 5f        	<unknown>
     876: 42 45        	<unknown>
     878: 47 49 4e 5f  	<unknown>
     87c: 5f 00 5f 5f  	<unknown>
     880: 44 41        	<unknown>
     882: 54 41        	<unknown>
     884: 5f 42 45 47  	<unknown>
     888: 49 4e        	<unknown>
     88a: 5f 5f 00 5f  	<unknown>
     88e: 65 64        	<unknown>
     890: 61 74        	<unknown>
     892: 61 00        	<unknown>
     894: 5f 5f 42 53  	<unknown>
     898: 53 5f 45 4e  	<unknown>
     89c: 44 5f        	<unknown>
     89e: 5f 00 5f 65  	<unknown>
     8a2: 6e 64        	<unknown>
     8a4: 00           	<unknown>
